<?xml version="1.0" encoding="utf-8"?>
<Behaviors version="1.0" xmlns="urn:WebWorks-Behaviors-Schema">
  <Split id="1070912" documentposition="3">
    <Paragraph id="1070912" documentposition="3" splitpriority="1" />
    <Paragraph id="1073296" documentposition="4" splitpriority="none" />
    <Paragraph id="1073300" documentposition="5" splitpriority="none" />
    <Paragraph id="1073307" documentposition="6" splitpriority="none" />
    <Paragraph id="1091942" documentposition="7" splitpriority="none" />
    <Paragraph id="1073319" documentposition="8" splitpriority="none" />
  </Split>
  <Split id="1073286" documentposition="9">
    <Paragraph id="1073286" documentposition="9" splitpriority="2" />
    <Paragraph id="1077143" documentposition="10" splitpriority="none" />
    <Paragraph id="1083468" documentposition="11" splitpriority="none" />
    <Paragraph id="1126510" documentposition="12" splitpriority="none" />
    <Paragraph id="1083526" documentposition="13" splitpriority="none" />
    <Paragraph id="1083467" documentposition="14" splitpriority="none" />
    <Paragraph id="1181028" documentposition="15" splitpriority="none" relatedtopic="define-no-output" />
    <Paragraph id="1181032" documentposition="16" splitpriority="none" relatedtopic="define-no-output" />
    <Paragraph id="1167184" documentposition="17" splitpriority="none" relatedtopic="define-no-output" />
  </Split>
  <Split id="1073216" documentposition="18">
    <Paragraph id="1073216" documentposition="18" splitpriority="2" />
    <Paragraph id="1073218" documentposition="19" splitpriority="none" />
    <Paragraph id="1079473" documentposition="20" splitpriority="none" />
    <Paragraph id="1074670" documentposition="21" splitpriority="none" />
    <Paragraph id="1073772" documentposition="22" splitpriority="none" />
    <Paragraph id="1073782" documentposition="23" splitpriority="none" />
    <Paragraph id="1108185" documentposition="25" splitpriority="none" />
    <Paragraph id="1073982" documentposition="26" splitpriority="none" />
  </Split>
  <Split id="1073921" documentposition="27">
    <Paragraph id="1073921" documentposition="27" splitpriority="3">
      <Marker behavior="topic" id="1082230">
        <Marker id="1082230" name="TopicAlias" xmlns="urn:WebWorks-Document-Schema">
          <TextRun id="tr1082230-1">
            <Text value="edit_study_help" />
          </TextRun>
        </Marker>
      </Marker>
    </Paragraph>
    <Paragraph id="1074101" documentposition="28" splitpriority="none" />
    <Paragraph id="1090873" documentposition="30" splitpriority="none" />
    <Paragraph id="1089145" documentposition="31" splitpriority="none" />
    <Paragraph id="1131925" documentposition="32" splitpriority="none" />
    <Paragraph id="1134356" documentposition="33" splitpriority="none" />
    <Paragraph id="1131930" documentposition="34" splitpriority="none" />
    <Paragraph id="1074785" documentposition="35" splitpriority="none" />
    <Paragraph id="1075119" documentposition="36" splitpriority="none" />
    <Paragraph id="1091005" documentposition="38" splitpriority="none" />
    <Paragraph id="1181060" documentposition="39" splitpriority="none" relatedtopic="define-no-output" />
    <Paragraph id="1181064" documentposition="40" splitpriority="none" relatedtopic="define-no-output" />
    <Paragraph id="1181068" documentposition="41" splitpriority="none" relatedtopic="define-no-output" />
    <Paragraph id="1181072" documentposition="42" splitpriority="none" relatedtopic="define-no-output" />
    <Paragraph id="1181076" documentposition="43" splitpriority="none" relatedtopic="define-no-output" />
    <Paragraph id="1181080" documentposition="44" splitpriority="none" relatedtopic="define-no-output" />
    <Paragraph id="1181084" documentposition="45" splitpriority="none" relatedtopic="define-no-output" />
  </Split>
  <Split id="1134337" documentposition="46">
    <Paragraph id="1134337" documentposition="46" splitpriority="3">
      <Marker behavior="topic" id="1134493">
        <Marker id="1134493" name="TopicAlias" xmlns="urn:WebWorks-Document-Schema">
          <TextRun id="tr1134493-1">
            <Text value="view_log_help" />
          </TextRun>
        </Marker>
      </Marker>
    </Paragraph>
    <Paragraph id="1134344" documentposition="47" splitpriority="none" />
    <Paragraph id="1134367" documentposition="48" splitpriority="none" />
    <Paragraph id="1134439" documentposition="49" splitpriority="none" />
    <Paragraph id="1134436" documentposition="50" splitpriority="none" />
    <Paragraph id="1139423" documentposition="51" splitpriority="none" />
    <Paragraph id="1155980" documentposition="52" splitpriority="none" />
  </Split>
  <Split id="1127623" documentposition="53">
    <Paragraph id="1127623" documentposition="53" splitpriority="2" />
    <Paragraph id="1127643" documentposition="54" splitpriority="none" />
    <Paragraph id="1131093" documentposition="55" splitpriority="none" />
    <Paragraph id="1131094" documentposition="56" splitpriority="none" />
    <Paragraph id="1131105" documentposition="57" splitpriority="none" />
    <Paragraph id="1131110" documentposition="58" splitpriority="none" />
    <Paragraph id="1131123" documentposition="59" splitpriority="none" />
    <Paragraph id="1131124" documentposition="60" splitpriority="none" />
    <Paragraph id="1131190" documentposition="61" splitpriority="none" />
    <Paragraph id="1131191" documentposition="62" splitpriority="none" />
    <Paragraph id="1131192" documentposition="63" splitpriority="none" />
    <Paragraph id="1131202" documentposition="64" splitpriority="none" />
    <Paragraph id="1131209" documentposition="65" splitpriority="none" />
    <Paragraph id="1131210" documentposition="66" splitpriority="none" />
    <Paragraph id="1131211" documentposition="67" splitpriority="none" />
    <Paragraph id="1131244" documentposition="68" splitpriority="none" />
    <Paragraph id="1131270" documentposition="69" splitpriority="none" />
  </Split>
  <Split id="1131246" documentposition="70">
    <Paragraph id="1131246" documentposition="70" splitpriority="3">
      <Marker behavior="topic" id="1133977">
        <Marker id="1133977" name="TopicAlias" xmlns="urn:WebWorks-Document-Schema">
          <TextRun id="tr1133977-1">
            <Text value="add_annotation_group_help" />
          </TextRun>
        </Marker>
      </Marker>
    </Paragraph>
    <Paragraph id="1181089" documentposition="71" splitpriority="none" />
    <Paragraph id="1143163" documentposition="72" splitpriority="none" />
    <Paragraph id="1126876" documentposition="73" splitpriority="none" />
    <Paragraph id="1126930" documentposition="74" splitpriority="none" />
    <Paragraph id="1126936" documentposition="75" splitpriority="none" />
    <Paragraph id="1126937" documentposition="76" splitpriority="none" />
    <Paragraph id="1126938" documentposition="77" splitpriority="none" />
    <Paragraph id="1146272" documentposition="78" splitpriority="none" />
    <Paragraph id="1127179" documentposition="79" splitpriority="none" />
    <Paragraph id="1127269" documentposition="80" splitpriority="none" />
    <Paragraph id="1131766" documentposition="81" splitpriority="none" />
    <Paragraph id="1131768" documentposition="82" splitpriority="none" />
    <Paragraph id="1127259" documentposition="83" splitpriority="none" />
    <Paragraph id="1127188" documentposition="84" splitpriority="none" />
  </Split>
  <Split id="1127752" documentposition="85">
    <Paragraph id="1127752" documentposition="85" splitpriority="3">
      <Marker behavior="topic" id="1127793">
        <Marker id="1127793" name="TopicAlias" xmlns="urn:WebWorks-Document-Schema">
          <TextRun id="tr1127793-1">
            <Text value="edit_annotation_group_help" />
          </TextRun>
        </Marker>
      </Marker>
    </Paragraph>
    <Paragraph id="1181115" documentposition="86" splitpriority="none" />
    <Paragraph id="1149052" documentposition="87" splitpriority="none" />
    <Paragraph id="1134674" documentposition="88" splitpriority="none" />
    <Paragraph id="1134680" documentposition="89" splitpriority="none" />
    <Paragraph id="1134681" documentposition="90" splitpriority="none" />
    <Paragraph id="1134685" documentposition="91" splitpriority="none" />
    <Paragraph id="1134694" documentposition="92" splitpriority="none" />
    <Paragraph id="1134698" documentposition="93" splitpriority="none" />
  </Split>
  <Split id="1150058" documentposition="94">
    <Paragraph id="1150058" documentposition="94" splitpriority="3" />
    <Paragraph id="1150070" documentposition="95" splitpriority="none" />
    <Paragraph id="1150092" documentposition="96" splitpriority="none" />
    <Paragraph id="1150101" documentposition="97" splitpriority="none" />
    <Paragraph id="1150105" documentposition="98" splitpriority="none" />
    <Paragraph id="1150172" documentposition="99" splitpriority="none" />
    <Paragraph id="1150176" documentposition="100" splitpriority="none" />
    <Paragraph id="1150252" documentposition="101" splitpriority="none" />
    <Paragraph id="1151130" documentposition="102" splitpriority="none" />
  </Split>
  <Split id="1134706" documentposition="103">
    <Paragraph id="1134706" documentposition="103" splitpriority="3">
      <Marker behavior="topic" id="1134705">
        <Marker id="1134705" name="TopicAlias" xmlns="urn:WebWorks-Document-Schema">
          <TextRun id="tr1134705-1">
            <Text value="define_fields_help" />
          </TextRun>
        </Marker>
      </Marker>
    </Paragraph>
    <Paragraph id="1150022" documentposition="104" splitpriority="none" />
    <Paragraph id="1151459" documentposition="105" splitpriority="none" />
    <Paragraph id="1150472" documentposition="107" splitpriority="none" />
    <Paragraph id="1150489" documentposition="108" splitpriority="none" />
    <Paragraph id="1126640" documentposition="109" splitpriority="none" />
    <Paragraph id="1126698" documentposition="110" splitpriority="none" />
    <Paragraph id="1126595" documentposition="111" splitpriority="none" />
    <Paragraph id="1126590" documentposition="112" splitpriority="none" />
    <Paragraph id="1091048" documentposition="114" splitpriority="none" />
    <Paragraph id="1083006" documentposition="115" splitpriority="none" />
    <Paragraph id="1083017" documentposition="116" splitpriority="none" />
    <Paragraph id="1127693" documentposition="117" splitpriority="none" />
    <Paragraph id="1081956" documentposition="118" splitpriority="none" />
    <Paragraph id="1127726" documentposition="119" splitpriority="none" />
    <Paragraph id="1127709" documentposition="120" splitpriority="none" />
    <Paragraph id="1125069" documentposition="121" splitpriority="none" />
    <Paragraph id="1181124" documentposition="122" splitpriority="none" relatedtopic="define-no-output" />
    <Paragraph id="1181128" documentposition="123" splitpriority="none" relatedtopic="define-no-output" />
    <Paragraph id="1181132" documentposition="124" splitpriority="none" relatedtopic="define-no-output" />
    <Paragraph id="1181136" documentposition="125" splitpriority="none" relatedtopic="define-no-output" />
  </Split>
  <Split id="1125074" documentposition="126">
    <Paragraph id="1125074" documentposition="126" splitpriority="4">
      <Marker behavior="topic" id="1125073">
        <Marker id="1125073" name="TopicAlias" xmlns="urn:WebWorks-Document-Schema">
          <TextRun id="tr1125073-1">
            <Text value="assign_annotations_help" />
          </TextRun>
        </Marker>
      </Marker>
    </Paragraph>
    <Paragraph id="1081979" documentposition="127" splitpriority="none" />
    <Paragraph id="1083036" documentposition="128" splitpriority="none" />
    <Paragraph id="1092440" documentposition="129" splitpriority="none" />
    <Paragraph id="1091056" documentposition="131" splitpriority="none" />
    <Paragraph id="1081993" documentposition="132" splitpriority="none" />
    <Paragraph id="1127428" documentposition="133" splitpriority="none" />
    <Paragraph id="1127430" documentposition="134" splitpriority="none" />
    <Paragraph id="1076087" documentposition="135" splitpriority="none" />
    <Paragraph id="1076088" documentposition="136" splitpriority="none" />
    <Paragraph id="1076089" documentposition="137" splitpriority="none" />
    <Paragraph id="1076090" documentposition="138" splitpriority="none" />
    <Paragraph id="1076097" documentposition="139" splitpriority="none" />
    <Paragraph id="1126759" documentposition="140" splitpriority="none" />
    <Paragraph id="1126784" documentposition="141" splitpriority="none" />
    <Paragraph id="1091072" documentposition="143" splitpriority="none" />
    <Table id="1076628" documentposition="144" splitpriority="none">
      <TableCell>
        <Paragraph id="1076630" />
      </TableCell>
      <TableCell>
        <Paragraph id="1076632" />
      </TableCell>
      <TableCell>
        <Paragraph id="1089402" />
      </TableCell>
      <TableCell>
        <Paragraph id="1089404" />
      </TableCell>
      <TableCell>
        <Paragraph id="1076634" />
      </TableCell>
      <TableCell>
        <Paragraph id="1076636" />
      </TableCell>
      <TableCell>
        <Paragraph id="1076638" />
      </TableCell>
      <TableCell>
        <Paragraph id="1076640" />
      </TableCell>
      <TableCell>
        <Paragraph id="1076642" />
      </TableCell>
      <TableCell>
        <Paragraph id="1076644" />
      </TableCell>
      <TableCell>
        <Paragraph id="1132206" />
      </TableCell>
      <TableCell>
        <Paragraph id="1132208" />
        <Paragraph id="1132209" />
        <Paragraph id="1132210" />
        <Paragraph id="1132215" />
      </TableCell>
      <TableCell>
        <Paragraph id="1131966" />
      </TableCell>
      <TableCell>
        <Paragraph id="1131968" />
        <Paragraph id="1132162" />
        <Paragraph id="1132204" />
        <Paragraph id="1132219" />
      </TableCell>
      <TableCell>
        <Paragraph id="1076646" />
      </TableCell>
      <TableCell>
        <Paragraph id="1077221" />
        <Paragraph id="1080311" />
        <Paragraph id="1084485" />
        <Paragraph id="1084490" />
        <Paragraph id="1082981" />
        <Paragraph id="1131973" />
      </TableCell>
    </Table>
    <Paragraph id="1181149" documentposition="145" splitpriority="none" relatedtopic="define-no-output" />
    <Paragraph id="1181153" documentposition="146" splitpriority="none" relatedtopic="define-no-output" />
    <Paragraph id="1181157" documentposition="147" splitpriority="none" relatedtopic="define-no-output" />
    <Paragraph id="1181161" documentposition="148" splitpriority="none" relatedtopic="define-no-output" />
    <Paragraph id="1181165" documentposition="149" splitpriority="none" relatedtopic="define-no-output" />
  </Split>
  <Split id="1082197" documentposition="150">
    <Paragraph id="1082197" documentposition="150" splitpriority="4">
      <Marker behavior="topic" id="1082227">
        <Marker id="1082227" name="TopicAlias" xmlns="urn:WebWorks-Document-Schema">
          <TextRun id="tr1082227-1">
            <Text value="search_annotation_definitions_help" />
          </TextRun>
        </Marker>
      </Marker>
    </Paragraph>
    <Paragraph id="1074853" documentposition="151" splitpriority="none" />
    <Paragraph id="1092124" documentposition="152" splitpriority="none" />
    <Paragraph id="1091084" documentposition="154" splitpriority="none" />
    <Paragraph id="1090756" documentposition="155" splitpriority="none" />
    <Paragraph id="1090767" documentposition="156" splitpriority="none" />
    <Paragraph id="1075682" documentposition="157" splitpriority="none" />
    <Paragraph id="1076180" documentposition="158" splitpriority="none" />
    <Paragraph id="1075717" documentposition="159" splitpriority="none" />
    <Paragraph id="1077238" documentposition="160" splitpriority="none" />
    <Paragraph id="1076837" documentposition="161" splitpriority="none" />
    <Paragraph id="1075741" documentposition="162" splitpriority="none" />
    <Paragraph id="1131546" documentposition="163" splitpriority="none" />
    <Paragraph id="1163411" documentposition="164" splitpriority="none" />
    <Paragraph id="1163464" documentposition="166" splitpriority="none" />
    <Paragraph id="1163465" documentposition="167" splitpriority="none" />
    <Paragraph id="1163494" documentposition="168" splitpriority="none" />
    <Paragraph id="1163529" documentposition="169" splitpriority="none" />
    <Paragraph id="1163466" documentposition="170" splitpriority="none" />
    <Paragraph id="1077770" documentposition="171" splitpriority="none" />
    <Paragraph id="1081048" documentposition="172" splitpriority="none" />
    <Paragraph id="1084921" documentposition="173" splitpriority="none" />
    <Paragraph id="1083176" documentposition="174" splitpriority="none" />
    <Paragraph id="1085073" documentposition="175" splitpriority="none" />
    <Paragraph id="1085083" documentposition="176" splitpriority="none" />
    <Paragraph id="1085068" documentposition="177" splitpriority="none" />
    <Paragraph id="1181173" documentposition="178" splitpriority="none" relatedtopic="define-no-output" />
    <Paragraph id="1181177" documentposition="179" splitpriority="none" relatedtopic="define-no-output" />
    <Paragraph id="1181181" documentposition="180" splitpriority="none" relatedtopic="define-no-output" />
    <Paragraph id="1181185" documentposition="181" splitpriority="none" relatedtopic="define-no-output" />
    <Paragraph id="1181189" documentposition="182" splitpriority="none" relatedtopic="define-no-output" />
    <Paragraph id="1181193" documentposition="183" splitpriority="none" relatedtopic="define-no-output" />
    <Paragraph id="1181197" documentposition="184" splitpriority="none" relatedtopic="define-no-output" />
    <Paragraph id="1181201" documentposition="185" splitpriority="none" relatedtopic="define-no-output" />
    <Paragraph id="1181205" documentposition="186" splitpriority="none" relatedtopic="define-no-output" />
  </Split>
  <Split id="1077698" documentposition="187">
    <Paragraph id="1077698" documentposition="187" splitpriority="4">
      <Marker behavior="topic" id="1082226">
        <Marker id="1082226" name="TopicAlias" xmlns="urn:WebWorks-Document-Schema">
          <TextRun id="tr1082226-1">
            <Text value="survival_values_help" />
          </TextRun>
        </Marker>
      </Marker>
    </Paragraph>
    <Paragraph id="1077702" documentposition="188" splitpriority="none" />
    <Paragraph id="1178804" documentposition="189" splitpriority="none" />
    <Paragraph id="1085103" documentposition="190" splitpriority="none" />
    <Paragraph id="1085104" documentposition="191" splitpriority="none" />
    <Paragraph id="1085100" documentposition="192" splitpriority="none" />
    <Paragraph id="1080422" documentposition="193" splitpriority="none" />
    <Paragraph id="1178818" documentposition="194" splitpriority="none" />
    <Paragraph id="1085129" documentposition="195" splitpriority="none" />
    <Paragraph id="1077727" documentposition="196" splitpriority="none" />
    <Paragraph id="1078368" documentposition="197" splitpriority="none" />
    <Paragraph id="1091124" documentposition="199" splitpriority="none" />
    <Paragraph id="1079453" documentposition="200" splitpriority="none" />
    <Paragraph id="1079457" documentposition="201" splitpriority="none" />
    <Paragraph id="1078404" documentposition="202" splitpriority="none" />
    <Paragraph id="1091132" documentposition="204" splitpriority="none" />
    <Paragraph id="1134068" documentposition="205" splitpriority="none" />
    <Paragraph id="1078851" documentposition="206" splitpriority="none" />
    <Paragraph id="1146253" documentposition="207" splitpriority="none" />
    <Paragraph id="1080893" documentposition="208" splitpriority="none" />
    <Paragraph id="1146224" documentposition="209" splitpriority="none" />
    <Paragraph id="1080894" documentposition="210" splitpriority="none" />
    <Paragraph id="1080895" documentposition="211" splitpriority="none" />
    <Paragraph id="1092141" documentposition="212" splitpriority="none" />
    <Paragraph id="1134034" documentposition="213" splitpriority="none" />
  </Split>
  <Split id="1178872" documentposition="214">
    <Paragraph id="1178872" documentposition="214" splitpriority="2">
      <Marker behavior="topic" id="1178871">
        <Marker id="1178871" name="TopicAlias" xmlns="urn:WebWorks-Document-Schema">
          <TextRun id="tr1178871-1">
            <Text value="edit_genomic_data_help" />
          </TextRun>
        </Marker>
      </Marker>
    </Paragraph>
    <Paragraph id="1178873" documentposition="215" splitpriority="none" />
    <Paragraph id="1178875" documentposition="216" splitpriority="none" />
    <Paragraph id="1081008" documentposition="217" splitpriority="none" />
    <Paragraph id="1080137" documentposition="218" splitpriority="none" />
    <Paragraph id="1077960" documentposition="219" splitpriority="none" />
    <Paragraph id="1074448" documentposition="220" splitpriority="none" />
    <Paragraph id="1075918" documentposition="221" splitpriority="none" />
    <Paragraph id="1091140" documentposition="223" splitpriority="none" />
    <Paragraph id="1131932" documentposition="224" splitpriority="none" />
    <Paragraph id="1077831" documentposition="225" splitpriority="none" />
    <Paragraph id="1077838" documentposition="226" splitpriority="none" />
    <Paragraph id="1079605" documentposition="227" splitpriority="none" />
    <Paragraph id="1090365" documentposition="228" splitpriority="none" />
    <Paragraph id="1090369" documentposition="229" splitpriority="none" />
    <Paragraph id="1090380" documentposition="230" splitpriority="none" />
    <Paragraph id="1134079" documentposition="231" splitpriority="none" />
    <Paragraph id="1139581" documentposition="232" splitpriority="none" />
    <Paragraph id="1139583" documentposition="233" splitpriority="none" />
    <Paragraph id="1139519" documentposition="234" splitpriority="none" />
    <Paragraph id="1139872" documentposition="235" splitpriority="none" />
    <Paragraph id="1139890" documentposition="236" splitpriority="none" />
    <Paragraph id="1139466" documentposition="237" splitpriority="none" />
    <Paragraph id="1090381" documentposition="238" splitpriority="none" />
    <Paragraph id="1108860" documentposition="239" splitpriority="none" />
    <Paragraph id="1131936" documentposition="241" splitpriority="none" />
    <Paragraph id="1181234" documentposition="242" splitpriority="none" relatedtopic="define-no-output" />
    <Paragraph id="1181238" documentposition="243" splitpriority="none" relatedtopic="define-no-output" />
    <Paragraph id="1181242" documentposition="244" splitpriority="none" relatedtopic="define-no-output" />
  </Split>
  <Split id="1081247" documentposition="245">
    <Paragraph id="1081247" documentposition="245" splitpriority="3">
      <Marker behavior="topic" id="1082224">
        <Marker id="1082224" name="TopicAlias" xmlns="urn:WebWorks-Document-Schema">
          <TextRun id="tr1082224-1">
            <Text value="edit_sample_mappings_help" />
          </TextRun>
        </Marker>
      </Marker>
    </Paragraph>
    <Paragraph id="1082153" documentposition="246" splitpriority="none" />
    <Paragraph id="1181250" documentposition="247" splitpriority="none" relatedtopic="define-no-output" />
    <Paragraph id="1181254" documentposition="248" splitpriority="none" relatedtopic="define-no-output" />
    <Paragraph id="1181258" documentposition="249" splitpriority="none" relatedtopic="define-no-output" />
    <Paragraph id="1181262" documentposition="250" splitpriority="none" relatedtopic="define-no-output" />
  </Split>
  <Split id="1167373" documentposition="251">
    <Paragraph id="1167373" documentposition="251" splitpriority="4" />
    <Paragraph id="1167346" documentposition="252" splitpriority="none" />
    <Paragraph id="1167402" documentposition="253" splitpriority="none" />
    <Paragraph id="1167499" documentposition="254" splitpriority="none" />
    <Paragraph id="1167527" documentposition="255" splitpriority="none" />
    <Paragraph id="1167500" documentposition="256" splitpriority="none" />
    <Paragraph id="1167501" documentposition="257" splitpriority="none" />
    <Paragraph id="1167502" documentposition="258" splitpriority="none" />
    <Paragraph id="1167503" documentposition="259" splitpriority="none" />
    <Paragraph id="1167504" documentposition="260" splitpriority="none" />
    <Paragraph id="1167505" documentposition="261" splitpriority="none" />
    <Paragraph id="1167506" documentposition="262" splitpriority="none" />
    <Paragraph id="1167635" documentposition="263" splitpriority="none">
      <Frame id="1167640">
        <Paragraph id="" />
        <Frame id="1167650" />
      </Frame>
    </Paragraph>
    <Paragraph id="1167660" documentposition="265" splitpriority="none" />
    <Paragraph id="1167348" documentposition="266" splitpriority="none" />
    <Paragraph id="1167350" documentposition="267" splitpriority="none" />
    <Paragraph id="1167351" documentposition="268" splitpriority="none" />
    <Paragraph id="1167353" documentposition="269" splitpriority="none" />
    <Paragraph id="1167291" documentposition="270" splitpriority="none" />
    <Paragraph id="1148282" documentposition="271" splitpriority="none" />
    <Paragraph id="1089445" documentposition="272" splitpriority="none" />
  </Split>
  <Split id="1167595" documentposition="273">
    <Paragraph id="1167595" documentposition="273" splitpriority="4" />
    <Paragraph id="1167590" documentposition="274" splitpriority="none" />
    <Paragraph id="1082146" documentposition="275" splitpriority="none" />
    <Paragraph id="1167745" documentposition="277" splitpriority="none" />
    <Paragraph id="1168060" documentposition="278" splitpriority="none" />
    <Paragraph id="1168061" documentposition="279" splitpriority="none" />
    <Paragraph id="1168058" documentposition="280" splitpriority="none" />
    <Paragraph id="1168002" documentposition="281" splitpriority="none" />
    <Paragraph id="1167697" documentposition="282" splitpriority="none" />
    <Paragraph id="1167698" documentposition="283" splitpriority="none" />
    <Paragraph id="1167716" documentposition="284" splitpriority="none" />
    <Paragraph id="1081151" documentposition="285" splitpriority="none" />
    <Paragraph id="1167945" documentposition="286" splitpriority="none" />
    <Paragraph id="1167946" documentposition="287" splitpriority="none" />
    <Paragraph id="1181302" documentposition="289" splitpriority="none" relatedtopic="define-no-output" />
    <Paragraph id="1181306" documentposition="290" splitpriority="none" relatedtopic="define-no-output" />
    <Paragraph id="1181310" documentposition="291" splitpriority="none" relatedtopic="define-no-output" />
  </Split>
  <Split id="1080249" documentposition="292">
    <Paragraph id="1080249" documentposition="292" splitpriority="3" />
    <Paragraph id="1081202" documentposition="293" splitpriority="none" />
    <Paragraph id="1081271" documentposition="294" splitpriority="none" />
    <Paragraph id="1081324" documentposition="295" splitpriority="none" />
    <Paragraph id="1091190" documentposition="296" splitpriority="none" />
    <Paragraph id="1091182" documentposition="298" splitpriority="none" />
    <Paragraph id="1079626" documentposition="299" splitpriority="none" />
    <Paragraph id="1132244" documentposition="300" splitpriority="none" />
    <Paragraph id="1181318" documentposition="301" splitpriority="none" relatedtopic="define-no-output" />
    <Paragraph id="1181322" documentposition="302" splitpriority="none" relatedtopic="define-no-output" />
    <Paragraph id="1181326" documentposition="303" splitpriority="none" relatedtopic="define-no-output" />
  </Split>
  <Split id="1089873" documentposition="304">
    <Paragraph id="1089873" documentposition="304" splitpriority="3">
      <Marker behavior="topic" id="1118346">
        <Marker id="1118346" name="TopicAlias" xmlns="urn:WebWorks-Document-Schema">
          <TextRun id="tr1118346-1">
            <Text value="configure_copy_number_help" />
          </TextRun>
        </Marker>
      </Marker>
    </Paragraph>
    <Paragraph id="1119394" documentposition="305" splitpriority="none" />
    <Paragraph id="1119396" documentposition="306" splitpriority="none" />
    <Paragraph id="1119367" documentposition="307" splitpriority="none" />
    <Paragraph id="1119378" documentposition="308" splitpriority="none" />
    <Paragraph id="1119277" documentposition="309" splitpriority="none" />
    <Paragraph id="1089976" documentposition="310" splitpriority="none" />
    <Paragraph id="1094410" documentposition="311" splitpriority="none" />
    <Paragraph id="1094406" documentposition="312" splitpriority="none" />
    <Paragraph id="1089953" documentposition="314" splitpriority="none" />
    <Table id="1090095" documentposition="315" splitpriority="none">
      <TableCell>
        <Paragraph id="1171525" />
      </TableCell>
      <TableCell>
        <Paragraph id="1171527" />
      </TableCell>
      <TableCell>
        <Paragraph id="1171529" />
      </TableCell>
      <TableCell>
        <Paragraph id="1171531" />
      </TableCell>
      <TableCell>
        <Paragraph id="1171533" />
      </TableCell>
      <TableCell>
        <Paragraph id="1171535" />
      </TableCell>
      <TableCell>
        <Paragraph id="1171537" />
      </TableCell>
      <TableCell>
        <Paragraph id="1171539" />
      </TableCell>
      <TableCell>
        <Paragraph id="1171541" />
      </TableCell>
      <TableCell>
        <Paragraph id="1171543" />
      </TableCell>
      <TableCell>
        <Paragraph id="1171575" />
      </TableCell>
      <TableCell>
        <Paragraph id="1171577" />
      </TableCell>
      <TableCell>
        <Paragraph id="1171631" />
      </TableCell>
      <TableCell>
        <Paragraph id="1171573" />
      </TableCell>
      <TableCell>
        <Paragraph id="1171697" />
      </TableCell>
      <TableCell>
        <Paragraph id="1171699" />
      </TableCell>
      <TableCell>
        <Paragraph id="1171545" />
      </TableCell>
      <TableCell>
        <Paragraph id="1171547" />
      </TableCell>
      <TableCell>
        <Paragraph id="1171550" />
      </TableCell>
      <TableCell>
        <Paragraph id="1171552" />
      </TableCell>
      <TableCell>
        <Paragraph id="1171554" />
      </TableCell>
      <TableCell>
        <Paragraph id="1171556" />
      </TableCell>
      <TableCell>
        <Paragraph id="1171558" />
      </TableCell>
      <TableCell>
        <Paragraph id="1171560" />
      </TableCell>
      <TableCell>
        <Paragraph id="1171562" />
      </TableCell>
      <TableCell>
        <Paragraph id="1171564" />
      </TableCell>
    </Table>
    <Paragraph id="1090004" documentposition="316" splitpriority="none" />
    <Paragraph id="1159691" documentposition="317" splitpriority="none" />
    <Paragraph id="1181363" documentposition="318" splitpriority="none" relatedtopic="define-no-output" />
    <Paragraph id="1181367" documentposition="319" splitpriority="none" relatedtopic="define-no-output" />
  </Split>
  <Split id="1168239" documentposition="320">
    <Paragraph id="1168239" documentposition="320" splitpriority="4" />
    <Paragraph id="1168230" documentposition="321" splitpriority="none" />
    <Paragraph id="1168255" documentposition="322" splitpriority="none" />
    <Paragraph id="1168284" documentposition="323" splitpriority="none" />
    <Paragraph id="1168299" documentposition="324" splitpriority="none" />
    <Paragraph id="1168310" documentposition="325" splitpriority="none" />
    <Paragraph id="1168314" documentposition="326" splitpriority="none" />
    <Paragraph id="1174038" documentposition="327" splitpriority="none" />
    <Paragraph id="1181375" documentposition="328" splitpriority="none" />
  </Split>
  <Split id="1174050" documentposition="329">
    <Paragraph id="1174050" documentposition="329" splitpriority="2" />
    <Paragraph id="1151072" documentposition="330" splitpriority="none" />
    <Paragraph id="1083440" documentposition="331" splitpriority="none" />
    <Paragraph id="1181383" documentposition="332" splitpriority="none" relatedtopic="define-no-output" />
    <Paragraph id="1181387" documentposition="333" splitpriority="none" relatedtopic="define-no-output" />
  </Split>
  <Split id="1150641" documentposition="334">
    <Paragraph id="1150641" documentposition="334" splitpriority="3">
      <Marker behavior="topic" id="1151390">
        <Marker id="1151390" name="TopicAlias" xmlns="urn:WebWorks-Document-Schema">
          <TextRun id="tr1151390-1">
            <Text value="edit_imaging_data_help" />
          </TextRun>
        </Marker>
      </Marker>
    </Paragraph>
    <Paragraph id="1081374" documentposition="335" splitpriority="none" />
    <Paragraph id="1080129" documentposition="336" splitpriority="none" />
    <Paragraph id="1150647" documentposition="337" splitpriority="none" />
    <Paragraph id="1080167" documentposition="339" splitpriority="none" />
    <Paragraph id="1150526" documentposition="340" splitpriority="none" />
    <Paragraph id="1080168" documentposition="341" splitpriority="none" />
    <Paragraph id="1081393" documentposition="342" splitpriority="none" />
    <Paragraph id="1094418" documentposition="343" splitpriority="none" />
    <Paragraph id="1094422" documentposition="344" splitpriority="none" />
    <Paragraph id="1095465" documentposition="345" splitpriority="none" />
    <Paragraph id="1095474" documentposition="346" splitpriority="none" />
    <Paragraph id="1095490" documentposition="347" splitpriority="none" />
    <Paragraph id="1081403" documentposition="348" splitpriority="none" />
    <Paragraph id="1150664" documentposition="349" splitpriority="none" />
    <Paragraph id="1081453" documentposition="350" splitpriority="none" />
    <Paragraph id="1108908" documentposition="351" splitpriority="none" />
    <Paragraph id="1082278" documentposition="353" splitpriority="none" />
  </Split>
  <Split id="1150681" documentposition="354">
    <Paragraph id="1150681" documentposition="354" splitpriority="3" />
    <Paragraph id="1150688" documentposition="355" splitpriority="none" />
    <Paragraph id="1156399" documentposition="356" splitpriority="none" />
    <Paragraph id="1151038" documentposition="357" splitpriority="none" />
    <Paragraph id="1168469" documentposition="359" splitpriority="none" />
    <Paragraph id="1150819" documentposition="360" splitpriority="none" />
    <Paragraph id="1150820" documentposition="361" splitpriority="none" />
    <Paragraph id="1150821" documentposition="363" splitpriority="none" />
    <Paragraph id="1150795" documentposition="364" splitpriority="none" />
    <Paragraph id="1166511" documentposition="365" splitpriority="none" />
    <Paragraph id="1150796" documentposition="367" splitpriority="none" />
    <Paragraph id="1150537" documentposition="368" splitpriority="none" />
    <Paragraph id="1150769" documentposition="369" splitpriority="none" />
    <Paragraph id="1150538" documentposition="370" splitpriority="none" />
    <Paragraph id="1150539" documentposition="371" splitpriority="none" />
    <Paragraph id="1150540" documentposition="372" splitpriority="none" />
    <Paragraph id="1150541" documentposition="373" splitpriority="none" />
    <Paragraph id="1150926" documentposition="374" splitpriority="none" />
  </Split>
  <Split id="1149456" documentposition="375">
    <Paragraph id="1149456" documentposition="375" splitpriority="2" />
    <Paragraph id="1126393" documentposition="376" splitpriority="none" />
    <Paragraph id="1126402" documentposition="377" splitpriority="none" />
    <Paragraph id="1126406" documentposition="378" splitpriority="none" />
    <Paragraph id="1126848" documentposition="379" splitpriority="none" />
    <Paragraph id="1126418" documentposition="380" splitpriority="none" />
    <Paragraph id="1126419" documentposition="381" splitpriority="none" />
    <Paragraph id="1126420" documentposition="382" splitpriority="none" />
    <Paragraph id="1126431" documentposition="383" splitpriority="none" />
    <Paragraph id="1126455" documentposition="384" splitpriority="none" />
    <Paragraph id="1140319" documentposition="386" splitpriority="none" />
  </Split>
  <Split id="1126457" documentposition="388">
    <Paragraph id="1126457" documentposition="388" splitpriority="2" />
    <Paragraph id="1081471" documentposition="389" splitpriority="none" />
    <Paragraph id="1089848" documentposition="390" splitpriority="none" />
  </Split>
  <Split id="1076280" documentposition="391">
    <Paragraph id="1076280" documentposition="391" splitpriority="2">
      <Marker behavior="topic" id="1082222">
        <Marker id="1082222" name="TopicAlias" xmlns="urn:WebWorks-Document-Schema">
          <TextRun id="tr1082222-1">
            <Text value="manage_study_help" />
          </TextRun>
        </Marker>
      </Marker>
    </Paragraph>
    <Paragraph id="1082055" documentposition="392" splitpriority="none" />
    <Paragraph id="1085452" documentposition="393" splitpriority="none" />
    <Paragraph id="1082056" documentposition="394" splitpriority="none" />
    <Paragraph id="1110841" documentposition="395" splitpriority="none" />
    <Paragraph id="1095601" documentposition="396" splitpriority="none" />
    <Paragraph id="1082058" documentposition="397" splitpriority="none" />
    <Paragraph id="1082059" documentposition="398" splitpriority="none" />
    <Paragraph id="1081683" documentposition="399" splitpriority="none" />
    <Paragraph id="1111830" documentposition="400" splitpriority="none" />
    <Paragraph id="1081698" documentposition="402" splitpriority="none" />
    <Paragraph id="1090574" documentposition="403" splitpriority="none" />
    <Paragraph id="1139379" documentposition="405" splitpriority="none" />
    <Paragraph id="1081746" documentposition="406" splitpriority="none" />
    <Paragraph id="1181411" documentposition="407" splitpriority="none" />
  </Split>
  <Split id="1078043" documentposition="408">
    <Paragraph id="1078043" documentposition="408" splitpriority="3">
      <Marker behavior="topic" id="1082221">
        <Marker id="1082221" name="TopicAlias" xmlns="urn:WebWorks-Document-Schema">
          <TextRun id="tr1082221-1">
            <Text value="manage_platforms_help" />
          </TextRun>
        </Marker>
      </Marker>
    </Paragraph>
    <Paragraph id="1078047" documentposition="409" splitpriority="none" />
    <Paragraph id="1090575" documentposition="410" splitpriority="none" />
    <Paragraph id="1080932" documentposition="411" splitpriority="none" />
    <Paragraph id="1080973" documentposition="412" splitpriority="none" />
    <Paragraph id="1081852" documentposition="413" splitpriority="none" />
    <Paragraph id="1080952" documentposition="415" splitpriority="none" />
    <Paragraph id="1139412" documentposition="416" splitpriority="none" />
    <Paragraph id="1163356" documentposition="417" splitpriority="none" />
    <Paragraph id="1090590" documentposition="418" splitpriority="none" />
    <Paragraph id="1090773" documentposition="419" splitpriority="none" />
    <Paragraph id="1125489" documentposition="420" splitpriority="none" />
    <Paragraph id="1125508" documentposition="421" splitpriority="none" />
    <Paragraph id="1125480" documentposition="422" splitpriority="none" />
    <Paragraph id="1126348" documentposition="423" splitpriority="none" />
  </Split>
</Behaviors>