<?xml version="1.0" encoding="utf-8"?>
<Splits version="1.0" xmlns="urn:WebWorks-Engine-Splits-Schema">
  <Split groupID="8A8D9FCC116430EA" documentID="231C4AFF645C246B" id="1070912" position="1" documentstartposition="3" documentendposition="8" title="Creating a New Study">
    <Group name="caIntegrator2" id="8A8D9FCC116430EA" position="1" />
    <Document path="C:\Documents and Settings\hadfielj\My Documents\CBIIT Projects\caIntegrator2\caI 1.3\CreatingNewStudy.fm" id="231C4AFF645C246B" position="4" />
    <PageStyle value="" />
    <Frames />
    <Popups />
  </Split>
  <Split groupID="8A8D9FCC116430EA" documentID="231C4AFF645C246B" id="1073286" position="2" documentstartposition="9" documentendposition="17" title="Creating a Study – Overview">
    <Group name="caIntegrator2" id="8A8D9FCC116430EA" position="1" />
    <Document path="C:\Documents and Settings\hadfielj\My Documents\CBIIT Projects\caIntegrator2\caI 1.3\CreatingNewStudy.fm" id="231C4AFF645C246B" position="4" />
    <PageStyle value="" />
    <Frames />
    <Popups />
  </Split>
  <Split groupID="8A8D9FCC116430EA" documentID="231C4AFF645C246B" id="1073216" position="3" documentstartposition="18" documentendposition="26" title="Configuring and Deploying a Study">
    <Group name="caIntegrator2" id="8A8D9FCC116430EA" position="1" />
    <Document path="C:\Documents and Settings\hadfielj\My Documents\CBIIT Projects\caIntegrator2\caI 1.3\CreatingNewStudy.fm" id="231C4AFF645C246B" position="4" />
    <PageStyle value="" />
    <Frames />
    <Popups />
  </Split>
  <Split groupID="8A8D9FCC116430EA" documentID="231C4AFF645C246B" id="1073921" position="4" documentstartposition="27" documentendposition="45" title="Creating/Editing a Study">
    <Group name="caIntegrator2" id="8A8D9FCC116430EA" position="1" />
    <Document path="C:\Documents and Settings\hadfielj\My Documents\CBIIT Projects\caIntegrator2\caI 1.3\CreatingNewStudy.fm" id="231C4AFF645C246B" position="4" />
    <PageStyle value="" />
    <Frames />
    <Popups />
  </Split>
  <Split groupID="8A8D9FCC116430EA" documentID="231C4AFF645C246B" id="1134337" position="5" documentstartposition="46" documentendposition="52" title="Viewing/Editing a Log">
    <Group name="caIntegrator2" id="8A8D9FCC116430EA" position="1" />
    <Document path="C:\Documents and Settings\hadfielj\My Documents\CBIIT Projects\caIntegrator2\caI 1.3\CreatingNewStudy.fm" id="231C4AFF645C246B" position="4" />
    <PageStyle value="" />
    <Frames />
    <Popups />
  </Split>
  <Split groupID="8A8D9FCC116430EA" documentID="231C4AFF645C246B" id="1127623" position="6" documentstartposition="53" documentendposition="69" title="Working with Annotations – An Overview">
    <Group name="caIntegrator2" id="8A8D9FCC116430EA" position="1" />
    <Document path="C:\Documents and Settings\hadfielj\My Documents\CBIIT Projects\caIntegrator2\caI 1.3\CreatingNewStudy.fm" id="231C4AFF645C246B" position="4" />
    <PageStyle value="" />
    <Frames />
    <Popups />
  </Split>
  <Split groupID="8A8D9FCC116430EA" documentID="231C4AFF645C246B" id="1131246" position="7" documentstartposition="70" documentendposition="84" title="Adding An Annotation Group">
    <Group name="caIntegrator2" id="8A8D9FCC116430EA" position="1" />
    <Document path="C:\Documents and Settings\hadfielj\My Documents\CBIIT Projects\caIntegrator2\caI 1.3\CreatingNewStudy.fm" id="231C4AFF645C246B" position="4" />
    <PageStyle value="" />
    <Frames />
    <Popups />
  </Split>
  <Split groupID="8A8D9FCC116430EA" documentID="231C4AFF645C246B" id="1127752" position="8" documentstartposition="85" documentendposition="93" title="Editing an Annotation Group">
    <Group name="caIntegrator2" id="8A8D9FCC116430EA" position="1" />
    <Document path="C:\Documents and Settings\hadfielj\My Documents\CBIIT Projects\caIntegrator2\caI 1.3\CreatingNewStudy.fm" id="231C4AFF645C246B" position="4" />
    <PageStyle value="" />
    <Frames />
    <Popups />
  </Split>
  <Split groupID="8A8D9FCC116430EA" documentID="231C4AFF645C246B" id="1150058" position="9" documentstartposition="94" documentendposition="102" title="Adding Subject Annotation Data">
    <Group name="caIntegrator2" id="8A8D9FCC116430EA" position="1" />
    <Document path="C:\Documents and Settings\hadfielj\My Documents\CBIIT Projects\caIntegrator2\caI 1.3\CreatingNewStudy.fm" id="231C4AFF645C246B" position="4" />
    <PageStyle value="" />
    <Frames />
    <Popups />
  </Split>
  <Split groupID="8A8D9FCC116430EA" documentID="231C4AFF645C246B" id="1134706" position="10" documentstartposition="103" documentendposition="125" title=" Define Fields Page for Editing Annotations">
    <Group name="caIntegrator2" id="8A8D9FCC116430EA" position="1" />
    <Document path="C:\Documents and Settings\hadfielj\My Documents\CBIIT Projects\caIntegrator2\caI 1.3\CreatingNewStudy.fm" id="231C4AFF645C246B" position="4" />
    <PageStyle value="" />
    <Frames />
    <Popups />
  </Split>
  <Split groupID="8A8D9FCC116430EA" documentID="231C4AFF645C246B" id="1125074" position="11" documentstartposition="126" documentendposition="149" title="Assigning An Identifier or Annotation">
    <Group name="caIntegrator2" id="8A8D9FCC116430EA" position="1" />
    <Document path="C:\Documents and Settings\hadfielj\My Documents\CBIIT Projects\caIntegrator2\caI 1.3\CreatingNewStudy.fm" id="231C4AFF645C246B" position="4" />
    <PageStyle value="" />
    <Frames />
    <Popups />
  </Split>
  <Split groupID="8A8D9FCC116430EA" documentID="231C4AFF645C246B" id="1082197" position="12" documentstartposition="150" documentendposition="186" title="Searching for Annotation Definitions">
    <Group name="caIntegrator2" id="8A8D9FCC116430EA" position="1" />
    <Document path="C:\Documents and Settings\hadfielj\My Documents\CBIIT Projects\caIntegrator2\caI 1.3\CreatingNewStudy.fm" id="231C4AFF645C246B" position="4" />
    <PageStyle value="" />
    <Frames />
    <Popups />
  </Split>
  <Split groupID="8A8D9FCC116430EA" documentID="231C4AFF645C246B" id="1077698" position="13" documentstartposition="187" documentendposition="211" title="Defining Survival Values">
    <Group name="caIntegrator2" id="8A8D9FCC116430EA" position="1" />
    <Document path="C:\Documents and Settings\hadfielj\My Documents\CBIIT Projects\caIntegrator2\caI 1.3\CreatingNewStudy.fm" id="231C4AFF645C246B" position="4" />
    <PageStyle value="" />
    <Frames />
    <Popups />
  </Split>
  <Split groupID="8A8D9FCC116430EA" documentID="231C4AFF645C246B" id="1076975" position="14" documentstartposition="212" documentendposition="242" title="Adding/Editing Genomic Data">
    <Group name="caIntegrator2" id="8A8D9FCC116430EA" position="1" />
    <Document path="C:\Documents and Settings\hadfielj\My Documents\CBIIT Projects\caIntegrator2\caI 1.3\CreatingNewStudy.fm" id="231C4AFF645C246B" position="4" />
    <PageStyle value="" />
    <Frames />
    <Popups />
  </Split>
  <Split groupID="8A8D9FCC116430EA" documentID="231C4AFF645C246B" id="1081247" position="15" documentstartposition="243" documentendposition="248" title="Mapping Genomic Data to Subject Annotation Data">
    <Group name="caIntegrator2" id="8A8D9FCC116430EA" position="1" />
    <Document path="C:\Documents and Settings\hadfielj\My Documents\CBIIT Projects\caIntegrator2\caI 1.3\CreatingNewStudy.fm" id="231C4AFF645C246B" position="4" />
    <PageStyle value="" />
    <Frames />
    <Popups />
  </Split>
  <Split groupID="8A8D9FCC116430EA" documentID="231C4AFF645C246B" id="1167373" position="16" documentstartposition="249" documentendposition="270" title="Creating a Mapping File">
    <Group name="caIntegrator2" id="8A8D9FCC116430EA" position="1" />
    <Document path="C:\Documents and Settings\hadfielj\My Documents\CBIIT Projects\caIntegrator2\caI 1.3\CreatingNewStudy.fm" id="231C4AFF645C246B" position="4" />
    <PageStyle value="" />
    <Frames>
      <Frame position="1" title="Screen shot of an example mapping file with multiple samples. The file is described in the text.">
        <Frame id="1167640" stylename="Default" xmlns="urn:WebWorks-Document-Schema">
          <Attribute name="display" value="block" />
          <Attribute name="float" value="none" />
          <Attribute name="text-align" value="left" />
          <Attribute name="left" value="0.0" />
          <Attribute name="top" value="0.0" />
          <Attribute name="width" value="421.416" />
          <Attribute name="height" value="151.50024" />
          <Description>
            <Paragraph>
              <TextRun>
                <Text value="Screen shot of an example mapping file with multiple samples. The file is described in the text." />
              </TextRun>
            </Paragraph>
          </Description>
          <Facets>
            <Facet type="document">
              <Attribute name="adapter" value="Adobe FrameMaker" />
              <Attribute name="path" value="C:\Documents and Settings\hadfielj\My Documents\ePublisher Pro Projects\caIntegrator2\Data\61DD7DDB65736B3\8A8D9FCC116430EA\231C4AFF645C246B\CreatingNewStudy.fmwif" />
              <Attribute name="id" value="1167640" />
            </Facet>
          </Facets>
          <Content>
            <Frame id="1167650">
              <Attribute name="left" value="57.62808" />
              <Attribute name="top" value="4.80024" />
              <Attribute name="width" value="362.43576" />
              <Attribute name="height" value="147.01896" />
              <Facets>
                <Facet type="by-reference">
                  <Attribute name="path" value="C:\Documents and Settings\hadfielj\My Documents\CBIIT Projects\caIntegrator2\caI 1.3\caI2 images\multiple sample mapping.gif" />
                </Facet>
              </Facets>
            </Frame>
          </Content>
        </Frame>
      </Frame>
    </Frames>
    <Popups />
  </Split>
  <Split groupID="8A8D9FCC116430EA" documentID="231C4AFF645C246B" id="1167595" position="17" documentstartposition="271" documentendposition="289" title="Steps for Mapping Genomic Data">
    <Group name="caIntegrator2" id="8A8D9FCC116430EA" position="1" />
    <Document path="C:\Documents and Settings\hadfielj\My Documents\CBIIT Projects\caIntegrator2\caI 1.3\CreatingNewStudy.fm" id="231C4AFF645C246B" position="4" />
    <PageStyle value="" />
    <Frames />
    <Popups />
  </Split>
  <Split groupID="8A8D9FCC116430EA" documentID="231C4AFF645C246B" id="1080249" position="18" documentstartposition="290" documentendposition="301" title="Uploading Control Samples ">
    <Group name="caIntegrator2" id="8A8D9FCC116430EA" position="1" />
    <Document path="C:\Documents and Settings\hadfielj\My Documents\CBIIT Projects\caIntegrator2\caI 1.3\CreatingNewStudy.fm" id="231C4AFF645C246B" position="4" />
    <PageStyle value="" />
    <Frames />
    <Popups />
  </Split>
  <Split groupID="8A8D9FCC116430EA" documentID="231C4AFF645C246B" id="1089873" position="19" documentstartposition="302" documentendposition="317" title="Configuring Copy Number Data">
    <Group name="caIntegrator2" id="8A8D9FCC116430EA" position="1" />
    <Document path="C:\Documents and Settings\hadfielj\My Documents\CBIIT Projects\caIntegrator2\caI 1.3\CreatingNewStudy.fm" id="231C4AFF645C246B" position="4" />
    <PageStyle value="" />
    <Frames />
    <Popups />
  </Split>
  <Split groupID="8A8D9FCC116430EA" documentID="231C4AFF645C246B" id="1168239" position="20" documentstartposition="318" documentendposition="326" title="Remapping Copy Number Data in a Deployed Study">
    <Group name="caIntegrator2" id="8A8D9FCC116430EA" position="1" />
    <Document path="C:\Documents and Settings\hadfielj\My Documents\CBIIT Projects\caIntegrator2\caI 1.3\CreatingNewStudy.fm" id="231C4AFF645C246B" position="4" />
    <PageStyle value="" />
    <Frames />
    <Popups />
  </Split>
  <Split groupID="8A8D9FCC116430EA" documentID="231C4AFF645C246B" id="1174050" position="21" documentstartposition="327" documentendposition="331" title="Working with Imaging Data">
    <Group name="caIntegrator2" id="8A8D9FCC116430EA" position="1" />
    <Document path="C:\Documents and Settings\hadfielj\My Documents\CBIIT Projects\caIntegrator2\caI 1.3\CreatingNewStudy.fm" id="231C4AFF645C246B" position="4" />
    <PageStyle value="" />
    <Frames />
    <Popups />
  </Split>
  <Split groupID="8A8D9FCC116430EA" documentID="231C4AFF645C246B" id="1150641" position="22" documentstartposition="332" documentendposition="351" title="Adding or Editing Imaging Data Files from NBIA ">
    <Group name="caIntegrator2" id="8A8D9FCC116430EA" position="1" />
    <Document path="C:\Documents and Settings\hadfielj\My Documents\CBIIT Projects\caIntegrator2\caI 1.3\CreatingNewStudy.fm" id="231C4AFF645C246B" position="4" />
    <PageStyle value="" />
    <Frames />
    <Popups />
  </Split>
  <Split groupID="8A8D9FCC116430EA" documentID="231C4AFF645C246B" id="1150681" position="23" documentstartposition="352" documentendposition="372" title="Adding or Editing Image Annotations">
    <Group name="caIntegrator2" id="8A8D9FCC116430EA" position="1" />
    <Document path="C:\Documents and Settings\hadfielj\My Documents\CBIIT Projects\caIntegrator2\caI 1.3\CreatingNewStudy.fm" id="231C4AFF645C246B" position="4" />
    <PageStyle value="" />
    <Frames />
    <Popups />
  </Split>
  <Split groupID="8A8D9FCC116430EA" documentID="231C4AFF645C246B" id="1149456" position="24" documentstartposition="373" documentendposition="385" title="Adding External Links">
    <Group name="caIntegrator2" id="8A8D9FCC116430EA" position="1" />
    <Document path="C:\Documents and Settings\hadfielj\My Documents\CBIIT Projects\caIntegrator2\caI 1.3\CreatingNewStudy.fm" id="231C4AFF645C246B" position="4" />
    <PageStyle value="" />
    <Frames />
    <Popups />
  </Split>
  <Split groupID="8A8D9FCC116430EA" documentID="231C4AFF645C246B" id="1126457" position="25" documentstartposition="386" documentendposition="388" title="Deploying the Study">
    <Group name="caIntegrator2" id="8A8D9FCC116430EA" position="1" />
    <Document path="C:\Documents and Settings\hadfielj\My Documents\CBIIT Projects\caIntegrator2\caI 1.3\CreatingNewStudy.fm" id="231C4AFF645C246B" position="4" />
    <PageStyle value="" />
    <Frames />
    <Popups />
  </Split>
  <Split groupID="8A8D9FCC116430EA" documentID="231C4AFF645C246B" id="1076280" position="26" documentstartposition="389" documentendposition="405" title="Managing a Study">
    <Group name="caIntegrator2" id="8A8D9FCC116430EA" position="1" />
    <Document path="C:\Documents and Settings\hadfielj\My Documents\CBIIT Projects\caIntegrator2\caI 1.3\CreatingNewStudy.fm" id="231C4AFF645C246B" position="4" />
    <PageStyle value="" />
    <Frames />
    <Popups />
  </Split>
  <Split groupID="8A8D9FCC116430EA" documentID="231C4AFF645C246B" id="1078043" position="27" documentstartposition="406" documentendposition="422" title="Managing Platforms">
    <Group name="caIntegrator2" id="8A8D9FCC116430EA" position="1" />
    <Document path="C:\Documents and Settings\hadfielj\My Documents\CBIIT Projects\caIntegrator2\caI 1.3\CreatingNewStudy.fm" id="231C4AFF645C246B" position="4" />
    <PageStyle value="" />
    <Frames />
    <Popups />
  </Split>
</Splits>