<?xml version="1.0" encoding="utf-8"?>
<Index version="1.0" xmlns="urn:WebWorks-Index-Schema">
  <Entry name="objects in NCIA, hierarchy of" sort="objects in NCIA, hierarchy of" sectionposition="2">
    <Content xmlns="urn:WebWorks-Document-Schema">
      <TextRun>
        <Text value="objects in NCIA, hierarchy of" />
      </TextRun>
    </Content>
    <Link href="C:\Documents and Settings\hadfielj\My Documents\ePublisher Pro Projects\caIntegrator2\Output\WebWorks Help 5.0\caIntegrator2\View Results.5.5.html" anchor="1164562" fileposition="38" first="false" />
  </Entry>
  <Entry name="hierarchy of objects, NCIA" sort="hierarchy of objects, NCIA" sectionposition="2">
    <Content xmlns="urn:WebWorks-Document-Schema">
      <TextRun>
        <Text value="hierarchy of objects, NCIA" />
      </TextRun>
    </Content>
    <Link href="C:\Documents and Settings\hadfielj\My Documents\ePublisher Pro Projects\caIntegrator2\Output\WebWorks Help 5.0\caIntegrator2\View Results.5.5.html" anchor="1164562" fileposition="38" first="false" />
  </Entry>
</Index>