<?xml version="1.0" encoding="utf-8"?>
<Behaviors version="1.0" xmlns="urn:WebWorks-Behaviors-Schema">
  <Split id="1070912" documentposition="3">
    <Paragraph id="1070912" documentposition="3" splitpriority="1" dropdown="continue" popup="none" popup-page-rule="" />
    <Paragraph id="1073170" documentposition="4" splitpriority="2" dropdown="continue" popup="none" popup-page-rule="" />
    <Paragraph id="1073194" documentposition="5" splitpriority="none" dropdown="continue" popup="none" popup-page-rule="" />
    <Paragraph id="1073196" documentposition="6" splitpriority="none" dropdown="continue" popup="none" popup-page-rule="" />
    <Paragraph id="1073197" documentposition="7" splitpriority="none" dropdown="continue" popup="none" popup-page-rule="" />
    <Paragraph id="1073198" documentposition="8" splitpriority="none" dropdown="continue" popup="none" popup-page-rule="" />
    <Paragraph id="1073192" documentposition="9" splitpriority="none" dropdown="continue" popup="none" popup-page-rule="" />
    <Paragraph id="1073171" documentposition="10" splitpriority="none" dropdown="continue" popup="none" popup-page-rule="" />
    <Paragraph id="1074536" documentposition="11" splitpriority="none" popup="none" popup-page-rule="" dropdown="end" />
  </Split>
  <Split id="1073202" documentposition="12">
    <Paragraph id="1073202" documentposition="12" splitpriority="2" dropdown="continue" popup="none" popup-page-rule="" />
    <Paragraph id="1073481" documentposition="13" splitpriority="none" dropdown="continue" popup="none" popup-page-rule="" />
    <Paragraph id="1073218" documentposition="14" splitpriority="none" dropdown="continue" popup="none" popup-page-rule="" />
    <Paragraph id="1073205" documentposition="15" splitpriority="none" dropdown="continue" popup="none" popup-page-rule="" />
    <Paragraph id="1073206" documentposition="16" splitpriority="none" dropdown="continue" popup="none" popup-page-rule="" />
    <Paragraph id="1073207" documentposition="17" splitpriority="none" dropdown="continue" popup="none" popup-page-rule="" />
    <Paragraph id="1073208" documentposition="18" splitpriority="none" dropdown="continue" popup="none" popup-page-rule="" />
    <Paragraph id="1073209" documentposition="19" splitpriority="none" dropdown="continue" popup="none" popup-page-rule="" />
    <Paragraph id="1073203" documentposition="20" splitpriority="none" dropdown="continue" popup="none" popup-page-rule="" />
    <Paragraph id="1073224" documentposition="21" splitpriority="none" dropdown="continue" popup="none" popup-page-rule="" />
    <Paragraph id="1073232" documentposition="22" splitpriority="none" dropdown="continue" popup="none" popup-page-rule="" />
    <Paragraph id="1073237" documentposition="23" splitpriority="none" dropdown="continue" popup="none" popup-page-rule="" />
    <Paragraph id="1073379" documentposition="24" splitpriority="none" dropdown="continue" popup="none" popup-page-rule="" />
    <Paragraph id="1073393" documentposition="25" splitpriority="none" dropdown="continue" popup="none" popup-page-rule="" />
    <Paragraph id="1073476" documentposition="26" splitpriority="none" dropdown="continue" popup="none" popup-page-rule="" />
    <Paragraph id="1073401" documentposition="27" splitpriority="none" dropdown="continue" popup="none" popup-page-rule="" />
    <Paragraph id="1073911" documentposition="28" splitpriority="none" dropdown="continue" popup="none" popup-page-rule="" />
    <Paragraph id="1073885" documentposition="29" splitpriority="none" popup="none" popup-page-rule="" dropdown="end" />
  </Split>
  <Split id="1073416" documentposition="30">
    <Paragraph id="1073416" documentposition="30" splitpriority="3" dropdown="continue" popup="none" popup-page-rule="" />
    <Paragraph id="1073562" documentposition="31" splitpriority="none" dropdown="continue" popup="none" popup-page-rule="" />
    <Paragraph id="1073579" documentposition="32" splitpriority="none" dropdown="continue" popup="none" popup-page-rule="" />
    <Paragraph id="1073580" documentposition="33" splitpriority="none" dropdown="continue" popup="none" popup-page-rule="" />
    <Paragraph id="1073582" documentposition="34" splitpriority="none" dropdown="continue" popup="none" popup-page-rule="" />
    <Paragraph id="1073583" documentposition="35" splitpriority="none" dropdown="continue" popup="none" popup-page-rule="" />
    <Paragraph id="1073584" documentposition="36" splitpriority="none" dropdown="continue" popup="none" popup-page-rule="" />
    <Paragraph id="1073575" documentposition="37" splitpriority="none" dropdown="continue" popup="none" popup-page-rule="" />
    <Paragraph id="1073588" documentposition="38" splitpriority="none" dropdown="continue" popup="none" popup-page-rule="" />
    <Paragraph id="1073592" documentposition="39" splitpriority="none" dropdown="continue" popup="none" popup-page-rule="" />
    <Paragraph id="1073593" documentposition="40" splitpriority="none" dropdown="continue" popup="none" popup-page-rule="" />
    <Paragraph id="1073594" documentposition="41" splitpriority="none" dropdown="continue" popup="none" popup-page-rule="" />
    <Paragraph id="1073595" documentposition="42" splitpriority="none" dropdown="continue" popup="none" popup-page-rule="" />
    <Paragraph id="1073596" documentposition="43" splitpriority="none" dropdown="continue" popup="none" popup-page-rule="" />
    <Paragraph id="1073597" documentposition="44" splitpriority="none" dropdown="continue" popup="none" popup-page-rule="" />
    <Paragraph id="1073607" documentposition="45" splitpriority="none" dropdown="continue" popup="none" popup-page-rule="" />
    <Paragraph id="1073608" documentposition="46" splitpriority="none" dropdown="continue" popup="none" popup-page-rule="" />
    <Paragraph id="1073609" documentposition="47" splitpriority="none" dropdown="continue" popup="none" popup-page-rule="" />
    <Paragraph id="1073610" documentposition="48" splitpriority="none" dropdown="continue" popup="none" popup-page-rule="" />
    <Paragraph id="1073589" documentposition="49" splitpriority="none" dropdown="continue" popup="none" popup-page-rule="" />
    <Paragraph id="1073425" documentposition="50" splitpriority="none" popup="none" popup-page-rule="" dropdown="end" />
  </Split>
  <Split id="1073490" documentposition="51">
    <Paragraph id="1073490" documentposition="51" splitpriority="4" dropdown="continue" popup="none" popup-page-rule="">
      <Marker behavior="topic" id="1073537">
        <Marker id="1073537" name="TopicAlias" xmlns="urn:WebWorks-Document-Schema">
          <TextRun id="tr1073537-1">
            <Text value="KM_annotation_help" />
          </TextRun>
        </Marker>
      </Marker>
    </Paragraph>
    <Paragraph id="1073435" documentposition="52" splitpriority="none" dropdown="continue" popup="none" popup-page-rule="" />
    <Paragraph id="1073686" documentposition="53" splitpriority="none" popup="none" popup-page-rule="" dropdown="end">
      <Frame id="1073822">
        <Frame id="1073851" />
      </Frame>
    </Paragraph>
  </Split>
  <Split id="1073810" documentposition="54">
    <Paragraph id="1073810" documentposition="54" splitpriority="4" dropdown="continue" popup="none" popup-page-rule="">
      <Marker behavior="topic" id="1073685">
        <Marker id="1073685" name="TopicAlias" xmlns="urn:WebWorks-Document-Schema">
          <TextRun id="tr1073685-1">
            <Text value="KM_gene-expression_help" />
          </TextRun>
        </Marker>
      </Marker>
    </Paragraph>
    <Paragraph id="1073687" documentposition="55" splitpriority="none" dropdown="continue" popup="none" popup-page-rule="" />
    <Paragraph id="1073689" documentposition="56" splitpriority="none" popup="none" popup-page-rule="" dropdown="end">
      <Frame id="1073803">
        <Frame id="1073809" />
      </Frame>
    </Paragraph>
  </Split>
  <Split id="1073776" documentposition="57">
    <Paragraph id="1073776" documentposition="57" splitpriority="4" dropdown="continue" popup="none" popup-page-rule="">
      <Marker behavior="topic" id="1073688">
        <Marker id="1073688" name="TopicAlias" xmlns="urn:WebWorks-Document-Schema">
          <TextRun id="tr1073688-1">
            <Text value="KM_queries_help" />
          </TextRun>
        </Marker>
      </Marker>
    </Paragraph>
    <Paragraph id="1073748" documentposition="58" splitpriority="none" dropdown="continue" popup="none" popup-page-rule="" />
    <Paragraph id="1073534" documentposition="59" splitpriority="none" dropdown="continue" popup="none" popup-page-rule="" />
    <Paragraph id="1073770" documentposition="60" splitpriority="none" popup="none" popup-page-rule="" dropdown="end">
      <Frame id="1073771">
        <Frame id="1073775" />
      </Frame>
    </Paragraph>
  </Split>
  <Split id="1073419" documentposition="61">
    <Paragraph id="1073419" documentposition="61" splitpriority="3" dropdown="continue" popup="none" popup-page-rule="">
      <Marker behavior="topic" id="1073540">
        <Marker id="1073540" name="TopicAlias" xmlns="urn:WebWorks-Document-Schema">
          <TextRun id="tr1073540-1">
            <Text value="gene_pattern_help" />
          </TextRun>
        </Marker>
      </Marker>
    </Paragraph>
    <Paragraph id="1073260" documentposition="62" splitpriority="none" dropdown="continue" popup="none" popup-page-rule="" />
    <Paragraph id="1073169" documentposition="63" splitpriority="none" popup="none" popup-page-rule="" dropdown="end" />
  </Split>
</Behaviors>