<?xml version="1.0" encoding="utf-8"?>
<Report version="1.0" xmlns="urn:WebWorks-Reports-Schema">
  <Entry context="topics" type="topic-link" severity="message">
    <Description>Topic 'KM_annotation_help' resolves to the file 'PerformingAnalysis.6.4.html'.</Description>
    <Navigation context="source">
      <Link protocol="adapter">
        <Data key="Path" value="C:\Documents and Settings\hadfielj\My Documents\CBIIT Projects\caIntegrator2\PerformingAnalysis.fm" />
        <Data key="DocumentID" value="C6171BC861FB5C8" />
        <Data key="ID" value="1073490" />
      </Link>
    </Navigation>
    <Navigation context="output">
      <wwreport:Link protocol="wwh5api" xmlns:wwreport="urn:WebWorks-Reports-Schema">
        <wwreport:Data key="BaseURI" value="file:///C:/Documents%20and%20Settings/hadfielj/My%20Documents/ePublisher%20Pro%20Projects/caIntegrator2/Output/WebWorks%20Help%205.0/caIntegrator2" />
        <wwreport:Data key="Context" value="caIntegrator2" />
        <wwreport:Data key="Topic" value="KM_annotation_help" />
      </wwreport:Link>
    </Navigation>
    <Navigation context="details">
      <Link protocol="wwh5api">
        <Data key="BaseURI" value="file:///C:/Program%20Files/WebWorks/ePublisher%20Pro/Help/en" />
        <Data key="Context" value="reports" />
        <Data key="Topic" value="topic_links" />
      </Link>
    </Navigation>
  </Entry>
  <Entry context="topics" type="topic-link" severity="message">
    <Description>Topic 'KM_gene-expression_help' resolves to the file 'PerformingAnalysis.6.5.html'.</Description>
    <Navigation context="source">
      <Link protocol="adapter">
        <Data key="Path" value="C:\Documents and Settings\hadfielj\My Documents\CBIIT Projects\caIntegrator2\PerformingAnalysis.fm" />
        <Data key="DocumentID" value="C6171BC861FB5C8" />
        <Data key="ID" value="1073810" />
      </Link>
    </Navigation>
    <Navigation context="output">
      <wwreport:Link protocol="wwh5api" xmlns:wwreport="urn:WebWorks-Reports-Schema">
        <wwreport:Data key="BaseURI" value="file:///C:/Documents%20and%20Settings/hadfielj/My%20Documents/ePublisher%20Pro%20Projects/caIntegrator2/Output/WebWorks%20Help%205.0/caIntegrator2" />
        <wwreport:Data key="Context" value="caIntegrator2" />
        <wwreport:Data key="Topic" value="KM_gene-expression_help" />
      </wwreport:Link>
    </Navigation>
    <Navigation context="details">
      <Link protocol="wwh5api">
        <Data key="BaseURI" value="file:///C:/Program%20Files/WebWorks/ePublisher%20Pro/Help/en" />
        <Data key="Context" value="reports" />
        <Data key="Topic" value="topic_links" />
      </Link>
    </Navigation>
  </Entry>
  <Entry context="topics" type="topic-link" severity="message">
    <Description>Topic 'KM_queries_help' resolves to the file 'PerformingAnalysis.6.6.html'.</Description>
    <Navigation context="source">
      <Link protocol="adapter">
        <Data key="Path" value="C:\Documents and Settings\hadfielj\My Documents\CBIIT Projects\caIntegrator2\PerformingAnalysis.fm" />
        <Data key="DocumentID" value="C6171BC861FB5C8" />
        <Data key="ID" value="1073776" />
      </Link>
    </Navigation>
    <Navigation context="output">
      <wwreport:Link protocol="wwh5api" xmlns:wwreport="urn:WebWorks-Reports-Schema">
        <wwreport:Data key="BaseURI" value="file:///C:/Documents%20and%20Settings/hadfielj/My%20Documents/ePublisher%20Pro%20Projects/caIntegrator2/Output/WebWorks%20Help%205.0/caIntegrator2" />
        <wwreport:Data key="Context" value="caIntegrator2" />
        <wwreport:Data key="Topic" value="KM_queries_help" />
      </wwreport:Link>
    </Navigation>
    <Navigation context="details">
      <Link protocol="wwh5api">
        <Data key="BaseURI" value="file:///C:/Program%20Files/WebWorks/ePublisher%20Pro/Help/en" />
        <Data key="Context" value="reports" />
        <Data key="Topic" value="topic_links" />
      </Link>
    </Navigation>
  </Entry>
  <Entry context="topics" type="topic-link" severity="message">
    <Description>Topic 'gene_pattern_help' resolves to the file 'PerformingAnalysis.6.7.html'.</Description>
    <Navigation context="source">
      <Link protocol="adapter">
        <Data key="Path" value="C:\Documents and Settings\hadfielj\My Documents\CBIIT Projects\caIntegrator2\PerformingAnalysis.fm" />
        <Data key="DocumentID" value="C6171BC861FB5C8" />
        <Data key="ID" value="1073419" />
      </Link>
    </Navigation>
    <Navigation context="output">
      <wwreport:Link protocol="wwh5api" xmlns:wwreport="urn:WebWorks-Reports-Schema">
        <wwreport:Data key="BaseURI" value="file:///C:/Documents%20and%20Settings/hadfielj/My%20Documents/ePublisher%20Pro%20Projects/caIntegrator2/Output/WebWorks%20Help%205.0/caIntegrator2" />
        <wwreport:Data key="Context" value="caIntegrator2" />
        <wwreport:Data key="Topic" value="gene_pattern_help" />
      </wwreport:Link>
    </Navigation>
    <Navigation context="details">
      <Link protocol="wwh5api">
        <Data key="BaseURI" value="file:///C:/Program%20Files/WebWorks/ePublisher%20Pro/Help/en" />
        <Data key="Context" value="reports" />
        <Data key="Topic" value="topic_links" />
      </Link>
    </Navigation>
  </Entry>
</Report>