<?xml version="1.0" encoding="utf-8"?>
<Splits version="1.0" xmlns="urn:WebWorks-Engine-Splits-Schema">
  <Split groupID="F16E294B39BB5A9" documentID="C6171BC861FB5C8" id="1070912" position="1" documentstartposition="3" documentendposition="11" title="Analyzing Studies">
    <Group name="caIntegrator2" id="F16E294B39BB5A9" position="1" />
    <Document path="C:\Documents and Settings\hadfielj\My Documents\CBIIT Projects\caIntegrator2\PerformingAnalysis.fm" id="C6171BC861FB5C8" position="6" />
    <PageStyle value="" />
    <Frames />
    <Popups />
  </Split>
  <Split groupID="F16E294B39BB5A9" documentID="C6171BC861FB5C8" id="1073202" position="2" documentstartposition="12" documentendposition="29" title="Performing Data Analysis">
    <Group name="caIntegrator2" id="F16E294B39BB5A9" position="1" />
    <Document path="C:\Documents and Settings\hadfielj\My Documents\CBIIT Projects\caIntegrator2\PerformingAnalysis.fm" id="C6171BC861FB5C8" position="6" />
    <PageStyle value="" />
    <Frames />
    <Popups />
  </Split>
  <Split groupID="F16E294B39BB5A9" documentID="C6171BC861FB5C8" id="1073416" position="3" documentstartposition="30" documentendposition="50" title="Creating  Kaplan-Meier Plots">
    <Group name="caIntegrator2" id="F16E294B39BB5A9" position="1" />
    <Document path="C:\Documents and Settings\hadfielj\My Documents\CBIIT Projects\caIntegrator2\PerformingAnalysis.fm" id="C6171BC861FB5C8" position="6" />
    <PageStyle value="" />
    <Frames />
    <Popups />
  </Split>
  <Split groupID="F16E294B39BB5A9" documentID="C6171BC861FB5C8" id="1073490" position="4" documentstartposition="51" documentendposition="53" title="KM Plot for Annotations">
    <Group name="caIntegrator2" id="F16E294B39BB5A9" position="1" />
    <Document path="C:\Documents and Settings\hadfielj\My Documents\CBIIT Projects\caIntegrator2\PerformingAnalysis.fm" id="C6171BC861FB5C8" position="6" />
    <PageStyle value="" />
    <Frames>
      <Frame position="1" title="">
        <Frame id="1073822" stylename="Default" xmlns="urn:WebWorks-Document-Schema">
          <Attribute name="display" value="block" />
          <Attribute name="float" value="none" />
          <Attribute name="text-align" value="left" />
          <Attribute name="left" value="0.0" />
          <Attribute name="top" value="0.0" />
          <Attribute name="width" value="421.416" />
          <Attribute name="height" value="284.25024" />
          <Facets>
            <Facet type="document">
              <Attribute name="adapter" value="Adobe FrameMaker" />
              <Attribute name="path" value="C:\Documents and Settings\hadfielj\My Documents\ePublisher Pro Projects\caIntegrator2\Data\61DD7DDB65736B3\F16E294B39BB5A9\C6171BC861FB5C8\PerformingAnalysis.fmwif" />
              <Attribute name="id" value="1073822" />
            </Facet>
          </Facets>
          <Content>
            <Frame id="1073851">
              <Attribute name="left" value="14.62824" />
              <Attribute name="top" value="4.83552" />
              <Attribute name="width" value="392.15952" />
              <Attribute name="height" value="274.07952" />
              <Facets>
                <Facet type="by-reference">
                  <Attribute name="path" value="C:\Documents and Settings\hadfielj\My Documents\CBIIT Projects\caIntegrator2\caI2 images\KM annotation results.gif" />
                </Facet>
              </Facets>
            </Frame>
          </Content>
        </Frame>
      </Frame>
    </Frames>
    <Popups />
  </Split>
  <Split groupID="F16E294B39BB5A9" documentID="C6171BC861FB5C8" id="1073810" position="5" documentstartposition="54" documentendposition="56" title="KM Plot for Gene Expression">
    <Group name="caIntegrator2" id="F16E294B39BB5A9" position="1" />
    <Document path="C:\Documents and Settings\hadfielj\My Documents\CBIIT Projects\caIntegrator2\PerformingAnalysis.fm" id="C6171BC861FB5C8" position="6" />
    <PageStyle value="" />
    <Frames>
      <Frame position="1" title="">
        <Frame id="1073803" stylename="Default" xmlns="urn:WebWorks-Document-Schema">
          <Attribute name="display" value="block" />
          <Attribute name="float" value="none" />
          <Attribute name="text-align" value="left" />
          <Attribute name="left" value="0.0" />
          <Attribute name="top" value="0.0" />
          <Attribute name="width" value="421.416" />
          <Attribute name="height" value="281.25072" />
          <Facets>
            <Facet type="document">
              <Attribute name="adapter" value="Adobe FrameMaker" />
              <Attribute name="path" value="C:\Documents and Settings\hadfielj\My Documents\ePublisher Pro Projects\caIntegrator2\Data\61DD7DDB65736B3\F16E294B39BB5A9\C6171BC861FB5C8\PerformingAnalysis.fmwif" />
              <Attribute name="id" value="1073803" />
            </Facet>
          </Facets>
          <Content>
            <Frame id="1073809">
              <Attribute name="left" value="11.74824" />
              <Attribute name="top" value="-25.88976" />
              <Attribute name="width" value="397.91952" />
              <Attribute name="height" value="305.27928" />
              <Facets>
                <Facet type="by-reference">
                  <Attribute name="path" value="C:\Documents and Settings\hadfielj\My Documents\CBIIT Projects\caIntegrator2\caI2 images\KM g ex results.gif" />
                </Facet>
              </Facets>
            </Frame>
          </Content>
        </Frame>
      </Frame>
    </Frames>
    <Popups />
  </Split>
  <Split groupID="F16E294B39BB5A9" documentID="C6171BC861FB5C8" id="1073776" position="6" documentstartposition="57" documentendposition="60" title="KM Plot for Queries">
    <Group name="caIntegrator2" id="F16E294B39BB5A9" position="1" />
    <Document path="C:\Documents and Settings\hadfielj\My Documents\CBIIT Projects\caIntegrator2\PerformingAnalysis.fm" id="C6171BC861FB5C8" position="6" />
    <PageStyle value="" />
    <Frames>
      <Frame position="1" title="">
        <Frame id="1073771" stylename="Default" xmlns="urn:WebWorks-Document-Schema">
          <Attribute name="display" value="block" />
          <Attribute name="float" value="none" />
          <Attribute name="text-align" value="left" />
          <Attribute name="left" value="0.0" />
          <Attribute name="top" value="0.0" />
          <Attribute name="width" value="421.416" />
          <Attribute name="height" value="272.25072" />
          <Facets>
            <Facet type="document">
              <Attribute name="adapter" value="Adobe FrameMaker" />
              <Attribute name="path" value="C:\Documents and Settings\hadfielj\My Documents\ePublisher Pro Projects\caIntegrator2\Data\61DD7DDB65736B3\F16E294B39BB5A9\C6171BC861FB5C8\PerformingAnalysis.fmwif" />
              <Attribute name="id" value="1073771" />
            </Facet>
          </Facets>
          <Content>
            <Frame id="1073775">
              <Attribute name="left" value="15.82776" />
              <Attribute name="top" value="7.7256" />
              <Attribute name="width" value="389.75976" />
              <Attribute name="height" value="256.80024" />
              <Facets>
                <Facet type="by-reference">
                  <Attribute name="path" value="C:\Documents and Settings\hadfielj\My Documents\CBIIT Projects\caIntegrator2\caI2 images\KM queries results.gif" />
                </Facet>
              </Facets>
            </Frame>
          </Content>
        </Frame>
      </Frame>
    </Frames>
    <Popups />
  </Split>
  <Split groupID="F16E294B39BB5A9" documentID="C6171BC861FB5C8" id="1073419" position="7" documentstartposition="61" documentendposition="63" title="Analyzing Data with GenePattern">
    <Group name="caIntegrator2" id="F16E294B39BB5A9" position="1" />
    <Document path="C:\Documents and Settings\hadfielj\My Documents\CBIIT Projects\caIntegrator2\PerformingAnalysis.fm" id="C6171BC861FB5C8" position="6" />
    <PageStyle value="" />
    <Frames />
    <Popups />
  </Split>
</Splits>