<?xml version="1.0" encoding="utf-8"?>
<Behaviors version="1.0" xmlns="urn:WebWorks-Behaviors-Schema">
  <Paragraph id="1052621" documentposition="3" splitpriority="1" dropdown="continue" popup="none" popup-page-rule="" />
  <Paragraph id="1158618" documentposition="4" splitpriority="none" dropdown="continue" popup="none" popup-page-rule="" />
  <Paragraph id="1167805" documentposition="5" splitpriority="none" dropdown="continue" popup="none" popup-page-rule="" />
  <Paragraph id="1167809" documentposition="6" splitpriority="none" dropdown="continue" popup="none" popup-page-rule="" />
  <Paragraph id="1167819" documentposition="7" splitpriority="none" dropdown="continue" popup="none" popup-page-rule="" />
  <Paragraph id="1167812" documentposition="8" splitpriority="2" dropdown="continue" popup="none" popup-page-rule="">
    <Marker behavior="topic" id="1167811">
      <Marker id="1167811" name="TopicAlias" xmlns="urn:WebWorks-Document-Schema">
        <TextRun id="tr1167811-1">
          <Text value="query_results_help" />
        </TextRun>
      </Marker>
    </Marker>
  </Paragraph>
  <Paragraph id="1163460" documentposition="9" splitpriority="none" dropdown="continue" popup="none" popup-page-rule="" />
  <Paragraph id="1163519" documentposition="10" splitpriority="none" dropdown="continue" popup="none" popup-page-rule="" />
  <Paragraph id="1161115" documentposition="11" splitpriority="none" dropdown="continue" popup="none" popup-page-rule="" />
  <Paragraph id="1163603" documentposition="12" splitpriority="none" dropdown="continue" popup="none" popup-page-rule="" />
  <Paragraph id="1163721" documentposition="13" splitpriority="none" dropdown="continue" popup="none" popup-page-rule="" />
  <Paragraph id="1209207" documentposition="14" splitpriority="none" dropdown="continue" popup="none" popup-page-rule="" />
  <Paragraph id="1171515" documentposition="15" splitpriority="none" dropdown="continue" popup="none" popup-page-rule="" />
  <Paragraph id="1159038" documentposition="16" splitpriority="2" dropdown="continue" popup="none" popup-page-rule="" />
  <Paragraph id="1168460" documentposition="17" splitpriority="none" dropdown="continue" popup="none" popup-page-rule="" />
  <Paragraph id="1168490" documentposition="18" splitpriority="none" relatedtopic="define-no-output" dropdown="continue" popup="none" popup-page-rule="" />
  <Paragraph id="1168494" documentposition="19" splitpriority="none" relatedtopic="define-no-output" dropdown="continue" popup="none" popup-page-rule="" />
  <Paragraph id="1168498" documentposition="20" splitpriority="none" relatedtopic="define-no-output" dropdown="continue" popup="none" popup-page-rule="" />
  <Paragraph id="1163763" documentposition="21" splitpriority="3" dropdown="continue" popup="none" popup-page-rule="" />
  <Paragraph id="1170153" documentposition="23" splitpriority="none" dropdown="continue" popup="none" popup-page-rule="" />
  <Paragraph id="1209247" documentposition="24" splitpriority="none" relatedtopic="define-no-output" dropdown="continue" popup="none" popup-page-rule="" />
  <Paragraph id="1209251" documentposition="25" splitpriority="none" relatedtopic="define-no-output" dropdown="continue" popup="none" popup-page-rule="" />
  <Paragraph id="1209255" documentposition="26" splitpriority="none" relatedtopic="define-no-output" dropdown="continue" popup="none" popup-page-rule="" />
  <Paragraph id="1197027" documentposition="27" splitpriority="3" dropdown="continue" popup="none" popup-page-rule="" />
  <Paragraph id="1197029" documentposition="28" splitpriority="none" dropdown="continue" popup="none" popup-page-rule="" />
  <Paragraph id="1185318" documentposition="29" splitpriority="none" dropdown="continue" popup="none" popup-page-rule="" />
  <Paragraph id="1185618" documentposition="30" splitpriority="none" dropdown="continue" popup="none" popup-page-rule="">
    <Frame id="1187887">
      <Paragraph id="" dropdown="continue" popup="none" popup-page-rule="" />
    </Frame>
  </Paragraph>
  <Paragraph id="1185925" documentposition="32" splitpriority="none" dropdown="continue" popup="none" popup-page-rule="" />
  <Paragraph id="1187976" documentposition="33" splitpriority="none" dropdown="continue" popup="none" popup-page-rule="" />
  <Paragraph id="1163900" documentposition="35" splitpriority="none" dropdown="continue" popup="none" popup-page-rule="" />
  <Paragraph id="1159043" documentposition="37" splitpriority="none" dropdown="continue" popup="none" popup-page-rule="" />
  <Paragraph id="1164902" documentposition="38" splitpriority="none" dropdown="continue" popup="none" popup-page-rule="" />
  <Paragraph id="1209317" documentposition="39" splitpriority="none" dropdown="continue" popup="none" popup-page-rule="" />
  <Paragraph id="1209321" documentposition="40" splitpriority="none" relatedtopic="define-no-output" dropdown="continue" popup="none" popup-page-rule="" />
  <Paragraph id="1209325" documentposition="41" splitpriority="none" relatedtopic="define-no-output" dropdown="continue" popup="none" popup-page-rule="" />
  <Paragraph id="1194020" documentposition="42" splitpriority="none" relatedtopic="define-no-output" dropdown="continue" popup="none" popup-page-rule="" />
  <Paragraph id="1193020" documentposition="43" splitpriority="4" dropdown="continue" popup="none" popup-page-rule="" />
  <Paragraph id="1194089" documentposition="44" splitpriority="none" dropdown="continue" popup="none" popup-page-rule="" />
  <Paragraph id="1194137" documentposition="45" splitpriority="none" dropdown="continue" popup="none" popup-page-rule="" />
  <Paragraph id="1194146" documentposition="46" splitpriority="none" dropdown="continue" popup="none" popup-page-rule="" />
  <Paragraph id="1194898" documentposition="47" splitpriority="none" dropdown="continue" popup="none" popup-page-rule="" />
  <Table id="1194926" documentposition="49" splitpriority="none">
    <TableCell>
      <Paragraph id="1194928" dropdown="continue" popup="none" popup-page-rule="" />
    </TableCell>
  </Table>
  <Paragraph id="1194912" documentposition="50" splitpriority="none" dropdown="continue" popup="none" popup-page-rule="" />
  <Paragraph id="1206136" documentposition="51" splitpriority="4" dropdown="continue" popup="none" popup-page-rule="">
    <Marker behavior="topic" id="1194911">
      <Marker id="1194911" name="TopicAlias" xmlns="urn:WebWorks-Document-Schema">
        <TextRun id="tr1194911-1">
          <Text value="create_gene_list_help" />
        </TextRun>
      </Marker>
    </Marker>
  </Paragraph>
  <Paragraph id="1182736" documentposition="52" splitpriority="none" dropdown="continue" popup="none" popup-page-rule="" />
  <Paragraph id="1198628" documentposition="53" splitpriority="none" dropdown="continue" popup="none" popup-page-rule="" />
  <Paragraph id="1182777" documentposition="54" splitpriority="none" dropdown="continue" popup="none" popup-page-rule="" />
  <Paragraph id="1199386" documentposition="56" splitpriority="none" dropdown="continue" popup="none" popup-page-rule="" />
  <Paragraph id="1182812" documentposition="57" splitpriority="none" dropdown="continue" popup="none" popup-page-rule="" />
  <Paragraph id="1188686" documentposition="58" splitpriority="none" dropdown="continue" popup="none" popup-page-rule="" />
  <Paragraph id="1199396" documentposition="59" splitpriority="none" dropdown="continue" popup="none" popup-page-rule="" />
  <Paragraph id="1199393" documentposition="60" splitpriority="none" dropdown="continue" popup="none" popup-page-rule="" />
  <Paragraph id="1199401" documentposition="61" splitpriority="none" dropdown="continue" popup="none" popup-page-rule="" />
  <Paragraph id="1199397" documentposition="62" splitpriority="none" dropdown="continue" popup="none" popup-page-rule="" />
  <Paragraph id="1182816" documentposition="63" splitpriority="none" dropdown="continue" popup="none" popup-page-rule="" />
  <Paragraph id="1183092" documentposition="64" splitpriority="none" dropdown="continue" popup="none" popup-page-rule="" />
  <Paragraph id="1183093" documentposition="65" splitpriority="none" dropdown="continue" popup="none" popup-page-rule="" />
  <Paragraph id="1199413" documentposition="66" splitpriority="none" dropdown="continue" popup="none" popup-page-rule="" />
  <Paragraph id="1193906" documentposition="67" splitpriority="none" dropdown="continue" popup="none" popup-page-rule="" />
  <Paragraph id="1209473" documentposition="68" splitpriority="none" relatedtopic="define-no-output" dropdown="continue" popup="none" popup-page-rule="" />
  <Paragraph id="1209476" documentposition="69" splitpriority="none" relatedtopic="define-no-output" dropdown="continue" popup="none" popup-page-rule="" />
  <Paragraph id="1193029" documentposition="70" splitpriority="4" dropdown="continue" popup="none" popup-page-rule="" />
  <Paragraph id="1193030" documentposition="71" splitpriority="none" dropdown="continue" popup="none" popup-page-rule="" />
  <Paragraph id="1193032" documentposition="72" splitpriority="none" dropdown="continue" popup="none" popup-page-rule="" />
  <Paragraph id="1193036" documentposition="73" splitpriority="none" dropdown="continue" popup="none" popup-page-rule="">
    <Frame id="1193034">
      <Paragraph id="" dropdown="continue" popup="none" popup-page-rule="" />
    </Frame>
  </Paragraph>
  <Paragraph id="1193037" documentposition="74" splitpriority="none" dropdown="continue" popup="none" popup-page-rule="" />
  <Paragraph id="1193038" documentposition="75" splitpriority="none" dropdown="continue" popup="none" popup-page-rule="" />
  <Paragraph id="1193039" documentposition="76" splitpriority="none" dropdown="continue" popup="none" popup-page-rule="" />
  <Paragraph id="1193040" documentposition="77" splitpriority="none" dropdown="continue" popup="none" popup-page-rule="" />
  <Paragraph id="1193202" documentposition="78" splitpriority="none" dropdown="continue" popup="none" popup-page-rule="" />
  <Paragraph id="1193043" documentposition="79" splitpriority="none" dropdown="continue" popup="none" popup-page-rule="" />
  <Paragraph id="1193206" documentposition="80" splitpriority="none" dropdown="continue" popup="none" popup-page-rule="" />
  <Paragraph id="1193044" documentposition="81" splitpriority="none" dropdown="continue" popup="none" popup-page-rule="" />
  <Paragraph id="1193045" documentposition="82" splitpriority="none" dropdown="continue" popup="none" popup-page-rule="" />
  <Paragraph id="1193053" documentposition="84" splitpriority="none" dropdown="continue" popup="none" popup-page-rule="" />
  <Paragraph id="1193054" documentposition="85" splitpriority="none" dropdown="continue" popup="none" popup-page-rule="" />
  <Paragraph id="1193062" documentposition="87" splitpriority="none" dropdown="continue" popup="none" popup-page-rule="" />
  <Paragraph id="1193067" documentposition="88" splitpriority="none" dropdown="continue" popup="none" popup-page-rule="">
    <Frame id="1193065">
      <Paragraph id="" dropdown="continue" popup="none" popup-page-rule="" />
    </Frame>
  </Paragraph>
  <Paragraph id="1193071" documentposition="89" splitpriority="none" dropdown="continue" popup="none" popup-page-rule="" />
  <Paragraph id="1195009" documentposition="90" splitpriority="none" dropdown="continue" popup="none" popup-page-rule="" />
  <Paragraph id="1195027" documentposition="91" splitpriority="none" dropdown="continue" popup="none" popup-page-rule="" />
  <Paragraph id="1193072" documentposition="92" splitpriority="none" dropdown="continue" popup="none" popup-page-rule="" />
  <Paragraph id="1193073" documentposition="93" splitpriority="none" dropdown="continue" popup="none" popup-page-rule="" />
  <Paragraph id="1209519" documentposition="94" splitpriority="none" dropdown="continue" popup="none" popup-page-rule="" />
  <Paragraph id="1183103" documentposition="95" splitpriority="4" dropdown="continue" popup="none" popup-page-rule="">
    <Marker behavior="topic" id="1183163">
      <Marker id="1183163" name="TopicAlias" xmlns="urn:WebWorks-Document-Schema">
        <TextRun id="tr1183163-1">
          <Text value="edit_gene_list_help" />
        </TextRun>
      </Marker>
    </Marker>
  </Paragraph>
  <Paragraph id="1183107" documentposition="96" splitpriority="none" dropdown="continue" popup="none" popup-page-rule="" />
  <Paragraph id="1190582" documentposition="97" splitpriority="none" dropdown="continue" popup="none" popup-page-rule="" />
  <Paragraph id="1187775" documentposition="98" splitpriority="none" dropdown="continue" popup="none" popup-page-rule="">
    <Frame id="1187791">
      <Paragraph id="" dropdown="continue" popup="none" popup-page-rule="" />
    </Frame>
    <Frame id="1187777">
      <Paragraph id="" dropdown="continue" popup="none" popup-page-rule="" />
    </Frame>
  </Paragraph>
  <Paragraph id="1199790" documentposition="99" splitpriority="none" dropdown="continue" popup="none" popup-page-rule="">
    <Frame id="1187799">
      <Paragraph id="" dropdown="continue" popup="none" popup-page-rule="" />
    </Frame>
  </Paragraph>
  <Paragraph id="1199776" documentposition="101" splitpriority="none" dropdown="continue" popup="none" popup-page-rule="" />
  <Paragraph id="1183182" documentposition="102" splitpriority="none" dropdown="continue" popup="none" popup-page-rule="" />
  <Paragraph id="1199744" documentposition="103" splitpriority="none" dropdown="continue" popup="none" popup-page-rule="" />
  <Paragraph id="1183185" documentposition="104" splitpriority="none" dropdown="continue" popup="none" popup-page-rule="" />
  <Paragraph id="1199751" documentposition="105" splitpriority="none" dropdown="continue" popup="none" popup-page-rule="" />
  <Paragraph id="1200069" documentposition="106" splitpriority="none" dropdown="continue" popup="none" popup-page-rule="" />
  <Paragraph id="1193608" documentposition="107" splitpriority="none" relatedtopic="define-no-output" dropdown="continue" popup="none" popup-page-rule="" />
  <Paragraph id="1209919" documentposition="108" splitpriority="none" relatedtopic="define-no-output" dropdown="continue" popup="none" popup-page-rule="" />
  <Paragraph id="1209950" documentposition="109" splitpriority="none" relatedtopic="define-no-output" dropdown="continue" popup="none" popup-page-rule="" />
  <Paragraph id="1209910" documentposition="110" splitpriority="4" dropdown="continue" popup="none" popup-page-rule="">
    <Marker behavior="topic" id="1197851">
      <Marker id="1197851" name="TopicAlias" xmlns="urn:WebWorks-Document-Schema">
        <TextRun id="tr1197851-1">
          <Text value="edit_GISTIC_help" />
        </TextRun>
      </Marker>
    </Marker>
  </Paragraph>
  <Paragraph id="1193786" documentposition="111" splitpriority="none" dropdown="continue" popup="none" popup-page-rule="" />
  <Paragraph id="1193717" documentposition="113" splitpriority="none" dropdown="continue" popup="none" popup-page-rule="" />
  <Paragraph id="1193926" documentposition="114" splitpriority="none" dropdown="continue" popup="none" popup-page-rule="" />
  <Paragraph id="1193885" documentposition="115" splitpriority="none" dropdown="continue" popup="none" popup-page-rule="" />
  <Paragraph id="1193882" documentposition="116" splitpriority="none" dropdown="continue" popup="none" popup-page-rule="" />
  <Paragraph id="1193826" documentposition="117" splitpriority="none" dropdown="continue" popup="none" popup-page-rule="" />
  <Paragraph id="1193959" documentposition="118" splitpriority="none" dropdown="continue" popup="none" popup-page-rule="" />
  <Paragraph id="1182738" documentposition="119" splitpriority="3" dropdown="continue" popup="none" popup-page-rule="" />
  <Paragraph id="1190605" documentposition="120" splitpriority="none" dropdown="continue" popup="none" popup-page-rule="" />
  <Paragraph id="1169716" documentposition="121" splitpriority="none" dropdown="continue" popup="none" popup-page-rule="" />
  <Paragraph id="1169275" documentposition="123" splitpriority="none" dropdown="continue" popup="none" popup-page-rule="" />
  <Paragraph id="1168727" documentposition="125" splitpriority="none" dropdown="continue" popup="none" popup-page-rule="" />
  <Paragraph id="1168555" documentposition="126" splitpriority="none" dropdown="continue" popup="none" popup-page-rule="" />
  <Paragraph id="1168556" documentposition="127" splitpriority="none" dropdown="continue" popup="none" popup-page-rule="" />
  <Paragraph id="1168557" documentposition="128" splitpriority="none" dropdown="continue" popup="none" popup-page-rule="" />
  <Paragraph id="1168558" documentposition="129" splitpriority="none" dropdown="continue" popup="none" popup-page-rule="" />
  <Paragraph id="1163999" documentposition="130" splitpriority="none" dropdown="continue" popup="none" popup-page-rule="" />
  <Paragraph id="1171635" documentposition="131" splitpriority="none" dropdown="continue" popup="none" popup-page-rule="" />
  <Paragraph id="1164464" documentposition="132" splitpriority="4" dropdown="continue" popup="none" popup-page-rule="" />
  <Paragraph id="1171620" documentposition="133" splitpriority="none" dropdown="continue" popup="none" popup-page-rule="" />
  <Paragraph id="1164465" documentposition="134" splitpriority="none" dropdown="continue" popup="none" popup-page-rule="" />
  <Paragraph id="1161874" documentposition="136" splitpriority="none" dropdown="continue" popup="none" popup-page-rule="" />
  <Paragraph id="1209727" documentposition="137" splitpriority="none" dropdown="continue" popup="none" popup-page-rule="" />
  <Paragraph id="1170682" documentposition="138" splitpriority="4" dropdown="continue" popup="none" popup-page-rule="">
    <Marker behavior="topic" id="1170680">
      <Marker id="1170680" name="TopicAlias" xmlns="urn:WebWorks-Document-Schema">
        <TextRun id="tr1170680-1">
          <Text value="DICOM_retrieval_help" />
        </TextRun>
      </Marker>
    </Marker>
  </Paragraph>
  <Paragraph id="1168799" documentposition="140" splitpriority="none" dropdown="continue" popup="none" popup-page-rule="" />
  <Paragraph id="1164775" documentposition="141" splitpriority="none" dropdown="continue" popup="none" popup-page-rule="" />
  <Paragraph id="1163616" documentposition="142" splitpriority="none" dropdown="continue" popup="none" popup-page-rule="" />
  <Paragraph id="1164876" documentposition="143" splitpriority="none" dropdown="continue" popup="none" popup-page-rule="" />
  <Paragraph id="1169891" documentposition="144" splitpriority="none" dropdown="continue" popup="none" popup-page-rule="" />
  <Paragraph id="1209776" documentposition="145" splitpriority="none" relatedtopic="define-no-output" dropdown="continue" popup="none" popup-page-rule="" />
  <Paragraph id="1171479" documentposition="146" splitpriority="4" dropdown="continue" popup="none" popup-page-rule="" />
  <Paragraph id="1169876" documentposition="147" splitpriority="none" dropdown="continue" popup="none" popup-page-rule="" />
  <Paragraph id="1159706" documentposition="148" splitpriority="none" dropdown="continue" popup="none" popup-page-rule="" />
  <Paragraph id="1162559" documentposition="149" splitpriority="none" dropdown="continue" popup="none" popup-page-rule="" />
  <Paragraph id="1162560" documentposition="150" splitpriority="none" dropdown="continue" popup="none" popup-page-rule="" />
  <Paragraph id="1162563" documentposition="151" splitpriority="none" dropdown="continue" popup="none" popup-page-rule="" />
  <Paragraph id="1162567" documentposition="152" splitpriority="none" dropdown="continue" popup="none" popup-page-rule="" />
  <Paragraph id="1162574" documentposition="153" splitpriority="none" dropdown="continue" popup="none" popup-page-rule="" />
  <Paragraph id="1162575" documentposition="154" splitpriority="none" dropdown="continue" popup="none" popup-page-rule="" />
  <Paragraph id="1162579" documentposition="155" splitpriority="none" dropdown="continue" popup="none" popup-page-rule="" />
  <Paragraph id="1170802" documentposition="156" splitpriority="none" dropdown="continue" popup="none" popup-page-rule="" />
  <Paragraph id="1170803" documentposition="157" splitpriority="none" dropdown="continue" popup="none" popup-page-rule="" />
  <Paragraph id="1162595" documentposition="158" splitpriority="none" dropdown="continue" popup="none" popup-page-rule="" />
  <Paragraph id="1209784" documentposition="159" splitpriority="none" relatedtopic="define-no-output" dropdown="continue" popup="none" popup-page-rule="" />
  <Paragraph id="1209788" documentposition="160" splitpriority="none" relatedtopic="define-no-output" dropdown="continue" popup="none" popup-page-rule="" />
  <Paragraph id="1209792" documentposition="161" splitpriority="none" relatedtopic="define-no-output" dropdown="continue" popup="none" popup-page-rule="" />
  <Paragraph id="1168577" documentposition="162" splitpriority="4" dropdown="continue" popup="none" popup-page-rule="" />
  <Paragraph id="1168597" documentposition="163" splitpriority="none" dropdown="continue" popup="none" popup-page-rule="" />
  <Table id="1168573" documentposition="164" splitpriority="none">
    <TableCell>
      <Paragraph id="1168576" dropdown="continue" popup="none" popup-page-rule="" />
    </TableCell>
  </Table>
  <Paragraph id="1168578" documentposition="165" splitpriority="none" dropdown="continue" popup="none" popup-page-rule="" />
  <Paragraph id="1168579" documentposition="166" splitpriority="none" dropdown="continue" popup="none" popup-page-rule="" />
  <Paragraph id="1168580" documentposition="167" splitpriority="none" dropdown="continue" popup="none" popup-page-rule="" />
  <Paragraph id="1168581" documentposition="168" splitpriority="none" dropdown="continue" popup="none" popup-page-rule="" />
  <Paragraph id="1168582" documentposition="169" splitpriority="none" dropdown="continue" popup="none" popup-page-rule="" />
  <Paragraph id="1168583" documentposition="170" splitpriority="none" dropdown="continue" popup="none" popup-page-rule="" />
  <Paragraph id="1168584" documentposition="171" splitpriority="none" dropdown="continue" popup="none" popup-page-rule="" />
  <Paragraph id="1168585" documentposition="172" splitpriority="none" dropdown="continue" popup="none" popup-page-rule="" />
  <Paragraph id="1168586" documentposition="173" splitpriority="none" dropdown="continue" popup="none" popup-page-rule="" />
  <Paragraph id="1168587" documentposition="174" splitpriority="none" dropdown="continue" popup="none" popup-page-rule="" />
  <Paragraph id="1168588" documentposition="175" splitpriority="none" dropdown="continue" popup="none" popup-page-rule="" />
  <Paragraph id="1168589" documentposition="176" splitpriority="none" dropdown="continue" popup="none" popup-page-rule="" />
  <Paragraph id="1168590" documentposition="177" splitpriority="none" dropdown="continue" popup="none" popup-page-rule="" />
  <Paragraph id="1168591" documentposition="178" splitpriority="none" dropdown="continue" popup="none" popup-page-rule="" />
  <Paragraph id="1168592" documentposition="179" splitpriority="none" dropdown="continue" popup="none" popup-page-rule="" />
  <Paragraph id="1209800" documentposition="180" splitpriority="none" dropdown="continue" popup="none" popup-page-rule="" />
  <Paragraph id="1162538" documentposition="181" splitpriority="3" dropdown="continue" popup="none" popup-page-rule="" />
  <Paragraph id="1164508" documentposition="182" splitpriority="none" dropdown="continue" popup="none" popup-page-rule="" />
  <Paragraph id="1166606" documentposition="183" splitpriority="none" dropdown="continue" popup="none" popup-page-rule="" />
  <Paragraph id="1159398" documentposition="184" splitpriority="none" dropdown="continue" popup="none" popup-page-rule="" />
</Behaviors>