<?xml version="1.0" encoding="utf-8"?>
<Splits version="1.0" xmlns="urn:WebWorks-Engine-Splits-Schema">
  <Split groupID="812E41A45F1062D0" documentID="17FC4555F49FE3A8" id="1052621" position="1" documentstartposition="3" documentendposition="7" title="Viewing Query Results">
    <Group name="caIntegrator2" id="812E41A45F1062D0" position="1" />
    <Document path="C:\Documents and Settings\hadfielj\My Documents\CBIIT Projects\caIntegrator2\caI2 1.1\View Search Results.fm" id="17FC4555F49FE3A8" position="6" />
    <PageStyle value="" />
    <Frames />
    <Popups />
  </Split>
  <Split groupID="812E41A45F1062D0" documentID="17FC4555F49FE3A8" id="1167812" position="2" documentstartposition="8" documentendposition="15" title="Query Results Overview">
    <Group name="caIntegrator2" id="812E41A45F1062D0" position="1" />
    <Document path="C:\Documents and Settings\hadfielj\My Documents\CBIIT Projects\caIntegrator2\caI2 1.1\View Search Results.fm" id="17FC4555F49FE3A8" position="6" />
    <PageStyle value="" />
    <Frames />
    <Popups />
  </Split>
  <Split groupID="812E41A45F1062D0" documentID="17FC4555F49FE3A8" id="1159038" position="3" documentstartposition="16" documentendposition="20" title="Browsing Query Results">
    <Group name="caIntegrator2" id="812E41A45F1062D0" position="1" />
    <Document path="C:\Documents and Settings\hadfielj\My Documents\CBIIT Projects\caIntegrator2\caI2 1.1\View Search Results.fm" id="17FC4555F49FE3A8" position="6" />
    <PageStyle value="" />
    <Frames />
    <Popups />
  </Split>
  <Split groupID="812E41A45F1062D0" documentID="17FC4555F49FE3A8" id="1163763" position="4" documentstartposition="21" documentendposition="26" title="Subject Annotation and Imaging Data">
    <Group name="caIntegrator2" id="812E41A45F1062D0" position="1" />
    <Document path="C:\Documents and Settings\hadfielj\My Documents\CBIIT Projects\caIntegrator2\caI2 1.1\View Search Results.fm" id="17FC4555F49FE3A8" position="6" />
    <PageStyle value="" />
    <Frames />
    <Popups />
  </Split>
  <Split groupID="812E41A45F1062D0" documentID="17FC4555F49FE3A8" id="1163775" position="5" documentstartposition="27" documentendposition="41" title="Genomic Data">
    <Group name="caIntegrator2" id="812E41A45F1062D0" position="1" />
    <Document path="C:\Documents and Settings\hadfielj\My Documents\CBIIT Projects\caIntegrator2\caI2 1.1\View Search Results.fm" id="17FC4555F49FE3A8" position="6" />
    <PageStyle value="" />
    <Frames>
      <Frame position="1" title="">
        <Frame id="1187887" stylename="Default" xmlns="urn:WebWorks-Document-Schema">
          <Attribute name="display" value="inline" />
          <Attribute name="float" value="none" />
          <Attribute name="text-align" value="left" />
          <Attribute name="left" value="0.0" />
          <Attribute name="top" value="0.0" />
          <Attribute name="width" value="20.97576" />
          <Attribute name="height" value="18.00576" />
          <Facets>
            <Facet type="document">
              <Attribute name="adapter" value="Adobe FrameMaker" />
              <Attribute name="path" value="C:\Documents and Settings\hadfielj\My Documents\ePublisher Pro Projects\caIntegrator2\Data\61DD7DDB65736B3\812E41A45F1062D0\17FC4555F49FE3A8\View Search Results.fmwif" />
              <Attribute name="id" value="1187887" />
            </Facet>
          </Facets>
          <Content />
        </Frame>
      </Frame>
    </Frames>
    <Popups />
  </Split>
  <Split groupID="812E41A45F1062D0" documentID="17FC4555F49FE3A8" id="1182721" position="6" documentstartposition="42" documentendposition="53" title="Creating a Gene List">
    <Group name="caIntegrator2" id="812E41A45F1062D0" position="1" />
    <Document path="C:\Documents and Settings\hadfielj\My Documents\CBIIT Projects\caIntegrator2\caI2 1.1\View Search Results.fm" id="17FC4555F49FE3A8" position="6" />
    <PageStyle value="" />
    <Frames />
    <Popups />
  </Split>
  <Split groupID="812E41A45F1062D0" documentID="17FC4555F49FE3A8" id="1183103" position="7" documentstartposition="54" documentendposition="62" title="Editing a Gene List">
    <Group name="caIntegrator2" id="812E41A45F1062D0" position="1" />
    <Document path="C:\Documents and Settings\hadfielj\My Documents\CBIIT Projects\caIntegrator2\caI2 1.1\View Search Results.fm" id="17FC4555F49FE3A8" position="6" />
    <PageStyle value="" />
    <Frames>
      <Frame position="1" title="">
        <Frame id="1187791" stylename="Default" xmlns="urn:WebWorks-Document-Schema">
          <Attribute name="display" value="inline" />
          <Attribute name="float" value="none" />
          <Attribute name="text-align" value="left" />
          <Attribute name="left" value="0.0" />
          <Attribute name="top" value="0.0" />
          <Attribute name="width" value="14.99976" />
          <Attribute name="height" value="15.75" />
          <Facets>
            <Facet type="document">
              <Attribute name="adapter" value="Adobe FrameMaker" />
              <Attribute name="path" value="C:\Documents and Settings\hadfielj\My Documents\ePublisher Pro Projects\caIntegrator2\Data\61DD7DDB65736B3\812E41A45F1062D0\17FC4555F49FE3A8\View Search Results.fmwif" />
              <Attribute name="id" value="1187791" />
            </Facet>
          </Facets>
          <Content />
        </Frame>
      </Frame>
      <Frame position="2" title="">
        <Frame id="1187777" stylename="Default" xmlns="urn:WebWorks-Document-Schema">
          <Attribute name="display" value="inline" />
          <Attribute name="float" value="none" />
          <Attribute name="text-align" value="left" />
          <Attribute name="left" value="0.0" />
          <Attribute name="top" value="0.0" />
          <Attribute name="width" value="14.99976" />
          <Attribute name="height" value="15.75" />
          <Facets>
            <Facet type="document">
              <Attribute name="adapter" value="Adobe FrameMaker" />
              <Attribute name="path" value="C:\Documents and Settings\hadfielj\My Documents\ePublisher Pro Projects\caIntegrator2\Data\61DD7DDB65736B3\812E41A45F1062D0\17FC4555F49FE3A8\View Search Results.fmwif" />
              <Attribute name="id" value="1187777" />
            </Facet>
          </Facets>
          <Content />
        </Frame>
      </Frame>
      <Frame position="3" title="">
        <Frame id="1187799" stylename="Default" xmlns="urn:WebWorks-Document-Schema">
          <Attribute name="display" value="inline" />
          <Attribute name="float" value="none" />
          <Attribute name="text-align" value="left" />
          <Attribute name="left" value="0.0" />
          <Attribute name="top" value="0.0" />
          <Attribute name="width" value="18" />
          <Attribute name="height" value="20.99952" />
          <Facets>
            <Facet type="document">
              <Attribute name="adapter" value="Adobe FrameMaker" />
              <Attribute name="path" value="C:\Documents and Settings\hadfielj\My Documents\ePublisher Pro Projects\caIntegrator2\Data\61DD7DDB65736B3\812E41A45F1062D0\17FC4555F49FE3A8\View Search Results.fmwif" />
              <Attribute name="id" value="1187799" />
            </Facet>
          </Facets>
          <Content />
        </Frame>
      </Frame>
    </Frames>
    <Popups />
  </Split>
  <Split groupID="812E41A45F1062D0" documentID="17FC4555F49FE3A8" id="1182738" position="8" documentstartposition="63" documentendposition="76" title="Expanding Imaging Data Results">
    <Group name="caIntegrator2" id="812E41A45F1062D0" position="1" />
    <Document path="C:\Documents and Settings\hadfielj\My Documents\CBIIT Projects\caIntegrator2\caI2 1.1\View Search Results.fm" id="17FC4555F49FE3A8" position="6" />
    <PageStyle value="" />
    <Frames />
    <Popups />
  </Split>
  <Split groupID="812E41A45F1062D0" documentID="17FC4555F49FE3A8" id="1164464" position="9" documentstartposition="77" documentendposition="82" title=" caIntegrator2 and NBIA">
    <Group name="caIntegrator2" id="812E41A45F1062D0" position="1" />
    <Document path="C:\Documents and Settings\hadfielj\My Documents\CBIIT Projects\caIntegrator2\caI2 1.1\View Search Results.fm" id="17FC4555F49FE3A8" position="6" />
    <PageStyle value="" />
    <Frames />
    <Popups />
  </Split>
  <Split groupID="812E41A45F1062D0" documentID="17FC4555F49FE3A8" id="1170682" position="10" documentstartposition="83" documentendposition="90" title="Retrieving Dicom Images">
    <Group name="caIntegrator2" id="812E41A45F1062D0" position="1" />
    <Document path="C:\Documents and Settings\hadfielj\My Documents\CBIIT Projects\caIntegrator2\caI2 1.1\View Search Results.fm" id="17FC4555F49FE3A8" position="6" />
    <PageStyle value="" />
    <Frames />
    <Popups />
  </Split>
  <Split groupID="812E41A45F1062D0" documentID="17FC4555F49FE3A8" id="1171479" position="11" documentstartposition="91" documentendposition="106" title="Example of Retrieving Images:">
    <Group name="caIntegrator2" id="812E41A45F1062D0" position="1" />
    <Document path="C:\Documents and Settings\hadfielj\My Documents\CBIIT Projects\caIntegrator2\caI2 1.1\View Search Results.fm" id="17FC4555F49FE3A8" position="6" />
    <PageStyle value="" />
    <Frames />
    <Popups />
  </Split>
  <Split groupID="812E41A45F1062D0" documentID="17FC4555F49FE3A8" id="1168577" position="12" documentstartposition="107" documentendposition="125" title="Relationship of Patient to Study to Series to Images">
    <Group name="caIntegrator2" id="812E41A45F1062D0" position="1" />
    <Document path="C:\Documents and Settings\hadfielj\My Documents\CBIIT Projects\caIntegrator2\caI2 1.1\View Search Results.fm" id="17FC4555F49FE3A8" position="6" />
    <PageStyle value="" />
    <Frames />
    <Popups />
  </Split>
  <Split groupID="812E41A45F1062D0" documentID="17FC4555F49FE3A8" id="1162538" position="13" documentstartposition="126" documentendposition="129" title="Exporting Data">
    <Group name="caIntegrator2" id="812E41A45F1062D0" position="1" />
    <Document path="C:\Documents and Settings\hadfielj\My Documents\CBIIT Projects\caIntegrator2\caI2 1.1\View Search Results.fm" id="17FC4555F49FE3A8" position="6" />
    <PageStyle value="" />
    <Frames />
    <Popups />
  </Split>
</Splits>