<?xml version="1.0" encoding="utf-8"?>
<Splits version="1.0" xmlns="urn:WebWorks-Engine-Splits-Schema">
  <Split groupID="90EF621B7D4D68AA" documentID="A6EC6A7F42E8B2C" id="1052621" position="1" documentstartposition="3" documentendposition="7" title="Viewing Query Results">
    <Group name="caIntegrator2" id="90EF621B7D4D68AA" position="1" />
    <Document path="C:\Documents and Settings\hadfielj\My Documents\CBIIT Projects\caIntegrator2\caI 1.2\View Search Results.fm" id="A6EC6A7F42E8B2C" position="5" />
    <PageStyle value="" />
    <Frames />
    <Popups />
  </Split>
  <Split groupID="90EF621B7D4D68AA" documentID="A6EC6A7F42E8B2C" id="1167812" position="2" documentstartposition="8" documentendposition="15" title="Query Results Overview">
    <Group name="caIntegrator2" id="90EF621B7D4D68AA" position="1" />
    <Document path="C:\Documents and Settings\hadfielj\My Documents\CBIIT Projects\caIntegrator2\caI 1.2\View Search Results.fm" id="A6EC6A7F42E8B2C" position="5" />
    <PageStyle value="" />
    <Frames />
    <Popups />
  </Split>
  <Split groupID="90EF621B7D4D68AA" documentID="A6EC6A7F42E8B2C" id="1159038" position="3" documentstartposition="16" documentendposition="20" title="Browsing Query Results">
    <Group name="caIntegrator2" id="90EF621B7D4D68AA" position="1" />
    <Document path="C:\Documents and Settings\hadfielj\My Documents\CBIIT Projects\caIntegrator2\caI 1.2\View Search Results.fm" id="A6EC6A7F42E8B2C" position="5" />
    <PageStyle value="" />
    <Frames />
    <Popups />
  </Split>
  <Split groupID="90EF621B7D4D68AA" documentID="A6EC6A7F42E8B2C" id="1163763" position="4" documentstartposition="21" documentendposition="26" title="Subject Annotation and Imaging Data">
    <Group name="caIntegrator2" id="90EF621B7D4D68AA" position="1" />
    <Document path="C:\Documents and Settings\hadfielj\My Documents\CBIIT Projects\caIntegrator2\caI 1.2\View Search Results.fm" id="A6EC6A7F42E8B2C" position="5" />
    <PageStyle value="" />
    <Frames />
    <Popups />
  </Split>
  <Split groupID="90EF621B7D4D68AA" documentID="A6EC6A7F42E8B2C" id="1197027" position="5" documentstartposition="27" documentendposition="42" title="Gene Expression Data">
    <Group name="caIntegrator2" id="90EF621B7D4D68AA" position="1" />
    <Document path="C:\Documents and Settings\hadfielj\My Documents\CBIIT Projects\caIntegrator2\caI 1.2\View Search Results.fm" id="A6EC6A7F42E8B2C" position="5" />
    <PageStyle value="" />
    <Frames>
      <Frame position="1" title="icon for opening CGAP">
        <Frame id="1187887" stylename="Default" xmlns="urn:WebWorks-Document-Schema">
          <Attribute name="display" value="inline" />
          <Attribute name="float" value="none" />
          <Attribute name="text-align" value="left" />
          <Attribute name="left" value="0.0" />
          <Attribute name="top" value="0.0" />
          <Attribute name="width" value="20.97576" />
          <Attribute name="height" value="18.00576" />
          <Description>
            <Paragraph>
              <TextRun>
                <Text value="icon for opening CGAP" />
              </TextRun>
            </Paragraph>
          </Description>
          <Facets>
            <Facet type="document">
              <Attribute name="adapter" value="Adobe FrameMaker" />
              <Attribute name="path" value="C:\Documents and Settings\hadfielj\My Documents\ePublisher Pro Projects\caIntegrator2\Data\61DD7DDB65736B3\90EF621B7D4D68AA\A6EC6A7F42E8B2C\View Search Results.fmwif" />
              <Attribute name="id" value="1187887" />
            </Facet>
          </Facets>
          <Content />
        </Frame>
      </Frame>
    </Frames>
    <Popups />
  </Split>
  <Split groupID="90EF621B7D4D68AA" documentID="A6EC6A7F42E8B2C" id="1193020" position="6" documentstartposition="43" documentendposition="49" title="Copy Number Data">
    <Group name="caIntegrator2" id="90EF621B7D4D68AA" position="1" />
    <Document path="C:\Documents and Settings\hadfielj\My Documents\CBIIT Projects\caIntegrator2\caI 1.2\View Search Results.fm" id="A6EC6A7F42E8B2C" position="5" />
    <PageStyle value="" />
    <Frames />
    <Popups />
  </Split>
  <Split groupID="90EF621B7D4D68AA" documentID="A6EC6A7F42E8B2C" id="1194912" position="7" documentstartposition="50" documentendposition="68" title="Creating a Gene or Subject List">
    <Group name="caIntegrator2" id="90EF621B7D4D68AA" position="1" />
    <Document path="C:\Documents and Settings\hadfielj\My Documents\CBIIT Projects\caIntegrator2\caI 1.2\View Search Results.fm" id="A6EC6A7F42E8B2C" position="5" />
    <PageStyle value="" />
    <Frames />
    <Popups />
  </Split>
  <Split groupID="90EF621B7D4D68AA" documentID="A6EC6A7F42E8B2C" id="1193029" position="8" documentstartposition="69" documentendposition="93" title="Choosing Genes">
    <Group name="caIntegrator2" id="90EF621B7D4D68AA" position="1" />
    <Document path="C:\Documents and Settings\hadfielj\My Documents\CBIIT Projects\caIntegrator2\caI 1.2\View Search Results.fm" id="A6EC6A7F42E8B2C" position="5" />
    <PageStyle value="" />
    <Frames>
      <Frame position="1" title="caBIO icon">
        <Frame id="1193034" stylename="Default" xmlns="urn:WebWorks-Document-Schema">
          <Attribute name="display" value="inline" />
          <Attribute name="float" value="none" />
          <Attribute name="text-align" value="left" />
          <Attribute name="left" value="0.0" />
          <Attribute name="top" value="0.0" />
          <Attribute name="width" value="28.50624" />
          <Attribute name="height" value="27.73224" />
          <Description>
            <Paragraph>
              <TextRun>
                <Text value="caBIO icon" />
              </TextRun>
            </Paragraph>
          </Description>
          <Facets>
            <Facet type="document">
              <Attribute name="adapter" value="Adobe FrameMaker" />
              <Attribute name="path" value="C:\Documents and Settings\hadfielj\My Documents\ePublisher Pro Projects\caIntegrator2\Data\61DD7DDB65736B3\90EF621B7D4D68AA\A6EC6A7F42E8B2C\View Search Results.fmwif" />
              <Attribute name="id" value="1193034" />
            </Facet>
          </Facets>
          <Content />
        </Frame>
      </Frame>
      <Frame position="2" title="gene list icon">
        <Frame id="1193065" stylename="Default" xmlns="urn:WebWorks-Document-Schema">
          <Attribute name="display" value="inline" />
          <Attribute name="float" value="none" />
          <Attribute name="text-align" value="left" />
          <Attribute name="left" value="0.0" />
          <Attribute name="top" value="0.0" />
          <Attribute name="width" value="15.75" />
          <Attribute name="height" value="13.5" />
          <Description>
            <Paragraph>
              <TextRun>
                <Text value="gene list icon" />
              </TextRun>
            </Paragraph>
          </Description>
          <Facets>
            <Facet type="document">
              <Attribute name="adapter" value="Adobe FrameMaker" />
              <Attribute name="path" value="C:\Documents and Settings\hadfielj\My Documents\ePublisher Pro Projects\caIntegrator2\Data\61DD7DDB65736B3\90EF621B7D4D68AA\A6EC6A7F42E8B2C\View Search Results.fmwif" />
              <Attribute name="id" value="1193065" />
            </Facet>
          </Facets>
          <Content />
        </Frame>
      </Frame>
    </Frames>
    <Popups />
  </Split>
  <Split groupID="90EF621B7D4D68AA" documentID="A6EC6A7F42E8B2C" id="1183103" position="9" documentstartposition="94" documentendposition="106" title="Editing a Gene or Subject List">
    <Group name="caIntegrator2" id="90EF621B7D4D68AA" position="1" />
    <Document path="C:\Documents and Settings\hadfielj\My Documents\CBIIT Projects\caIntegrator2\caI 1.2\View Search Results.fm" id="A6EC6A7F42E8B2C" position="5" />
    <PageStyle value="" />
    <Frames>
      <Frame position="1" title="gene list icon">
        <Frame id="1187791" stylename="Default" xmlns="urn:WebWorks-Document-Schema">
          <Attribute name="display" value="inline" />
          <Attribute name="float" value="none" />
          <Attribute name="text-align" value="left" />
          <Attribute name="left" value="0.0" />
          <Attribute name="top" value="0.0" />
          <Attribute name="width" value="14.99976" />
          <Attribute name="height" value="15.75" />
          <Description>
            <Paragraph>
              <TextRun>
                <Text value="gene list icon" />
              </TextRun>
            </Paragraph>
          </Description>
          <Facets>
            <Facet type="document">
              <Attribute name="adapter" value="Adobe FrameMaker" />
              <Attribute name="path" value="C:\Documents and Settings\hadfielj\My Documents\ePublisher Pro Projects\caIntegrator2\Data\61DD7DDB65736B3\90EF621B7D4D68AA\A6EC6A7F42E8B2C\View Search Results.fmwif" />
              <Attribute name="id" value="1187791" />
            </Facet>
          </Facets>
          <Content />
        </Frame>
      </Frame>
      <Frame position="2" title="gene icon that opens CGAP">
        <Frame id="1187777" stylename="Default" xmlns="urn:WebWorks-Document-Schema">
          <Attribute name="display" value="inline" />
          <Attribute name="float" value="none" />
          <Attribute name="text-align" value="left" />
          <Attribute name="left" value="0.0" />
          <Attribute name="top" value="0.0" />
          <Attribute name="width" value="14.99976" />
          <Attribute name="height" value="15.75" />
          <Description>
            <Paragraph>
              <TextRun>
                <Text value="gene icon that opens CGAP" />
              </TextRun>
            </Paragraph>
          </Description>
          <Facets>
            <Facet type="document">
              <Attribute name="adapter" value="Adobe FrameMaker" />
              <Attribute name="path" value="C:\Documents and Settings\hadfielj\My Documents\ePublisher Pro Projects\caIntegrator2\Data\61DD7DDB65736B3\90EF621B7D4D68AA\A6EC6A7F42E8B2C\View Search Results.fmwif" />
              <Attribute name="id" value="1187777" />
            </Facet>
          </Facets>
          <Content />
        </Frame>
      </Frame>
      <Frame position="3" title="edit icon">
        <Frame id="1187799" stylename="Default" xmlns="urn:WebWorks-Document-Schema">
          <Attribute name="display" value="inline" />
          <Attribute name="float" value="none" />
          <Attribute name="text-align" value="left" />
          <Attribute name="left" value="0.0" />
          <Attribute name="top" value="0.0" />
          <Attribute name="width" value="18" />
          <Attribute name="height" value="20.99952" />
          <Description>
            <Paragraph>
              <TextRun>
                <Text value="edit icon" />
              </TextRun>
            </Paragraph>
          </Description>
          <Facets>
            <Facet type="document">
              <Attribute name="adapter" value="Adobe FrameMaker" />
              <Attribute name="path" value="C:\Documents and Settings\hadfielj\My Documents\ePublisher Pro Projects\caIntegrator2\Data\61DD7DDB65736B3\90EF621B7D4D68AA\A6EC6A7F42E8B2C\View Search Results.fmwif" />
              <Attribute name="id" value="1187799" />
            </Facet>
          </Facets>
          <Content />
        </Frame>
      </Frame>
    </Frames>
    <Popups />
  </Split>
  <Split groupID="90EF621B7D4D68AA" documentID="A6EC6A7F42E8B2C" id="1193608" position="10" documentstartposition="107" documentendposition="115" title="Editing a GISTIC Analysis">
    <Group name="caIntegrator2" id="90EF621B7D4D68AA" position="1" />
    <Document path="C:\Documents and Settings\hadfielj\My Documents\CBIIT Projects\caIntegrator2\caI 1.2\View Search Results.fm" id="A6EC6A7F42E8B2C" position="5" />
    <PageStyle value="" />
    <Frames />
    <Popups />
  </Split>
  <Split groupID="90EF621B7D4D68AA" documentID="A6EC6A7F42E8B2C" id="1182738" position="11" documentstartposition="116" documentendposition="128" title="Expanding Imaging Data Results">
    <Group name="caIntegrator2" id="90EF621B7D4D68AA" position="1" />
    <Document path="C:\Documents and Settings\hadfielj\My Documents\CBIIT Projects\caIntegrator2\caI 1.2\View Search Results.fm" id="A6EC6A7F42E8B2C" position="5" />
    <PageStyle value="" />
    <Frames />
    <Popups />
  </Split>
  <Split groupID="90EF621B7D4D68AA" documentID="A6EC6A7F42E8B2C" id="1164464" position="12" documentstartposition="129" documentendposition="134" title=" caIntegrator and NBIA">
    <Group name="caIntegrator2" id="90EF621B7D4D68AA" position="1" />
    <Document path="C:\Documents and Settings\hadfielj\My Documents\CBIIT Projects\caIntegrator2\caI 1.2\View Search Results.fm" id="A6EC6A7F42E8B2C" position="5" />
    <PageStyle value="" />
    <Frames />
    <Popups />
  </Split>
  <Split groupID="90EF621B7D4D68AA" documentID="A6EC6A7F42E8B2C" id="1170682" position="13" documentstartposition="135" documentendposition="142" title="Retrieving Dicom Images">
    <Group name="caIntegrator2" id="90EF621B7D4D68AA" position="1" />
    <Document path="C:\Documents and Settings\hadfielj\My Documents\CBIIT Projects\caIntegrator2\caI 1.2\View Search Results.fm" id="A6EC6A7F42E8B2C" position="5" />
    <PageStyle value="" />
    <Frames />
    <Popups />
  </Split>
  <Split groupID="90EF621B7D4D68AA" documentID="A6EC6A7F42E8B2C" id="1171479" position="14" documentstartposition="143" documentendposition="158" title="Example of Retrieving Images:">
    <Group name="caIntegrator2" id="90EF621B7D4D68AA" position="1" />
    <Document path="C:\Documents and Settings\hadfielj\My Documents\CBIIT Projects\caIntegrator2\caI 1.2\View Search Results.fm" id="A6EC6A7F42E8B2C" position="5" />
    <PageStyle value="" />
    <Frames />
    <Popups />
  </Split>
  <Split groupID="90EF621B7D4D68AA" documentID="A6EC6A7F42E8B2C" id="1168577" position="15" documentstartposition="159" documentendposition="177" title="Relationship of Patient to Study to Series to Images">
    <Group name="caIntegrator2" id="90EF621B7D4D68AA" position="1" />
    <Document path="C:\Documents and Settings\hadfielj\My Documents\CBIIT Projects\caIntegrator2\caI 1.2\View Search Results.fm" id="A6EC6A7F42E8B2C" position="5" />
    <PageStyle value="" />
    <Frames />
    <Popups />
  </Split>
  <Split groupID="90EF621B7D4D68AA" documentID="A6EC6A7F42E8B2C" id="1162538" position="16" documentstartposition="178" documentendposition="181" title="Exporting Data">
    <Group name="caIntegrator2" id="90EF621B7D4D68AA" position="1" />
    <Document path="C:\Documents and Settings\hadfielj\My Documents\CBIIT Projects\caIntegrator2\caI 1.2\View Search Results.fm" id="A6EC6A7F42E8B2C" position="5" />
    <PageStyle value="" />
    <Frames />
    <Popups />
  </Split>
</Splits>