<?xml version="1.0" encoding="utf-8"?>
<Report version="1.0" xmlns="urn:WebWorks-Reports-Schema">
  <Entry context="topics" type="topic-link" severity="message">
    <Description>Topic 'register_user_help' resolves to the file 'Getting_Started.2.3.html'.</Description>
    <Navigation context="source">
      <Link protocol="adapter">
        <Data key="Path" value="C:\Documents and Settings\hadfielj\My Documents\CBIIT Projects\caIntegrator2\caI2 1.1\Getting_Started.fm" />
        <Data key="DocumentID" value="726E365C975838" />
        <Data key="ID" value="1141097" />
      </Link>
    </Navigation>
    <Navigation context="output">
      <wwreport:Link protocol="wwh5api" xmlns:wwreport="urn:WebWorks-Reports-Schema">
        <wwreport:Data key="BaseURI" value="file:///C:/Documents%20and%20Settings/hadfielj/My%20Documents/ePublisher%20Pro%20Projects/caIntegrator2/Output/WebWorks%20Help%205.0/caIntegrator2" />
        <wwreport:Data key="Context" value="caIntegrator2" />
        <wwreport:Data key="Topic" value="register_user_help" />
      </wwreport:Link>
    </Navigation>
    <Navigation context="details">
      <Link protocol="wwh5api">
        <Data key="BaseURI" value="file:///C:/Program%20Files/WebWorks/ePublisher%20Pro/Help/en" />
        <Data key="Context" value="reports" />
        <Data key="Topic" value="topic_links" />
      </Link>
    </Navigation>
  </Entry>
  <Entry context="topics" type="topic-link" severity="message">
    <Description>Topic 'welcome_help' resolves to the file 'Getting_Started.2.4.html'.</Description>
    <Navigation context="source">
      <Link protocol="adapter">
        <Data key="Path" value="C:\Documents and Settings\hadfielj\My Documents\CBIIT Projects\caIntegrator2\caI2 1.1\Getting_Started.fm" />
        <Data key="DocumentID" value="726E365C975838" />
        <Data key="ID" value="1127723" />
      </Link>
    </Navigation>
    <Navigation context="output">
      <wwreport:Link protocol="wwh5api" xmlns:wwreport="urn:WebWorks-Reports-Schema">
        <wwreport:Data key="BaseURI" value="file:///C:/Documents%20and%20Settings/hadfielj/My%20Documents/ePublisher%20Pro%20Projects/caIntegrator2/Output/WebWorks%20Help%205.0/caIntegrator2" />
        <wwreport:Data key="Context" value="caIntegrator2" />
        <wwreport:Data key="Topic" value="welcome_help" />
      </wwreport:Link>
    </Navigation>
    <Navigation context="details">
      <Link protocol="wwh5api">
        <Data key="BaseURI" value="file:///C:/Program%20Files/WebWorks/ePublisher%20Pro/Help/en" />
        <Data key="Context" value="reports" />
        <Data key="Topic" value="topic_links" />
      </Link>
    </Navigation>
  </Entry>
  <Entry context="topics" type="topic-link" severity="message">
    <Description>Topic 'study_summary_help' resolves to the file 'Getting_Started.2.6.html'.</Description>
    <Navigation context="source">
      <Link protocol="adapter">
        <Data key="Path" value="C:\Documents and Settings\hadfielj\My Documents\CBIIT Projects\caIntegrator2\caI2 1.1\Getting_Started.fm" />
        <Data key="DocumentID" value="726E365C975838" />
        <Data key="ID" value="1151722" />
      </Link>
    </Navigation>
    <Navigation context="output">
      <wwreport:Link protocol="wwh5api" xmlns:wwreport="urn:WebWorks-Reports-Schema">
        <wwreport:Data key="BaseURI" value="file:///C:/Documents%20and%20Settings/hadfielj/My%20Documents/ePublisher%20Pro%20Projects/caIntegrator2/Output/WebWorks%20Help%205.0/caIntegrator2" />
        <wwreport:Data key="Context" value="caIntegrator2" />
        <wwreport:Data key="Topic" value="study_summary_help" />
      </wwreport:Link>
    </Navigation>
    <Navigation context="details">
      <Link protocol="wwh5api">
        <Data key="BaseURI" value="file:///C:/Program%20Files/WebWorks/ePublisher%20Pro/Help/en" />
        <Data key="Context" value="reports" />
        <Data key="Topic" value="topic_links" />
      </Link>
    </Navigation>
  </Entry>
  <Entry context="topics" type="topic-link" severity="message">
    <Description>Topic 'data_dictionary_help' resolves to the file 'Getting_Started.2.7.html'.</Description>
    <Navigation context="source">
      <Link protocol="adapter">
        <Data key="Path" value="C:\Documents and Settings\hadfielj\My Documents\CBIIT Projects\caIntegrator2\caI2 1.1\Getting_Started.fm" />
        <Data key="DocumentID" value="726E365C975838" />
        <Data key="ID" value="1152306" />
      </Link>
    </Navigation>
    <Navigation context="output">
      <wwreport:Link protocol="wwh5api" xmlns:wwreport="urn:WebWorks-Reports-Schema">
        <wwreport:Data key="BaseURI" value="file:///C:/Documents%20and%20Settings/hadfielj/My%20Documents/ePublisher%20Pro%20Projects/caIntegrator2/Output/WebWorks%20Help%205.0/caIntegrator2" />
        <wwreport:Data key="Context" value="caIntegrator2" />
        <wwreport:Data key="Topic" value="data_dictionary_help" />
      </wwreport:Link>
    </Navigation>
    <Navigation context="details">
      <Link protocol="wwh5api">
        <Data key="BaseURI" value="file:///C:/Program%20Files/WebWorks/ePublisher%20Pro/Help/en" />
        <Data key="Context" value="reports" />
        <Data key="Topic" value="topic_links" />
      </Link>
    </Navigation>
  </Entry>
  <Entry context="topics" type="topic-link" severity="message">
    <Description>Topic 'logging_out' resolves to the file 'Getting_Started.2.9.html'.</Description>
    <Navigation context="source">
      <Link protocol="adapter">
        <Data key="Path" value="C:\Documents and Settings\hadfielj\My Documents\CBIIT Projects\caIntegrator2\caI2 1.1\Getting_Started.fm" />
        <Data key="DocumentID" value="726E365C975838" />
        <Data key="ID" value="1128246" />
      </Link>
    </Navigation>
    <Navigation context="output">
      <wwreport:Link protocol="wwh5api" xmlns:wwreport="urn:WebWorks-Reports-Schema">
        <wwreport:Data key="BaseURI" value="file:///C:/Documents%20and%20Settings/hadfielj/My%20Documents/ePublisher%20Pro%20Projects/caIntegrator2/Output/WebWorks%20Help%205.0/caIntegrator2" />
        <wwreport:Data key="Context" value="caIntegrator2" />
        <wwreport:Data key="Topic" value="logging_out" />
      </wwreport:Link>
    </Navigation>
    <Navigation context="details">
      <Link protocol="wwh5api">
        <Data key="BaseURI" value="file:///C:/Program%20Files/WebWorks/ePublisher%20Pro/Help/en" />
        <Data key="Context" value="reports" />
        <Data key="Topic" value="topic_links" />
      </Link>
    </Navigation>
  </Entry>
  <Entry context="topics" type="topic-link" severity="message">
    <Description>Topic 'edit_study_help' resolves to the file 'CreatingNewStudy.3.4.html'.</Description>
    <Navigation context="source">
      <Link protocol="adapter">
        <Data key="Path" value="C:\Documents and Settings\hadfielj\My Documents\CBIIT Projects\caIntegrator2\caI2 1.1\CreatingNewStudy.fm" />
        <Data key="DocumentID" value="6765900309A2B35" />
        <Data key="ID" value="1073921" />
      </Link>
    </Navigation>
    <Navigation context="output">
      <wwreport:Link protocol="wwh5api" xmlns:wwreport="urn:WebWorks-Reports-Schema">
        <wwreport:Data key="BaseURI" value="file:///C:/Documents%20and%20Settings/hadfielj/My%20Documents/ePublisher%20Pro%20Projects/caIntegrator2/Output/WebWorks%20Help%205.0/caIntegrator2" />
        <wwreport:Data key="Context" value="caIntegrator2" />
        <wwreport:Data key="Topic" value="edit_study_help" />
      </wwreport:Link>
    </Navigation>
    <Navigation context="details">
      <Link protocol="wwh5api">
        <Data key="BaseURI" value="file:///C:/Program%20Files/WebWorks/ePublisher%20Pro/Help/en" />
        <Data key="Context" value="reports" />
        <Data key="Topic" value="topic_links" />
      </Link>
    </Navigation>
  </Entry>
  <Entry context="topics" type="topic-link" severity="message">
    <Description>Topic 'edit_annotation_group_help' resolves to the file 'CreatingNewStudy.3.7.html'.</Description>
    <Navigation context="source">
      <Link protocol="adapter">
        <Data key="Path" value="C:\Documents and Settings\hadfielj\My Documents\CBIIT Projects\caIntegrator2\caI2 1.1\CreatingNewStudy.fm" />
        <Data key="DocumentID" value="6765900309A2B35" />
        <Data key="ID" value="1127752" />
      </Link>
    </Navigation>
    <Navigation context="output">
      <wwreport:Link protocol="wwh5api" xmlns:wwreport="urn:WebWorks-Reports-Schema">
        <wwreport:Data key="BaseURI" value="file:///C:/Documents%20and%20Settings/hadfielj/My%20Documents/ePublisher%20Pro%20Projects/caIntegrator2/Output/WebWorks%20Help%205.0/caIntegrator2" />
        <wwreport:Data key="Context" value="caIntegrator2" />
        <wwreport:Data key="Topic" value="edit_annotation_group_help" />
      </wwreport:Link>
    </Navigation>
    <Navigation context="details">
      <Link protocol="wwh5api">
        <Data key="BaseURI" value="file:///C:/Program%20Files/WebWorks/ePublisher%20Pro/Help/en" />
        <Data key="Context" value="reports" />
        <Data key="Topic" value="topic_links" />
      </Link>
    </Navigation>
  </Entry>
  <Entry context="topics" type="topic-link" severity="message">
    <Description>Topic 'define_fields_help' resolves to the file 'CreatingNewStudy.3.8.html'.</Description>
    <Navigation context="source">
      <Link protocol="adapter">
        <Data key="Path" value="C:\Documents and Settings\hadfielj\My Documents\CBIIT Projects\caIntegrator2\caI2 1.1\CreatingNewStudy.fm" />
        <Data key="DocumentID" value="6765900309A2B35" />
        <Data key="ID" value="1075197" />
      </Link>
    </Navigation>
    <Navigation context="output">
      <wwreport:Link protocol="wwh5api" xmlns:wwreport="urn:WebWorks-Reports-Schema">
        <wwreport:Data key="BaseURI" value="file:///C:/Documents%20and%20Settings/hadfielj/My%20Documents/ePublisher%20Pro%20Projects/caIntegrator2/Output/WebWorks%20Help%205.0/caIntegrator2" />
        <wwreport:Data key="Context" value="caIntegrator2" />
        <wwreport:Data key="Topic" value="define_fields_help" />
      </wwreport:Link>
    </Navigation>
    <Navigation context="details">
      <Link protocol="wwh5api">
        <Data key="BaseURI" value="file:///C:/Program%20Files/WebWorks/ePublisher%20Pro/Help/en" />
        <Data key="Context" value="reports" />
        <Data key="Topic" value="topic_links" />
      </Link>
    </Navigation>
  </Entry>
  <Entry context="topics" type="topic-link" severity="message">
    <Description>Topic 'assign_annotations_help' resolves to the file 'CreatingNewStudy.3.9.html'.</Description>
    <Navigation context="source">
      <Link protocol="adapter">
        <Data key="Path" value="C:\Documents and Settings\hadfielj\My Documents\CBIIT Projects\caIntegrator2\caI2 1.1\CreatingNewStudy.fm" />
        <Data key="DocumentID" value="6765900309A2B35" />
        <Data key="ID" value="1125074" />
      </Link>
    </Navigation>
    <Navigation context="output">
      <wwreport:Link protocol="wwh5api" xmlns:wwreport="urn:WebWorks-Reports-Schema">
        <wwreport:Data key="BaseURI" value="file:///C:/Documents%20and%20Settings/hadfielj/My%20Documents/ePublisher%20Pro%20Projects/caIntegrator2/Output/WebWorks%20Help%205.0/caIntegrator2" />
        <wwreport:Data key="Context" value="caIntegrator2" />
        <wwreport:Data key="Topic" value="assign_annotations_help" />
      </wwreport:Link>
    </Navigation>
    <Navigation context="details">
      <Link protocol="wwh5api">
        <Data key="BaseURI" value="file:///C:/Program%20Files/WebWorks/ePublisher%20Pro/Help/en" />
        <Data key="Context" value="reports" />
        <Data key="Topic" value="topic_links" />
      </Link>
    </Navigation>
  </Entry>
  <Entry context="topics" type="topic-link" severity="message">
    <Description>Topic 'search_annotation_definitions_help' resolves to the file 'CreatingNewStudy.3.10.html'.</Description>
    <Navigation context="source">
      <Link protocol="adapter">
        <Data key="Path" value="C:\Documents and Settings\hadfielj\My Documents\CBIIT Projects\caIntegrator2\caI2 1.1\CreatingNewStudy.fm" />
        <Data key="DocumentID" value="6765900309A2B35" />
        <Data key="ID" value="1082197" />
      </Link>
    </Navigation>
    <Navigation context="output">
      <wwreport:Link protocol="wwh5api" xmlns:wwreport="urn:WebWorks-Reports-Schema">
        <wwreport:Data key="BaseURI" value="file:///C:/Documents%20and%20Settings/hadfielj/My%20Documents/ePublisher%20Pro%20Projects/caIntegrator2/Output/WebWorks%20Help%205.0/caIntegrator2" />
        <wwreport:Data key="Context" value="caIntegrator2" />
        <wwreport:Data key="Topic" value="search_annotation_definitions_help" />
      </wwreport:Link>
    </Navigation>
    <Navigation context="details">
      <Link protocol="wwh5api">
        <Data key="BaseURI" value="file:///C:/Program%20Files/WebWorks/ePublisher%20Pro/Help/en" />
        <Data key="Context" value="reports" />
        <Data key="Topic" value="topic_links" />
      </Link>
    </Navigation>
  </Entry>
  <Entry context="topics" type="topic-link" severity="message">
    <Description>Topic 'survival_values_help' resolves to the file 'CreatingNewStudy.3.11.html'.</Description>
    <Navigation context="source">
      <Link protocol="adapter">
        <Data key="Path" value="C:\Documents and Settings\hadfielj\My Documents\CBIIT Projects\caIntegrator2\caI2 1.1\CreatingNewStudy.fm" />
        <Data key="DocumentID" value="6765900309A2B35" />
        <Data key="ID" value="1077698" />
      </Link>
    </Navigation>
    <Navigation context="output">
      <wwreport:Link protocol="wwh5api" xmlns:wwreport="urn:WebWorks-Reports-Schema">
        <wwreport:Data key="BaseURI" value="file:///C:/Documents%20and%20Settings/hadfielj/My%20Documents/ePublisher%20Pro%20Projects/caIntegrator2/Output/WebWorks%20Help%205.0/caIntegrator2" />
        <wwreport:Data key="Context" value="caIntegrator2" />
        <wwreport:Data key="Topic" value="survival_values_help" />
      </wwreport:Link>
    </Navigation>
    <Navigation context="details">
      <Link protocol="wwh5api">
        <Data key="BaseURI" value="file:///C:/Program%20Files/WebWorks/ePublisher%20Pro/Help/en" />
        <Data key="Context" value="reports" />
        <Data key="Topic" value="topic_links" />
      </Link>
    </Navigation>
  </Entry>
  <Entry context="topics" type="topic-link" severity="message">
    <Description>Topic 'edit_genomic_data_help' resolves to the file 'CreatingNewStudy.3.12.html'.</Description>
    <Navigation context="source">
      <Link protocol="adapter">
        <Data key="Path" value="C:\Documents and Settings\hadfielj\My Documents\CBIIT Projects\caIntegrator2\caI2 1.1\CreatingNewStudy.fm" />
        <Data key="DocumentID" value="6765900309A2B35" />
        <Data key="ID" value="1076975" />
      </Link>
    </Navigation>
    <Navigation context="output">
      <wwreport:Link protocol="wwh5api" xmlns:wwreport="urn:WebWorks-Reports-Schema">
        <wwreport:Data key="BaseURI" value="file:///C:/Documents%20and%20Settings/hadfielj/My%20Documents/ePublisher%20Pro%20Projects/caIntegrator2/Output/WebWorks%20Help%205.0/caIntegrator2" />
        <wwreport:Data key="Context" value="caIntegrator2" />
        <wwreport:Data key="Topic" value="edit_genomic_data_help" />
      </wwreport:Link>
    </Navigation>
    <Navigation context="details">
      <Link protocol="wwh5api">
        <Data key="BaseURI" value="file:///C:/Program%20Files/WebWorks/ePublisher%20Pro/Help/en" />
        <Data key="Context" value="reports" />
        <Data key="Topic" value="topic_links" />
      </Link>
    </Navigation>
  </Entry>
  <Entry context="topics" type="topic-link" severity="message">
    <Description>Topic 'edit_sample_mappings_help' resolves to the file 'CreatingNewStudy.3.13.html'.</Description>
    <Navigation context="source">
      <Link protocol="adapter">
        <Data key="Path" value="C:\Documents and Settings\hadfielj\My Documents\CBIIT Projects\caIntegrator2\caI2 1.1\CreatingNewStudy.fm" />
        <Data key="DocumentID" value="6765900309A2B35" />
        <Data key="ID" value="1081247" />
      </Link>
    </Navigation>
    <Navigation context="output">
      <wwreport:Link protocol="wwh5api" xmlns:wwreport="urn:WebWorks-Reports-Schema">
        <wwreport:Data key="BaseURI" value="file:///C:/Documents%20and%20Settings/hadfielj/My%20Documents/ePublisher%20Pro%20Projects/caIntegrator2/Output/WebWorks%20Help%205.0/caIntegrator2" />
        <wwreport:Data key="Context" value="caIntegrator2" />
        <wwreport:Data key="Topic" value="edit_sample_mappings_help" />
      </wwreport:Link>
    </Navigation>
    <Navigation context="details">
      <Link protocol="wwh5api">
        <Data key="BaseURI" value="file:///C:/Program%20Files/WebWorks/ePublisher%20Pro/Help/en" />
        <Data key="Context" value="reports" />
        <Data key="Topic" value="topic_links" />
      </Link>
    </Navigation>
  </Entry>
  <Entry context="topics" type="topic-link" severity="message">
    <Description>Topic 'configure_copy_number_help' resolves to the file 'CreatingNewStudy.3.15.html'.</Description>
    <Navigation context="source">
      <Link protocol="adapter">
        <Data key="Path" value="C:\Documents and Settings\hadfielj\My Documents\CBIIT Projects\caIntegrator2\caI2 1.1\CreatingNewStudy.fm" />
        <Data key="DocumentID" value="6765900309A2B35" />
        <Data key="ID" value="1089873" />
      </Link>
    </Navigation>
    <Navigation context="output">
      <wwreport:Link protocol="wwh5api" xmlns:wwreport="urn:WebWorks-Reports-Schema">
        <wwreport:Data key="BaseURI" value="file:///C:/Documents%20and%20Settings/hadfielj/My%20Documents/ePublisher%20Pro%20Projects/caIntegrator2/Output/WebWorks%20Help%205.0/caIntegrator2" />
        <wwreport:Data key="Context" value="caIntegrator2" />
        <wwreport:Data key="Topic" value="configure_copy_number_help" />
      </wwreport:Link>
    </Navigation>
    <Navigation context="details">
      <Link protocol="wwh5api">
        <Data key="BaseURI" value="file:///C:/Program%20Files/WebWorks/ePublisher%20Pro/Help/en" />
        <Data key="Context" value="reports" />
        <Data key="Topic" value="topic_links" />
      </Link>
    </Navigation>
  </Entry>
  <Entry context="topics" type="topic-link" severity="message">
    <Description>Topic 'edit_imaging_data_help' resolves to the file 'CreatingNewStudy.3.16.html'.</Description>
    <Navigation context="source">
      <Link protocol="adapter">
        <Data key="Path" value="C:\Documents and Settings\hadfielj\My Documents\CBIIT Projects\caIntegrator2\caI2 1.1\CreatingNewStudy.fm" />
        <Data key="DocumentID" value="6765900309A2B35" />
        <Data key="ID" value="1075831" />
      </Link>
    </Navigation>
    <Navigation context="output">
      <wwreport:Link protocol="wwh5api" xmlns:wwreport="urn:WebWorks-Reports-Schema">
        <wwreport:Data key="BaseURI" value="file:///C:/Documents%20and%20Settings/hadfielj/My%20Documents/ePublisher%20Pro%20Projects/caIntegrator2/Output/WebWorks%20Help%205.0/caIntegrator2" />
        <wwreport:Data key="Context" value="caIntegrator2" />
        <wwreport:Data key="Topic" value="edit_imaging_data_help" />
      </wwreport:Link>
    </Navigation>
    <Navigation context="details">
      <Link protocol="wwh5api">
        <Data key="BaseURI" value="file:///C:/Program%20Files/WebWorks/ePublisher%20Pro/Help/en" />
        <Data key="Context" value="reports" />
        <Data key="Topic" value="topic_links" />
      </Link>
    </Navigation>
  </Entry>
  <Entry context="topics" type="topic-link" severity="message">
    <Description>Topic 'manage_study_help' resolves to the file 'CreatingNewStudy.3.19.html'.</Description>
    <Navigation context="source">
      <Link protocol="adapter">
        <Data key="Path" value="C:\Documents and Settings\hadfielj\My Documents\CBIIT Projects\caIntegrator2\caI2 1.1\CreatingNewStudy.fm" />
        <Data key="DocumentID" value="6765900309A2B35" />
        <Data key="ID" value="1076280" />
      </Link>
    </Navigation>
    <Navigation context="output">
      <wwreport:Link protocol="wwh5api" xmlns:wwreport="urn:WebWorks-Reports-Schema">
        <wwreport:Data key="BaseURI" value="file:///C:/Documents%20and%20Settings/hadfielj/My%20Documents/ePublisher%20Pro%20Projects/caIntegrator2/Output/WebWorks%20Help%205.0/caIntegrator2" />
        <wwreport:Data key="Context" value="caIntegrator2" />
        <wwreport:Data key="Topic" value="manage_study_help" />
      </wwreport:Link>
    </Navigation>
    <Navigation context="details">
      <Link protocol="wwh5api">
        <Data key="BaseURI" value="file:///C:/Program%20Files/WebWorks/ePublisher%20Pro/Help/en" />
        <Data key="Context" value="reports" />
        <Data key="Topic" value="topic_links" />
      </Link>
    </Navigation>
  </Entry>
  <Entry context="topics" type="topic-link" severity="message">
    <Description>Topic 'manage_platforms_help' resolves to the file 'CreatingNewStudy.3.20.html'.</Description>
    <Navigation context="source">
      <Link protocol="adapter">
        <Data key="Path" value="C:\Documents and Settings\hadfielj\My Documents\CBIIT Projects\caIntegrator2\caI2 1.1\CreatingNewStudy.fm" />
        <Data key="DocumentID" value="6765900309A2B35" />
        <Data key="ID" value="1078043" />
      </Link>
    </Navigation>
    <Navigation context="output">
      <wwreport:Link protocol="wwh5api" xmlns:wwreport="urn:WebWorks-Reports-Schema">
        <wwreport:Data key="BaseURI" value="file:///C:/Documents%20and%20Settings/hadfielj/My%20Documents/ePublisher%20Pro%20Projects/caIntegrator2/Output/WebWorks%20Help%205.0/caIntegrator2" />
        <wwreport:Data key="Context" value="caIntegrator2" />
        <wwreport:Data key="Topic" value="manage_platforms_help" />
      </wwreport:Link>
    </Navigation>
    <Navigation context="details">
      <Link protocol="wwh5api">
        <Data key="BaseURI" value="file:///C:/Program%20Files/WebWorks/ePublisher%20Pro/Help/en" />
        <Data key="Context" value="reports" />
        <Data key="Topic" value="topic_links" />
      </Link>
    </Navigation>
  </Entry>
  <Entry context="topics" type="topic-link" severity="message">
    <Description>Topic 'search_criteria_help' resolves to the file 'SearchingWithinAStudy.4.3.html'.</Description>
    <Navigation context="source">
      <Link protocol="adapter">
        <Data key="Path" value="C:\Documents and Settings\hadfielj\My Documents\CBIIT Projects\caIntegrator2\caI2 1.1\SearchingWithinAStudy.fm" />
        <Data key="DocumentID" value="C71B6AA63B74053" />
        <Data key="ID" value="1074305" />
      </Link>
    </Navigation>
    <Navigation context="output">
      <wwreport:Link protocol="wwh5api" xmlns:wwreport="urn:WebWorks-Reports-Schema">
        <wwreport:Data key="BaseURI" value="file:///C:/Documents%20and%20Settings/hadfielj/My%20Documents/ePublisher%20Pro%20Projects/caIntegrator2/Output/WebWorks%20Help%205.0/caIntegrator2" />
        <wwreport:Data key="Context" value="caIntegrator2" />
        <wwreport:Data key="Topic" value="search_criteria_help" />
      </wwreport:Link>
    </Navigation>
    <Navigation context="details">
      <Link protocol="wwh5api">
        <Data key="BaseURI" value="file:///C:/Program%20Files/WebWorks/ePublisher%20Pro/Help/en" />
        <Data key="Context" value="reports" />
        <Data key="Topic" value="topic_links" />
      </Link>
    </Navigation>
  </Entry>
  <Entry context="topics" type="topic-link" severity="message">
    <Description>Topic 'results_type_tab_help' resolves to the file 'SearchingWithinAStudy.4.6.html'.</Description>
    <Navigation context="source">
      <Link protocol="adapter">
        <Data key="Path" value="C:\Documents and Settings\hadfielj\My Documents\CBIIT Projects\caIntegrator2\caI2 1.1\SearchingWithinAStudy.fm" />
        <Data key="DocumentID" value="C71B6AA63B74053" />
        <Data key="ID" value="1089375" />
      </Link>
    </Navigation>
    <Navigation context="output">
      <wwreport:Link protocol="wwh5api" xmlns:wwreport="urn:WebWorks-Reports-Schema">
        <wwreport:Data key="BaseURI" value="file:///C:/Documents%20and%20Settings/hadfielj/My%20Documents/ePublisher%20Pro%20Projects/caIntegrator2/Output/WebWorks%20Help%205.0/caIntegrator2" />
        <wwreport:Data key="Context" value="caIntegrator2" />
        <wwreport:Data key="Topic" value="results_type_tab_help" />
      </wwreport:Link>
    </Navigation>
    <Navigation context="details">
      <Link protocol="wwh5api">
        <Data key="BaseURI" value="file:///C:/Program%20Files/WebWorks/ePublisher%20Pro/Help/en" />
        <Data key="Context" value="reports" />
        <Data key="Topic" value="topic_links" />
      </Link>
    </Navigation>
  </Entry>
  <Entry context="topics" type="topic-link" severity="message">
    <Description>Topic 'sorting_tab_help' resolves to the file 'SearchingWithinAStudy.4.7.html'.</Description>
    <Navigation context="source">
      <Link protocol="adapter">
        <Data key="Path" value="C:\Documents and Settings\hadfielj\My Documents\CBIIT Projects\caIntegrator2\caI2 1.1\SearchingWithinAStudy.fm" />
        <Data key="DocumentID" value="C71B6AA63B74053" />
        <Data key="ID" value="1089355" />
      </Link>
    </Navigation>
    <Navigation context="output">
      <wwreport:Link protocol="wwh5api" xmlns:wwreport="urn:WebWorks-Reports-Schema">
        <wwreport:Data key="BaseURI" value="file:///C:/Documents%20and%20Settings/hadfielj/My%20Documents/ePublisher%20Pro%20Projects/caIntegrator2/Output/WebWorks%20Help%205.0/caIntegrator2" />
        <wwreport:Data key="Context" value="caIntegrator2" />
        <wwreport:Data key="Topic" value="sorting_tab_help" />
      </wwreport:Link>
    </Navigation>
    <Navigation context="details">
      <Link protocol="wwh5api">
        <Data key="BaseURI" value="file:///C:/Program%20Files/WebWorks/ePublisher%20Pro/Help/en" />
        <Data key="Context" value="reports" />
        <Data key="Topic" value="topic_links" />
      </Link>
    </Navigation>
  </Entry>
  <Entry context="topics" type="topic-link" severity="message">
    <Description>Topic 'save_query_help' resolves to the file 'SearchingWithinAStudy.4.9.html'.</Description>
    <Navigation context="source">
      <Link protocol="adapter">
        <Data key="Path" value="C:\Documents and Settings\hadfielj\My Documents\CBIIT Projects\caIntegrator2\caI2 1.1\SearchingWithinAStudy.fm" />
        <Data key="DocumentID" value="C71B6AA63B74053" />
        <Data key="ID" value="1075754" />
      </Link>
    </Navigation>
    <Navigation context="output">
      <wwreport:Link protocol="wwh5api" xmlns:wwreport="urn:WebWorks-Reports-Schema">
        <wwreport:Data key="BaseURI" value="file:///C:/Documents%20and%20Settings/hadfielj/My%20Documents/ePublisher%20Pro%20Projects/caIntegrator2/Output/WebWorks%20Help%205.0/caIntegrator2" />
        <wwreport:Data key="Context" value="caIntegrator2" />
        <wwreport:Data key="Topic" value="save_query_help" />
      </wwreport:Link>
    </Navigation>
    <Navigation context="details">
      <Link protocol="wwh5api">
        <Data key="BaseURI" value="file:///C:/Program%20Files/WebWorks/ePublisher%20Pro/Help/en" />
        <Data key="Context" value="reports" />
        <Data key="Topic" value="topic_links" />
      </Link>
    </Navigation>
  </Entry>
  <Entry context="topics" type="topic-link" severity="message">
    <Description>Topic 'query_results_help' resolves to the file 'View Search Results.5.2.html'.</Description>
    <Navigation context="source">
      <Link protocol="adapter">
        <Data key="Path" value="C:\Documents and Settings\hadfielj\My Documents\CBIIT Projects\caIntegrator2\caI2 1.1\View Search Results.fm" />
        <Data key="DocumentID" value="17FC4555F49FE3A8" />
        <Data key="ID" value="1167812" />
      </Link>
    </Navigation>
    <Navigation context="output">
      <wwreport:Link protocol="wwh5api" xmlns:wwreport="urn:WebWorks-Reports-Schema">
        <wwreport:Data key="BaseURI" value="file:///C:/Documents%20and%20Settings/hadfielj/My%20Documents/ePublisher%20Pro%20Projects/caIntegrator2/Output/WebWorks%20Help%205.0/caIntegrator2" />
        <wwreport:Data key="Context" value="caIntegrator2" />
        <wwreport:Data key="Topic" value="query_results_help" />
      </wwreport:Link>
    </Navigation>
    <Navigation context="details">
      <Link protocol="wwh5api">
        <Data key="BaseURI" value="file:///C:/Program%20Files/WebWorks/ePublisher%20Pro/Help/en" />
        <Data key="Context" value="reports" />
        <Data key="Topic" value="topic_links" />
      </Link>
    </Navigation>
  </Entry>
  <Entry context="topics" type="topic-link" severity="message">
    <Description>Topic 'create_gene_list_help' resolves to the file 'View Search Results.5.6.html'.</Description>
    <Navigation context="source">
      <Link protocol="adapter">
        <Data key="Path" value="C:\Documents and Settings\hadfielj\My Documents\CBIIT Projects\caIntegrator2\caI2 1.1\View Search Results.fm" />
        <Data key="DocumentID" value="17FC4555F49FE3A8" />
        <Data key="ID" value="1182721" />
      </Link>
    </Navigation>
    <Navigation context="output">
      <wwreport:Link protocol="wwh5api" xmlns:wwreport="urn:WebWorks-Reports-Schema">
        <wwreport:Data key="BaseURI" value="file:///C:/Documents%20and%20Settings/hadfielj/My%20Documents/ePublisher%20Pro%20Projects/caIntegrator2/Output/WebWorks%20Help%205.0/caIntegrator2" />
        <wwreport:Data key="Context" value="caIntegrator2" />
        <wwreport:Data key="Topic" value="create_gene_list_help" />
      </wwreport:Link>
    </Navigation>
    <Navigation context="details">
      <Link protocol="wwh5api">
        <Data key="BaseURI" value="file:///C:/Program%20Files/WebWorks/ePublisher%20Pro/Help/en" />
        <Data key="Context" value="reports" />
        <Data key="Topic" value="topic_links" />
      </Link>
    </Navigation>
  </Entry>
  <Entry context="topics" type="topic-link" severity="message">
    <Description>Topic 'edit_gene_list_help' resolves to the file 'View Search Results.5.7.html'.</Description>
    <Navigation context="source">
      <Link protocol="adapter">
        <Data key="Path" value="C:\Documents and Settings\hadfielj\My Documents\CBIIT Projects\caIntegrator2\caI2 1.1\View Search Results.fm" />
        <Data key="DocumentID" value="17FC4555F49FE3A8" />
        <Data key="ID" value="1183103" />
      </Link>
    </Navigation>
    <Navigation context="output">
      <wwreport:Link protocol="wwh5api" xmlns:wwreport="urn:WebWorks-Reports-Schema">
        <wwreport:Data key="BaseURI" value="file:///C:/Documents%20and%20Settings/hadfielj/My%20Documents/ePublisher%20Pro%20Projects/caIntegrator2/Output/WebWorks%20Help%205.0/caIntegrator2" />
        <wwreport:Data key="Context" value="caIntegrator2" />
        <wwreport:Data key="Topic" value="edit_gene_list_help" />
      </wwreport:Link>
    </Navigation>
    <Navigation context="details">
      <Link protocol="wwh5api">
        <Data key="BaseURI" value="file:///C:/Program%20Files/WebWorks/ePublisher%20Pro/Help/en" />
        <Data key="Context" value="reports" />
        <Data key="Topic" value="topic_links" />
      </Link>
    </Navigation>
  </Entry>
  <Entry context="topics" type="topic-link" severity="message">
    <Description>Topic 'DICOM_retrieval_help' resolves to the file 'View Search Results.5.10.html'.</Description>
    <Navigation context="source">
      <Link protocol="adapter">
        <Data key="Path" value="C:\Documents and Settings\hadfielj\My Documents\CBIIT Projects\caIntegrator2\caI2 1.1\View Search Results.fm" />
        <Data key="DocumentID" value="17FC4555F49FE3A8" />
        <Data key="ID" value="1170682" />
      </Link>
    </Navigation>
    <Navigation context="output">
      <wwreport:Link protocol="wwh5api" xmlns:wwreport="urn:WebWorks-Reports-Schema">
        <wwreport:Data key="BaseURI" value="file:///C:/Documents%20and%20Settings/hadfielj/My%20Documents/ePublisher%20Pro%20Projects/caIntegrator2/Output/WebWorks%20Help%205.0/caIntegrator2" />
        <wwreport:Data key="Context" value="caIntegrator2" />
        <wwreport:Data key="Topic" value="DICOM_retrieval_help" />
      </wwreport:Link>
    </Navigation>
    <Navigation context="details">
      <Link protocol="wwh5api">
        <Data key="BaseURI" value="file:///C:/Program%20Files/WebWorks/ePublisher%20Pro/Help/en" />
        <Data key="Context" value="reports" />
        <Data key="Topic" value="topic_links" />
      </Link>
    </Navigation>
  </Entry>
  <Entry context="topics" type="topic-link" severity="message">
    <Description>Topic 'K-M_plot_help' resolves to the file 'PerformingAnalysis.6.3.html'.</Description>
    <Navigation context="source">
      <Link protocol="adapter">
        <Data key="Path" value="C:\Documents and Settings\hadfielj\My Documents\CBIIT Projects\caIntegrator2\caI2 1.1\PerformingAnalysis.fm" />
        <Data key="DocumentID" value="ADA7C94A2261F0A3" />
        <Data key="ID" value="1084273" />
      </Link>
    </Navigation>
    <Navigation context="output">
      <wwreport:Link protocol="wwh5api" xmlns:wwreport="urn:WebWorks-Reports-Schema">
        <wwreport:Data key="BaseURI" value="file:///C:/Documents%20and%20Settings/hadfielj/My%20Documents/ePublisher%20Pro%20Projects/caIntegrator2/Output/WebWorks%20Help%205.0/caIntegrator2" />
        <wwreport:Data key="Context" value="caIntegrator2" />
        <wwreport:Data key="Topic" value="K-M_plot_help" />
      </wwreport:Link>
    </Navigation>
    <Navigation context="details">
      <Link protocol="wwh5api">
        <Data key="BaseURI" value="file:///C:/Program%20Files/WebWorks/ePublisher%20Pro/Help/en" />
        <Data key="Context" value="reports" />
        <Data key="Topic" value="topic_links" />
      </Link>
    </Navigation>
  </Entry>
  <Entry context="topics" type="topic-link" severity="message">
    <Description>Topic 'KM_annotation_help' resolves to the file 'PerformingAnalysis.6.4.html'.</Description>
    <Navigation context="source">
      <Link protocol="adapter">
        <Data key="Path" value="C:\Documents and Settings\hadfielj\My Documents\CBIIT Projects\caIntegrator2\caI2 1.1\PerformingAnalysis.fm" />
        <Data key="DocumentID" value="ADA7C94A2261F0A3" />
        <Data key="ID" value="1073490" />
      </Link>
    </Navigation>
    <Navigation context="output">
      <wwreport:Link protocol="wwh5api" xmlns:wwreport="urn:WebWorks-Reports-Schema">
        <wwreport:Data key="BaseURI" value="file:///C:/Documents%20and%20Settings/hadfielj/My%20Documents/ePublisher%20Pro%20Projects/caIntegrator2/Output/WebWorks%20Help%205.0/caIntegrator2" />
        <wwreport:Data key="Context" value="caIntegrator2" />
        <wwreport:Data key="Topic" value="KM_annotation_help" />
      </wwreport:Link>
    </Navigation>
    <Navigation context="details">
      <Link protocol="wwh5api">
        <Data key="BaseURI" value="file:///C:/Program%20Files/WebWorks/ePublisher%20Pro/Help/en" />
        <Data key="Context" value="reports" />
        <Data key="Topic" value="topic_links" />
      </Link>
    </Navigation>
  </Entry>
  <Entry context="topics" type="topic-link" severity="message">
    <Description>Topic 'KM_queries_help' resolves to the file 'PerformingAnalysis.6.7.html'.</Description>
    <Navigation context="source">
      <Link protocol="adapter">
        <Data key="Path" value="C:\Documents and Settings\hadfielj\My Documents\CBIIT Projects\caIntegrator2\caI2 1.1\PerformingAnalysis.fm" />
        <Data key="DocumentID" value="ADA7C94A2261F0A3" />
        <Data key="ID" value="1073776" />
      </Link>
    </Navigation>
    <Navigation context="output">
      <wwreport:Link protocol="wwh5api" xmlns:wwreport="urn:WebWorks-Reports-Schema">
        <wwreport:Data key="BaseURI" value="file:///C:/Documents%20and%20Settings/hadfielj/My%20Documents/ePublisher%20Pro%20Projects/caIntegrator2/Output/WebWorks%20Help%205.0/caIntegrator2" />
        <wwreport:Data key="Context" value="caIntegrator2" />
        <wwreport:Data key="Topic" value="KM_queries_help" />
      </wwreport:Link>
    </Navigation>
    <Navigation context="details">
      <Link protocol="wwh5api">
        <Data key="BaseURI" value="file:///C:/Program%20Files/WebWorks/ePublisher%20Pro/Help/en" />
        <Data key="Context" value="reports" />
        <Data key="Topic" value="topic_links" />
      </Link>
    </Navigation>
  </Entry>
  <Entry context="topics" type="topic-link" severity="message">
    <Description>Topic 'GE_plot_annotation_help' resolves to the file 'PerformingAnalysis.6.10.html'.</Description>
    <Navigation context="source">
      <Link protocol="adapter">
        <Data key="Path" value="C:\Documents and Settings\hadfielj\My Documents\CBIIT Projects\caIntegrator2\caI2 1.1\PerformingAnalysis.fm" />
        <Data key="DocumentID" value="ADA7C94A2261F0A3" />
        <Data key="ID" value="1084201" />
      </Link>
    </Navigation>
    <Navigation context="output">
      <wwreport:Link protocol="wwh5api" xmlns:wwreport="urn:WebWorks-Reports-Schema">
        <wwreport:Data key="BaseURI" value="file:///C:/Documents%20and%20Settings/hadfielj/My%20Documents/ePublisher%20Pro%20Projects/caIntegrator2/Output/WebWorks%20Help%205.0/caIntegrator2" />
        <wwreport:Data key="Context" value="caIntegrator2" />
        <wwreport:Data key="Topic" value="GE_plot_annotation_help" />
      </wwreport:Link>
    </Navigation>
    <Navigation context="details">
      <Link protocol="wwh5api">
        <Data key="BaseURI" value="file:///C:/Program%20Files/WebWorks/ePublisher%20Pro/Help/en" />
        <Data key="Context" value="reports" />
        <Data key="Topic" value="topic_links" />
      </Link>
    </Navigation>
  </Entry>
  <Entry context="topics" type="topic-link" severity="message">
    <Description>Topic 'GE_plot_gen_queries_help' resolves to the file 'PerformingAnalysis.6.12.html'.</Description>
    <Navigation context="source">
      <Link protocol="adapter">
        <Data key="Path" value="C:\Documents and Settings\hadfielj\My Documents\CBIIT Projects\caIntegrator2\caI2 1.1\PerformingAnalysis.fm" />
        <Data key="DocumentID" value="ADA7C94A2261F0A3" />
        <Data key="ID" value="1083368" />
      </Link>
    </Navigation>
    <Navigation context="output">
      <wwreport:Link protocol="wwh5api" xmlns:wwreport="urn:WebWorks-Reports-Schema">
        <wwreport:Data key="BaseURI" value="file:///C:/Documents%20and%20Settings/hadfielj/My%20Documents/ePublisher%20Pro%20Projects/caIntegrator2/Output/WebWorks%20Help%205.0/caIntegrator2" />
        <wwreport:Data key="Context" value="caIntegrator2" />
        <wwreport:Data key="Topic" value="GE_plot_gen_queries_help" />
      </wwreport:Link>
    </Navigation>
    <Navigation context="details">
      <Link protocol="wwh5api">
        <Data key="BaseURI" value="file:///C:/Program%20Files/WebWorks/ePublisher%20Pro/Help/en" />
        <Data key="Context" value="reports" />
        <Data key="Topic" value="topic_links" />
      </Link>
    </Navigation>
  </Entry>
  <Entry context="topics" type="topic-link" severity="message">
    <Description>Topic 'GE_plot_clin_queries_help' resolves to the file 'PerformingAnalysis.6.13.html'.</Description>
    <Navigation context="source">
      <Link protocol="adapter">
        <Data key="Path" value="C:\Documents and Settings\hadfielj\My Documents\CBIIT Projects\caIntegrator2\caI2 1.1\PerformingAnalysis.fm" />
        <Data key="DocumentID" value="ADA7C94A2261F0A3" />
        <Data key="ID" value="1077378" />
      </Link>
    </Navigation>
    <Navigation context="output">
      <wwreport:Link protocol="wwh5api" xmlns:wwreport="urn:WebWorks-Reports-Schema">
        <wwreport:Data key="BaseURI" value="file:///C:/Documents%20and%20Settings/hadfielj/My%20Documents/ePublisher%20Pro%20Projects/caIntegrator2/Output/WebWorks%20Help%205.0/caIntegrator2" />
        <wwreport:Data key="Context" value="caIntegrator2" />
        <wwreport:Data key="Topic" value="GE_plot_clin_queries_help" />
      </wwreport:Link>
    </Navigation>
    <Navigation context="details">
      <Link protocol="wwh5api">
        <Data key="BaseURI" value="file:///C:/Program%20Files/WebWorks/ePublisher%20Pro/Help/en" />
        <Data key="Context" value="reports" />
        <Data key="Topic" value="topic_links" />
      </Link>
    </Navigation>
  </Entry>
  <Entry context="topics" type="topic-link" severity="message">
    <Description>Topic 'KM_gene-expression_help' resolves to the file 'PerformingAnalysis.6.13.html'.</Description>
    <Navigation context="source">
      <Link protocol="adapter">
        <Data key="Path" value="C:\Documents and Settings\hadfielj\My Documents\CBIIT Projects\caIntegrator2\caI2 1.1\PerformingAnalysis.fm" />
        <Data key="DocumentID" value="ADA7C94A2261F0A3" />
        <Data key="ID" value="1114584" />
      </Link>
    </Navigation>
    <Navigation context="output">
      <wwreport:Link protocol="wwh5api" xmlns:wwreport="urn:WebWorks-Reports-Schema">
        <wwreport:Data key="BaseURI" value="file:///C:/Documents%20and%20Settings/hadfielj/My%20Documents/ePublisher%20Pro%20Projects/caIntegrator2/Output/WebWorks%20Help%205.0/caIntegrator2" />
        <wwreport:Data key="Context" value="caIntegrator2" />
        <wwreport:Data key="Topic" value="KM_gene-expression_help" />
      </wwreport:Link>
    </Navigation>
    <Navigation context="details">
      <Link protocol="wwh5api">
        <Data key="BaseURI" value="file:///C:/Program%20Files/WebWorks/ePublisher%20Pro/Help/en" />
        <Data key="Context" value="reports" />
        <Data key="Topic" value="topic_links" />
      </Link>
    </Navigation>
  </Entry>
  <Entry context="topics" type="topic-link" severity="message">
    <Description>Topic 'gene_pattern_help' resolves to the file 'PerformingAnalysis.6.16.html'.</Description>
    <Navigation context="source">
      <Link protocol="adapter">
        <Data key="Path" value="C:\Documents and Settings\hadfielj\My Documents\CBIIT Projects\caIntegrator2\caI2 1.1\PerformingAnalysis.fm" />
        <Data key="DocumentID" value="ADA7C94A2261F0A3" />
        <Data key="ID" value="1077363" />
      </Link>
    </Navigation>
    <Navigation context="output">
      <wwreport:Link protocol="wwh5api" xmlns:wwreport="urn:WebWorks-Reports-Schema">
        <wwreport:Data key="BaseURI" value="file:///C:/Documents%20and%20Settings/hadfielj/My%20Documents/ePublisher%20Pro%20Projects/caIntegrator2/Output/WebWorks%20Help%205.0/caIntegrator2" />
        <wwreport:Data key="Context" value="caIntegrator2" />
        <wwreport:Data key="Topic" value="gene_pattern_help" />
      </wwreport:Link>
    </Navigation>
    <Navigation context="details">
      <Link protocol="wwh5api">
        <Data key="BaseURI" value="file:///C:/Program%20Files/WebWorks/ePublisher%20Pro/Help/en" />
        <Data key="Context" value="reports" />
        <Data key="Topic" value="topic_links" />
      </Link>
    </Navigation>
  </Entry>
  <Entry context="topics" type="topic-link" severity="message">
    <Description>Topic 'app_support_help' resolves to the file 'Application Support.12.1.html'.</Description>
    <Navigation context="source">
      <Link protocol="adapter">
        <Data key="Path" value="C:\Documents and Settings\hadfielj\My Documents\CBIIT Projects\caIntegrator2\caI2 1.1\Application Support.fm" />
        <Data key="DocumentID" value="B8AEF3553A50F648" />
        <Data key="ID" value="1069426" />
      </Link>
    </Navigation>
    <Navigation context="output">
      <wwreport:Link protocol="wwh5api" xmlns:wwreport="urn:WebWorks-Reports-Schema">
        <wwreport:Data key="BaseURI" value="file:///C:/Documents%20and%20Settings/hadfielj/My%20Documents/ePublisher%20Pro%20Projects/caIntegrator2/Output/WebWorks%20Help%205.0/caIntegrator2" />
        <wwreport:Data key="Context" value="caIntegrator2" />
        <wwreport:Data key="Topic" value="app_support_help" />
      </wwreport:Link>
    </Navigation>
    <Navigation context="details">
      <Link protocol="wwh5api">
        <Data key="BaseURI" value="file:///C:/Program%20Files/WebWorks/ePublisher%20Pro/Help/en" />
        <Data key="Context" value="reports" />
        <Data key="Topic" value="topic_links" />
      </Link>
    </Navigation>
  </Entry>
</Report>