<?xml version="1.0" encoding="utf-8"?>
<TableOfContents version="1.0" xmlns="urn:WebWorks-Engine-TOC-Schema">
 <Entry id="1070912" documentID="1FF63BC0FDFC8C98" level="1" documentposition="3">
 </Entry>
 <Entry id="1052621" documentID="726E365C975838" level="1" documentposition="3">
  <Entry id="1135030" documentID="726E365C975838" level="2" documentposition="12">
  </Entry>
  <Entry id="1141097" documentID="726E365C975838" level="2" documentposition="19">
  </Entry>
  <Entry id="1146398" documentID="726E365C975838" level="2" documentposition="51">
  </Entry>
  <Entry id="1127723" documentID="726E365C975838" level="2" documentposition="57">
   <Entry id="1136890" documentID="726E365C975838" level="3" documentposition="63">
   </Entry>
  </Entry>
  <Entry id="1151722" documentID="726E365C975838" level="2" documentposition="71">
   <Entry id="1155418" documentID="726E365C975838" level="3" documentposition="77">
   </Entry>
  </Entry>
  <Entry id="1136527" documentID="726E365C975838" level="2" documentposition="83">
  </Entry>
  <Entry id="1128246" documentID="726E365C975838" level="2" documentposition="89">
  </Entry>
  <Entry id="1136640" documentID="726E365C975838" level="2" documentposition="95">
  </Entry>
 </Entry>
 <Entry id="1070912" documentID="6765900309A2B35" level="1" documentposition="3">
  <Entry id="1073286" documentID="6765900309A2B35" level="2" documentposition="9">
  </Entry>
  <Entry id="1073216" documentID="6765900309A2B35" level="2" documentposition="17">
   <Entry id="1073921" documentID="6765900309A2B35" level="3" documentposition="26">
   </Entry>
  </Entry>
  <Entry id="1127623" documentID="6765900309A2B35" level="2" documentposition="39">
   <Entry id="1126596" documentID="6765900309A2B35" level="3" documentposition="41">
   </Entry>
   <Entry id="1127752" documentID="6765900309A2B35" level="3" documentposition="54">
   </Entry>
   <Entry id="1075197" documentID="6765900309A2B35" level="3" documentposition="57">
    <Entry id="1125074" documentID="6765900309A2B35" level="4" documentposition="81">
    </Entry>
    <Entry id="1082197" documentID="6765900309A2B35" level="4" documentposition="105">
    </Entry>
    <Entry id="1077698" documentID="6765900309A2B35" level="4" documentposition="138">
    </Entry>
   </Entry>
   <Entry id="1076975" documentID="6765900309A2B35" level="3" documentposition="159">
    <Entry id="1081247" documentID="6765900309A2B35" level="4" documentposition="183">
    </Entry>
    <Entry id="1080249" documentID="6765900309A2B35" level="4" documentposition="205">
    </Entry>
    <Entry id="1089873" documentID="6765900309A2B35" level="4" documentposition="216">
    </Entry>
   </Entry>
   <Entry id="1075831" documentID="6765900309A2B35" level="3" documentposition="232">
   </Entry>
   <Entry id="1126378" documentID="6765900309A2B35" level="3" documentposition="257">
   </Entry>
   <Entry id="1126457" documentID="6765900309A2B35" level="3" documentposition="270">
   </Entry>
  </Entry>
  <Entry id="1076280" documentID="6765900309A2B35" level="2" documentposition="273">
   <Entry id="1078043" documentID="6765900309A2B35" level="3" documentposition="289">
   </Entry>
  </Entry>
 </Entry>
 <Entry id="1070912" documentID="C71B6AA63B74053" level="1" documentposition="3">
  <Entry id="1074226" documentID="C71B6AA63B74053" level="2" documentposition="8">
  </Entry>
  <Entry id="1074305" documentID="C71B6AA63B74053" level="2" documentposition="26">
   <Entry>
    <Entry>
     <Entry id="1076339" documentID="C71B6AA63B74053" level="5" documentposition="51">
     </Entry>
     <Entry id="1083219" documentID="C71B6AA63B74053" level="5" documentposition="60">
     </Entry>
    </Entry>
   </Entry>
   <Entry id="1089375" documentID="C71B6AA63B74053" level="3" documentposition="95">
   </Entry>
   <Entry id="1089355" documentID="C71B6AA63B74053" level="3" documentposition="117">
   </Entry>
  </Entry>
  <Entry id="1077751" documentID="C71B6AA63B74053" level="2" documentposition="131">
   <Entry id="1075754" documentID="C71B6AA63B74053" level="3" documentposition="137">
   </Entry>
   <Entry id="1075748" documentID="C71B6AA63B74053" level="3" documentposition="146">
   </Entry>
   <Entry id="1073510" documentID="C71B6AA63B74053" level="3" documentposition="156">
   </Entry>
  </Entry>
 </Entry>
 <Entry id="1052621" documentID="17FC4555F49FE3A8" level="1" documentposition="3">
  <Entry id="1167812" documentID="17FC4555F49FE3A8" level="2" documentposition="8">
  </Entry>
  <Entry id="1159038" documentID="17FC4555F49FE3A8" level="2" documentposition="16">
   <Entry id="1163763" documentID="17FC4555F49FE3A8" level="3" documentposition="21">
   </Entry>
   <Entry id="1163775" documentID="17FC4555F49FE3A8" level="3" documentposition="27">
    <Entry id="1182721" documentID="17FC4555F49FE3A8" level="4" documentposition="41">
    </Entry>
    <Entry id="1183103" documentID="17FC4555F49FE3A8" level="4" documentposition="69">
    </Entry>
   </Entry>
   <Entry id="1182738" documentID="17FC4555F49FE3A8" level="3" documentposition="75">
    <Entry id="1164464" documentID="17FC4555F49FE3A8" level="4" documentposition="88">
    </Entry>
    <Entry id="1170682" documentID="17FC4555F49FE3A8" level="4" documentposition="94">
    </Entry>
    <Entry id="1171479" documentID="17FC4555F49FE3A8" level="4" documentposition="102">
    </Entry>
   </Entry>
   <Entry id="1168577" documentID="17FC4555F49FE3A8" level="3" documentposition="118">
   </Entry>
   <Entry id="1162538" documentID="17FC4555F49FE3A8" level="3" documentposition="137">
   </Entry>
  </Entry>
 </Entry>
 <Entry id="1070912" documentID="ADA7C94A2261F0A3" level="1" documentposition="3">
  <Entry id="1120890" documentID="ADA7C94A2261F0A3" level="2" documentposition="10">
  </Entry>
  <Entry id="1084273" documentID="ADA7C94A2261F0A3" level="2" documentposition="18">
   <Entry id="1073490" documentID="ADA7C94A2261F0A3" level="3" documentposition="27">
   </Entry>
   <Entry id="1080238" documentID="ADA7C94A2261F0A3" level="3" documentposition="46">
    <Entry id="1125743" documentID="ADA7C94A2261F0A3" level="4" documentposition="78">
    </Entry>
   </Entry>
   <Entry id="1073776" documentID="ADA7C94A2261F0A3" level="3" documentposition="88">
    <Entry id="1125797" documentID="ADA7C94A2261F0A3" level="4" documentposition="101">
    </Entry>
   </Entry>
  </Entry>
  <Entry id="1082800" documentID="ADA7C94A2261F0A3" level="2" documentposition="110">
   <Entry id="1084201" documentID="ADA7C94A2261F0A3" level="3" documentposition="117">
    <Entry id="1125832" documentID="ADA7C94A2261F0A3" level="4" documentposition="155">
    </Entry>
   </Entry>
   <Entry id="1083368" documentID="ADA7C94A2261F0A3" level="3" documentposition="165">
   </Entry>
   <Entry id="1077378" documentID="ADA7C94A2261F0A3" level="3" documentposition="184">
    <Entry id="1125886" documentID="ADA7C94A2261F0A3" level="4" documentposition="223">
    </Entry>
   </Entry>
   <Entry id="1088652" documentID="ADA7C94A2261F0A3" level="3" documentposition="233">
   </Entry>
  </Entry>
  <Entry id="1077363" documentID="ADA7C94A2261F0A3" level="2" documentposition="252">
   <Entry id="1084841" documentID="ADA7C94A2261F0A3" level="3" documentposition="269">
   </Entry>
   <Entry id="1084490" documentID="ADA7C94A2261F0A3" level="3" documentposition="298">
   </Entry>
   <Entry id="1084723" documentID="ADA7C94A2261F0A3" level="3" documentposition="316">
   </Entry>
   <Entry id="1084744" documentID="ADA7C94A2261F0A3" level="3" documentposition="335">
   </Entry>
  </Entry>
 </Entry>
 <Entry id="1070912" documentID="7A6E6EE9CB87CA8E" level="1" documentposition="3">
  <Entry id="1072263" documentID="7A6E6EE9CB87CA8E" level="2" documentposition="7">
   <Entry id="1077510" documentID="7A6E6EE9CB87CA8E" level="3" documentposition="22">
   </Entry>
   <Entry id="1077520" documentID="7A6E6EE9CB87CA8E" level="3" documentposition="31">
   </Entry>
   <Entry id="1078089" documentID="7A6E6EE9CB87CA8E" level="3" documentposition="56">
   </Entry>
   <Entry id="1078614" documentID="7A6E6EE9CB87CA8E" level="3" documentposition="73">
   </Entry>
   <Entry id="1077620" documentID="7A6E6EE9CB87CA8E" level="3" documentposition="88">
   </Entry>
   <Entry id="1079798" documentID="7A6E6EE9CB87CA8E" level="3" documentposition="112">
   </Entry>
   <Entry id="1077790" documentID="7A6E6EE9CB87CA8E" level="3" documentposition="131">
   </Entry>
   <Entry id="1126041" documentID="8D453C9E39DC80D6" level="3" documentposition="1">
   </Entry>
  </Entry>
 </Entry>
 <Entry id="1070912" documentID="B770D513D9CEA1F8" level="1" documentposition="3">
  <Entry id="1075801" documentID="B770D513D9CEA1F8" level="2" documentposition="11">
  </Entry>
  <Entry id="1073225" documentID="B770D513D9CEA1F8" level="2" documentposition="20">
  </Entry>
  <Entry id="1073232" documentID="B770D513D9CEA1F8" level="2" documentposition="30">
  </Entry>
  <Entry id="1073242" documentID="B770D513D9CEA1F8" level="2" documentposition="43">
  </Entry>
  <Entry id="1073252" documentID="B770D513D9CEA1F8" level="2" documentposition="56">
  </Entry>
  <Entry id="1073264" documentID="B770D513D9CEA1F8" level="2" documentposition="71">
  </Entry>
 </Entry>
 <Entry id="1073181" documentID="4F8E745ED38FA3B" level="1" documentposition="1">
 </Entry>
 <Entry id="1060342" documentID="C16E49673EAEFEC3" level="1" documentposition="3">
 </Entry>
 <Entry id="1069426" documentID="B8AEF3553A50F648" level="1" documentposition="1">
 </Entry>
</TableOfContents>