<?xml version="1.0" encoding="utf-8"?>
<SplitPriorities version="1.0" xmlns="urn:WebWorks-Engine-Splits-Schema">
  <SplitPriority id="1070912" documentposition="3" splitpriority="1" outputposition="1" />
  <SplitPriority id="1073286" documentposition="9" splitpriority="2" outputposition="7" />
  <SplitPriority id="1073216" documentposition="17" splitpriority="2" outputposition="15" />
  <SplitPriority id="1073921" documentposition="26" splitpriority="3" outputposition="23" />
  <SplitPriority id="1134337" documentposition="43" splitpriority="3" outputposition="38" />
  <SplitPriority id="1127623" documentposition="49" splitpriority="2" outputposition="44" />
  <SplitPriority id="1131246" documentposition="66" splitpriority="3" outputposition="61" />
  <SplitPriority id="1127752" documentposition="81" splitpriority="3" outputposition="76" />
  <SplitPriority id="1134706" documentposition="90" splitpriority="3" outputposition="85" />
  <SplitPriority id="1125074" documentposition="115" splitpriority="4" outputposition="108" />
  <SplitPriority id="1082197" documentposition="139" splitpriority="4" outputposition="130" />
  <SplitPriority id="1077698" documentposition="172" splitpriority="4" outputposition="161" />
  <SplitPriority id="1076975" documentposition="197" splitpriority="3" outputposition="184" />
  <SplitPriority id="1081247" documentposition="229" splitpriority="4" outputposition="214" />
  <SplitPriority id="1080249" documentposition="251" splitpriority="4" outputposition="233" />
  <SplitPriority id="1089873" documentposition="263" splitpriority="4" outputposition="244" />
  <SplitPriority id="1075831" documentposition="279" splitpriority="3" outputposition="259" />
  <SplitPriority id="1126378" documentposition="304" splitpriority="3" outputposition="282" />
  <SplitPriority id="1126457" documentposition="317" splitpriority="3" outputposition="293" />
  <SplitPriority id="1076280" documentposition="320" splitpriority="2" outputposition="296" />
  <SplitPriority id="1078043" documentposition="337" splitpriority="3" outputposition="311" />
</SplitPriorities>