<?xml version="1.0" encoding="utf-8"?>
<SplitPriorities version="1.0" xmlns="urn:WebWorks-Engine-Splits-Schema">
  <SplitPriority id="1070912" documentposition="3" splitpriority="1" outputposition="1" />
  <SplitPriority id="1075801" documentposition="13" splitpriority="2" outputposition="11" />
  <SplitPriority id="1073225" documentposition="22" splitpriority="2" outputposition="20" />
  <SplitPriority id="1073232" documentposition="31" splitpriority="2" outputposition="29" />
  <SplitPriority id="1073242" documentposition="44" splitpriority="2" outputposition="42" />
  <SplitPriority id="1073252" documentposition="57" splitpriority="2" outputposition="55" />
  <SplitPriority id="1078519" documentposition="69" splitpriority="2" outputposition="67" />
  <SplitPriority id="1078553" documentposition="74" splitpriority="3" outputposition="72" />
  <SplitPriority id="1078571" documentposition="82" splitpriority="3" outputposition="79" />
  <SplitPriority id="1078685" documentposition="96" splitpriority="2" outputposition="92" />
</SplitPriorities>