<?xml version="1.0" encoding="utf-8"?>
<Splits version="1.0" xmlns="urn:WebWorks-Engine-Splits-Schema">
  <Split groupID="8A8D9FCC116430EA" documentID="F946334FC6AE3D39" id="1070912" position="1" documentstartposition="3" documentendposition="12" title="Data Import Configurations">
    <Group name="caIntegrator2" id="8A8D9FCC116430EA" position="1" />
    <Document path="C:\Documents and Settings\hadfielj\My Documents\CBIIT Projects\caIntegrator2\caI 1.3\appdx data import.fm" id="F946334FC6AE3D39" position="9" />
    <PageStyle value="" />
    <Frames />
    <Popups />
  </Split>
  <Split groupID="8A8D9FCC116430EA" documentID="F946334FC6AE3D39" id="1075801" position="2" documentstartposition="13" documentendposition="21" title="Subject Annotation Data Configuration">
    <Group name="caIntegrator2" id="8A8D9FCC116430EA" position="1" />
    <Document path="C:\Documents and Settings\hadfielj\My Documents\CBIIT Projects\caIntegrator2\caI 1.3\appdx data import.fm" id="F946334FC6AE3D39" position="9" />
    <PageStyle value="" />
    <Frames />
    <Popups />
  </Split>
  <Split groupID="8A8D9FCC116430EA" documentID="F946334FC6AE3D39" id="1073225" position="3" documentstartposition="22" documentendposition="28" title="Delimited-Text Annotation Import">
    <Group name="caIntegrator2" id="8A8D9FCC116430EA" position="1" />
    <Document path="C:\Documents and Settings\hadfielj\My Documents\CBIIT Projects\caIntegrator2\caI 1.3\appdx data import.fm" id="F946334FC6AE3D39" position="9" />
    <PageStyle value="" />
    <Frames />
    <Popups />
  </Split>
  <Split groupID="8A8D9FCC116430EA" documentID="F946334FC6AE3D39" id="1073232" position="4" documentstartposition="29" documentendposition="41" title="Annotation Field Configuration">
    <Group name="caIntegrator2" id="8A8D9FCC116430EA" position="1" />
    <Document path="C:\Documents and Settings\hadfielj\My Documents\CBIIT Projects\caIntegrator2\caI 1.3\appdx data import.fm" id="F946334FC6AE3D39" position="9" />
    <PageStyle value="" />
    <Frames />
    <Popups />
  </Split>
  <Split groupID="8A8D9FCC116430EA" documentID="F946334FC6AE3D39" id="1073242" position="5" documentstartposition="42" documentendposition="54" title="Sample Data Configuration">
    <Group name="caIntegrator2" id="8A8D9FCC116430EA" position="1" />
    <Document path="C:\Documents and Settings\hadfielj\My Documents\CBIIT Projects\caIntegrator2\caI 1.3\appdx data import.fm" id="F946334FC6AE3D39" position="9" />
    <PageStyle value="" />
    <Frames />
    <Popups />
  </Split>
  <Split groupID="8A8D9FCC116430EA" documentID="F946334FC6AE3D39" id="1073252" position="6" documentstartposition="55" documentendposition="66" title="Genomic Data Configuration">
    <Group name="caIntegrator2" id="8A8D9FCC116430EA" position="1" />
    <Document path="C:\Documents and Settings\hadfielj\My Documents\CBIIT Projects\caIntegrator2\caI 1.3\appdx data import.fm" id="F946334FC6AE3D39" position="9" />
    <PageStyle value="" />
    <Frames />
    <Popups />
  </Split>
  <Split groupID="8A8D9FCC116430EA" documentID="F946334FC6AE3D39" id="1078519" position="7" documentstartposition="67" documentendposition="71" title="Supplemental Files Configuration">
    <Group name="caIntegrator2" id="8A8D9FCC116430EA" position="1" />
    <Document path="C:\Documents and Settings\hadfielj\My Documents\CBIIT Projects\caIntegrator2\caI 1.3\appdx data import.fm" id="F946334FC6AE3D39" position="9" />
    <PageStyle value="" />
    <Frames />
    <Popups />
  </Split>
  <Split groupID="8A8D9FCC116430EA" documentID="F946334FC6AE3D39" id="1078553" position="8" documentstartposition="72" documentendposition="79" title="Single Sample Format">
    <Group name="caIntegrator2" id="8A8D9FCC116430EA" position="1" />
    <Document path="C:\Documents and Settings\hadfielj\My Documents\CBIIT Projects\caIntegrator2\caI 1.3\appdx data import.fm" id="F946334FC6AE3D39" position="9" />
    <PageStyle value="" />
    <Frames>
      <Frame position="1" title="screen shot of a single sample format file">
        <Frame id="1079164" stylename="Default" xmlns="urn:WebWorks-Document-Schema">
          <Attribute name="display" value="block" />
          <Attribute name="float" value="none" />
          <Attribute name="text-align" value="left" />
          <Attribute name="left" value="0.0" />
          <Attribute name="top" value="0.0" />
          <Attribute name="width" value="223.41528" />
          <Attribute name="height" value="221.25024" />
          <Description>
            <Paragraph>
              <TextRun>
                <Text value="screen shot of a single sample format file" />
              </TextRun>
            </Paragraph>
          </Description>
          <Facets>
            <Facet type="document">
              <Attribute name="adapter" value="Adobe FrameMaker" />
              <Attribute name="path" value="C:\Documents and Settings\hadfielj\My Documents\ePublisher Pro Projects\caIntegrator2\Data\61DD7DDB65736B3\8A8D9FCC116430EA\F946334FC6AE3D39\appdx data import.fmwif" />
              <Attribute name="id" value="1079164" />
            </Facet>
          </Facets>
          <Content>
            <Frame id="1079175">
              <Attribute name="left" value="4.22856" />
              <Attribute name="top" value="5.66496" />
              <Attribute name="width" value="212.86584" />
              <Attribute name="height" value="214.16832" />
              <Facets>
                <Facet type="by-reference">
                  <Attribute name="path" value="C:\Documents and Settings\hadfielj\My Documents\CBIIT Projects\caIntegrator2\caI 1.3\caI2 images\simple sample file format.gif" />
                </Facet>
              </Facets>
            </Frame>
          </Content>
        </Frame>
      </Frame>
    </Frames>
    <Popups />
  </Split>
  <Split groupID="8A8D9FCC116430EA" documentID="F946334FC6AE3D39" id="1078571" position="9" documentstartposition="80" documentendposition="93" title="Multiple Sample Format">
    <Group name="caIntegrator2" id="8A8D9FCC116430EA" position="1" />
    <Document path="C:\Documents and Settings\hadfielj\My Documents\CBIIT Projects\caIntegrator2\caI 1.3\appdx data import.fm" id="F946334FC6AE3D39" position="9" />
    <PageStyle value="" />
    <Frames>
      <Frame position="1" title="screen shot of a multiple sample format file from caArray">
        <Frame id="1079022" stylename="Default" xmlns="urn:WebWorks-Document-Schema">
          <Attribute name="display" value="block" />
          <Attribute name="float" value="none" />
          <Attribute name="text-align" value="left" />
          <Attribute name="left" value="0.0" />
          <Attribute name="top" value="0.0" />
          <Attribute name="width" value="421.416" />
          <Attribute name="height" value="173.7504" />
          <Description>
            <Paragraph>
              <TextRun>
                <Text value="screen shot of a multiple sample format file from caArray" />
              </TextRun>
            </Paragraph>
          </Description>
          <Facets>
            <Facet type="document">
              <Attribute name="adapter" value="Adobe FrameMaker" />
              <Attribute name="path" value="C:\Documents and Settings\hadfielj\My Documents\ePublisher Pro Projects\caIntegrator2\Data\61DD7DDB65736B3\8A8D9FCC116430EA\F946334FC6AE3D39\appdx data import.fmwif" />
              <Attribute name="id" value="1079022" />
            </Facet>
          </Facets>
          <Content>
            <Frame id="1079028">
              <Attribute name="left" value="5.42808" />
              <Attribute name="top" value="9.48024" />
              <Attribute name="width" value="414.8064" />
              <Attribute name="height" value="162.99504" />
              <Facets>
                <Facet type="by-reference">
                  <Attribute name="path" value="C:\Documents and Settings\hadfielj\My Documents\CBIIT Projects\caIntegrator2\caI 1.3\caI2 images\multiple sample format file.gif" />
                </Facet>
              </Facets>
            </Frame>
          </Content>
        </Frame>
      </Frame>
    </Frames>
    <Popups />
  </Split>
  <Split groupID="8A8D9FCC116430EA" documentID="F946334FC6AE3D39" id="1078685" position="10" documentstartposition="94" documentendposition="107" title="Imaging Data Configuration">
    <Group name="caIntegrator2" id="8A8D9FCC116430EA" position="1" />
    <Document path="C:\Documents and Settings\hadfielj\My Documents\CBIIT Projects\caIntegrator2\caI 1.3\appdx data import.fm" id="F946334FC6AE3D39" position="9" />
    <PageStyle value="" />
    <Frames />
    <Popups />
  </Split>
</Splits>