<?xml version="1.0" encoding="utf-8"?>
<Splits version="1.0" xmlns="urn:WebWorks-Engine-Splits-Schema">
  <Split id="1070912" documentposition="3" />
  <Split id="1075801" documentposition="13" />
  <Split id="1073225" documentposition="22" />
  <Split id="1073232" documentposition="31" />
  <Split id="1073242" documentposition="44" />
  <Split id="1073252" documentposition="57" />
  <Split id="1078519" documentposition="69" />
  <Split id="1078553" documentposition="74" />
  <Split id="1078571" documentposition="82" />
  <Split id="1078685" documentposition="96" />
</Splits>