<?xml version="1.0" encoding="utf-8"?>
<Report version="1.0" xmlns="urn:WebWorks-Reports-Schema">
  <Entry context="styles" type="overrides-exist" severity="warning">
    <Description>Character style overrides exist for 'Emphasis'.</Description>
    <Navigation context="source">
      <Link protocol="adapter">
        <Data key="Path" value="C:\Documents and Settings\hadfielj\My Documents\CBIIT Projects\caIntegrator2\SearchingWithinAStudy.fm" />
        <Data key="DocumentID" value="57AFBCFEDFC56166" />
        <Data key="ID" value="1077386" />
      </Link>
    </Navigation>
    <Navigation context="output">
      <wwreport:Link protocol="uri" xmlns:wwreport="urn:WebWorks-Reports-Schema">
        <wwreport:Data key="URI" value="file:///C:/Documents%20and%20Settings/hadfielj/My%20Documents/ePublisher%20Pro%20Projects/caIntegrator2/Output/WebWorks%20Help%205.0/caIntegrator2/SearchingWithinAStudy.4.1.html#1077386" />
      </wwreport:Link>
    </Navigation>
    <Navigation context="details">
      <Link protocol="wwh5api">
        <Data key="BaseURI" value="file:///C:/Program%20Files/WebWorks/ePublisher%20Pro/Help/en" />
        <Data key="Context" value="reports" />
        <Data key="Topic" value="style_overrides" />
      </Link>
    </Navigation>
  </Entry>
  <Entry context="styles" type="overrides-exist" severity="warning">
    <Description>Character style overrides exist for 'Emphasis'.</Description>
    <Navigation context="source">
      <Link protocol="adapter">
        <Data key="Path" value="C:\Documents and Settings\hadfielj\My Documents\CBIIT Projects\caIntegrator2\SearchingWithinAStudy.fm" />
        <Data key="DocumentID" value="57AFBCFEDFC56166" />
        <Data key="ID" value="1077386" />
      </Link>
    </Navigation>
    <Navigation context="output">
      <wwreport:Link protocol="uri" xmlns:wwreport="urn:WebWorks-Reports-Schema">
        <wwreport:Data key="URI" value="file:///C:/Documents%20and%20Settings/hadfielj/My%20Documents/ePublisher%20Pro%20Projects/caIntegrator2/Output/WebWorks%20Help%205.0/caIntegrator2/SearchingWithinAStudy.4.1.html#1077386" />
      </wwreport:Link>
    </Navigation>
    <Navigation context="details">
      <Link protocol="wwh5api">
        <Data key="BaseURI" value="file:///C:/Program%20Files/WebWorks/ePublisher%20Pro/Help/en" />
        <Data key="Context" value="reports" />
        <Data key="Topic" value="style_overrides" />
      </Link>
    </Navigation>
  </Entry>
  <Entry context="styles" type="overrides-exist" severity="warning">
    <Description>Character style overrides exist for 'Emphasis'.</Description>
    <Navigation context="source">
      <Link protocol="adapter">
        <Data key="Path" value="C:\Documents and Settings\hadfielj\My Documents\CBIIT Projects\caIntegrator2\SearchingWithinAStudy.fm" />
        <Data key="DocumentID" value="57AFBCFEDFC56166" />
        <Data key="ID" value="1077391" />
      </Link>
    </Navigation>
    <Navigation context="output">
      <wwreport:Link protocol="uri" xmlns:wwreport="urn:WebWorks-Reports-Schema">
        <wwreport:Data key="URI" value="file:///C:/Documents%20and%20Settings/hadfielj/My%20Documents/ePublisher%20Pro%20Projects/caIntegrator2/Output/WebWorks%20Help%205.0/caIntegrator2/SearchingWithinAStudy.4.1.html#1077391" />
      </wwreport:Link>
    </Navigation>
    <Navigation context="details">
      <Link protocol="wwh5api">
        <Data key="BaseURI" value="file:///C:/Program%20Files/WebWorks/ePublisher%20Pro/Help/en" />
        <Data key="Context" value="reports" />
        <Data key="Topic" value="style_overrides" />
      </Link>
    </Navigation>
  </Entry>
  <Entry context="styles" type="overrides-exist" severity="warning">
    <Description>Unnamed Character style overrides exist.</Description>
    <Navigation context="source">
      <Link protocol="adapter">
        <Data key="Path" value="C:\Documents and Settings\hadfielj\My Documents\CBIIT Projects\caIntegrator2\SearchingWithinAStudy.fm" />
        <Data key="DocumentID" value="57AFBCFEDFC56166" />
        <Data key="ID" value="1076935" />
      </Link>
    </Navigation>
    <Navigation context="output">
      <wwreport:Link protocol="uri" xmlns:wwreport="urn:WebWorks-Reports-Schema">
        <wwreport:Data key="URI" value="file:///C:/Documents%20and%20Settings/hadfielj/My%20Documents/ePublisher%20Pro%20Projects/caIntegrator2/Output/WebWorks%20Help%205.0/caIntegrator2/SearchingWithinAStudy.4.2.html#1076935" />
      </wwreport:Link>
    </Navigation>
    <Navigation context="details">
      <Link protocol="wwh5api">
        <Data key="BaseURI" value="file:///C:/Program%20Files/WebWorks/ePublisher%20Pro/Help/en" />
        <Data key="Context" value="reports" />
        <Data key="Topic" value="style_overrides" />
      </Link>
    </Navigation>
  </Entry>
  <Entry context="styles" type="overrides-exist" severity="warning">
    <Description>Unnamed Character style overrides exist.</Description>
    <Navigation context="source">
      <Link protocol="adapter">
        <Data key="Path" value="C:\Documents and Settings\hadfielj\My Documents\CBIIT Projects\caIntegrator2\SearchingWithinAStudy.fm" />
        <Data key="DocumentID" value="57AFBCFEDFC56166" />
        <Data key="ID" value="1076938" />
      </Link>
    </Navigation>
    <Navigation context="output">
      <wwreport:Link protocol="uri" xmlns:wwreport="urn:WebWorks-Reports-Schema">
        <wwreport:Data key="URI" value="file:///C:/Documents%20and%20Settings/hadfielj/My%20Documents/ePublisher%20Pro%20Projects/caIntegrator2/Output/WebWorks%20Help%205.0/caIntegrator2/SearchingWithinAStudy.4.2.html#1076938" />
      </wwreport:Link>
    </Navigation>
    <Navigation context="details">
      <Link protocol="wwh5api">
        <Data key="BaseURI" value="file:///C:/Program%20Files/WebWorks/ePublisher%20Pro/Help/en" />
        <Data key="Context" value="reports" />
        <Data key="Topic" value="style_overrides" />
      </Link>
    </Navigation>
  </Entry>
  <Entry context="styles" type="overrides-exist" severity="warning">
    <Description>Unnamed Character style overrides exist.</Description>
    <Navigation context="source">
      <Link protocol="adapter">
        <Data key="Path" value="C:\Documents and Settings\hadfielj\My Documents\CBIIT Projects\caIntegrator2\SearchingWithinAStudy.fm" />
        <Data key="DocumentID" value="57AFBCFEDFC56166" />
        <Data key="ID" value="1076939" />
      </Link>
    </Navigation>
    <Navigation context="output">
      <wwreport:Link protocol="uri" xmlns:wwreport="urn:WebWorks-Reports-Schema">
        <wwreport:Data key="URI" value="file:///C:/Documents%20and%20Settings/hadfielj/My%20Documents/ePublisher%20Pro%20Projects/caIntegrator2/Output/WebWorks%20Help%205.0/caIntegrator2/SearchingWithinAStudy.4.2.html#1076939" />
      </wwreport:Link>
    </Navigation>
    <Navigation context="details">
      <Link protocol="wwh5api">
        <Data key="BaseURI" value="file:///C:/Program%20Files/WebWorks/ePublisher%20Pro/Help/en" />
        <Data key="Context" value="reports" />
        <Data key="Topic" value="style_overrides" />
      </Link>
    </Navigation>
  </Entry>
  <Entry context="styles" type="overrides-exist" severity="warning">
    <Description>Character style overrides exist for 'Emphasis'.</Description>
    <Navigation context="source">
      <Link protocol="adapter">
        <Data key="Path" value="C:\Documents and Settings\hadfielj\My Documents\CBIIT Projects\caIntegrator2\SearchingWithinAStudy.fm" />
        <Data key="DocumentID" value="57AFBCFEDFC56166" />
        <Data key="ID" value="1082083" />
      </Link>
    </Navigation>
    <Navigation context="output">
      <wwreport:Link protocol="uri" xmlns:wwreport="urn:WebWorks-Reports-Schema">
        <wwreport:Data key="URI" value="file:///C:/Documents%20and%20Settings/hadfielj/My%20Documents/ePublisher%20Pro%20Projects/caIntegrator2/Output/WebWorks%20Help%205.0/caIntegrator2/SearchingWithinAStudy.4.2.html#1082083" />
      </wwreport:Link>
    </Navigation>
    <Navigation context="details">
      <Link protocol="wwh5api">
        <Data key="BaseURI" value="file:///C:/Program%20Files/WebWorks/ePublisher%20Pro/Help/en" />
        <Data key="Context" value="reports" />
        <Data key="Topic" value="style_overrides" />
      </Link>
    </Navigation>
  </Entry>
  <Entry context="styles" type="overrides-exist" severity="warning">
    <Description>Character style overrides exist for 'Emphasis'.</Description>
    <Navigation context="source">
      <Link protocol="adapter">
        <Data key="Path" value="C:\Documents and Settings\hadfielj\My Documents\CBIIT Projects\caIntegrator2\SearchingWithinAStudy.fm" />
        <Data key="DocumentID" value="57AFBCFEDFC56166" />
        <Data key="ID" value="1082087" />
      </Link>
    </Navigation>
    <Navigation context="output">
      <wwreport:Link protocol="uri" xmlns:wwreport="urn:WebWorks-Reports-Schema">
        <wwreport:Data key="URI" value="file:///C:/Documents%20and%20Settings/hadfielj/My%20Documents/ePublisher%20Pro%20Projects/caIntegrator2/Output/WebWorks%20Help%205.0/caIntegrator2/SearchingWithinAStudy.4.2.html#1082087" />
      </wwreport:Link>
    </Navigation>
    <Navigation context="details">
      <Link protocol="wwh5api">
        <Data key="BaseURI" value="file:///C:/Program%20Files/WebWorks/ePublisher%20Pro/Help/en" />
        <Data key="Context" value="reports" />
        <Data key="Topic" value="style_overrides" />
      </Link>
    </Navigation>
  </Entry>
  <Entry context="styles" type="overrides-exist" severity="warning">
    <Description>Unnamed Character style overrides exist.</Description>
    <Navigation context="source">
      <Link protocol="adapter">
        <Data key="Path" value="C:\Documents and Settings\hadfielj\My Documents\CBIIT Projects\caIntegrator2\SearchingWithinAStudy.fm" />
        <Data key="DocumentID" value="57AFBCFEDFC56166" />
        <Data key="ID" value="1073313" />
      </Link>
    </Navigation>
    <Navigation context="output">
      <wwreport:Link protocol="uri" xmlns:wwreport="urn:WebWorks-Reports-Schema">
        <wwreport:Data key="URI" value="file:///C:/Documents%20and%20Settings/hadfielj/My%20Documents/ePublisher%20Pro%20Projects/caIntegrator2/Output/WebWorks%20Help%205.0/caIntegrator2/SearchingWithinAStudy.4.3.html#1073313" />
      </wwreport:Link>
    </Navigation>
    <Navigation context="details">
      <Link protocol="wwh5api">
        <Data key="BaseURI" value="file:///C:/Program%20Files/WebWorks/ePublisher%20Pro/Help/en" />
        <Data key="Context" value="reports" />
        <Data key="Topic" value="style_overrides" />
      </Link>
    </Navigation>
  </Entry>
  <Entry context="styles" type="overrides-exist" severity="warning">
    <Description>Paragraph style overrides exist for 'Bullet Indent'.</Description>
    <Navigation context="source">
      <Link protocol="adapter">
        <Data key="Path" value="C:\Documents and Settings\hadfielj\My Documents\CBIIT Projects\caIntegrator2\SearchingWithinAStudy.fm" />
        <Data key="DocumentID" value="57AFBCFEDFC56166" />
        <Data key="ID" value="1076800" />
      </Link>
    </Navigation>
    <Navigation context="output">
      <wwreport:Link protocol="uri" xmlns:wwreport="urn:WebWorks-Reports-Schema">
        <wwreport:Data key="URI" value="file:///C:/Documents%20and%20Settings/hadfielj/My%20Documents/ePublisher%20Pro%20Projects/caIntegrator2/Output/WebWorks%20Help%205.0/caIntegrator2/SearchingWithinAStudy.4.3.html#1076800" />
      </wwreport:Link>
    </Navigation>
    <Navigation context="details">
      <Link protocol="wwh5api">
        <Data key="BaseURI" value="file:///C:/Program%20Files/WebWorks/ePublisher%20Pro/Help/en" />
        <Data key="Context" value="reports" />
        <Data key="Topic" value="style_overrides" />
      </Link>
    </Navigation>
  </Entry>
  <Entry context="styles" type="overrides-exist" severity="warning">
    <Description>Paragraph style overrides exist for 'Bullet Indent'.</Description>
    <Navigation context="source">
      <Link protocol="adapter">
        <Data key="Path" value="C:\Documents and Settings\hadfielj\My Documents\CBIIT Projects\caIntegrator2\SearchingWithinAStudy.fm" />
        <Data key="DocumentID" value="57AFBCFEDFC56166" />
        <Data key="ID" value="1076801" />
      </Link>
    </Navigation>
    <Navigation context="output">
      <wwreport:Link protocol="uri" xmlns:wwreport="urn:WebWorks-Reports-Schema">
        <wwreport:Data key="URI" value="file:///C:/Documents%20and%20Settings/hadfielj/My%20Documents/ePublisher%20Pro%20Projects/caIntegrator2/Output/WebWorks%20Help%205.0/caIntegrator2/SearchingWithinAStudy.4.3.html#1076801" />
      </wwreport:Link>
    </Navigation>
    <Navigation context="details">
      <Link protocol="wwh5api">
        <Data key="BaseURI" value="file:///C:/Program%20Files/WebWorks/ePublisher%20Pro/Help/en" />
        <Data key="Context" value="reports" />
        <Data key="Topic" value="style_overrides" />
      </Link>
    </Navigation>
  </Entry>
  <Entry context="styles" type="overrides-exist" severity="warning">
    <Description>Paragraph style overrides exist for 'Bullet Indent'.</Description>
    <Navigation context="source">
      <Link protocol="adapter">
        <Data key="Path" value="C:\Documents and Settings\hadfielj\My Documents\CBIIT Projects\caIntegrator2\SearchingWithinAStudy.fm" />
        <Data key="DocumentID" value="57AFBCFEDFC56166" />
        <Data key="ID" value="1076802" />
      </Link>
    </Navigation>
    <Navigation context="output">
      <wwreport:Link protocol="uri" xmlns:wwreport="urn:WebWorks-Reports-Schema">
        <wwreport:Data key="URI" value="file:///C:/Documents%20and%20Settings/hadfielj/My%20Documents/ePublisher%20Pro%20Projects/caIntegrator2/Output/WebWorks%20Help%205.0/caIntegrator2/SearchingWithinAStudy.4.3.html#1076802" />
      </wwreport:Link>
    </Navigation>
    <Navigation context="details">
      <Link protocol="wwh5api">
        <Data key="BaseURI" value="file:///C:/Program%20Files/WebWorks/ePublisher%20Pro/Help/en" />
        <Data key="Context" value="reports" />
        <Data key="Topic" value="style_overrides" />
      </Link>
    </Navigation>
  </Entry>
  <Entry context="styles" type="overrides-exist" severity="warning">
    <Description>Unnamed Character style overrides exist.</Description>
    <Navigation context="source">
      <Link protocol="adapter">
        <Data key="Path" value="C:\Documents and Settings\hadfielj\My Documents\CBIIT Projects\caIntegrator2\SearchingWithinAStudy.fm" />
        <Data key="DocumentID" value="57AFBCFEDFC56166" />
        <Data key="ID" value="1076810" />
      </Link>
    </Navigation>
    <Navigation context="output">
      <wwreport:Link protocol="uri" xmlns:wwreport="urn:WebWorks-Reports-Schema">
        <wwreport:Data key="URI" value="file:///C:/Documents%20and%20Settings/hadfielj/My%20Documents/ePublisher%20Pro%20Projects/caIntegrator2/Output/WebWorks%20Help%205.0/caIntegrator2/SearchingWithinAStudy.4.3.html#1076810" />
      </wwreport:Link>
    </Navigation>
    <Navigation context="details">
      <Link protocol="wwh5api">
        <Data key="BaseURI" value="file:///C:/Program%20Files/WebWorks/ePublisher%20Pro/Help/en" />
        <Data key="Context" value="reports" />
        <Data key="Topic" value="style_overrides" />
      </Link>
    </Navigation>
  </Entry>
  <Entry context="styles" type="overrides-exist" severity="warning">
    <Description>Paragraph style overrides exist for 'Table Text'.</Description>
    <Navigation context="source">
      <Link protocol="adapter">
        <Data key="Path" value="C:\Documents and Settings\hadfielj\My Documents\CBIIT Projects\caIntegrator2\SearchingWithinAStudy.fm" />
        <Data key="DocumentID" value="57AFBCFEDFC56166" />
        <Data key="ID" value="1076814" />
      </Link>
    </Navigation>
    <Navigation context="output">
      <wwreport:Link protocol="uri" xmlns:wwreport="urn:WebWorks-Reports-Schema">
        <wwreport:Data key="URI" value="file:///C:/Documents%20and%20Settings/hadfielj/My%20Documents/ePublisher%20Pro%20Projects/caIntegrator2/Output/WebWorks%20Help%205.0/caIntegrator2/SearchingWithinAStudy.4.3.html#1076814" />
      </wwreport:Link>
    </Navigation>
    <Navigation context="details">
      <Link protocol="wwh5api">
        <Data key="BaseURI" value="file:///C:/Program%20Files/WebWorks/ePublisher%20Pro/Help/en" />
        <Data key="Context" value="reports" />
        <Data key="Topic" value="style_overrides" />
      </Link>
    </Navigation>
  </Entry>
  <Entry context="styles" type="overrides-exist" severity="warning">
    <Description>Unnamed Character style overrides exist.</Description>
    <Navigation context="source">
      <Link protocol="adapter">
        <Data key="Path" value="C:\Documents and Settings\hadfielj\My Documents\CBIIT Projects\caIntegrator2\SearchingWithinAStudy.fm" />
        <Data key="DocumentID" value="57AFBCFEDFC56166" />
        <Data key="ID" value="1076814" />
      </Link>
    </Navigation>
    <Navigation context="output">
      <wwreport:Link protocol="uri" xmlns:wwreport="urn:WebWorks-Reports-Schema">
        <wwreport:Data key="URI" value="file:///C:/Documents%20and%20Settings/hadfielj/My%20Documents/ePublisher%20Pro%20Projects/caIntegrator2/Output/WebWorks%20Help%205.0/caIntegrator2/SearchingWithinAStudy.4.3.html#1076814" />
      </wwreport:Link>
    </Navigation>
    <Navigation context="details">
      <Link protocol="wwh5api">
        <Data key="BaseURI" value="file:///C:/Program%20Files/WebWorks/ePublisher%20Pro/Help/en" />
        <Data key="Context" value="reports" />
        <Data key="Topic" value="style_overrides" />
      </Link>
    </Navigation>
  </Entry>
  <Entry context="styles" type="overrides-exist" severity="warning">
    <Description>Unnamed Character style overrides exist.</Description>
    <Navigation context="source">
      <Link protocol="adapter">
        <Data key="Path" value="C:\Documents and Settings\hadfielj\My Documents\CBIIT Projects\caIntegrator2\SearchingWithinAStudy.fm" />
        <Data key="DocumentID" value="57AFBCFEDFC56166" />
        <Data key="ID" value="1074378" />
      </Link>
    </Navigation>
    <Navigation context="output">
      <wwreport:Link protocol="uri" xmlns:wwreport="urn:WebWorks-Reports-Schema">
        <wwreport:Data key="URI" value="file:///C:/Documents%20and%20Settings/hadfielj/My%20Documents/ePublisher%20Pro%20Projects/caIntegrator2/Output/WebWorks%20Help%205.0/caIntegrator2/SearchingWithinAStudy.4.3.html#1074378" />
      </wwreport:Link>
    </Navigation>
    <Navigation context="details">
      <Link protocol="wwh5api">
        <Data key="BaseURI" value="file:///C:/Program%20Files/WebWorks/ePublisher%20Pro/Help/en" />
        <Data key="Context" value="reports" />
        <Data key="Topic" value="style_overrides" />
      </Link>
    </Navigation>
  </Entry>
  <Entry context="styles" type="overrides-exist" severity="warning">
    <Description>Paragraph style overrides exist for 'Body Text Indent'.</Description>
    <Navigation context="source">
      <Link protocol="adapter">
        <Data key="Path" value="C:\Documents and Settings\hadfielj\My Documents\CBIIT Projects\caIntegrator2\SearchingWithinAStudy.fm" />
        <Data key="DocumentID" value="57AFBCFEDFC56166" />
        <Data key="ID" value="1076339" />
      </Link>
    </Navigation>
    <Navigation context="output">
      <wwreport:Link protocol="uri" xmlns:wwreport="urn:WebWorks-Reports-Schema">
        <wwreport:Data key="URI" value="file:///C:/Documents%20and%20Settings/hadfielj/My%20Documents/ePublisher%20Pro%20Projects/caIntegrator2/Output/WebWorks%20Help%205.0/caIntegrator2/SearchingWithinAStudy.4.3.html#1076339" />
      </wwreport:Link>
    </Navigation>
    <Navigation context="details">
      <Link protocol="wwh5api">
        <Data key="BaseURI" value="file:///C:/Program%20Files/WebWorks/ePublisher%20Pro/Help/en" />
        <Data key="Context" value="reports" />
        <Data key="Topic" value="style_overrides" />
      </Link>
    </Navigation>
  </Entry>
  <Entry context="styles" type="overrides-exist" severity="warning">
    <Description>Unnamed Character style overrides exist.</Description>
    <Navigation context="source">
      <Link protocol="adapter">
        <Data key="Path" value="C:\Documents and Settings\hadfielj\My Documents\CBIIT Projects\caIntegrator2\SearchingWithinAStudy.fm" />
        <Data key="DocumentID" value="57AFBCFEDFC56166" />
        <Data key="ID" value="1076339" />
      </Link>
    </Navigation>
    <Navigation context="output">
      <wwreport:Link protocol="uri" xmlns:wwreport="urn:WebWorks-Reports-Schema">
        <wwreport:Data key="URI" value="file:///C:/Documents%20and%20Settings/hadfielj/My%20Documents/ePublisher%20Pro%20Projects/caIntegrator2/Output/WebWorks%20Help%205.0/caIntegrator2/SearchingWithinAStudy.4.3.html#1076339" />
      </wwreport:Link>
    </Navigation>
    <Navigation context="details">
      <Link protocol="wwh5api">
        <Data key="BaseURI" value="file:///C:/Program%20Files/WebWorks/ePublisher%20Pro/Help/en" />
        <Data key="Context" value="reports" />
        <Data key="Topic" value="style_overrides" />
      </Link>
    </Navigation>
  </Entry>
  <Entry context="styles" type="overrides-exist" severity="warning">
    <Description>Paragraph style overrides exist for 'Body Text Indent'.</Description>
    <Navigation context="source">
      <Link protocol="adapter">
        <Data key="Path" value="C:\Documents and Settings\hadfielj\My Documents\CBIIT Projects\caIntegrator2\SearchingWithinAStudy.fm" />
        <Data key="DocumentID" value="57AFBCFEDFC56166" />
        <Data key="ID" value="1078156" />
      </Link>
    </Navigation>
    <Navigation context="output">
      <wwreport:Link protocol="uri" xmlns:wwreport="urn:WebWorks-Reports-Schema">
        <wwreport:Data key="URI" value="file:///C:/Documents%20and%20Settings/hadfielj/My%20Documents/ePublisher%20Pro%20Projects/caIntegrator2/Output/WebWorks%20Help%205.0/caIntegrator2/SearchingWithinAStudy.4.3.html#1078156" />
      </wwreport:Link>
    </Navigation>
    <Navigation context="details">
      <Link protocol="wwh5api">
        <Data key="BaseURI" value="file:///C:/Program%20Files/WebWorks/ePublisher%20Pro/Help/en" />
        <Data key="Context" value="reports" />
        <Data key="Topic" value="style_overrides" />
      </Link>
    </Navigation>
  </Entry>
  <Entry context="styles" type="overrides-exist" severity="warning">
    <Description>Unnamed Character style overrides exist.</Description>
    <Navigation context="source">
      <Link protocol="adapter">
        <Data key="Path" value="C:\Documents and Settings\hadfielj\My Documents\CBIIT Projects\caIntegrator2\SearchingWithinAStudy.fm" />
        <Data key="DocumentID" value="57AFBCFEDFC56166" />
        <Data key="ID" value="1076346" />
      </Link>
    </Navigation>
    <Navigation context="output">
      <wwreport:Link protocol="uri" xmlns:wwreport="urn:WebWorks-Reports-Schema">
        <wwreport:Data key="URI" value="file:///C:/Documents%20and%20Settings/hadfielj/My%20Documents/ePublisher%20Pro%20Projects/caIntegrator2/Output/WebWorks%20Help%205.0/caIntegrator2/SearchingWithinAStudy.4.3.html#1076346" />
      </wwreport:Link>
    </Navigation>
    <Navigation context="details">
      <Link protocol="wwh5api">
        <Data key="BaseURI" value="file:///C:/Program%20Files/WebWorks/ePublisher%20Pro/Help/en" />
        <Data key="Context" value="reports" />
        <Data key="Topic" value="style_overrides" />
      </Link>
    </Navigation>
  </Entry>
  <Entry context="styles" type="overrides-exist" severity="warning">
    <Description>Unnamed Character style overrides exist.</Description>
    <Navigation context="source">
      <Link protocol="adapter">
        <Data key="Path" value="C:\Documents and Settings\hadfielj\My Documents\CBIIT Projects\caIntegrator2\SearchingWithinAStudy.fm" />
        <Data key="DocumentID" value="57AFBCFEDFC56166" />
        <Data key="ID" value="1076346" />
      </Link>
    </Navigation>
    <Navigation context="output">
      <wwreport:Link protocol="uri" xmlns:wwreport="urn:WebWorks-Reports-Schema">
        <wwreport:Data key="URI" value="file:///C:/Documents%20and%20Settings/hadfielj/My%20Documents/ePublisher%20Pro%20Projects/caIntegrator2/Output/WebWorks%20Help%205.0/caIntegrator2/SearchingWithinAStudy.4.3.html#1076346" />
      </wwreport:Link>
    </Navigation>
    <Navigation context="details">
      <Link protocol="wwh5api">
        <Data key="BaseURI" value="file:///C:/Program%20Files/WebWorks/ePublisher%20Pro/Help/en" />
        <Data key="Context" value="reports" />
        <Data key="Topic" value="style_overrides" />
      </Link>
    </Navigation>
  </Entry>
  <Entry context="styles" type="overrides-exist" severity="warning">
    <Description>Unnamed Character style overrides exist.</Description>
    <Navigation context="source">
      <Link protocol="adapter">
        <Data key="Path" value="C:\Documents and Settings\hadfielj\My Documents\CBIIT Projects\caIntegrator2\SearchingWithinAStudy.fm" />
        <Data key="DocumentID" value="57AFBCFEDFC56166" />
        <Data key="ID" value="1076346" />
      </Link>
    </Navigation>
    <Navigation context="output">
      <wwreport:Link protocol="uri" xmlns:wwreport="urn:WebWorks-Reports-Schema">
        <wwreport:Data key="URI" value="file:///C:/Documents%20and%20Settings/hadfielj/My%20Documents/ePublisher%20Pro%20Projects/caIntegrator2/Output/WebWorks%20Help%205.0/caIntegrator2/SearchingWithinAStudy.4.3.html#1076346" />
      </wwreport:Link>
    </Navigation>
    <Navigation context="details">
      <Link protocol="wwh5api">
        <Data key="BaseURI" value="file:///C:/Program%20Files/WebWorks/ePublisher%20Pro/Help/en" />
        <Data key="Context" value="reports" />
        <Data key="Topic" value="style_overrides" />
      </Link>
    </Navigation>
  </Entry>
  <Entry context="styles" type="overrides-exist" severity="warning">
    <Description>Character style overrides exist for 'Emphasis'.</Description>
    <Navigation context="source">
      <Link protocol="adapter">
        <Data key="Path" value="C:\Documents and Settings\hadfielj\My Documents\CBIIT Projects\caIntegrator2\SearchingWithinAStudy.fm" />
        <Data key="DocumentID" value="57AFBCFEDFC56166" />
        <Data key="ID" value="1074486" />
      </Link>
    </Navigation>
    <Navigation context="output">
      <wwreport:Link protocol="uri" xmlns:wwreport="urn:WebWorks-Reports-Schema">
        <wwreport:Data key="URI" value="file:///C:/Documents%20and%20Settings/hadfielj/My%20Documents/ePublisher%20Pro%20Projects/caIntegrator2/Output/WebWorks%20Help%205.0/caIntegrator2/SearchingWithinAStudy.4.3.html#1074486" />
      </wwreport:Link>
    </Navigation>
    <Navigation context="details">
      <Link protocol="wwh5api">
        <Data key="BaseURI" value="file:///C:/Program%20Files/WebWorks/ePublisher%20Pro/Help/en" />
        <Data key="Context" value="reports" />
        <Data key="Topic" value="style_overrides" />
      </Link>
    </Navigation>
  </Entry>
  <Entry context="styles" type="overrides-exist" severity="warning">
    <Description>Character style overrides exist for 'Emphasis'.</Description>
    <Navigation context="source">
      <Link protocol="adapter">
        <Data key="Path" value="C:\Documents and Settings\hadfielj\My Documents\CBIIT Projects\caIntegrator2\SearchingWithinAStudy.fm" />
        <Data key="DocumentID" value="57AFBCFEDFC56166" />
        <Data key="ID" value="1074486" />
      </Link>
    </Navigation>
    <Navigation context="output">
      <wwreport:Link protocol="uri" xmlns:wwreport="urn:WebWorks-Reports-Schema">
        <wwreport:Data key="URI" value="file:///C:/Documents%20and%20Settings/hadfielj/My%20Documents/ePublisher%20Pro%20Projects/caIntegrator2/Output/WebWorks%20Help%205.0/caIntegrator2/SearchingWithinAStudy.4.3.html#1074486" />
      </wwreport:Link>
    </Navigation>
    <Navigation context="details">
      <Link protocol="wwh5api">
        <Data key="BaseURI" value="file:///C:/Program%20Files/WebWorks/ePublisher%20Pro/Help/en" />
        <Data key="Context" value="reports" />
        <Data key="Topic" value="style_overrides" />
      </Link>
    </Navigation>
  </Entry>
  <Entry context="styles" type="overrides-exist" severity="warning">
    <Description>Unnamed Character style overrides exist.</Description>
    <Navigation context="source">
      <Link protocol="adapter">
        <Data key="Path" value="C:\Documents and Settings\hadfielj\My Documents\CBIIT Projects\caIntegrator2\SearchingWithinAStudy.fm" />
        <Data key="DocumentID" value="57AFBCFEDFC56166" />
        <Data key="ID" value="1074551" />
      </Link>
    </Navigation>
    <Navigation context="output">
      <wwreport:Link protocol="uri" xmlns:wwreport="urn:WebWorks-Reports-Schema">
        <wwreport:Data key="URI" value="file:///C:/Documents%20and%20Settings/hadfielj/My%20Documents/ePublisher%20Pro%20Projects/caIntegrator2/Output/WebWorks%20Help%205.0/caIntegrator2/SearchingWithinAStudy.4.3.html#1074551" />
      </wwreport:Link>
    </Navigation>
    <Navigation context="details">
      <Link protocol="wwh5api">
        <Data key="BaseURI" value="file:///C:/Program%20Files/WebWorks/ePublisher%20Pro/Help/en" />
        <Data key="Context" value="reports" />
        <Data key="Topic" value="style_overrides" />
      </Link>
    </Navigation>
  </Entry>
  <Entry context="styles" type="overrides-exist" severity="warning">
    <Description>Unnamed Character style overrides exist.</Description>
    <Navigation context="source">
      <Link protocol="adapter">
        <Data key="Path" value="C:\Documents and Settings\hadfielj\My Documents\CBIIT Projects\caIntegrator2\SearchingWithinAStudy.fm" />
        <Data key="DocumentID" value="57AFBCFEDFC56166" />
        <Data key="ID" value="1074551" />
      </Link>
    </Navigation>
    <Navigation context="output">
      <wwreport:Link protocol="uri" xmlns:wwreport="urn:WebWorks-Reports-Schema">
        <wwreport:Data key="URI" value="file:///C:/Documents%20and%20Settings/hadfielj/My%20Documents/ePublisher%20Pro%20Projects/caIntegrator2/Output/WebWorks%20Help%205.0/caIntegrator2/SearchingWithinAStudy.4.3.html#1074551" />
      </wwreport:Link>
    </Navigation>
    <Navigation context="details">
      <Link protocol="wwh5api">
        <Data key="BaseURI" value="file:///C:/Program%20Files/WebWorks/ePublisher%20Pro/Help/en" />
        <Data key="Context" value="reports" />
        <Data key="Topic" value="style_overrides" />
      </Link>
    </Navigation>
  </Entry>
  <Entry context="styles" type="overrides-exist" severity="warning">
    <Description>Unnamed Character style overrides exist.</Description>
    <Navigation context="source">
      <Link protocol="adapter">
        <Data key="Path" value="C:\Documents and Settings\hadfielj\My Documents\CBIIT Projects\caIntegrator2\SearchingWithinAStudy.fm" />
        <Data key="DocumentID" value="57AFBCFEDFC56166" />
        <Data key="ID" value="1074552" />
      </Link>
    </Navigation>
    <Navigation context="output">
      <wwreport:Link protocol="uri" xmlns:wwreport="urn:WebWorks-Reports-Schema">
        <wwreport:Data key="URI" value="file:///C:/Documents%20and%20Settings/hadfielj/My%20Documents/ePublisher%20Pro%20Projects/caIntegrator2/Output/WebWorks%20Help%205.0/caIntegrator2/SearchingWithinAStudy.4.3.html#1074552" />
      </wwreport:Link>
    </Navigation>
    <Navigation context="details">
      <Link protocol="wwh5api">
        <Data key="BaseURI" value="file:///C:/Program%20Files/WebWorks/ePublisher%20Pro/Help/en" />
        <Data key="Context" value="reports" />
        <Data key="Topic" value="style_overrides" />
      </Link>
    </Navigation>
  </Entry>
  <Entry context="styles" type="overrides-exist" severity="warning">
    <Description>Unnamed Character style overrides exist.</Description>
    <Navigation context="source">
      <Link protocol="adapter">
        <Data key="Path" value="C:\Documents and Settings\hadfielj\My Documents\CBIIT Projects\caIntegrator2\SearchingWithinAStudy.fm" />
        <Data key="DocumentID" value="57AFBCFEDFC56166" />
        <Data key="ID" value="1074553" />
      </Link>
    </Navigation>
    <Navigation context="output">
      <wwreport:Link protocol="uri" xmlns:wwreport="urn:WebWorks-Reports-Schema">
        <wwreport:Data key="URI" value="file:///C:/Documents%20and%20Settings/hadfielj/My%20Documents/ePublisher%20Pro%20Projects/caIntegrator2/Output/WebWorks%20Help%205.0/caIntegrator2/SearchingWithinAStudy.4.3.html#1074553" />
      </wwreport:Link>
    </Navigation>
    <Navigation context="details">
      <Link protocol="wwh5api">
        <Data key="BaseURI" value="file:///C:/Program%20Files/WebWorks/ePublisher%20Pro/Help/en" />
        <Data key="Context" value="reports" />
        <Data key="Topic" value="style_overrides" />
      </Link>
    </Navigation>
  </Entry>
  <Entry context="styles" type="overrides-exist" severity="warning">
    <Description>Unnamed Character style overrides exist.</Description>
    <Navigation context="source">
      <Link protocol="adapter">
        <Data key="Path" value="C:\Documents and Settings\hadfielj\My Documents\CBIIT Projects\caIntegrator2\SearchingWithinAStudy.fm" />
        <Data key="DocumentID" value="57AFBCFEDFC56166" />
        <Data key="ID" value="1074554" />
      </Link>
    </Navigation>
    <Navigation context="output">
      <wwreport:Link protocol="uri" xmlns:wwreport="urn:WebWorks-Reports-Schema">
        <wwreport:Data key="URI" value="file:///C:/Documents%20and%20Settings/hadfielj/My%20Documents/ePublisher%20Pro%20Projects/caIntegrator2/Output/WebWorks%20Help%205.0/caIntegrator2/SearchingWithinAStudy.4.3.html#1074554" />
      </wwreport:Link>
    </Navigation>
    <Navigation context="details">
      <Link protocol="wwh5api">
        <Data key="BaseURI" value="file:///C:/Program%20Files/WebWorks/ePublisher%20Pro/Help/en" />
        <Data key="Context" value="reports" />
        <Data key="Topic" value="style_overrides" />
      </Link>
    </Navigation>
  </Entry>
  <Entry context="styles" type="overrides-exist" severity="warning">
    <Description>Unnamed Character style overrides exist.</Description>
    <Navigation context="source">
      <Link protocol="adapter">
        <Data key="Path" value="C:\Documents and Settings\hadfielj\My Documents\CBIIT Projects\caIntegrator2\SearchingWithinAStudy.fm" />
        <Data key="DocumentID" value="57AFBCFEDFC56166" />
        <Data key="ID" value="1074555" />
      </Link>
    </Navigation>
    <Navigation context="output">
      <wwreport:Link protocol="uri" xmlns:wwreport="urn:WebWorks-Reports-Schema">
        <wwreport:Data key="URI" value="file:///C:/Documents%20and%20Settings/hadfielj/My%20Documents/ePublisher%20Pro%20Projects/caIntegrator2/Output/WebWorks%20Help%205.0/caIntegrator2/SearchingWithinAStudy.4.3.html#1074555" />
      </wwreport:Link>
    </Navigation>
    <Navigation context="details">
      <Link protocol="wwh5api">
        <Data key="BaseURI" value="file:///C:/Program%20Files/WebWorks/ePublisher%20Pro/Help/en" />
        <Data key="Context" value="reports" />
        <Data key="Topic" value="style_overrides" />
      </Link>
    </Navigation>
  </Entry>
  <Entry context="styles" type="overrides-exist" severity="warning">
    <Description>Character style overrides exist for 'Emphasis'.</Description>
    <Navigation context="source">
      <Link protocol="adapter">
        <Data key="Path" value="C:\Documents and Settings\hadfielj\My Documents\CBIIT Projects\caIntegrator2\SearchingWithinAStudy.fm" />
        <Data key="DocumentID" value="57AFBCFEDFC56166" />
        <Data key="ID" value="1074555" />
      </Link>
    </Navigation>
    <Navigation context="output">
      <wwreport:Link protocol="uri" xmlns:wwreport="urn:WebWorks-Reports-Schema">
        <wwreport:Data key="URI" value="file:///C:/Documents%20and%20Settings/hadfielj/My%20Documents/ePublisher%20Pro%20Projects/caIntegrator2/Output/WebWorks%20Help%205.0/caIntegrator2/SearchingWithinAStudy.4.3.html#1074555" />
      </wwreport:Link>
    </Navigation>
    <Navigation context="details">
      <Link protocol="wwh5api">
        <Data key="BaseURI" value="file:///C:/Program%20Files/WebWorks/ePublisher%20Pro/Help/en" />
        <Data key="Context" value="reports" />
        <Data key="Topic" value="style_overrides" />
      </Link>
    </Navigation>
  </Entry>
  <Entry context="styles" type="overrides-exist" severity="warning">
    <Description>Character style overrides exist for 'Emphasis'.</Description>
    <Navigation context="source">
      <Link protocol="adapter">
        <Data key="Path" value="C:\Documents and Settings\hadfielj\My Documents\CBIIT Projects\caIntegrator2\SearchingWithinAStudy.fm" />
        <Data key="DocumentID" value="57AFBCFEDFC56166" />
        <Data key="ID" value="1074555" />
      </Link>
    </Navigation>
    <Navigation context="output">
      <wwreport:Link protocol="uri" xmlns:wwreport="urn:WebWorks-Reports-Schema">
        <wwreport:Data key="URI" value="file:///C:/Documents%20and%20Settings/hadfielj/My%20Documents/ePublisher%20Pro%20Projects/caIntegrator2/Output/WebWorks%20Help%205.0/caIntegrator2/SearchingWithinAStudy.4.3.html#1074555" />
      </wwreport:Link>
    </Navigation>
    <Navigation context="details">
      <Link protocol="wwh5api">
        <Data key="BaseURI" value="file:///C:/Program%20Files/WebWorks/ePublisher%20Pro/Help/en" />
        <Data key="Context" value="reports" />
        <Data key="Topic" value="style_overrides" />
      </Link>
    </Navigation>
  </Entry>
  <Entry context="styles" type="overrides-exist" severity="warning">
    <Description>Paragraph style overrides exist for 'Body Text Indent 2'.</Description>
    <Navigation context="source">
      <Link protocol="adapter">
        <Data key="Path" value="C:\Documents and Settings\hadfielj\My Documents\CBIIT Projects\caIntegrator2\SearchingWithinAStudy.fm" />
        <Data key="DocumentID" value="57AFBCFEDFC56166" />
        <Data key="ID" value="1074556" />
      </Link>
    </Navigation>
    <Navigation context="output">
      <wwreport:Link protocol="uri" xmlns:wwreport="urn:WebWorks-Reports-Schema">
        <wwreport:Data key="URI" value="file:///C:/Documents%20and%20Settings/hadfielj/My%20Documents/ePublisher%20Pro%20Projects/caIntegrator2/Output/WebWorks%20Help%205.0/caIntegrator2/SearchingWithinAStudy.4.3.html#1074556" />
      </wwreport:Link>
    </Navigation>
    <Navigation context="details">
      <Link protocol="wwh5api">
        <Data key="BaseURI" value="file:///C:/Program%20Files/WebWorks/ePublisher%20Pro/Help/en" />
        <Data key="Context" value="reports" />
        <Data key="Topic" value="style_overrides" />
      </Link>
    </Navigation>
  </Entry>
  <Entry context="styles" type="overrides-exist" severity="warning">
    <Description>Character style overrides exist for 'Emphasis'.</Description>
    <Navigation context="source">
      <Link protocol="adapter">
        <Data key="Path" value="C:\Documents and Settings\hadfielj\My Documents\CBIIT Projects\caIntegrator2\SearchingWithinAStudy.fm" />
        <Data key="DocumentID" value="57AFBCFEDFC56166" />
        <Data key="ID" value="1074557" />
      </Link>
    </Navigation>
    <Navigation context="output">
      <wwreport:Link protocol="uri" xmlns:wwreport="urn:WebWorks-Reports-Schema">
        <wwreport:Data key="URI" value="file:///C:/Documents%20and%20Settings/hadfielj/My%20Documents/ePublisher%20Pro%20Projects/caIntegrator2/Output/WebWorks%20Help%205.0/caIntegrator2/SearchingWithinAStudy.4.3.html#1074557" />
      </wwreport:Link>
    </Navigation>
    <Navigation context="details">
      <Link protocol="wwh5api">
        <Data key="BaseURI" value="file:///C:/Program%20Files/WebWorks/ePublisher%20Pro/Help/en" />
        <Data key="Context" value="reports" />
        <Data key="Topic" value="style_overrides" />
      </Link>
    </Navigation>
  </Entry>
  <Entry context="styles" type="overrides-exist" severity="warning">
    <Description>Character style overrides exist for 'Emphasis'.</Description>
    <Navigation context="source">
      <Link protocol="adapter">
        <Data key="Path" value="C:\Documents and Settings\hadfielj\My Documents\CBIIT Projects\caIntegrator2\SearchingWithinAStudy.fm" />
        <Data key="DocumentID" value="57AFBCFEDFC56166" />
        <Data key="ID" value="1082095" />
      </Link>
    </Navigation>
    <Navigation context="output">
      <wwreport:Link protocol="uri" xmlns:wwreport="urn:WebWorks-Reports-Schema">
        <wwreport:Data key="URI" value="file:///C:/Documents%20and%20Settings/hadfielj/My%20Documents/ePublisher%20Pro%20Projects/caIntegrator2/Output/WebWorks%20Help%205.0/caIntegrator2/SearchingWithinAStudy.4.3.html#1082095" />
      </wwreport:Link>
    </Navigation>
    <Navigation context="details">
      <Link protocol="wwh5api">
        <Data key="BaseURI" value="file:///C:/Program%20Files/WebWorks/ePublisher%20Pro/Help/en" />
        <Data key="Context" value="reports" />
        <Data key="Topic" value="style_overrides" />
      </Link>
    </Navigation>
  </Entry>
  <Entry context="styles" type="overrides-exist" severity="warning">
    <Description>Character style overrides exist for 'Emphasis'.</Description>
    <Navigation context="source">
      <Link protocol="adapter">
        <Data key="Path" value="C:\Documents and Settings\hadfielj\My Documents\CBIIT Projects\caIntegrator2\SearchingWithinAStudy.fm" />
        <Data key="DocumentID" value="57AFBCFEDFC56166" />
        <Data key="ID" value="1082099" />
      </Link>
    </Navigation>
    <Navigation context="output">
      <wwreport:Link protocol="uri" xmlns:wwreport="urn:WebWorks-Reports-Schema">
        <wwreport:Data key="URI" value="file:///C:/Documents%20and%20Settings/hadfielj/My%20Documents/ePublisher%20Pro%20Projects/caIntegrator2/Output/WebWorks%20Help%205.0/caIntegrator2/SearchingWithinAStudy.4.3.html#1082099" />
      </wwreport:Link>
    </Navigation>
    <Navigation context="details">
      <Link protocol="wwh5api">
        <Data key="BaseURI" value="file:///C:/Program%20Files/WebWorks/ePublisher%20Pro/Help/en" />
        <Data key="Context" value="reports" />
        <Data key="Topic" value="style_overrides" />
      </Link>
    </Navigation>
  </Entry>
  <Entry context="styles" type="overrides-exist" severity="warning">
    <Description>Character style overrides exist for 'Emphasis'.</Description>
    <Navigation context="source">
      <Link protocol="adapter">
        <Data key="Path" value="C:\Documents and Settings\hadfielj\My Documents\CBIIT Projects\caIntegrator2\SearchingWithinAStudy.fm" />
        <Data key="DocumentID" value="57AFBCFEDFC56166" />
        <Data key="ID" value="1082103" />
      </Link>
    </Navigation>
    <Navigation context="output">
      <wwreport:Link protocol="uri" xmlns:wwreport="urn:WebWorks-Reports-Schema">
        <wwreport:Data key="URI" value="file:///C:/Documents%20and%20Settings/hadfielj/My%20Documents/ePublisher%20Pro%20Projects/caIntegrator2/Output/WebWorks%20Help%205.0/caIntegrator2/SearchingWithinAStudy.4.3.html#1082103" />
      </wwreport:Link>
    </Navigation>
    <Navigation context="details">
      <Link protocol="wwh5api">
        <Data key="BaseURI" value="file:///C:/Program%20Files/WebWorks/ePublisher%20Pro/Help/en" />
        <Data key="Context" value="reports" />
        <Data key="Topic" value="style_overrides" />
      </Link>
    </Navigation>
  </Entry>
  <Entry context="styles" type="overrides-exist" severity="warning">
    <Description>Unnamed Character style overrides exist.</Description>
    <Navigation context="source">
      <Link protocol="adapter">
        <Data key="Path" value="C:\Documents and Settings\hadfielj\My Documents\CBIIT Projects\caIntegrator2\SearchingWithinAStudy.fm" />
        <Data key="DocumentID" value="57AFBCFEDFC56166" />
        <Data key="ID" value="1074614" />
      </Link>
    </Navigation>
    <Navigation context="output">
      <wwreport:Link protocol="uri" xmlns:wwreport="urn:WebWorks-Reports-Schema">
        <wwreport:Data key="URI" value="file:///C:/Documents%20and%20Settings/hadfielj/My%20Documents/ePublisher%20Pro%20Projects/caIntegrator2/Output/WebWorks%20Help%205.0/caIntegrator2/SearchingWithinAStudy.4.4.html#1074614" />
      </wwreport:Link>
    </Navigation>
    <Navigation context="details">
      <Link protocol="wwh5api">
        <Data key="BaseURI" value="file:///C:/Program%20Files/WebWorks/ePublisher%20Pro/Help/en" />
        <Data key="Context" value="reports" />
        <Data key="Topic" value="style_overrides" />
      </Link>
    </Navigation>
  </Entry>
  <Entry context="styles" type="overrides-exist" severity="warning">
    <Description>Unnamed Character style overrides exist.</Description>
    <Navigation context="source">
      <Link protocol="adapter">
        <Data key="Path" value="C:\Documents and Settings\hadfielj\My Documents\CBIIT Projects\caIntegrator2\SearchingWithinAStudy.fm" />
        <Data key="DocumentID" value="57AFBCFEDFC56166" />
        <Data key="ID" value="1074614" />
      </Link>
    </Navigation>
    <Navigation context="output">
      <wwreport:Link protocol="uri" xmlns:wwreport="urn:WebWorks-Reports-Schema">
        <wwreport:Data key="URI" value="file:///C:/Documents%20and%20Settings/hadfielj/My%20Documents/ePublisher%20Pro%20Projects/caIntegrator2/Output/WebWorks%20Help%205.0/caIntegrator2/SearchingWithinAStudy.4.4.html#1074614" />
      </wwreport:Link>
    </Navigation>
    <Navigation context="details">
      <Link protocol="wwh5api">
        <Data key="BaseURI" value="file:///C:/Program%20Files/WebWorks/ePublisher%20Pro/Help/en" />
        <Data key="Context" value="reports" />
        <Data key="Topic" value="style_overrides" />
      </Link>
    </Navigation>
  </Entry>
  <Entry context="styles" type="overrides-exist" severity="warning">
    <Description>Unnamed Character style overrides exist.</Description>
    <Navigation context="source">
      <Link protocol="adapter">
        <Data key="Path" value="C:\Documents and Settings\hadfielj\My Documents\CBIIT Projects\caIntegrator2\SearchingWithinAStudy.fm" />
        <Data key="DocumentID" value="57AFBCFEDFC56166" />
        <Data key="ID" value="1076120" />
      </Link>
    </Navigation>
    <Navigation context="output">
      <wwreport:Link protocol="uri" xmlns:wwreport="urn:WebWorks-Reports-Schema">
        <wwreport:Data key="URI" value="file:///C:/Documents%20and%20Settings/hadfielj/My%20Documents/ePublisher%20Pro%20Projects/caIntegrator2/Output/WebWorks%20Help%205.0/caIntegrator2/SearchingWithinAStudy.4.4.html#1076120" />
      </wwreport:Link>
    </Navigation>
    <Navigation context="details">
      <Link protocol="wwh5api">
        <Data key="BaseURI" value="file:///C:/Program%20Files/WebWorks/ePublisher%20Pro/Help/en" />
        <Data key="Context" value="reports" />
        <Data key="Topic" value="style_overrides" />
      </Link>
    </Navigation>
  </Entry>
  <Entry context="styles" type="overrides-exist" severity="warning">
    <Description>Unnamed Character style overrides exist.</Description>
    <Navigation context="source">
      <Link protocol="adapter">
        <Data key="Path" value="C:\Documents and Settings\hadfielj\My Documents\CBIIT Projects\caIntegrator2\SearchingWithinAStudy.fm" />
        <Data key="DocumentID" value="57AFBCFEDFC56166" />
        <Data key="ID" value="1077266" />
      </Link>
    </Navigation>
    <Navigation context="output">
      <wwreport:Link protocol="uri" xmlns:wwreport="urn:WebWorks-Reports-Schema">
        <wwreport:Data key="URI" value="file:///C:/Documents%20and%20Settings/hadfielj/My%20Documents/ePublisher%20Pro%20Projects/caIntegrator2/Output/WebWorks%20Help%205.0/caIntegrator2/SearchingWithinAStudy.4.4.html#1077266" />
      </wwreport:Link>
    </Navigation>
    <Navigation context="details">
      <Link protocol="wwh5api">
        <Data key="BaseURI" value="file:///C:/Program%20Files/WebWorks/ePublisher%20Pro/Help/en" />
        <Data key="Context" value="reports" />
        <Data key="Topic" value="style_overrides" />
      </Link>
    </Navigation>
  </Entry>
  <Entry context="styles" type="overrides-exist" severity="warning">
    <Description>Unnamed Character style overrides exist.</Description>
    <Navigation context="source">
      <Link protocol="adapter">
        <Data key="Path" value="C:\Documents and Settings\hadfielj\My Documents\CBIIT Projects\caIntegrator2\SearchingWithinAStudy.fm" />
        <Data key="DocumentID" value="57AFBCFEDFC56166" />
        <Data key="ID" value="1076732" />
      </Link>
    </Navigation>
    <Navigation context="output">
      <wwreport:Link protocol="uri" xmlns:wwreport="urn:WebWorks-Reports-Schema">
        <wwreport:Data key="URI" value="file:///C:/Documents%20and%20Settings/hadfielj/My%20Documents/ePublisher%20Pro%20Projects/caIntegrator2/Output/WebWorks%20Help%205.0/caIntegrator2/SearchingWithinAStudy.4.4.html#1076732" />
      </wwreport:Link>
    </Navigation>
    <Navigation context="details">
      <Link protocol="wwh5api">
        <Data key="BaseURI" value="file:///C:/Program%20Files/WebWorks/ePublisher%20Pro/Help/en" />
        <Data key="Context" value="reports" />
        <Data key="Topic" value="style_overrides" />
      </Link>
    </Navigation>
  </Entry>
  <Entry context="styles" type="overrides-exist" severity="warning">
    <Description>Unnamed Character style overrides exist.</Description>
    <Navigation context="source">
      <Link protocol="adapter">
        <Data key="Path" value="C:\Documents and Settings\hadfielj\My Documents\CBIIT Projects\caIntegrator2\SearchingWithinAStudy.fm" />
        <Data key="DocumentID" value="57AFBCFEDFC56166" />
        <Data key="ID" value="1076732" />
      </Link>
    </Navigation>
    <Navigation context="output">
      <wwreport:Link protocol="uri" xmlns:wwreport="urn:WebWorks-Reports-Schema">
        <wwreport:Data key="URI" value="file:///C:/Documents%20and%20Settings/hadfielj/My%20Documents/ePublisher%20Pro%20Projects/caIntegrator2/Output/WebWorks%20Help%205.0/caIntegrator2/SearchingWithinAStudy.4.4.html#1076732" />
      </wwreport:Link>
    </Navigation>
    <Navigation context="details">
      <Link protocol="wwh5api">
        <Data key="BaseURI" value="file:///C:/Program%20Files/WebWorks/ePublisher%20Pro/Help/en" />
        <Data key="Context" value="reports" />
        <Data key="Topic" value="style_overrides" />
      </Link>
    </Navigation>
  </Entry>
  <Entry context="styles" type="overrides-exist" severity="warning">
    <Description>Unnamed Character style overrides exist.</Description>
    <Navigation context="source">
      <Link protocol="adapter">
        <Data key="Path" value="C:\Documents and Settings\hadfielj\My Documents\CBIIT Projects\caIntegrator2\SearchingWithinAStudy.fm" />
        <Data key="DocumentID" value="57AFBCFEDFC56166" />
        <Data key="ID" value="1074616" />
      </Link>
    </Navigation>
    <Navigation context="output">
      <wwreport:Link protocol="uri" xmlns:wwreport="urn:WebWorks-Reports-Schema">
        <wwreport:Data key="URI" value="file:///C:/Documents%20and%20Settings/hadfielj/My%20Documents/ePublisher%20Pro%20Projects/caIntegrator2/Output/WebWorks%20Help%205.0/caIntegrator2/SearchingWithinAStudy.4.4.html#1074616" />
      </wwreport:Link>
    </Navigation>
    <Navigation context="details">
      <Link protocol="wwh5api">
        <Data key="BaseURI" value="file:///C:/Program%20Files/WebWorks/ePublisher%20Pro/Help/en" />
        <Data key="Context" value="reports" />
        <Data key="Topic" value="style_overrides" />
      </Link>
    </Navigation>
  </Entry>
  <Entry context="styles" type="overrides-exist" severity="warning">
    <Description>Unnamed Character style overrides exist.</Description>
    <Navigation context="source">
      <Link protocol="adapter">
        <Data key="Path" value="C:\Documents and Settings\hadfielj\My Documents\CBIIT Projects\caIntegrator2\SearchingWithinAStudy.fm" />
        <Data key="DocumentID" value="57AFBCFEDFC56166" />
        <Data key="ID" value="1074616" />
      </Link>
    </Navigation>
    <Navigation context="output">
      <wwreport:Link protocol="uri" xmlns:wwreport="urn:WebWorks-Reports-Schema">
        <wwreport:Data key="URI" value="file:///C:/Documents%20and%20Settings/hadfielj/My%20Documents/ePublisher%20Pro%20Projects/caIntegrator2/Output/WebWorks%20Help%205.0/caIntegrator2/SearchingWithinAStudy.4.4.html#1074616" />
      </wwreport:Link>
    </Navigation>
    <Navigation context="details">
      <Link protocol="wwh5api">
        <Data key="BaseURI" value="file:///C:/Program%20Files/WebWorks/ePublisher%20Pro/Help/en" />
        <Data key="Context" value="reports" />
        <Data key="Topic" value="style_overrides" />
      </Link>
    </Navigation>
  </Entry>
  <Entry context="styles" type="overrides-exist" severity="warning">
    <Description>Character style overrides exist for 'Emphasis'.</Description>
    <Navigation context="source">
      <Link protocol="adapter">
        <Data key="Path" value="C:\Documents and Settings\hadfielj\My Documents\CBIIT Projects\caIntegrator2\SearchingWithinAStudy.fm" />
        <Data key="DocumentID" value="57AFBCFEDFC56166" />
        <Data key="ID" value="1074618" />
      </Link>
    </Navigation>
    <Navigation context="output">
      <wwreport:Link protocol="uri" xmlns:wwreport="urn:WebWorks-Reports-Schema">
        <wwreport:Data key="URI" value="file:///C:/Documents%20and%20Settings/hadfielj/My%20Documents/ePublisher%20Pro%20Projects/caIntegrator2/Output/WebWorks%20Help%205.0/caIntegrator2/SearchingWithinAStudy.4.4.html#1074618" />
      </wwreport:Link>
    </Navigation>
    <Navigation context="details">
      <Link protocol="wwh5api">
        <Data key="BaseURI" value="file:///C:/Program%20Files/WebWorks/ePublisher%20Pro/Help/en" />
        <Data key="Context" value="reports" />
        <Data key="Topic" value="style_overrides" />
      </Link>
    </Navigation>
  </Entry>
  <Entry context="styles" type="overrides-exist" severity="warning">
    <Description>Unnamed Character style overrides exist.</Description>
    <Navigation context="source">
      <Link protocol="adapter">
        <Data key="Path" value="C:\Documents and Settings\hadfielj\My Documents\CBIIT Projects\caIntegrator2\SearchingWithinAStudy.fm" />
        <Data key="DocumentID" value="57AFBCFEDFC56166" />
        <Data key="ID" value="1077739" />
      </Link>
    </Navigation>
    <Navigation context="output">
      <wwreport:Link protocol="uri" xmlns:wwreport="urn:WebWorks-Reports-Schema">
        <wwreport:Data key="URI" value="file:///C:/Documents%20and%20Settings/hadfielj/My%20Documents/ePublisher%20Pro%20Projects/caIntegrator2/Output/WebWorks%20Help%205.0/caIntegrator2/SearchingWithinAStudy.4.4.html#1077739" />
      </wwreport:Link>
    </Navigation>
    <Navigation context="details">
      <Link protocol="wwh5api">
        <Data key="BaseURI" value="file:///C:/Program%20Files/WebWorks/ePublisher%20Pro/Help/en" />
        <Data key="Context" value="reports" />
        <Data key="Topic" value="style_overrides" />
      </Link>
    </Navigation>
  </Entry>
  <Entry context="styles" type="overrides-exist" severity="warning">
    <Description>Character style overrides exist for 'Emphasis'.</Description>
    <Navigation context="source">
      <Link protocol="adapter">
        <Data key="Path" value="C:\Documents and Settings\hadfielj\My Documents\CBIIT Projects\caIntegrator2\SearchingWithinAStudy.fm" />
        <Data key="DocumentID" value="57AFBCFEDFC56166" />
        <Data key="ID" value="1077739" />
      </Link>
    </Navigation>
    <Navigation context="output">
      <wwreport:Link protocol="uri" xmlns:wwreport="urn:WebWorks-Reports-Schema">
        <wwreport:Data key="URI" value="file:///C:/Documents%20and%20Settings/hadfielj/My%20Documents/ePublisher%20Pro%20Projects/caIntegrator2/Output/WebWorks%20Help%205.0/caIntegrator2/SearchingWithinAStudy.4.4.html#1077739" />
      </wwreport:Link>
    </Navigation>
    <Navigation context="details">
      <Link protocol="wwh5api">
        <Data key="BaseURI" value="file:///C:/Program%20Files/WebWorks/ePublisher%20Pro/Help/en" />
        <Data key="Context" value="reports" />
        <Data key="Topic" value="style_overrides" />
      </Link>
    </Navigation>
  </Entry>
  <Entry context="styles" type="overrides-exist" severity="warning">
    <Description>Character style overrides exist for 'Emphasis'.</Description>
    <Navigation context="source">
      <Link protocol="adapter">
        <Data key="Path" value="C:\Documents and Settings\hadfielj\My Documents\CBIIT Projects\caIntegrator2\SearchingWithinAStudy.fm" />
        <Data key="DocumentID" value="57AFBCFEDFC56166" />
        <Data key="ID" value="1082111" />
      </Link>
    </Navigation>
    <Navigation context="output">
      <wwreport:Link protocol="uri" xmlns:wwreport="urn:WebWorks-Reports-Schema">
        <wwreport:Data key="URI" value="file:///C:/Documents%20and%20Settings/hadfielj/My%20Documents/ePublisher%20Pro%20Projects/caIntegrator2/Output/WebWorks%20Help%205.0/caIntegrator2/SearchingWithinAStudy.4.4.html#1082111" />
      </wwreport:Link>
    </Navigation>
    <Navigation context="details">
      <Link protocol="wwh5api">
        <Data key="BaseURI" value="file:///C:/Program%20Files/WebWorks/ePublisher%20Pro/Help/en" />
        <Data key="Context" value="reports" />
        <Data key="Topic" value="style_overrides" />
      </Link>
    </Navigation>
  </Entry>
  <Entry context="styles" type="overrides-exist" severity="warning">
    <Description>Character style overrides exist for 'Emphasis'.</Description>
    <Navigation context="source">
      <Link protocol="adapter">
        <Data key="Path" value="C:\Documents and Settings\hadfielj\My Documents\CBIIT Projects\caIntegrator2\SearchingWithinAStudy.fm" />
        <Data key="DocumentID" value="57AFBCFEDFC56166" />
        <Data key="ID" value="1082115" />
      </Link>
    </Navigation>
    <Navigation context="output">
      <wwreport:Link protocol="uri" xmlns:wwreport="urn:WebWorks-Reports-Schema">
        <wwreport:Data key="URI" value="file:///C:/Documents%20and%20Settings/hadfielj/My%20Documents/ePublisher%20Pro%20Projects/caIntegrator2/Output/WebWorks%20Help%205.0/caIntegrator2/SearchingWithinAStudy.4.4.html#1082115" />
      </wwreport:Link>
    </Navigation>
    <Navigation context="details">
      <Link protocol="wwh5api">
        <Data key="BaseURI" value="file:///C:/Program%20Files/WebWorks/ePublisher%20Pro/Help/en" />
        <Data key="Context" value="reports" />
        <Data key="Topic" value="style_overrides" />
      </Link>
    </Navigation>
  </Entry>
  <Entry context="styles" type="overrides-exist" severity="warning">
    <Description>Character style overrides exist for 'Emphasis'.</Description>
    <Navigation context="source">
      <Link protocol="adapter">
        <Data key="Path" value="C:\Documents and Settings\hadfielj\My Documents\CBIIT Projects\caIntegrator2\SearchingWithinAStudy.fm" />
        <Data key="DocumentID" value="57AFBCFEDFC56166" />
        <Data key="ID" value="1082119" />
      </Link>
    </Navigation>
    <Navigation context="output">
      <wwreport:Link protocol="uri" xmlns:wwreport="urn:WebWorks-Reports-Schema">
        <wwreport:Data key="URI" value="file:///C:/Documents%20and%20Settings/hadfielj/My%20Documents/ePublisher%20Pro%20Projects/caIntegrator2/Output/WebWorks%20Help%205.0/caIntegrator2/SearchingWithinAStudy.4.4.html#1082119" />
      </wwreport:Link>
    </Navigation>
    <Navigation context="details">
      <Link protocol="wwh5api">
        <Data key="BaseURI" value="file:///C:/Program%20Files/WebWorks/ePublisher%20Pro/Help/en" />
        <Data key="Context" value="reports" />
        <Data key="Topic" value="style_overrides" />
      </Link>
    </Navigation>
  </Entry>
  <Entry context="styles" type="overrides-exist" severity="warning">
    <Description>Character style overrides exist for 'Emphasis'.</Description>
    <Navigation context="source">
      <Link protocol="adapter">
        <Data key="Path" value="C:\Documents and Settings\hadfielj\My Documents\CBIIT Projects\caIntegrator2\SearchingWithinAStudy.fm" />
        <Data key="DocumentID" value="57AFBCFEDFC56166" />
        <Data key="ID" value="1082123" />
      </Link>
    </Navigation>
    <Navigation context="output">
      <wwreport:Link protocol="uri" xmlns:wwreport="urn:WebWorks-Reports-Schema">
        <wwreport:Data key="URI" value="file:///C:/Documents%20and%20Settings/hadfielj/My%20Documents/ePublisher%20Pro%20Projects/caIntegrator2/Output/WebWorks%20Help%205.0/caIntegrator2/SearchingWithinAStudy.4.4.html#1082123" />
      </wwreport:Link>
    </Navigation>
    <Navigation context="details">
      <Link protocol="wwh5api">
        <Data key="BaseURI" value="file:///C:/Program%20Files/WebWorks/ePublisher%20Pro/Help/en" />
        <Data key="Context" value="reports" />
        <Data key="Topic" value="style_overrides" />
      </Link>
    </Navigation>
  </Entry>
  <Entry context="styles" type="overrides-exist" severity="warning">
    <Description>Character style overrides exist for 'Emphasis'.</Description>
    <Navigation context="source">
      <Link protocol="adapter">
        <Data key="Path" value="C:\Documents and Settings\hadfielj\My Documents\CBIIT Projects\caIntegrator2\SearchingWithinAStudy.fm" />
        <Data key="DocumentID" value="57AFBCFEDFC56166" />
        <Data key="ID" value="1082132" />
      </Link>
    </Navigation>
    <Navigation context="output">
      <wwreport:Link protocol="uri" xmlns:wwreport="urn:WebWorks-Reports-Schema">
        <wwreport:Data key="URI" value="file:///C:/Documents%20and%20Settings/hadfielj/My%20Documents/ePublisher%20Pro%20Projects/caIntegrator2/Output/WebWorks%20Help%205.0/caIntegrator2/SearchingWithinAStudy.4.5.html#1082132" />
      </wwreport:Link>
    </Navigation>
    <Navigation context="details">
      <Link protocol="wwh5api">
        <Data key="BaseURI" value="file:///C:/Program%20Files/WebWorks/ePublisher%20Pro/Help/en" />
        <Data key="Context" value="reports" />
        <Data key="Topic" value="style_overrides" />
      </Link>
    </Navigation>
  </Entry>
  <Entry context="styles" type="overrides-exist" severity="warning">
    <Description>Character style overrides exist for 'Emphasis'.</Description>
    <Navigation context="source">
      <Link protocol="adapter">
        <Data key="Path" value="C:\Documents and Settings\hadfielj\My Documents\CBIIT Projects\caIntegrator2\SearchingWithinAStudy.fm" />
        <Data key="DocumentID" value="57AFBCFEDFC56166" />
        <Data key="ID" value="1082136" />
      </Link>
    </Navigation>
    <Navigation context="output">
      <wwreport:Link protocol="uri" xmlns:wwreport="urn:WebWorks-Reports-Schema">
        <wwreport:Data key="URI" value="file:///C:/Documents%20and%20Settings/hadfielj/My%20Documents/ePublisher%20Pro%20Projects/caIntegrator2/Output/WebWorks%20Help%205.0/caIntegrator2/SearchingWithinAStudy.4.5.html#1082136" />
      </wwreport:Link>
    </Navigation>
    <Navigation context="details">
      <Link protocol="wwh5api">
        <Data key="BaseURI" value="file:///C:/Program%20Files/WebWorks/ePublisher%20Pro/Help/en" />
        <Data key="Context" value="reports" />
        <Data key="Topic" value="style_overrides" />
      </Link>
    </Navigation>
  </Entry>
  <Entry context="styles" type="overrides-exist" severity="warning">
    <Description>Unnamed Character style overrides exist.</Description>
    <Navigation context="source">
      <Link protocol="adapter">
        <Data key="Path" value="C:\Documents and Settings\hadfielj\My Documents\CBIIT Projects\caIntegrator2\SearchingWithinAStudy.fm" />
        <Data key="DocumentID" value="57AFBCFEDFC56166" />
        <Data key="ID" value="1075755" />
      </Link>
    </Navigation>
    <Navigation context="output">
      <wwreport:Link protocol="uri" xmlns:wwreport="urn:WebWorks-Reports-Schema">
        <wwreport:Data key="URI" value="file:///C:/Documents%20and%20Settings/hadfielj/My%20Documents/ePublisher%20Pro%20Projects/caIntegrator2/Output/WebWorks%20Help%205.0/caIntegrator2/SearchingWithinAStudy.4.6.html#1075755" />
      </wwreport:Link>
    </Navigation>
    <Navigation context="details">
      <Link protocol="wwh5api">
        <Data key="BaseURI" value="file:///C:/Program%20Files/WebWorks/ePublisher%20Pro/Help/en" />
        <Data key="Context" value="reports" />
        <Data key="Topic" value="style_overrides" />
      </Link>
    </Navigation>
  </Entry>
  <Entry context="styles" type="overrides-exist" severity="warning">
    <Description>Unnamed Character style overrides exist.</Description>
    <Navigation context="source">
      <Link protocol="adapter">
        <Data key="Path" value="C:\Documents and Settings\hadfielj\My Documents\CBIIT Projects\caIntegrator2\SearchingWithinAStudy.fm" />
        <Data key="DocumentID" value="57AFBCFEDFC56166" />
        <Data key="ID" value="1075755" />
      </Link>
    </Navigation>
    <Navigation context="output">
      <wwreport:Link protocol="uri" xmlns:wwreport="urn:WebWorks-Reports-Schema">
        <wwreport:Data key="URI" value="file:///C:/Documents%20and%20Settings/hadfielj/My%20Documents/ePublisher%20Pro%20Projects/caIntegrator2/Output/WebWorks%20Help%205.0/caIntegrator2/SearchingWithinAStudy.4.6.html#1075755" />
      </wwreport:Link>
    </Navigation>
    <Navigation context="details">
      <Link protocol="wwh5api">
        <Data key="BaseURI" value="file:///C:/Program%20Files/WebWorks/ePublisher%20Pro/Help/en" />
        <Data key="Context" value="reports" />
        <Data key="Topic" value="style_overrides" />
      </Link>
    </Navigation>
  </Entry>
  <Entry context="styles" type="overrides-exist" severity="warning">
    <Description>Unnamed Character style overrides exist.</Description>
    <Navigation context="source">
      <Link protocol="adapter">
        <Data key="Path" value="C:\Documents and Settings\hadfielj\My Documents\CBIIT Projects\caIntegrator2\SearchingWithinAStudy.fm" />
        <Data key="DocumentID" value="57AFBCFEDFC56166" />
        <Data key="ID" value="1075755" />
      </Link>
    </Navigation>
    <Navigation context="output">
      <wwreport:Link protocol="uri" xmlns:wwreport="urn:WebWorks-Reports-Schema">
        <wwreport:Data key="URI" value="file:///C:/Documents%20and%20Settings/hadfielj/My%20Documents/ePublisher%20Pro%20Projects/caIntegrator2/Output/WebWorks%20Help%205.0/caIntegrator2/SearchingWithinAStudy.4.6.html#1075755" />
      </wwreport:Link>
    </Navigation>
    <Navigation context="details">
      <Link protocol="wwh5api">
        <Data key="BaseURI" value="file:///C:/Program%20Files/WebWorks/ePublisher%20Pro/Help/en" />
        <Data key="Context" value="reports" />
        <Data key="Topic" value="style_overrides" />
      </Link>
    </Navigation>
  </Entry>
  <Entry context="styles" type="overrides-exist" severity="warning">
    <Description>Unnamed Character style overrides exist.</Description>
    <Navigation context="source">
      <Link protocol="adapter">
        <Data key="Path" value="C:\Documents and Settings\hadfielj\My Documents\CBIIT Projects\caIntegrator2\SearchingWithinAStudy.fm" />
        <Data key="DocumentID" value="57AFBCFEDFC56166" />
        <Data key="ID" value="1075755" />
      </Link>
    </Navigation>
    <Navigation context="output">
      <wwreport:Link protocol="uri" xmlns:wwreport="urn:WebWorks-Reports-Schema">
        <wwreport:Data key="URI" value="file:///C:/Documents%20and%20Settings/hadfielj/My%20Documents/ePublisher%20Pro%20Projects/caIntegrator2/Output/WebWorks%20Help%205.0/caIntegrator2/SearchingWithinAStudy.4.6.html#1075755" />
      </wwreport:Link>
    </Navigation>
    <Navigation context="details">
      <Link protocol="wwh5api">
        <Data key="BaseURI" value="file:///C:/Program%20Files/WebWorks/ePublisher%20Pro/Help/en" />
        <Data key="Context" value="reports" />
        <Data key="Topic" value="style_overrides" />
      </Link>
    </Navigation>
  </Entry>
  <Entry context="styles" type="overrides-exist" severity="warning">
    <Description>Unnamed Character style overrides exist.</Description>
    <Navigation context="source">
      <Link protocol="adapter">
        <Data key="Path" value="C:\Documents and Settings\hadfielj\My Documents\CBIIT Projects\caIntegrator2\SearchingWithinAStudy.fm" />
        <Data key="DocumentID" value="57AFBCFEDFC56166" />
        <Data key="ID" value="1075755" />
      </Link>
    </Navigation>
    <Navigation context="output">
      <wwreport:Link protocol="uri" xmlns:wwreport="urn:WebWorks-Reports-Schema">
        <wwreport:Data key="URI" value="file:///C:/Documents%20and%20Settings/hadfielj/My%20Documents/ePublisher%20Pro%20Projects/caIntegrator2/Output/WebWorks%20Help%205.0/caIntegrator2/SearchingWithinAStudy.4.6.html#1075755" />
      </wwreport:Link>
    </Navigation>
    <Navigation context="details">
      <Link protocol="wwh5api">
        <Data key="BaseURI" value="file:///C:/Program%20Files/WebWorks/ePublisher%20Pro/Help/en" />
        <Data key="Context" value="reports" />
        <Data key="Topic" value="style_overrides" />
      </Link>
    </Navigation>
  </Entry>
  <Entry context="styles" type="overrides-exist" severity="warning">
    <Description>Unnamed Character style overrides exist.</Description>
    <Navigation context="source">
      <Link protocol="adapter">
        <Data key="Path" value="C:\Documents and Settings\hadfielj\My Documents\CBIIT Projects\caIntegrator2\SearchingWithinAStudy.fm" />
        <Data key="DocumentID" value="57AFBCFEDFC56166" />
        <Data key="ID" value="1075757" />
      </Link>
    </Navigation>
    <Navigation context="output">
      <wwreport:Link protocol="uri" xmlns:wwreport="urn:WebWorks-Reports-Schema">
        <wwreport:Data key="URI" value="file:///C:/Documents%20and%20Settings/hadfielj/My%20Documents/ePublisher%20Pro%20Projects/caIntegrator2/Output/WebWorks%20Help%205.0/caIntegrator2/SearchingWithinAStudy.4.6.html#1075757" />
      </wwreport:Link>
    </Navigation>
    <Navigation context="details">
      <Link protocol="wwh5api">
        <Data key="BaseURI" value="file:///C:/Program%20Files/WebWorks/ePublisher%20Pro/Help/en" />
        <Data key="Context" value="reports" />
        <Data key="Topic" value="style_overrides" />
      </Link>
    </Navigation>
  </Entry>
  <Entry context="styles" type="overrides-exist" severity="warning">
    <Description>Unnamed Character style overrides exist.</Description>
    <Navigation context="source">
      <Link protocol="adapter">
        <Data key="Path" value="C:\Documents and Settings\hadfielj\My Documents\CBIIT Projects\caIntegrator2\SearchingWithinAStudy.fm" />
        <Data key="DocumentID" value="57AFBCFEDFC56166" />
        <Data key="ID" value="1075758" />
      </Link>
    </Navigation>
    <Navigation context="output">
      <wwreport:Link protocol="uri" xmlns:wwreport="urn:WebWorks-Reports-Schema">
        <wwreport:Data key="URI" value="file:///C:/Documents%20and%20Settings/hadfielj/My%20Documents/ePublisher%20Pro%20Projects/caIntegrator2/Output/WebWorks%20Help%205.0/caIntegrator2/SearchingWithinAStudy.4.6.html#1075758" />
      </wwreport:Link>
    </Navigation>
    <Navigation context="details">
      <Link protocol="wwh5api">
        <Data key="BaseURI" value="file:///C:/Program%20Files/WebWorks/ePublisher%20Pro/Help/en" />
        <Data key="Context" value="reports" />
        <Data key="Topic" value="style_overrides" />
      </Link>
    </Navigation>
  </Entry>
  <Entry context="styles" type="overrides-exist" severity="warning">
    <Description>Unnamed Character style overrides exist.</Description>
    <Navigation context="source">
      <Link protocol="adapter">
        <Data key="Path" value="C:\Documents and Settings\hadfielj\My Documents\CBIIT Projects\caIntegrator2\SearchingWithinAStudy.fm" />
        <Data key="DocumentID" value="57AFBCFEDFC56166" />
        <Data key="ID" value="1075758" />
      </Link>
    </Navigation>
    <Navigation context="output">
      <wwreport:Link protocol="uri" xmlns:wwreport="urn:WebWorks-Reports-Schema">
        <wwreport:Data key="URI" value="file:///C:/Documents%20and%20Settings/hadfielj/My%20Documents/ePublisher%20Pro%20Projects/caIntegrator2/Output/WebWorks%20Help%205.0/caIntegrator2/SearchingWithinAStudy.4.6.html#1075758" />
      </wwreport:Link>
    </Navigation>
    <Navigation context="details">
      <Link protocol="wwh5api">
        <Data key="BaseURI" value="file:///C:/Program%20Files/WebWorks/ePublisher%20Pro/Help/en" />
        <Data key="Context" value="reports" />
        <Data key="Topic" value="style_overrides" />
      </Link>
    </Navigation>
  </Entry>
  <Entry context="styles" type="overrides-exist" severity="warning">
    <Description>Character style overrides exist for 'Emphasis'.</Description>
    <Navigation context="source">
      <Link protocol="adapter">
        <Data key="Path" value="C:\Documents and Settings\hadfielj\My Documents\CBIIT Projects\caIntegrator2\SearchingWithinAStudy.fm" />
        <Data key="DocumentID" value="57AFBCFEDFC56166" />
        <Data key="ID" value="1082144" />
      </Link>
    </Navigation>
    <Navigation context="output">
      <wwreport:Link protocol="uri" xmlns:wwreport="urn:WebWorks-Reports-Schema">
        <wwreport:Data key="URI" value="file:///C:/Documents%20and%20Settings/hadfielj/My%20Documents/ePublisher%20Pro%20Projects/caIntegrator2/Output/WebWorks%20Help%205.0/caIntegrator2/SearchingWithinAStudy.4.6.html#1082144" />
      </wwreport:Link>
    </Navigation>
    <Navigation context="details">
      <Link protocol="wwh5api">
        <Data key="BaseURI" value="file:///C:/Program%20Files/WebWorks/ePublisher%20Pro/Help/en" />
        <Data key="Context" value="reports" />
        <Data key="Topic" value="style_overrides" />
      </Link>
    </Navigation>
  </Entry>
  <Entry context="styles" type="overrides-exist" severity="warning">
    <Description>Character style overrides exist for 'Emphasis'.</Description>
    <Navigation context="source">
      <Link protocol="adapter">
        <Data key="Path" value="C:\Documents and Settings\hadfielj\My Documents\CBIIT Projects\caIntegrator2\SearchingWithinAStudy.fm" />
        <Data key="DocumentID" value="57AFBCFEDFC56166" />
        <Data key="ID" value="1082148" />
      </Link>
    </Navigation>
    <Navigation context="output">
      <wwreport:Link protocol="uri" xmlns:wwreport="urn:WebWorks-Reports-Schema">
        <wwreport:Data key="URI" value="file:///C:/Documents%20and%20Settings/hadfielj/My%20Documents/ePublisher%20Pro%20Projects/caIntegrator2/Output/WebWorks%20Help%205.0/caIntegrator2/SearchingWithinAStudy.4.6.html#1082148" />
      </wwreport:Link>
    </Navigation>
    <Navigation context="details">
      <Link protocol="wwh5api">
        <Data key="BaseURI" value="file:///C:/Program%20Files/WebWorks/ePublisher%20Pro/Help/en" />
        <Data key="Context" value="reports" />
        <Data key="Topic" value="style_overrides" />
      </Link>
    </Navigation>
  </Entry>
  <Entry context="styles" type="overrides-exist" severity="warning">
    <Description>Character style overrides exist for 'Emphasis'.</Description>
    <Navigation context="source">
      <Link protocol="adapter">
        <Data key="Path" value="C:\Documents and Settings\hadfielj\My Documents\CBIIT Projects\caIntegrator2\SearchingWithinAStudy.fm" />
        <Data key="DocumentID" value="57AFBCFEDFC56166" />
        <Data key="ID" value="1082152" />
      </Link>
    </Navigation>
    <Navigation context="output">
      <wwreport:Link protocol="uri" xmlns:wwreport="urn:WebWorks-Reports-Schema">
        <wwreport:Data key="URI" value="file:///C:/Documents%20and%20Settings/hadfielj/My%20Documents/ePublisher%20Pro%20Projects/caIntegrator2/Output/WebWorks%20Help%205.0/caIntegrator2/SearchingWithinAStudy.4.6.html#1082152" />
      </wwreport:Link>
    </Navigation>
    <Navigation context="details">
      <Link protocol="wwh5api">
        <Data key="BaseURI" value="file:///C:/Program%20Files/WebWorks/ePublisher%20Pro/Help/en" />
        <Data key="Context" value="reports" />
        <Data key="Topic" value="style_overrides" />
      </Link>
    </Navigation>
  </Entry>
  <Entry context="styles" type="overrides-exist" severity="warning">
    <Description>Character style overrides exist for 'Emphasis'.</Description>
    <Navigation context="source">
      <Link protocol="adapter">
        <Data key="Path" value="C:\Documents and Settings\hadfielj\My Documents\CBIIT Projects\caIntegrator2\SearchingWithinAStudy.fm" />
        <Data key="DocumentID" value="57AFBCFEDFC56166" />
        <Data key="ID" value="1082156" />
      </Link>
    </Navigation>
    <Navigation context="output">
      <wwreport:Link protocol="uri" xmlns:wwreport="urn:WebWorks-Reports-Schema">
        <wwreport:Data key="URI" value="file:///C:/Documents%20and%20Settings/hadfielj/My%20Documents/ePublisher%20Pro%20Projects/caIntegrator2/Output/WebWorks%20Help%205.0/caIntegrator2/SearchingWithinAStudy.4.6.html#1082156" />
      </wwreport:Link>
    </Navigation>
    <Navigation context="details">
      <Link protocol="wwh5api">
        <Data key="BaseURI" value="file:///C:/Program%20Files/WebWorks/ePublisher%20Pro/Help/en" />
        <Data key="Context" value="reports" />
        <Data key="Topic" value="style_overrides" />
      </Link>
    </Navigation>
  </Entry>
  <Entry context="styles" type="overrides-exist" severity="warning">
    <Description>Unnamed Character style overrides exist.</Description>
    <Navigation context="source">
      <Link protocol="adapter">
        <Data key="Path" value="C:\Documents and Settings\hadfielj\My Documents\CBIIT Projects\caIntegrator2\SearchingWithinAStudy.fm" />
        <Data key="DocumentID" value="57AFBCFEDFC56166" />
        <Data key="ID" value="1073533" />
      </Link>
    </Navigation>
    <Navigation context="output">
      <wwreport:Link protocol="uri" xmlns:wwreport="urn:WebWorks-Reports-Schema">
        <wwreport:Data key="URI" value="file:///C:/Documents%20and%20Settings/hadfielj/My%20Documents/ePublisher%20Pro%20Projects/caIntegrator2/Output/WebWorks%20Help%205.0/caIntegrator2/SearchingWithinAStudy.4.7.html#1073533" />
      </wwreport:Link>
    </Navigation>
    <Navigation context="details">
      <Link protocol="wwh5api">
        <Data key="BaseURI" value="file:///C:/Program%20Files/WebWorks/ePublisher%20Pro/Help/en" />
        <Data key="Context" value="reports" />
        <Data key="Topic" value="style_overrides" />
      </Link>
    </Navigation>
  </Entry>
  <Entry context="styles" type="overrides-exist" severity="warning">
    <Description>Unnamed Character style overrides exist.</Description>
    <Navigation context="source">
      <Link protocol="adapter">
        <Data key="Path" value="C:\Documents and Settings\hadfielj\My Documents\CBIIT Projects\caIntegrator2\SearchingWithinAStudy.fm" />
        <Data key="DocumentID" value="57AFBCFEDFC56166" />
        <Data key="ID" value="1073533" />
      </Link>
    </Navigation>
    <Navigation context="output">
      <wwreport:Link protocol="uri" xmlns:wwreport="urn:WebWorks-Reports-Schema">
        <wwreport:Data key="URI" value="file:///C:/Documents%20and%20Settings/hadfielj/My%20Documents/ePublisher%20Pro%20Projects/caIntegrator2/Output/WebWorks%20Help%205.0/caIntegrator2/SearchingWithinAStudy.4.7.html#1073533" />
      </wwreport:Link>
    </Navigation>
    <Navigation context="details">
      <Link protocol="wwh5api">
        <Data key="BaseURI" value="file:///C:/Program%20Files/WebWorks/ePublisher%20Pro/Help/en" />
        <Data key="Context" value="reports" />
        <Data key="Topic" value="style_overrides" />
      </Link>
    </Navigation>
  </Entry>
  <Entry context="styles" type="overrides-exist" severity="warning">
    <Description>Unnamed Character style overrides exist.</Description>
    <Navigation context="source">
      <Link protocol="adapter">
        <Data key="Path" value="C:\Documents and Settings\hadfielj\My Documents\CBIIT Projects\caIntegrator2\SearchingWithinAStudy.fm" />
        <Data key="DocumentID" value="57AFBCFEDFC56166" />
        <Data key="ID" value="1077997" />
      </Link>
    </Navigation>
    <Navigation context="output">
      <wwreport:Link protocol="uri" xmlns:wwreport="urn:WebWorks-Reports-Schema">
        <wwreport:Data key="URI" value="file:///C:/Documents%20and%20Settings/hadfielj/My%20Documents/ePublisher%20Pro%20Projects/caIntegrator2/Output/WebWorks%20Help%205.0/caIntegrator2/SearchingWithinAStudy.4.7.html#1077997" />
      </wwreport:Link>
    </Navigation>
    <Navigation context="details">
      <Link protocol="wwh5api">
        <Data key="BaseURI" value="file:///C:/Program%20Files/WebWorks/ePublisher%20Pro/Help/en" />
        <Data key="Context" value="reports" />
        <Data key="Topic" value="style_overrides" />
      </Link>
    </Navigation>
  </Entry>
  <Entry context="styles" type="overrides-exist" severity="warning">
    <Description>Unnamed Character style overrides exist.</Description>
    <Navigation context="source">
      <Link protocol="adapter">
        <Data key="Path" value="C:\Documents and Settings\hadfielj\My Documents\CBIIT Projects\caIntegrator2\SearchingWithinAStudy.fm" />
        <Data key="DocumentID" value="57AFBCFEDFC56166" />
        <Data key="ID" value="1077998" />
      </Link>
    </Navigation>
    <Navigation context="output">
      <wwreport:Link protocol="uri" xmlns:wwreport="urn:WebWorks-Reports-Schema">
        <wwreport:Data key="URI" value="file:///C:/Documents%20and%20Settings/hadfielj/My%20Documents/ePublisher%20Pro%20Projects/caIntegrator2/Output/WebWorks%20Help%205.0/caIntegrator2/SearchingWithinAStudy.4.7.html#1077998" />
      </wwreport:Link>
    </Navigation>
    <Navigation context="details">
      <Link protocol="wwh5api">
        <Data key="BaseURI" value="file:///C:/Program%20Files/WebWorks/ePublisher%20Pro/Help/en" />
        <Data key="Context" value="reports" />
        <Data key="Topic" value="style_overrides" />
      </Link>
    </Navigation>
  </Entry>
  <Entry context="styles" type="overrides-exist" severity="warning">
    <Description>Character style overrides exist for 'Emphasis'.</Description>
    <Navigation context="source">
      <Link protocol="adapter">
        <Data key="Path" value="C:\Documents and Settings\hadfielj\My Documents\CBIIT Projects\caIntegrator2\SearchingWithinAStudy.fm" />
        <Data key="DocumentID" value="57AFBCFEDFC56166" />
        <Data key="ID" value="1082164" />
      </Link>
    </Navigation>
    <Navigation context="output">
      <wwreport:Link protocol="uri" xmlns:wwreport="urn:WebWorks-Reports-Schema">
        <wwreport:Data key="URI" value="file:///C:/Documents%20and%20Settings/hadfielj/My%20Documents/ePublisher%20Pro%20Projects/caIntegrator2/Output/WebWorks%20Help%205.0/caIntegrator2/SearchingWithinAStudy.4.7.html#1082164" />
      </wwreport:Link>
    </Navigation>
    <Navigation context="details">
      <Link protocol="wwh5api">
        <Data key="BaseURI" value="file:///C:/Program%20Files/WebWorks/ePublisher%20Pro/Help/en" />
        <Data key="Context" value="reports" />
        <Data key="Topic" value="style_overrides" />
      </Link>
    </Navigation>
  </Entry>
  <Entry context="styles" type="overrides-exist" severity="warning">
    <Description>Character style overrides exist for 'Emphasis'.</Description>
    <Navigation context="source">
      <Link protocol="adapter">
        <Data key="Path" value="C:\Documents and Settings\hadfielj\My Documents\CBIIT Projects\caIntegrator2\SearchingWithinAStudy.fm" />
        <Data key="DocumentID" value="57AFBCFEDFC56166" />
        <Data key="ID" value="1082168" />
      </Link>
    </Navigation>
    <Navigation context="output">
      <wwreport:Link protocol="uri" xmlns:wwreport="urn:WebWorks-Reports-Schema">
        <wwreport:Data key="URI" value="file:///C:/Documents%20and%20Settings/hadfielj/My%20Documents/ePublisher%20Pro%20Projects/caIntegrator2/Output/WebWorks%20Help%205.0/caIntegrator2/SearchingWithinAStudy.4.7.html#1082168" />
      </wwreport:Link>
    </Navigation>
    <Navigation context="details">
      <Link protocol="wwh5api">
        <Data key="BaseURI" value="file:///C:/Program%20Files/WebWorks/ePublisher%20Pro/Help/en" />
        <Data key="Context" value="reports" />
        <Data key="Topic" value="style_overrides" />
      </Link>
    </Navigation>
  </Entry>
  <Entry context="styles" type="overrides-exist" severity="warning">
    <Description>Character style overrides exist for 'Emphasis'.</Description>
    <Navigation context="source">
      <Link protocol="adapter">
        <Data key="Path" value="C:\Documents and Settings\hadfielj\My Documents\CBIIT Projects\caIntegrator2\SearchingWithinAStudy.fm" />
        <Data key="DocumentID" value="57AFBCFEDFC56166" />
        <Data key="ID" value="1082172" />
      </Link>
    </Navigation>
    <Navigation context="output">
      <wwreport:Link protocol="uri" xmlns:wwreport="urn:WebWorks-Reports-Schema">
        <wwreport:Data key="URI" value="file:///C:/Documents%20and%20Settings/hadfielj/My%20Documents/ePublisher%20Pro%20Projects/caIntegrator2/Output/WebWorks%20Help%205.0/caIntegrator2/SearchingWithinAStudy.4.7.html#1082172" />
      </wwreport:Link>
    </Navigation>
    <Navigation context="details">
      <Link protocol="wwh5api">
        <Data key="BaseURI" value="file:///C:/Program%20Files/WebWorks/ePublisher%20Pro/Help/en" />
        <Data key="Context" value="reports" />
        <Data key="Topic" value="style_overrides" />
      </Link>
    </Navigation>
  </Entry>
  <Entry context="styles" type="overrides-exist" severity="warning">
    <Description>Character style overrides exist for 'Emphasis'.</Description>
    <Navigation context="source">
      <Link protocol="adapter">
        <Data key="Path" value="C:\Documents and Settings\hadfielj\My Documents\CBIIT Projects\caIntegrator2\SearchingWithinAStudy.fm" />
        <Data key="DocumentID" value="57AFBCFEDFC56166" />
        <Data key="ID" value="1082176" />
      </Link>
    </Navigation>
    <Navigation context="output">
      <wwreport:Link protocol="uri" xmlns:wwreport="urn:WebWorks-Reports-Schema">
        <wwreport:Data key="URI" value="file:///C:/Documents%20and%20Settings/hadfielj/My%20Documents/ePublisher%20Pro%20Projects/caIntegrator2/Output/WebWorks%20Help%205.0/caIntegrator2/SearchingWithinAStudy.4.7.html#1082176" />
      </wwreport:Link>
    </Navigation>
    <Navigation context="details">
      <Link protocol="wwh5api">
        <Data key="BaseURI" value="file:///C:/Program%20Files/WebWorks/ePublisher%20Pro/Help/en" />
        <Data key="Context" value="reports" />
        <Data key="Topic" value="style_overrides" />
      </Link>
    </Navigation>
  </Entry>
  <Entry context="styles" type="overrides-exist" severity="warning">
    <Description>Character style overrides exist for 'Emphasis'.</Description>
    <Navigation context="source">
      <Link protocol="adapter">
        <Data key="Path" value="C:\Documents and Settings\hadfielj\My Documents\CBIIT Projects\caIntegrator2\SearchingWithinAStudy.fm" />
        <Data key="DocumentID" value="57AFBCFEDFC56166" />
        <Data key="ID" value="1073522" />
      </Link>
    </Navigation>
    <Navigation context="output">
      <wwreport:Link protocol="uri" xmlns:wwreport="urn:WebWorks-Reports-Schema">
        <wwreport:Data key="URI" value="file:///C:/Documents%20and%20Settings/hadfielj/My%20Documents/ePublisher%20Pro%20Projects/caIntegrator2/Output/WebWorks%20Help%205.0/caIntegrator2/SearchingWithinAStudy.4.8.html#1073522" />
      </wwreport:Link>
    </Navigation>
    <Navigation context="details">
      <Link protocol="wwh5api">
        <Data key="BaseURI" value="file:///C:/Program%20Files/WebWorks/ePublisher%20Pro/Help/en" />
        <Data key="Context" value="reports" />
        <Data key="Topic" value="style_overrides" />
      </Link>
    </Navigation>
  </Entry>
  <Entry context="styles" type="overrides-exist" severity="warning">
    <Description>Character style overrides exist for 'Emphasis'.</Description>
    <Navigation context="source">
      <Link protocol="adapter">
        <Data key="Path" value="C:\Documents and Settings\hadfielj\My Documents\CBIIT Projects\caIntegrator2\SearchingWithinAStudy.fm" />
        <Data key="DocumentID" value="57AFBCFEDFC56166" />
        <Data key="ID" value="1082184" />
      </Link>
    </Navigation>
    <Navigation context="output">
      <wwreport:Link protocol="uri" xmlns:wwreport="urn:WebWorks-Reports-Schema">
        <wwreport:Data key="URI" value="file:///C:/Documents%20and%20Settings/hadfielj/My%20Documents/ePublisher%20Pro%20Projects/caIntegrator2/Output/WebWorks%20Help%205.0/caIntegrator2/SearchingWithinAStudy.4.8.html#1082184" />
      </wwreport:Link>
    </Navigation>
    <Navigation context="details">
      <Link protocol="wwh5api">
        <Data key="BaseURI" value="file:///C:/Program%20Files/WebWorks/ePublisher%20Pro/Help/en" />
        <Data key="Context" value="reports" />
        <Data key="Topic" value="style_overrides" />
      </Link>
    </Navigation>
  </Entry>
  <Entry context="styles" type="overrides-exist" severity="warning">
    <Description>Character style overrides exist for 'Emphasis'.</Description>
    <Navigation context="source">
      <Link protocol="adapter">
        <Data key="Path" value="C:\Documents and Settings\hadfielj\My Documents\CBIIT Projects\caIntegrator2\SearchingWithinAStudy.fm" />
        <Data key="DocumentID" value="57AFBCFEDFC56166" />
        <Data key="ID" value="1082188" />
      </Link>
    </Navigation>
    <Navigation context="output">
      <wwreport:Link protocol="uri" xmlns:wwreport="urn:WebWorks-Reports-Schema">
        <wwreport:Data key="URI" value="file:///C:/Documents%20and%20Settings/hadfielj/My%20Documents/ePublisher%20Pro%20Projects/caIntegrator2/Output/WebWorks%20Help%205.0/caIntegrator2/SearchingWithinAStudy.4.8.html#1082188" />
      </wwreport:Link>
    </Navigation>
    <Navigation context="details">
      <Link protocol="wwh5api">
        <Data key="BaseURI" value="file:///C:/Program%20Files/WebWorks/ePublisher%20Pro/Help/en" />
        <Data key="Context" value="reports" />
        <Data key="Topic" value="style_overrides" />
      </Link>
    </Navigation>
  </Entry>
  <Entry context="styles" type="overrides-exist" severity="warning">
    <Description>Character style overrides exist for 'Emphasis'.</Description>
    <Navigation context="source">
      <Link protocol="adapter">
        <Data key="Path" value="C:\Documents and Settings\hadfielj\My Documents\CBIIT Projects\caIntegrator2\SearchingWithinAStudy.fm" />
        <Data key="DocumentID" value="57AFBCFEDFC56166" />
        <Data key="ID" value="1082192" />
      </Link>
    </Navigation>
    <Navigation context="output">
      <wwreport:Link protocol="uri" xmlns:wwreport="urn:WebWorks-Reports-Schema">
        <wwreport:Data key="URI" value="file:///C:/Documents%20and%20Settings/hadfielj/My%20Documents/ePublisher%20Pro%20Projects/caIntegrator2/Output/WebWorks%20Help%205.0/caIntegrator2/SearchingWithinAStudy.4.8.html#1082192" />
      </wwreport:Link>
    </Navigation>
    <Navigation context="details">
      <Link protocol="wwh5api">
        <Data key="BaseURI" value="file:///C:/Program%20Files/WebWorks/ePublisher%20Pro/Help/en" />
        <Data key="Context" value="reports" />
        <Data key="Topic" value="style_overrides" />
      </Link>
    </Navigation>
  </Entry>
  <Entry context="styles" type="overrides-exist" severity="warning">
    <Description>Character style overrides exist for 'Emphasis'.</Description>
    <Navigation context="source">
      <Link protocol="adapter">
        <Data key="Path" value="C:\Documents and Settings\hadfielj\My Documents\CBIIT Projects\caIntegrator2\SearchingWithinAStudy.fm" />
        <Data key="DocumentID" value="57AFBCFEDFC56166" />
        <Data key="ID" value="1082196" />
      </Link>
    </Navigation>
    <Navigation context="output">
      <wwreport:Link protocol="uri" xmlns:wwreport="urn:WebWorks-Reports-Schema">
        <wwreport:Data key="URI" value="file:///C:/Documents%20and%20Settings/hadfielj/My%20Documents/ePublisher%20Pro%20Projects/caIntegrator2/Output/WebWorks%20Help%205.0/caIntegrator2/SearchingWithinAStudy.4.8.html#1082196" />
      </wwreport:Link>
    </Navigation>
    <Navigation context="details">
      <Link protocol="wwh5api">
        <Data key="BaseURI" value="file:///C:/Program%20Files/WebWorks/ePublisher%20Pro/Help/en" />
        <Data key="Context" value="reports" />
        <Data key="Topic" value="style_overrides" />
      </Link>
    </Navigation>
  </Entry>
</Report>