<?xml version="1.0" encoding="utf-8"?>
<Behaviors version="1.0" xmlns="urn:WebWorks-Behaviors-Schema">
  <Paragraph id="1070912" documentposition="3" splitpriority="1" dropdown="continue" popup="none" popup-page-rule="" />
  <Paragraph id="1073214" documentposition="4" splitpriority="none" dropdown="continue" popup="none" popup-page-rule="" />
  <Paragraph id="1075810" documentposition="5" splitpriority="none" dropdown="continue" popup="none" popup-page-rule="" />
  <Paragraph id="1080188" documentposition="6" splitpriority="none" dropdown="continue" popup="none" popup-page-rule="" />
  <Paragraph id="1075820" documentposition="7" splitpriority="none" dropdown="continue" popup="none" popup-page-rule="" />
  <Paragraph id="1075824" documentposition="8" splitpriority="none" dropdown="continue" popup="none" popup-page-rule="" />
  <Paragraph id="1075828" documentposition="9" splitpriority="none" dropdown="continue" popup="none" popup-page-rule="" />
  <Paragraph id="1078512" documentposition="10" splitpriority="none" dropdown="continue" popup="none" popup-page-rule="" />
  <Paragraph id="1075832" documentposition="11" splitpriority="none" dropdown="continue" popup="none" popup-page-rule="" />
  <Paragraph id="1075801" documentposition="12" splitpriority="2" dropdown="continue" popup="none" popup-page-rule="" />
  <Paragraph id="1073215" documentposition="13" splitpriority="none" dropdown="continue" popup="none" popup-page-rule="" />
  <Paragraph id="1073216" documentposition="14" splitpriority="none" dropdown="continue" popup="none" popup-page-rule="" />
  <Paragraph id="1073217" documentposition="15" splitpriority="none" dropdown="continue" popup="none" popup-page-rule="" />
  <Paragraph id="1073222" documentposition="16" splitpriority="none" dropdown="continue" popup="none" popup-page-rule="" />
  <Paragraph id="1073223" documentposition="17" splitpriority="none" dropdown="continue" popup="none" popup-page-rule="" />
  <Paragraph id="1081883" documentposition="18" splitpriority="none" relatedtopic="define-no-output" dropdown="continue" popup="none" popup-page-rule="" />
  <Paragraph id="1081887" documentposition="19" splitpriority="none" relatedtopic="define-no-output" dropdown="continue" popup="none" popup-page-rule="" />
  <Paragraph id="1081891" documentposition="20" splitpriority="none" relatedtopic="define-no-output" dropdown="continue" popup="none" popup-page-rule="" />
  <Paragraph id="1073225" documentposition="21" splitpriority="2" dropdown="continue" popup="none" popup-page-rule="" />
  <Paragraph id="1073226" documentposition="22" splitpriority="none" dropdown="continue" popup="none" popup-page-rule="" />
  <Paragraph id="1073227" documentposition="23" splitpriority="none" dropdown="continue" popup="none" popup-page-rule="" />
  <Paragraph id="1073228" documentposition="24" splitpriority="none" dropdown="continue" popup="none" popup-page-rule="" />
  <Paragraph id="1073230" documentposition="25" splitpriority="none" dropdown="continue" popup="none" popup-page-rule="" />
  <Paragraph id="1081899" documentposition="26" splitpriority="none" relatedtopic="define-no-output" dropdown="continue" popup="none" popup-page-rule="" />
  <Paragraph id="1081903" documentposition="27" splitpriority="none" relatedtopic="define-no-output" dropdown="continue" popup="none" popup-page-rule="" />
  <Paragraph id="1081907" documentposition="28" splitpriority="none" relatedtopic="define-no-output" dropdown="continue" popup="none" popup-page-rule="" />
  <Paragraph id="1081911" documentposition="29" splitpriority="none" relatedtopic="define-no-output" dropdown="continue" popup="none" popup-page-rule="" />
  <Paragraph id="1073232" documentposition="30" splitpriority="2" dropdown="continue" popup="none" popup-page-rule="" />
  <Paragraph id="1073233" documentposition="31" splitpriority="none" dropdown="continue" popup="none" popup-page-rule="" />
  <Paragraph id="1073234" documentposition="32" splitpriority="none" dropdown="continue" popup="none" popup-page-rule="" />
  <Paragraph id="1073235" documentposition="33" splitpriority="none" dropdown="continue" popup="none" popup-page-rule="" />
  <Paragraph id="1073236" documentposition="34" splitpriority="none" dropdown="continue" popup="none" popup-page-rule="" />
  <Paragraph id="1073237" documentposition="35" splitpriority="none" dropdown="continue" popup="none" popup-page-rule="" />
  <Paragraph id="1073238" documentposition="36" splitpriority="none" dropdown="continue" popup="none" popup-page-rule="" />
  <Paragraph id="1073239" documentposition="37" splitpriority="none" dropdown="continue" popup="none" popup-page-rule="" />
  <Paragraph id="1073240" documentposition="38" splitpriority="none" dropdown="continue" popup="none" popup-page-rule="" />
  <Paragraph id="1081919" documentposition="39" splitpriority="none" relatedtopic="define-no-output" dropdown="continue" popup="none" popup-page-rule="" />
  <Paragraph id="1081923" documentposition="40" splitpriority="none" relatedtopic="define-no-output" dropdown="continue" popup="none" popup-page-rule="" />
  <Paragraph id="1081927" documentposition="41" splitpriority="none" relatedtopic="define-no-output" dropdown="continue" popup="none" popup-page-rule="" />
  <Paragraph id="1081931" documentposition="42" splitpriority="none" relatedtopic="define-no-output" dropdown="continue" popup="none" popup-page-rule="" />
  <Paragraph id="1073242" documentposition="43" splitpriority="2" dropdown="continue" popup="none" popup-page-rule="" />
  <Paragraph id="1073243" documentposition="44" splitpriority="none" dropdown="continue" popup="none" popup-page-rule="" />
  <Paragraph id="1073244" documentposition="45" splitpriority="none" dropdown="continue" popup="none" popup-page-rule="" />
  <Paragraph id="1073245" documentposition="46" splitpriority="none" dropdown="continue" popup="none" popup-page-rule="" />
  <Paragraph id="1073246" documentposition="47" splitpriority="none" dropdown="continue" popup="none" popup-page-rule="" />
  <Paragraph id="1073247" documentposition="48" splitpriority="none" dropdown="continue" popup="none" popup-page-rule="" />
  <Paragraph id="1073248" documentposition="49" splitpriority="none" dropdown="continue" popup="none" popup-page-rule="" />
  <Paragraph id="1073249" documentposition="50" splitpriority="none" dropdown="continue" popup="none" popup-page-rule="" />
  <Paragraph id="1073250" documentposition="51" splitpriority="none" dropdown="continue" popup="none" popup-page-rule="" />
  <Paragraph id="1081939" documentposition="52" splitpriority="none" relatedtopic="define-no-output" dropdown="continue" popup="none" popup-page-rule="" />
  <Paragraph id="1081943" documentposition="53" splitpriority="none" relatedtopic="define-no-output" dropdown="continue" popup="none" popup-page-rule="" />
  <Paragraph id="1081947" documentposition="54" splitpriority="none" relatedtopic="define-no-output" dropdown="continue" popup="none" popup-page-rule="" />
  <Paragraph id="1081951" documentposition="55" splitpriority="none" relatedtopic="define-no-output" dropdown="continue" popup="none" popup-page-rule="" />
  <Paragraph id="1073252" documentposition="56" splitpriority="2" dropdown="continue" popup="none" popup-page-rule="" />
  <Paragraph id="1073253" documentposition="57" splitpriority="none" dropdown="continue" popup="none" popup-page-rule="" />
  <Paragraph id="1073254" documentposition="58" splitpriority="none" dropdown="continue" popup="none" popup-page-rule="" />
  <Paragraph id="1073255" documentposition="59" splitpriority="none" dropdown="continue" popup="none" popup-page-rule="" />
  <Paragraph id="1073256" documentposition="60" splitpriority="none" dropdown="continue" popup="none" popup-page-rule="" />
  <Paragraph id="1073257" documentposition="61" splitpriority="none" dropdown="continue" popup="none" popup-page-rule="" />
  <Paragraph id="1073258" documentposition="62" splitpriority="none" dropdown="continue" popup="none" popup-page-rule="" />
  <Paragraph id="1073259" documentposition="63" splitpriority="none" dropdown="continue" popup="none" popup-page-rule="" />
  <Paragraph id="1073260" documentposition="64" splitpriority="none" dropdown="continue" popup="none" popup-page-rule="" />
  <Paragraph id="1073261" documentposition="65" splitpriority="none" dropdown="continue" popup="none" popup-page-rule="" />
  <Paragraph id="1073262" documentposition="66" splitpriority="none" dropdown="continue" popup="none" popup-page-rule="" />
  <Paragraph id="1078908" documentposition="67" splitpriority="none" dropdown="continue" popup="none" popup-page-rule="" />
  <Paragraph id="1078519" documentposition="68" splitpriority="2" dropdown="continue" popup="none" popup-page-rule="" />
  <Paragraph id="1078641" documentposition="69" splitpriority="none" dropdown="continue" popup="none" popup-page-rule="" />
  <Paragraph id="1078643" documentposition="70" splitpriority="none" dropdown="continue" popup="none" popup-page-rule="" />
  <Paragraph id="1078549" documentposition="71" splitpriority="none" dropdown="continue" popup="none" popup-page-rule="" />
  <Paragraph id="1078551" documentposition="72" splitpriority="none" dropdown="continue" popup="none" popup-page-rule="" />
  <Paragraph id="1078553" documentposition="73" splitpriority="3" dropdown="continue" popup="none" popup-page-rule="" />
  <Paragraph id="1078555" documentposition="74" splitpriority="none" dropdown="continue" popup="none" popup-page-rule="" />
  <Paragraph id="1078556" documentposition="75" splitpriority="none" dropdown="continue" popup="none" popup-page-rule="" />
  <Paragraph id="1078557" documentposition="76" splitpriority="none" dropdown="continue" popup="none" popup-page-rule="" />
  <Paragraph id="1078558" documentposition="77" splitpriority="none" dropdown="continue" popup="none" popup-page-rule="" />
  <Paragraph id="1078559" documentposition="78" splitpriority="none" dropdown="continue" popup="none" popup-page-rule="" />
  <Paragraph id="1078966" documentposition="79" splitpriority="none" dropdown="continue" popup="none" popup-page-rule="">
    <Frame id="1079164">
      <Paragraph id="" dropdown="continue" popup="none" popup-page-rule="" />
      <Frame id="1079175" />
    </Frame>
  </Paragraph>
  <Paragraph id="1078571" documentposition="81" splitpriority="3" dropdown="continue" popup="none" popup-page-rule="" />
  <Paragraph id="1078573" documentposition="82" splitpriority="none" dropdown="continue" popup="none" popup-page-rule="" />
  <Paragraph id="1078574" documentposition="83" splitpriority="none" dropdown="continue" popup="none" popup-page-rule="" />
  <Paragraph id="1078575" documentposition="84" splitpriority="none" dropdown="continue" popup="none" popup-page-rule="" />
  <Paragraph id="1079013" documentposition="85" splitpriority="none" dropdown="continue" popup="none" popup-page-rule="" />
  <Paragraph id="1079014" documentposition="86" splitpriority="none" dropdown="continue" popup="none" popup-page-rule="">
    <Frame id="1079022">
      <Paragraph id="" dropdown="continue" popup="none" popup-page-rule="" />
      <Frame id="1079028" />
    </Frame>
  </Paragraph>
  <Paragraph id="1078594" documentposition="88" splitpriority="none" dropdown="continue" popup="none" popup-page-rule="" />
  <Paragraph id="1078596" documentposition="89" splitpriority="none" dropdown="continue" popup="none" popup-page-rule="" />
  <Paragraph id="1078592" documentposition="90" splitpriority="none" dropdown="continue" popup="none" popup-page-rule="" />
  <Paragraph id="1081964" documentposition="91" splitpriority="none" relatedtopic="define-no-output" dropdown="continue" popup="none" popup-page-rule="" />
  <Paragraph id="1081968" documentposition="92" splitpriority="none" relatedtopic="define-no-output" dropdown="continue" popup="none" popup-page-rule="" />
  <Paragraph id="1081972" documentposition="93" splitpriority="none" relatedtopic="define-no-output" dropdown="continue" popup="none" popup-page-rule="" />
  <Paragraph id="1081976" documentposition="94" splitpriority="none" relatedtopic="define-no-output" dropdown="continue" popup="none" popup-page-rule="" />
  <Paragraph id="1078685" documentposition="95" splitpriority="2" dropdown="continue" popup="none" popup-page-rule="" />
  <Paragraph id="1073265" documentposition="96" splitpriority="none" dropdown="continue" popup="none" popup-page-rule="" />
  <Paragraph id="1073266" documentposition="97" splitpriority="none" dropdown="continue" popup="none" popup-page-rule="" />
  <Paragraph id="1073267" documentposition="98" splitpriority="none" dropdown="continue" popup="none" popup-page-rule="" />
  <Paragraph id="1073268" documentposition="99" splitpriority="none" dropdown="continue" popup="none" popup-page-rule="" />
  <Paragraph id="1073269" documentposition="100" splitpriority="none" dropdown="continue" popup="none" popup-page-rule="" />
  <Paragraph id="1073270" documentposition="101" splitpriority="none" dropdown="continue" popup="none" popup-page-rule="" />
  <Paragraph id="1073271" documentposition="102" splitpriority="none" dropdown="continue" popup="none" popup-page-rule="" />
  <Paragraph id="1073169" documentposition="103" splitpriority="none" dropdown="continue" popup="none" popup-page-rule="" />
  <Paragraph id="1081984" documentposition="104" splitpriority="none" relatedtopic="define-no-output" dropdown="continue" popup="none" popup-page-rule="" />
  <Paragraph id="1081988" documentposition="105" splitpriority="none" relatedtopic="define-no-output" dropdown="continue" popup="none" popup-page-rule="" />
  <Paragraph id="1081992" documentposition="106" splitpriority="none" relatedtopic="define-no-output" dropdown="continue" popup="none" popup-page-rule="" />
  <Paragraph id="1081996" documentposition="107" splitpriority="none" relatedtopic="define-no-output" dropdown="continue" popup="none" popup-page-rule="" />
  <Paragraph id="1075580" documentposition="108" splitpriority="none" dropdown="continue" popup="none" popup-page-rule="" />
</Behaviors>