<?xml version="1.0" encoding="utf-8"?>
<Behaviors version="1.0" xmlns="urn:WebWorks-Behaviors-Schema">
  <Split id="1126041" documentposition="1">
    <Paragraph id="1126041" documentposition="1" splitpriority="3" />
    <Paragraph id="1126109" documentposition="2" splitpriority="none" />
    <Paragraph id="1126043" documentposition="3" splitpriority="none" />
    <Paragraph id="1126047" documentposition="4" splitpriority="none">
      <Frame id="1126045">
        <Paragraph id="" />
      </Frame>
    </Paragraph>
    <Paragraph id="1126048" documentposition="5" splitpriority="none" />
    <Paragraph id="1126049" documentposition="6" splitpriority="none" />
    <Paragraph id="1126050" documentposition="7" splitpriority="none" />
    <Paragraph id="1126051" documentposition="8" splitpriority="none" />
    <Paragraph id="1126052" documentposition="9" splitpriority="none" />
    <Paragraph id="1126053" documentposition="10" splitpriority="none" />
    <Paragraph id="1126054" documentposition="11" splitpriority="none" />
    <Paragraph id="1126063" documentposition="13" splitpriority="none" />
    <Paragraph id="1126064" documentposition="14" splitpriority="none" />
    <Paragraph id="1126073" documentposition="16" splitpriority="none" />
    <Paragraph id="1126078" documentposition="17" splitpriority="none">
      <Frame id="1126076">
        <Paragraph id="" />
      </Frame>
    </Paragraph>
    <Paragraph id="1126082" documentposition="18" splitpriority="none" />
    <Paragraph id="1126083" documentposition="19" splitpriority="none" />
    <Paragraph id="1126084" documentposition="20" splitpriority="none" />
    <Paragraph id="1073169" documentposition="21" splitpriority="none" />
  </Split>
</Behaviors>