<?xml version="1.0" encoding="utf-8"?>
<Index version="1.0" xmlns="urn:WebWorks-Index-Schema">
  <Entry name="study" sort="study" sectionposition="2">
    <Content xmlns="urn:WebWorks-Document-Schema">
      <TextRun>
        <Text value="study" />
      </TextRun>
    </Content>
    <Entry name="creating" sort="creating">
      <Content xmlns="urn:WebWorks-Document-Schema">
        <TextRun>
          <Text value="creating" />
        </TextRun>
      </Content>
      <Link href="C:\Documents and Settings\hadfielj\My Documents\ePublisher Pro Projects\caIntegrator2\Output\WebWorks Help 5.0\caIntegrator2\CreatingNewStudy.4.2.html" anchor="1077143" fileposition="12" first="false" />
    </Entry>
  </Entry>
  <Entry name="study" sort="study" sectionposition="2">
    <Content xmlns="urn:WebWorks-Document-Schema">
      <TextRun>
        <Text value="study" />
      </TextRun>
    </Content>
    <Entry name="clinical data, description" sort="clinical data, description">
      <Content xmlns="urn:WebWorks-Document-Schema">
        <TextRun>
          <Text value="clinical data, description" />
        </TextRun>
      </Content>
      <Link href="C:\Documents and Settings\hadfielj\My Documents\ePublisher Pro Projects\caIntegrator2\Output\WebWorks Help 5.0\caIntegrator2\CreatingNewStudy.4.2.html" anchor="1083468" fileposition="12" first="false" />
    </Entry>
  </Entry>
  <Entry name="clinical study" sort="clinical study" sectionposition="2">
    <Content xmlns="urn:WebWorks-Document-Schema">
      <TextRun>
        <Text value="clinical study" />
      </TextRun>
    </Content>
    <Entry name="data for" sort="data for">
      <Content xmlns="urn:WebWorks-Document-Schema">
        <TextRun>
          <Text value="data for" />
        </TextRun>
      </Content>
      <Link href="C:\Documents and Settings\hadfielj\My Documents\ePublisher Pro Projects\caIntegrator2\Output\WebWorks Help 5.0\caIntegrator2\CreatingNewStudy.4.2.html" anchor="1083468" fileposition="12" first="false" />
    </Entry>
  </Entry>
  <Entry name="study" sort="study" sectionposition="2">
    <Content xmlns="urn:WebWorks-Document-Schema">
      <TextRun>
        <Text value="study" />
      </TextRun>
    </Content>
    <Entry name="genomic data, description" sort="genomic data, description">
      <Content xmlns="urn:WebWorks-Document-Schema">
        <TextRun>
          <Text value="genomic data, description" />
        </TextRun>
      </Content>
      <Link href="C:\Documents and Settings\hadfielj\My Documents\ePublisher Pro Projects\caIntegrator2\Output\WebWorks Help 5.0\caIntegrator2\CreatingNewStudy.4.2.html" anchor="1083477" fileposition="12" first="false" />
    </Entry>
  </Entry>
  <Entry name="genomic data" sort="genomic data" sectionposition="2">
    <Content xmlns="urn:WebWorks-Document-Schema">
      <TextRun>
        <Text value="genomic data" />
      </TextRun>
    </Content>
    <Entry name="for study" sort="for study">
      <Content xmlns="urn:WebWorks-Document-Schema">
        <TextRun>
          <Text value="for study" />
        </TextRun>
      </Content>
      <Link href="C:\Documents and Settings\hadfielj\My Documents\ePublisher Pro Projects\caIntegrator2\Output\WebWorks Help 5.0\caIntegrator2\CreatingNewStudy.4.2.html" anchor="1083477" fileposition="12" first="false" />
    </Entry>
  </Entry>
  <Entry name="study" sort="study" sectionposition="2">
    <Content xmlns="urn:WebWorks-Document-Schema">
      <TextRun>
        <Text value="study" />
      </TextRun>
    </Content>
    <Entry name="imaging data, description" sort="imaging data, description">
      <Content xmlns="urn:WebWorks-Document-Schema">
        <TextRun>
          <Text value="imaging data, description" />
        </TextRun>
      </Content>
      <Link href="C:\Documents and Settings\hadfielj\My Documents\ePublisher Pro Projects\caIntegrator2\Output\WebWorks Help 5.0\caIntegrator2\CreatingNewStudy.4.2.html" anchor="1083526" fileposition="12" first="false" />
    </Entry>
  </Entry>
  <Entry name="imaging data" sort="imaging data" sectionposition="2">
    <Content xmlns="urn:WebWorks-Document-Schema">
      <TextRun>
        <Text value="imaging data" />
      </TextRun>
    </Content>
    <Entry name="for study" sort="for study">
      <Content xmlns="urn:WebWorks-Document-Schema">
        <TextRun>
          <Text value="for study" />
        </TextRun>
      </Content>
      <Link href="C:\Documents and Settings\hadfielj\My Documents\ePublisher Pro Projects\caIntegrator2\Output\WebWorks Help 5.0\caIntegrator2\CreatingNewStudy.4.2.html" anchor="1083526" fileposition="12" first="false" />
    </Entry>
  </Entry>
  <Entry name="study" sort="study" sectionposition="2">
    <Content xmlns="urn:WebWorks-Document-Schema">
      <TextRun>
        <Text value="study" />
      </TextRun>
    </Content>
    <Entry name="creating" sort="creating">
      <Content xmlns="urn:WebWorks-Document-Schema">
        <TextRun>
          <Text value="creating" />
        </TextRun>
      </Content>
      <Link href="C:\Documents and Settings\hadfielj\My Documents\ePublisher Pro Projects\caIntegrator2\Output\WebWorks Help 5.0\caIntegrator2\CreatingNewStudy.4.3.html" anchor="1079473" fileposition="13" first="false" />
    </Entry>
  </Entry>
  <Entry name="creating" sort="creating" sectionposition="2">
    <Content xmlns="urn:WebWorks-Document-Schema">
      <TextRun>
        <Text value="creating" />
      </TextRun>
    </Content>
    <Entry name="study" sort="study">
      <Content xmlns="urn:WebWorks-Document-Schema">
        <TextRun>
          <Text value="study" />
        </TextRun>
      </Content>
      <Link href="C:\Documents and Settings\hadfielj\My Documents\ePublisher Pro Projects\caIntegrator2\Output\WebWorks Help 5.0\caIntegrator2\CreatingNewStudy.4.3.html" anchor="1079473" fileposition="13" first="false" />
    </Entry>
  </Entry>
  <Entry name="creating" sort="creating" sectionposition="2">
    <Content xmlns="urn:WebWorks-Document-Schema">
      <TextRun>
        <Text value="creating" />
      </TextRun>
    </Content>
    <Entry name="study" sort="study">
      <Content xmlns="urn:WebWorks-Document-Schema">
        <TextRun>
          <Text value="study" />
        </TextRun>
      </Content>
      <Link href="C:\Documents and Settings\hadfielj\My Documents\ePublisher Pro Projects\caIntegrator2\Output\WebWorks Help 5.0\caIntegrator2\CreatingNewStudy.4.4.html" anchor="1074101" fileposition="14" first="false" />
    </Entry>
  </Entry>
  <Entry name="study" sort="study" sectionposition="2">
    <Content xmlns="urn:WebWorks-Document-Schema">
      <TextRun>
        <Text value="study" />
      </TextRun>
    </Content>
    <Entry name="creating" sort="creating">
      <Content xmlns="urn:WebWorks-Document-Schema">
        <TextRun>
          <Text value="creating" />
        </TextRun>
      </Content>
      <Link href="C:\Documents and Settings\hadfielj\My Documents\ePublisher Pro Projects\caIntegrator2\Output\WebWorks Help 5.0\caIntegrator2\CreatingNewStudy.4.4.html" anchor="1074101" fileposition="14" first="false" />
    </Entry>
  </Entry>
  <Entry name="study" sort="study" sectionposition="2">
    <Content xmlns="urn:WebWorks-Document-Schema">
      <TextRun>
        <Text value="study" />
      </TextRun>
    </Content>
    <Entry name="adding clinical data" sort="adding clinical data">
      <Content xmlns="urn:WebWorks-Document-Schema">
        <TextRun>
          <Text value="adding clinical data" />
        </TextRun>
      </Content>
      <Link href="C:\Documents and Settings\hadfielj\My Documents\ePublisher Pro Projects\caIntegrator2\Output\WebWorks Help 5.0\caIntegrator2\CreatingNewStudy.4.5.html" anchor="1075152" fileposition="15" first="false" />
    </Entry>
  </Entry>
  <Entry name="clinical study" sort="clinical study" sectionposition="2">
    <Content xmlns="urn:WebWorks-Document-Schema">
      <TextRun>
        <Text value="clinical study" />
      </TextRun>
    </Content>
    <Entry name="adding data" sort="adding data">
      <Content xmlns="urn:WebWorks-Document-Schema">
        <TextRun>
          <Text value="adding data" />
        </TextRun>
      </Content>
      <Link href="C:\Documents and Settings\hadfielj\My Documents\ePublisher Pro Projects\caIntegrator2\Output\WebWorks Help 5.0\caIntegrator2\CreatingNewStudy.4.5.html" anchor="1075152" fileposition="15" first="false" />
    </Entry>
  </Entry>
  <Entry name="adding" sort="adding" sectionposition="2">
    <Content xmlns="urn:WebWorks-Document-Schema">
      <TextRun>
        <Text value="adding" />
      </TextRun>
    </Content>
    <Entry name="clinical data" sort="clinical data">
      <Content xmlns="urn:WebWorks-Document-Schema">
        <TextRun>
          <Text value="clinical data" />
        </TextRun>
      </Content>
      <Link href="C:\Documents and Settings\hadfielj\My Documents\ePublisher Pro Projects\caIntegrator2\Output\WebWorks Help 5.0\caIntegrator2\CreatingNewStudy.4.5.html" anchor="1075152" fileposition="15" first="false" />
    </Entry>
  </Entry>
  <Entry name="assigning, annotation identifier" sort="assigning, annotation identifier" sectionposition="2">
    <Content xmlns="urn:WebWorks-Document-Schema">
      <TextRun>
        <Text value="assigning, annotation identifier" />
      </TextRun>
    </Content>
    <Link href="C:\Documents and Settings\hadfielj\My Documents\ePublisher Pro Projects\caIntegrator2\Output\WebWorks Help 5.0\caIntegrator2\CreatingNewStudy.4.6.html" anchor="1081979" fileposition="16" first="false" />
  </Entry>
  <Entry name="annotation" sort="annotation" sectionposition="2">
    <Content xmlns="urn:WebWorks-Document-Schema">
      <TextRun>
        <Text value="annotation" />
      </TextRun>
    </Content>
    <Entry name="assigning identifier" sort="assigning identifier">
      <Content xmlns="urn:WebWorks-Document-Schema">
        <TextRun>
          <Text value="assigning identifier" />
        </TextRun>
      </Content>
      <Link href="C:\Documents and Settings\hadfielj\My Documents\ePublisher Pro Projects\caIntegrator2\Output\WebWorks Help 5.0\caIntegrator2\CreatingNewStudy.4.6.html" anchor="1081979" fileposition="16" first="false" />
    </Entry>
  </Entry>
  <Entry name="annotation" sort="annotation" sectionposition="2">
    <Content xmlns="urn:WebWorks-Document-Schema">
      <TextRun>
        <Text value="annotation" />
      </TextRun>
    </Content>
    <Entry name="searching for definitions" sort="searching for definitions">
      <Content xmlns="urn:WebWorks-Document-Schema">
        <TextRun>
          <Text value="searching for definitions" />
        </TextRun>
      </Content>
      <Link href="C:\Documents and Settings\hadfielj\My Documents\ePublisher Pro Projects\caIntegrator2\Output\WebWorks Help 5.0\caIntegrator2\CreatingNewStudy.4.7.html" anchor="1074853" fileposition="17" first="false" />
    </Entry>
  </Entry>
  <Entry name="searching" sort="searching" sectionposition="2">
    <Content xmlns="urn:WebWorks-Document-Schema">
      <TextRun>
        <Text value="searching" />
      </TextRun>
    </Content>
    <Entry name="annotation definitions" sort="annotation definitions">
      <Content xmlns="urn:WebWorks-Document-Schema">
        <TextRun>
          <Text value="annotation definitions" />
        </TextRun>
      </Content>
      <Link href="C:\Documents and Settings\hadfielj\My Documents\ePublisher Pro Projects\caIntegrator2\Output\WebWorks Help 5.0\caIntegrator2\CreatingNewStudy.4.7.html" anchor="1074853" fileposition="17" first="false" />
    </Entry>
  </Entry>
  <Entry name="survival values, defining" sort="survival values, defining" sectionposition="2">
    <Content xmlns="urn:WebWorks-Document-Schema">
      <TextRun>
        <Text value="survival values, defining" />
      </TextRun>
    </Content>
    <Link href="C:\Documents and Settings\hadfielj\My Documents\ePublisher Pro Projects\caIntegrator2\Output\WebWorks Help 5.0\caIntegrator2\CreatingNewStudy.4.8.html" anchor="1077702" fileposition="18" first="false" />
  </Entry>
  <Entry name="defining survival values" sort="defining survival values" sectionposition="2">
    <Content xmlns="urn:WebWorks-Document-Schema">
      <TextRun>
        <Text value="defining survival values" />
      </TextRun>
    </Content>
    <Link href="C:\Documents and Settings\hadfielj\My Documents\ePublisher Pro Projects\caIntegrator2\Output\WebWorks Help 5.0\caIntegrator2\CreatingNewStudy.4.8.html" anchor="1077702" fileposition="18" first="false" />
  </Entry>
  <Entry name="genomic data" sort="genomic data" sectionposition="2">
    <Content xmlns="urn:WebWorks-Document-Schema">
      <TextRun>
        <Text value="genomic data" />
      </TextRun>
    </Content>
    <Entry name="adding to study" sort="adding to study">
      <Content xmlns="urn:WebWorks-Document-Schema">
        <TextRun>
          <Text value="adding to study" />
        </TextRun>
      </Content>
      <Link href="C:\Documents and Settings\hadfielj\My Documents\ePublisher Pro Projects\caIntegrator2\Output\WebWorks Help 5.0\caIntegrator2\CreatingNewStudy.4.9.html" anchor="1090798" fileposition="19" first="false" />
    </Entry>
  </Entry>
  <Entry name="adding" sort="adding" sectionposition="2">
    <Content xmlns="urn:WebWorks-Document-Schema">
      <TextRun>
        <Text value="adding" />
      </TextRun>
    </Content>
    <Entry name="genomic data" sort="genomic data">
      <Content xmlns="urn:WebWorks-Document-Schema">
        <TextRun>
          <Text value="genomic data" />
        </TextRun>
      </Content>
      <Link href="C:\Documents and Settings\hadfielj\My Documents\ePublisher Pro Projects\caIntegrator2\Output\WebWorks Help 5.0\caIntegrator2\CreatingNewStudy.4.9.html" anchor="1090798" fileposition="19" first="false" />
    </Entry>
  </Entry>
  <Entry name="study" sort="study" sectionposition="2">
    <Content xmlns="urn:WebWorks-Document-Schema">
      <TextRun>
        <Text value="study" />
      </TextRun>
    </Content>
    <Entry name="adding genomic data" sort="adding genomic data">
      <Content xmlns="urn:WebWorks-Document-Schema">
        <TextRun>
          <Text value="adding genomic data" />
        </TextRun>
      </Content>
      <Link href="C:\Documents and Settings\hadfielj\My Documents\ePublisher Pro Projects\caIntegrator2\Output\WebWorks Help 5.0\caIntegrator2\CreatingNewStudy.4.9.html" anchor="1090798" fileposition="19" first="false" />
    </Entry>
  </Entry>
  <Entry name="genomic data" sort="genomic data" sectionposition="2">
    <Content xmlns="urn:WebWorks-Document-Schema">
      <TextRun>
        <Text value="genomic data" />
      </TextRun>
    </Content>
    <Entry name="mapping to clinical data" sort="mapping to clinical data">
      <Content xmlns="urn:WebWorks-Document-Schema">
        <TextRun>
          <Text value="mapping to clinical data" />
        </TextRun>
      </Content>
      <Link href="C:\Documents and Settings\hadfielj\My Documents\ePublisher Pro Projects\caIntegrator2\Output\WebWorks Help 5.0\caIntegrator2\CreatingNewStudy.4.10.html" anchor="1082153" fileposition="20" first="false" />
    </Entry>
  </Entry>
  <Entry name="study" sort="study" sectionposition="2">
    <Content xmlns="urn:WebWorks-Document-Schema">
      <TextRun>
        <Text value="study" />
      </TextRun>
    </Content>
    <Entry name="mapping genomic data to clinical" sort="mapping genomic data to clinical">
      <Content xmlns="urn:WebWorks-Document-Schema">
        <TextRun>
          <Text value="mapping genomic data to clinical" />
        </TextRun>
      </Content>
      <Link href="C:\Documents and Settings\hadfielj\My Documents\ePublisher Pro Projects\caIntegrator2\Output\WebWorks Help 5.0\caIntegrator2\CreatingNewStudy.4.10.html" anchor="1082153" fileposition="20" first="false" />
    </Entry>
  </Entry>
  <Entry name="mapping genomic to clinical data" sort="mapping genomic to clinical data" sectionposition="2">
    <Content xmlns="urn:WebWorks-Document-Schema">
      <TextRun>
        <Text value="mapping genomic to clinical data" />
      </TextRun>
    </Content>
    <Link href="C:\Documents and Settings\hadfielj\My Documents\ePublisher Pro Projects\caIntegrator2\Output\WebWorks Help 5.0\caIntegrator2\CreatingNewStudy.4.10.html" anchor="1082153" fileposition="20" first="false" />
  </Entry>
  <Entry name="control samples, uploading" sort="control samples, uploading" sectionposition="2">
    <Content xmlns="urn:WebWorks-Document-Schema">
      <TextRun>
        <Text value="control samples, uploading" />
      </TextRun>
    </Content>
    <Link href="C:\Documents and Settings\hadfielj\My Documents\ePublisher Pro Projects\caIntegrator2\Output\WebWorks Help 5.0\caIntegrator2\CreatingNewStudy.4.11.html" anchor="1081202" fileposition="21" first="false" />
  </Entry>
  <Entry name="study" sort="study" sectionposition="2">
    <Content xmlns="urn:WebWorks-Document-Schema">
      <TextRun>
        <Text value="study" />
      </TextRun>
    </Content>
    <Entry name="uploading control samples to" sort="uploading control samples to">
      <Content xmlns="urn:WebWorks-Document-Schema">
        <TextRun>
          <Text value="uploading control samples to" />
        </TextRun>
      </Content>
      <Link href="C:\Documents and Settings\hadfielj\My Documents\ePublisher Pro Projects\caIntegrator2\Output\WebWorks Help 5.0\caIntegrator2\CreatingNewStudy.4.11.html" anchor="1081202" fileposition="21" first="false" />
    </Entry>
  </Entry>
  <Entry name="fold change, control samples file" sort="fold change, control samples file" sectionposition="2">
    <Content xmlns="urn:WebWorks-Document-Schema">
      <TextRun>
        <Text value="fold change, control samples file" />
      </TextRun>
    </Content>
    <Link href="C:\Documents and Settings\hadfielj\My Documents\ePublisher Pro Projects\caIntegrator2\Output\WebWorks Help 5.0\caIntegrator2\CreatingNewStudy.4.11.html" anchor="1081202" fileposition="21" first="false" />
  </Entry>
  <Entry name="study" sort="study" sectionposition="2">
    <Content xmlns="urn:WebWorks-Document-Schema">
      <TextRun>
        <Text value="study" />
      </TextRun>
    </Content>
    <Entry name="configuring copy number data" sort="configuring copy number data">
      <Content xmlns="urn:WebWorks-Document-Schema">
        <TextRun>
          <Text value="configuring copy number data" />
        </TextRun>
      </Content>
      <Link href="C:\Documents and Settings\hadfielj\My Documents\ePublisher Pro Projects\caIntegrator2\Output\WebWorks Help 5.0\caIntegrator2\CreatingNewStudy.4.12.html" anchor="1089928" fileposition="22" first="false" />
    </Entry>
  </Entry>
  <Entry name="copy number data, configuring" sort="copy number data, configuring" sectionposition="2">
    <Content xmlns="urn:WebWorks-Document-Schema">
      <TextRun>
        <Text value="copy number data, configuring" />
      </TextRun>
    </Content>
    <Link href="C:\Documents and Settings\hadfielj\My Documents\ePublisher Pro Projects\caIntegrator2\Output\WebWorks Help 5.0\caIntegrator2\CreatingNewStudy.4.12.html" anchor="1089928" fileposition="22" first="false" />
  </Entry>
  <Entry name="genomic data" sort="genomic data" sectionposition="2">
    <Content xmlns="urn:WebWorks-Document-Schema">
      <TextRun>
        <Text value="genomic data" />
      </TextRun>
    </Content>
    <Entry name="adding copy number data to" sort="adding copy number data to">
      <Content xmlns="urn:WebWorks-Document-Schema">
        <TextRun>
          <Text value="adding copy number data to" />
        </TextRun>
      </Content>
      <Link href="C:\Documents and Settings\hadfielj\My Documents\ePublisher Pro Projects\caIntegrator2\Output\WebWorks Help 5.0\caIntegrator2\CreatingNewStudy.4.12.html" anchor="1089928" fileposition="22" first="false" />
    </Entry>
  </Entry>
  <Entry name="configuring" sort="configuring" sectionposition="2">
    <Content xmlns="urn:WebWorks-Document-Schema">
      <TextRun>
        <Text value="configuring" />
      </TextRun>
    </Content>
    <Entry name="copy number data" sort="copy number data">
      <Content xmlns="urn:WebWorks-Document-Schema">
        <TextRun>
          <Text value="copy number data" />
        </TextRun>
      </Content>
      <Link href="C:\Documents and Settings\hadfielj\My Documents\ePublisher Pro Projects\caIntegrator2\Output\WebWorks Help 5.0\caIntegrator2\CreatingNewStudy.4.12.html" anchor="1089928" fileposition="22" first="false" />
    </Entry>
  </Entry>
  <Entry name="study" sort="study" sectionposition="2">
    <Content xmlns="urn:WebWorks-Document-Schema">
      <TextRun>
        <Text value="study" />
      </TextRun>
    </Content>
    <Entry name="adding imaging data" sort="adding imaging data">
      <Content xmlns="urn:WebWorks-Document-Schema">
        <TextRun>
          <Text value="adding imaging data" />
        </TextRun>
      </Content>
      <Link href="C:\Documents and Settings\hadfielj\My Documents\ePublisher Pro Projects\caIntegrator2\Output\WebWorks Help 5.0\caIntegrator2\CreatingNewStudy.4.13.html" anchor="1077974" fileposition="23" first="false" />
    </Entry>
  </Entry>
  <Entry name="imaging data" sort="imaging data" sectionposition="2">
    <Content xmlns="urn:WebWorks-Document-Schema">
      <TextRun>
        <Text value="imaging data" />
      </TextRun>
    </Content>
    <Entry name="adding to study" sort="adding to study">
      <Content xmlns="urn:WebWorks-Document-Schema">
        <TextRun>
          <Text value="adding to study" />
        </TextRun>
      </Content>
      <Link href="C:\Documents and Settings\hadfielj\My Documents\ePublisher Pro Projects\caIntegrator2\Output\WebWorks Help 5.0\caIntegrator2\CreatingNewStudy.4.13.html" anchor="1077974" fileposition="23" first="false" />
    </Entry>
  </Entry>
  <Entry name="adding" sort="adding" sectionposition="2">
    <Content xmlns="urn:WebWorks-Document-Schema">
      <TextRun>
        <Text value="adding" />
      </TextRun>
    </Content>
    <Entry name="imaging data" sort="imaging data">
      <Content xmlns="urn:WebWorks-Document-Schema">
        <TextRun>
          <Text value="imaging data" />
        </TextRun>
      </Content>
      <Link href="C:\Documents and Settings\hadfielj\My Documents\ePublisher Pro Projects\caIntegrator2\Output\WebWorks Help 5.0\caIntegrator2\CreatingNewStudy.4.13.html" anchor="1077974" fileposition="23" first="false" />
    </Entry>
  </Entry>
  <Entry name="study" sort="study" sectionposition="2">
    <Content xmlns="urn:WebWorks-Document-Schema">
      <TextRun>
        <Text value="study" />
      </TextRun>
    </Content>
    <Entry name="deploying" sort="deploying">
      <Content xmlns="urn:WebWorks-Document-Schema">
        <TextRun>
          <Text value="deploying" />
        </TextRun>
      </Content>
      <Link href="C:\Documents and Settings\hadfielj\My Documents\ePublisher Pro Projects\caIntegrator2\Output\WebWorks Help 5.0\caIntegrator2\CreatingNewStudy.4.14.html" anchor="1081471" fileposition="24" first="false" />
    </Entry>
  </Entry>
  <Entry name="study" sort="study" sectionposition="2">
    <Content xmlns="urn:WebWorks-Document-Schema">
      <TextRun>
        <Text value="study" />
      </TextRun>
    </Content>
    <Entry name="managing" sort="managing">
      <Content xmlns="urn:WebWorks-Document-Schema">
        <TextRun>
          <Text value="managing" />
        </TextRun>
      </Content>
      <Link href="C:\Documents and Settings\hadfielj\My Documents\ePublisher Pro Projects\caIntegrator2\Output\WebWorks Help 5.0\caIntegrator2\CreatingNewStudy.4.15.html" anchor="1085452" fileposition="25" first="false" />
    </Entry>
  </Entry>
  <Entry name="managing" sort="managing" sectionposition="2">
    <Content xmlns="urn:WebWorks-Document-Schema">
      <TextRun>
        <Text value="managing" />
      </TextRun>
    </Content>
    <Entry name="study" sort="study">
      <Content xmlns="urn:WebWorks-Document-Schema">
        <TextRun>
          <Text value="study" />
        </TextRun>
      </Content>
      <Link href="C:\Documents and Settings\hadfielj\My Documents\ePublisher Pro Projects\caIntegrator2\Output\WebWorks Help 5.0\caIntegrator2\CreatingNewStudy.4.15.html" anchor="1085452" fileposition="25" first="false" />
    </Entry>
  </Entry>
  <Entry name="study" sort="study" sectionposition="2">
    <Content xmlns="urn:WebWorks-Document-Schema">
      <TextRun>
        <Text value="study" />
      </TextRun>
    </Content>
    <Entry name="editing" sort="editing">
      <Content xmlns="urn:WebWorks-Document-Schema">
        <TextRun>
          <Text value="editing" />
        </TextRun>
      </Content>
      <Link href="C:\Documents and Settings\hadfielj\My Documents\ePublisher Pro Projects\caIntegrator2\Output\WebWorks Help 5.0\caIntegrator2\CreatingNewStudy.4.15.html" anchor="1085452" fileposition="25" first="false" />
    </Entry>
  </Entry>
  <Entry name="managing" sort="managing" sectionposition="2">
    <Content xmlns="urn:WebWorks-Document-Schema">
      <TextRun>
        <Text value="managing" />
      </TextRun>
    </Content>
    <Entry name="platforms" sort="platforms">
      <Content xmlns="urn:WebWorks-Document-Schema">
        <TextRun>
          <Text value="platforms" />
        </TextRun>
      </Content>
      <Link href="C:\Documents and Settings\hadfielj\My Documents\ePublisher Pro Projects\caIntegrator2\Output\WebWorks Help 5.0\caIntegrator2\CreatingNewStudy.4.16.html" anchor="1078047" fileposition="26" first="false" />
    </Entry>
  </Entry>
  <Entry name="platforms, managing" sort="platforms, managing" sectionposition="2">
    <Content xmlns="urn:WebWorks-Document-Schema">
      <TextRun>
        <Text value="platforms, managing" />
      </TextRun>
    </Content>
    <Link href="C:\Documents and Settings\hadfielj\My Documents\ePublisher Pro Projects\caIntegrator2\Output\WebWorks Help 5.0\caIntegrator2\CreatingNewStudy.4.16.html" anchor="1078047" fileposition="26" first="false" />
  </Entry>
</Index>