<?xml version="1.0" encoding="utf-8"?>
<Index version="1.0" xmlns="urn:WebWorks-Index-Schema">
  <Section position="2">
    <Group id="2_1" name="A" sort="A">
      <Entry id="2_2" name="Application Support" sort="Application Support">
        <Content xmlns="urn:WebWorks-Document-Schema">
          <TextRun>
            <Text value="Application Support" />
          </TextRun>
        </Content>
        <Link href="C:\Documents and Settings\hadfielj\My Documents\ePublisher Pro Projects\caIntegrator2\Output\WebWorks Help 5.0\caIntegrator2\Getting_Started.2.8.html" anchor="1122280" fileposition="9" first="false" />
      </Entry>
    </Group>
    <Group id="2_4" name="C" sort="C">
      <Entry id="2_5" name="caIntegrator2" sort="caIntegrator2">
        <Content xmlns="urn:WebWorks-Document-Schema">
          <TextRun>
            <Text value="caIntegrator2" />
          </TextRun>
        </Content>
        <Entry name="workspace" sort="workspace">
          <Content xmlns="urn:WebWorks-Document-Schema">
            <TextRun>
              <Text value="workspace" />
            </TextRun>
          </Content>
          <Link href="C:\Documents and Settings\hadfielj\My Documents\ePublisher Pro Projects\caIntegrator2\Output\WebWorks Help 5.0\caIntegrator2\Getting_Started.2.5.html" anchor="1122586" fileposition="6" first="false" />
        </Entry>
      </Entry>
    </Group>
    <Group id="2_10" name="H" sort="H">
      <Entry id="2_11" name="hierarchy of objects, NCIA" sort="hierarchy of objects, NCIA">
        <Content xmlns="urn:WebWorks-Document-Schema">
          <TextRun>
            <Text value="hierarchy of objects, NCIA" />
          </TextRun>
        </Content>
        <Link href="C:\Documents and Settings\hadfielj\My Documents\ePublisher Pro Projects\caIntegrator2\Output\WebWorks Help 5.0\caIntegrator2\SearchingWithinAStudy.4.3.html" anchor="1076814" fileposition="29" first="false" />
        <Link href="C:\Documents and Settings\hadfielj\My Documents\ePublisher Pro Projects\caIntegrator2\Output\WebWorks Help 5.0\caIntegrator2\View Results.5.5.html" anchor="1164562" fileposition="39" first="false" />
      </Entry>
    </Group>
    <Group id="2_12" name="I" sort="I">
      <Entry id="2_13" name="I-SPY" sort="I-SPY">
        <Content xmlns="urn:WebWorks-Document-Schema">
          <TextRun>
            <Text value="I-SPY" />
          </TextRun>
        </Content>
        <Entry name="logging out" sort="logging out">
          <Content xmlns="urn:WebWorks-Document-Schema">
            <TextRun>
              <Text value="logging out" />
            </TextRun>
          </Content>
          <Link href="C:\Documents and Settings\hadfielj\My Documents\ePublisher Pro Projects\caIntegrator2\Output\WebWorks Help 5.0\caIntegrator2\Getting_Started.2.7.html" anchor="1111569" fileposition="8" first="false" />
        </Entry>
        <Entry name="tabs" sort="tabs">
          <Content xmlns="urn:WebWorks-Document-Schema">
            <TextRun>
              <Text value="tabs" />
            </TextRun>
          </Content>
          <Link href="C:\Documents and Settings\hadfielj\My Documents\ePublisher Pro Projects\caIntegrator2\Output\WebWorks Help 5.0\caIntegrator2\Getting_Started.2.6.html" anchor="1122024" fileposition="7" first="false" />
        </Entry>
      </Entry>
    </Group>
    <Group id="2_15" name="K" sort="K">
      <Entry id="2_16" name="Kaplan-Meier for Gene Expression Data" sort="Kaplan-Meier for Gene Expression Data">
        <Content xmlns="urn:WebWorks-Document-Schema">
          <TextRun>
            <Text value="Kaplan-Meier for Gene Expression Data" />
          </TextRun>
        </Content>
        <Entry name="redrawing plot" sort="redrawing plot">
          <Content xmlns="urn:WebWorks-Document-Schema">
            <TextRun>
              <Text value="redrawing plot" />
            </TextRun>
          </Content>
          <Link href="C:\Documents and Settings\hadfielj\My Documents\ePublisher Pro Projects\caIntegrator2\Output\WebWorks Help 5.0\caIntegrator2\PerformingAnalysis.6.3.html" anchor="1073592" fileposition="43" first="false" />
        </Entry>
        <Entry name="simple search" sort="simple search">
          <Content xmlns="urn:WebWorks-Document-Schema">
            <TextRun>
              <Text value="simple search" />
            </TextRun>
          </Content>
          <Link href="C:\Documents and Settings\hadfielj\My Documents\ePublisher Pro Projects\caIntegrator2\Output\WebWorks Help 5.0\caIntegrator2\PerformingAnalysis.6.3.html" anchor="1073579" fileposition="43" first="false" />
        </Entry>
      </Entry>
    </Group>
    <Group id="2_17" name="L" sort="L">
      <Entry id="2_18" name="logging out" sort="logging out">
        <Content xmlns="urn:WebWorks-Document-Schema">
          <TextRun>
            <Text value="logging out" />
          </TextRun>
        </Content>
        <Entry name="I-SPY" sort="I-SPY">
          <Content xmlns="urn:WebWorks-Document-Schema">
            <TextRun>
              <Text value="I-SPY" />
            </TextRun>
          </Content>
          <Link href="C:\Documents and Settings\hadfielj\My Documents\ePublisher Pro Projects\caIntegrator2\Output\WebWorks Help 5.0\caIntegrator2\Getting_Started.2.7.html" anchor="1111569" fileposition="8" first="false" />
        </Entry>
      </Entry>
      <Entry id="2_19" name="logout link" sort="logout link">
        <Content xmlns="urn:WebWorks-Document-Schema">
          <TextRun>
            <Text value="logout link" />
          </TextRun>
        </Content>
        <Link href="C:\Documents and Settings\hadfielj\My Documents\ePublisher Pro Projects\caIntegrator2\Output\WebWorks Help 5.0\caIntegrator2\Getting_Started.2.7.html" anchor="1111569" fileposition="8" first="false" />
      </Entry>
    </Group>
    <Group id="2_21" name="N" sort="N">
      <Entry id="2_22" name="NCICB Application Support" sort="NCICB Application Support">
        <Content xmlns="urn:WebWorks-Document-Schema">
          <TextRun>
            <Text value="NCICB Application Support" />
          </TextRun>
        </Content>
        <Link href="C:\Documents and Settings\hadfielj\My Documents\ePublisher Pro Projects\caIntegrator2\Output\WebWorks Help 5.0\caIntegrator2\Getting_Started.2.8.html" anchor="1122280" fileposition="9" first="false" />
      </Entry>
    </Group>
    <Group id="2_23" name="O" sort="O">
      <Entry id="2_24" name="objects in NCIA, hierarchy of" sort="objects in NCIA, hierarchy of">
        <Content xmlns="urn:WebWorks-Document-Schema">
          <TextRun>
            <Text value="objects in NCIA, hierarchy of" />
          </TextRun>
        </Content>
        <Link href="C:\Documents and Settings\hadfielj\My Documents\ePublisher Pro Projects\caIntegrator2\Output\WebWorks Help 5.0\caIntegrator2\SearchingWithinAStudy.4.3.html" anchor="1076814" fileposition="29" first="false" />
        <Link href="C:\Documents and Settings\hadfielj\My Documents\ePublisher Pro Projects\caIntegrator2\Output\WebWorks Help 5.0\caIntegrator2\View Results.5.5.html" anchor="1164562" fileposition="39" first="false" />
      </Entry>
    </Group>
    <Group id="2_27" name="R" sort="R">
      <Entry id="2_28" name="redrawing" sort="redrawing">
        <Content xmlns="urn:WebWorks-Document-Schema">
          <TextRun>
            <Text value="redrawing" />
          </TextRun>
        </Content>
        <Entry name="K-M Gene Expression plot" sort="K-M Gene Expression plot">
          <Content xmlns="urn:WebWorks-Document-Schema">
            <TextRun>
              <Text value="K-M Gene Expression plot" />
            </TextRun>
          </Content>
          <Link href="C:\Documents and Settings\hadfielj\My Documents\ePublisher Pro Projects\caIntegrator2\Output\WebWorks Help 5.0\caIntegrator2\PerformingAnalysis.6.3.html" anchor="1073592" fileposition="43" first="false" />
        </Entry>
      </Entry>
    </Group>
    <Group id="2_29" name="S" sort="S">
      <Entry id="2_30" name="simple searches" sort="simple searches">
        <Content xmlns="urn:WebWorks-Document-Schema">
          <TextRun>
            <Text value="simple searches" />
          </TextRun>
        </Content>
        <Entry name="K-M Gene Expression Data" sort="K-M Gene Expression Data">
          <Content xmlns="urn:WebWorks-Document-Schema">
            <TextRun>
              <Text value="K-M Gene Expression Data" />
            </TextRun>
          </Content>
          <Link href="C:\Documents and Settings\hadfielj\My Documents\ePublisher Pro Projects\caIntegrator2\Output\WebWorks Help 5.0\caIntegrator2\PerformingAnalysis.6.3.html" anchor="1073579" fileposition="43" first="false" />
        </Entry>
      </Entry>
    </Group>
    <Group id="2_31" name="T" sort="T">
      <Entry id="2_32" name="tabs, shown" sort="tabs, shown">
        <Content xmlns="urn:WebWorks-Document-Schema">
          <TextRun>
            <Text value="tabs, shown" />
          </TextRun>
        </Content>
        <Link href="C:\Documents and Settings\hadfielj\My Documents\ePublisher Pro Projects\caIntegrator2\Output\WebWorks Help 5.0\caIntegrator2\Getting_Started.2.6.html" anchor="1122024" fileposition="7" first="false" />
      </Entry>
    </Group>
  </Section>
</Index>