<?xml version="1.0" encoding="utf-8"?>
<Splits version="1.0" xmlns="urn:WebWorks-Engine-Splits-Schema">
  <File groupID="F16E294B39BB5A9" documentID="" id="" type="copy" source="wwformat:Files/wwhelp/wwhimpl/common/html/default.htm" path="C:\Documents and Settings\hadfielj\My Documents\ePublisher Pro Projects\caIntegrator2\Output\WebWorks Help 5.0\caIntegrator2\wwhelp\wwhimpl\common\html\default.htm" title="" />
  <File groupID="F16E294B39BB5A9" documentID="" id="" type="copy" source="wwformat:Files/images/collapse.gif" path="C:\Documents and Settings\hadfielj\My Documents\ePublisher Pro Projects\caIntegrator2\Output\WebWorks Help 5.0\caIntegrator2\images\collapse.gif" title="" />
  <File groupID="F16E294B39BB5A9" documentID="" id="" type="copy" source="wwformat:Files/images/expanded.gif" path="C:\Documents and Settings\hadfielj\My Documents\ePublisher Pro Projects\caIntegrator2\Output\WebWorks Help 5.0\caIntegrator2\images\expanded.gif" title="" />
  <File groupID="F16E294B39BB5A9" documentID="" id="" type="copy" source="wwformat:Files/images/seebttm.gif" path="C:\Documents and Settings\hadfielj\My Documents\ePublisher Pro Projects\caIntegrator2\Output\WebWorks Help 5.0\caIntegrator2\images\seebttm.gif" title="" />
  <File groupID="F16E294B39BB5A9" documentID="" id="" type="copy" source="wwformat:Files/images/seelflow.gif" path="C:\Documents and Settings\hadfielj\My Documents\ePublisher Pro Projects\caIntegrator2\Output\WebWorks Help 5.0\caIntegrator2\images\seelflow.gif" title="" />
  <File groupID="F16E294B39BB5A9" documentID="" id="" type="copy" source="wwformat:Files/images/seeright.gif" path="C:\Documents and Settings\hadfielj\My Documents\ePublisher Pro Projects\caIntegrator2\Output\WebWorks Help 5.0\caIntegrator2\images\seeright.gif" title="" />
  <File groupID="F16E294B39BB5A9" documentID="" id="" type="copy" source="wwformat:Files/images/seertlow.gif" path="C:\Documents and Settings\hadfielj\My Documents\ePublisher Pro Projects\caIntegrator2\Output\WebWorks Help 5.0\caIntegrator2\images\seertlow.gif" title="" />
  <File groupID="F16E294B39BB5A9" documentID="" id="" type="copy" source="wwformat:Files/images/seertup.gif" path="C:\Documents and Settings\hadfielj\My Documents\ePublisher Pro Projects\caIntegrator2\Output\WebWorks Help 5.0\caIntegrator2\images\seertup.gif" title="" />
  <File groupID="F16E294B39BB5A9" documentID="" id="" type="copy" source="wwformat:Files/images/Thumbs.db" path="C:\Documents and Settings\hadfielj\My Documents\ePublisher Pro Projects\caIntegrator2\Output\WebWorks Help 5.0\caIntegrator2\images\Thumbs.db" title="" />
  <File groupID="F16E294B39BB5A9" documentID="" id="" type="copy" source="wwformat:Files/wwhdata/common/synonyms.xml" path="C:\Documents and Settings\hadfielj\My Documents\ePublisher Pro Projects\caIntegrator2\Output\WebWorks Help 5.0\caIntegrator2\wwhdata\common\synonyms.xml" title="" />
  <File groupID="F16E294B39BB5A9" documentID="" id="" type="copy" source="wwformat:Files/wwhdata/common/towwhdir.js" path="C:\Documents and Settings\hadfielj\My Documents\ePublisher Pro Projects\caIntegrator2\Output\WebWorks Help 5.0\caIntegrator2\wwhdata\common\towwhdir.js" title="" />
  <File groupID="F16E294B39BB5A9" documentID="" id="" type="copy" source="wwformat:Files/wwhdata/common/wwhpagef.js" path="C:\Documents and Settings\hadfielj\My Documents\ePublisher Pro Projects\caIntegrator2\Output\WebWorks Help 5.0\caIntegrator2\wwhdata\common\wwhpagef.js" title="" />
  <File groupID="F16E294B39BB5A9" documentID="" id="" type="copy" source="wwformat:Files/wwhelp/messages.xml" path="C:\Documents and Settings\hadfielj\My Documents\ePublisher Pro Projects\caIntegrator2\Output\WebWorks Help 5.0\caIntegrator2\wwhelp\messages.xml" title="" />
  <File groupID="F16E294B39BB5A9" documentID="" id="" type="copy" source="wwformat:Files/wwhelp/images/altclose.gif" path="C:\Documents and Settings\hadfielj\My Documents\ePublisher Pro Projects\caIntegrator2\Output\WebWorks Help 5.0\caIntegrator2\wwhelp\images\altclose.gif" title="" />
  <File groupID="F16E294B39BB5A9" documentID="" id="" type="copy" source="wwformat:Files/wwhelp/images/altopen.gif" path="C:\Documents and Settings\hadfielj\My Documents\ePublisher Pro Projects\caIntegrator2\Output\WebWorks Help 5.0\caIntegrator2\wwhelp\images\altopen.gif" title="" />
  <File groupID="F16E294B39BB5A9" documentID="" id="" type="copy" source="wwformat:Files/wwhelp/wwhimpl/api.htm" path="C:\Documents and Settings\hadfielj\My Documents\ePublisher Pro Projects\caIntegrator2\Output\WebWorks Help 5.0\caIntegrator2\wwhelp\wwhimpl\api.htm" title="" />
  <File groupID="F16E294B39BB5A9" documentID="" id="" type="copy" source="wwformat:Files/wwhelp/wwhimpl/version.htm" path="C:\Documents and Settings\hadfielj\My Documents\ePublisher Pro Projects\caIntegrator2\Output\WebWorks Help 5.0\caIntegrator2\wwhelp\wwhimpl\version.htm" title="" />
  <File groupID="F16E294B39BB5A9" documentID="" id="" type="copy" source="wwformat:Files/wwhelp/wwhimpl/common/html/alinks.htm" path="C:\Documents and Settings\hadfielj\My Documents\ePublisher Pro Projects\caIntegrator2\Output\WebWorks Help 5.0\caIntegrator2\wwhelp\wwhimpl\common\html\alinks.htm" title="" />
  <File groupID="F16E294B39BB5A9" documentID="" id="" type="copy" source="wwformat:Files/wwhelp/wwhimpl/common/html/blank.htm" path="C:\Documents and Settings\hadfielj\My Documents\ePublisher Pro Projects\caIntegrator2\Output\WebWorks Help 5.0\caIntegrator2\wwhelp\wwhimpl\common\html\blank.htm" title="" />
  <File groupID="F16E294B39BB5A9" documentID="" id="" type="copy" source="wwformat:Files/wwhelp/wwhimpl/common/html/bookmark.htm" path="C:\Documents and Settings\hadfielj\My Documents\ePublisher Pro Projects\caIntegrator2\Output\WebWorks Help 5.0\caIntegrator2\wwhelp\wwhimpl\common\html\bookmark.htm" title="" />
  <File groupID="F16E294B39BB5A9" documentID="" id="" type="copy" source="wwformat:Files/wwhelp/wwhimpl/common/html/content.htm" path="C:\Documents and Settings\hadfielj\My Documents\ePublisher Pro Projects\caIntegrator2\Output\WebWorks Help 5.0\caIntegrator2\wwhelp\wwhimpl\common\html\content.htm" title="" />
  <File groupID="F16E294B39BB5A9" documentID="" id="" type="copy" source="wwformat:Files/wwhelp/wwhimpl/common/html/controll.htm" path="C:\Documents and Settings\hadfielj\My Documents\ePublisher Pro Projects\caIntegrator2\Output\WebWorks Help 5.0\caIntegrator2\wwhelp\wwhimpl\common\html\controll.htm" title="" />
  <File groupID="F16E294B39BB5A9" documentID="" id="" type="copy" source="wwformat:Files/wwhelp/wwhimpl/common/html/controlr.htm" path="C:\Documents and Settings\hadfielj\My Documents\ePublisher Pro Projects\caIntegrator2\Output\WebWorks Help 5.0\caIntegrator2\wwhelp\wwhimpl\common\html\controlr.htm" title="" />
  <File groupID="F16E294B39BB5A9" documentID="" id="" type="copy" source="wwformat:Files/wwhelp/wwhimpl/common/html/document.htm" path="C:\Documents and Settings\hadfielj\My Documents\ePublisher Pro Projects\caIntegrator2\Output\WebWorks Help 5.0\caIntegrator2\wwhelp\wwhimpl\common\html\document.htm" title="" />
  <File groupID="F16E294B39BB5A9" documentID="" id="" type="copy" source="wwformat:Files/wwhelp/wwhimpl/common/html/first.htm" path="C:\Documents and Settings\hadfielj\My Documents\ePublisher Pro Projects\caIntegrator2\Output\WebWorks Help 5.0\caIntegrator2\wwhelp\wwhimpl\common\html\first.htm" title="" />
  <File groupID="F16E294B39BB5A9" documentID="" id="" type="copy" source="wwformat:Files/wwhelp/wwhimpl/common/html/frameset.htm" path="C:\Documents and Settings\hadfielj\My Documents\ePublisher Pro Projects\caIntegrator2\Output\WebWorks Help 5.0\caIntegrator2\wwhelp\wwhimpl\common\html\frameset.htm" title="" />
  <File groupID="F16E294B39BB5A9" documentID="" id="" type="copy" source="wwformat:Files/wwhelp/wwhimpl/common/html/init0.htm" path="C:\Documents and Settings\hadfielj\My Documents\ePublisher Pro Projects\caIntegrator2\Output\WebWorks Help 5.0\caIntegrator2\wwhelp\wwhimpl\common\html\init0.htm" title="" />
  <File groupID="F16E294B39BB5A9" documentID="" id="" type="copy" source="wwformat:Files/wwhelp/wwhimpl/common/html/init1.htm" path="C:\Documents and Settings\hadfielj\My Documents\ePublisher Pro Projects\caIntegrator2\Output\WebWorks Help 5.0\caIntegrator2\wwhelp\wwhimpl\common\html\init1.htm" title="" />
  <File groupID="F16E294B39BB5A9" documentID="" id="" type="copy" source="wwformat:Files/wwhelp/wwhimpl/common/html/init2.htm" path="C:\Documents and Settings\hadfielj\My Documents\ePublisher Pro Projects\caIntegrator2\Output\WebWorks Help 5.0\caIntegrator2\wwhelp\wwhimpl\common\html\init2.htm" title="" />
  <File groupID="F16E294B39BB5A9" documentID="" id="" type="copy" source="wwformat:Files/wwhelp/wwhimpl/common/html/init3.htm" path="C:\Documents and Settings\hadfielj\My Documents\ePublisher Pro Projects\caIntegrator2\Output\WebWorks Help 5.0\caIntegrator2\wwhelp\wwhimpl\common\html\init3.htm" title="" />
  <File groupID="F16E294B39BB5A9" documentID="" id="" type="copy" source="wwformat:Files/wwhelp/wwhimpl/common/html/pagenav.htm" path="C:\Documents and Settings\hadfielj\My Documents\ePublisher Pro Projects\caIntegrator2\Output\WebWorks Help 5.0\caIntegrator2\wwhelp\wwhimpl\common\html\pagenav.htm" title="" />
  <File groupID="F16E294B39BB5A9" documentID="" id="" type="copy" source="wwformat:Files/wwhelp/wwhimpl/common/html/reset.htm" path="C:\Documents and Settings\hadfielj\My Documents\ePublisher Pro Projects\caIntegrator2\Output\WebWorks Help 5.0\caIntegrator2\wwhelp\wwhimpl\common\html\reset.htm" title="" />
  <File groupID="F16E294B39BB5A9" documentID="" id="" type="copy" source="wwformat:Files/wwhelp/wwhimpl/common/html/switch.htm" path="C:\Documents and Settings\hadfielj\My Documents\ePublisher Pro Projects\caIntegrator2\Output\WebWorks Help 5.0\caIntegrator2\wwhelp\wwhimpl\common\html\switch.htm" title="" />
  <File groupID="F16E294B39BB5A9" documentID="" id="" type="copy" source="wwformat:Files/wwhelp/wwhimpl/common/html/title.htm" path="C:\Documents and Settings\hadfielj\My Documents\ePublisher Pro Projects\caIntegrator2\Output\WebWorks Help 5.0\caIntegrator2\wwhelp\wwhimpl\common\html\title.htm" title="" />
  <File groupID="F16E294B39BB5A9" documentID="" id="" type="copy" source="wwformat:Files/wwhelp/wwhimpl/common/html/wwhelp.htm" path="C:\Documents and Settings\hadfielj\My Documents\ePublisher Pro Projects\caIntegrator2\Output\WebWorks Help 5.0\caIntegrator2\wwhelp\wwhimpl\common\html\wwhelp.htm" title="" />
  <File groupID="F16E294B39BB5A9" documentID="" id="" type="copy" source="wwformat:Files/wwhelp/wwhimpl/common/images/spacer4.gif" path="C:\Documents and Settings\hadfielj\My Documents\ePublisher Pro Projects\caIntegrator2\Output\WebWorks Help 5.0\caIntegrator2\wwhelp\wwhimpl\common\images\spacer4.gif" title="" />
  <File groupID="F16E294B39BB5A9" documentID="" id="" type="copy" source="wwformat:Files/wwhelp/wwhimpl/common/images/spc1w2h.gif" path="C:\Documents and Settings\hadfielj\My Documents\ePublisher Pro Projects\caIntegrator2\Output\WebWorks Help 5.0\caIntegrator2\wwhelp\wwhimpl\common\images\spc1w2h.gif" title="" />
  <File groupID="F16E294B39BB5A9" documentID="" id="" type="copy" source="wwformat:Files/wwhelp/wwhimpl/common/images/spc1w7h.gif" path="C:\Documents and Settings\hadfielj\My Documents\ePublisher Pro Projects\caIntegrator2\Output\WebWorks Help 5.0\caIntegrator2\wwhelp\wwhimpl\common\images\spc1w7h.gif" title="" />
  <File groupID="F16E294B39BB5A9" documentID="" id="" type="copy" source="wwformat:Files/wwhelp/wwhimpl/common/images/spc2w1h.gif" path="C:\Documents and Settings\hadfielj\My Documents\ePublisher Pro Projects\caIntegrator2\Output\WebWorks Help 5.0\caIntegrator2\wwhelp\wwhimpl\common\images\spc2w1h.gif" title="" />
  <File groupID="F16E294B39BB5A9" documentID="" id="" type="copy" source="wwformat:Files/wwhelp/wwhimpl/common/images/spc5w1h.gif" path="C:\Documents and Settings\hadfielj\My Documents\ePublisher Pro Projects\caIntegrator2\Output\WebWorks Help 5.0\caIntegrator2\wwhelp\wwhimpl\common\images\spc5w1h.gif" title="" />
  <File groupID="F16E294B39BB5A9" documentID="" id="" type="copy" source="wwformat:Files/wwhelp/wwhimpl/common/private/popupf.js" path="C:\Documents and Settings\hadfielj\My Documents\ePublisher Pro Projects\caIntegrator2\Output\WebWorks Help 5.0\caIntegrator2\wwhelp\wwhimpl\common\private\popupf.js" title="" />
  <File groupID="F16E294B39BB5A9" documentID="" id="" type="copy" source="wwformat:Files/wwhelp/wwhimpl/common/scripts/bklist1s.js" path="C:\Documents and Settings\hadfielj\My Documents\ePublisher Pro Projects\caIntegrator2\Output\WebWorks Help 5.0\caIntegrator2\wwhelp\wwhimpl\common\scripts\bklist1s.js" title="" />
  <File groupID="F16E294B39BB5A9" documentID="" id="" type="copy" source="wwformat:Files/wwhelp/wwhimpl/common/scripts/bookgrps.js" path="C:\Documents and Settings\hadfielj\My Documents\ePublisher Pro Projects\caIntegrator2\Output\WebWorks Help 5.0\caIntegrator2\wwhelp\wwhimpl\common\scripts\bookgrps.js" title="" />
  <File groupID="F16E294B39BB5A9" documentID="" id="" type="copy" source="wwformat:Files/wwhelp/wwhimpl/common/scripts/booklist.js" path="C:\Documents and Settings\hadfielj\My Documents\ePublisher Pro Projects\caIntegrator2\Output\WebWorks Help 5.0\caIntegrator2\wwhelp\wwhimpl\common\scripts\booklist.js" title="" />
  <File groupID="F16E294B39BB5A9" documentID="" id="" type="copy" source="wwformat:Files/wwhelp/wwhimpl/common/scripts/browser.js" path="C:\Documents and Settings\hadfielj\My Documents\ePublisher Pro Projects\caIntegrator2\Output\WebWorks Help 5.0\caIntegrator2\wwhelp\wwhimpl\common\scripts\browser.js" title="" />
  <File groupID="F16E294B39BB5A9" documentID="" id="" type="copy" source="wwformat:Files/wwhelp/wwhimpl/common/scripts/controls.js" path="C:\Documents and Settings\hadfielj\My Documents\ePublisher Pro Projects\caIntegrator2\Output\WebWorks Help 5.0\caIntegrator2\wwhelp\wwhimpl\common\scripts\controls.js" title="" />
  <File groupID="F16E294B39BB5A9" documentID="" id="" type="copy" source="wwformat:Files/wwhelp/wwhimpl/common/scripts/documt1s.js" path="C:\Documents and Settings\hadfielj\My Documents\ePublisher Pro Projects\caIntegrator2\Output\WebWorks Help 5.0\caIntegrator2\wwhelp\wwhimpl\common\scripts\documt1s.js" title="" />
  <File groupID="F16E294B39BB5A9" documentID="" id="" type="copy" source="wwformat:Files/wwhelp/wwhimpl/common/scripts/filelist.js" path="C:\Documents and Settings\hadfielj\My Documents\ePublisher Pro Projects\caIntegrator2\Output\WebWorks Help 5.0\caIntegrator2\wwhelp\wwhimpl\common\scripts\filelist.js" title="" />
  <File groupID="F16E294B39BB5A9" documentID="" id="" type="copy" source="wwformat:Files/wwhelp/wwhimpl/common/scripts/handler.js" path="C:\Documents and Settings\hadfielj\My Documents\ePublisher Pro Projects\caIntegrator2\Output\WebWorks Help 5.0\caIntegrator2\wwhelp\wwhimpl\common\scripts\handler.js" title="" />
  <File groupID="F16E294B39BB5A9" documentID="" id="" type="copy" source="wwformat:Files/wwhelp/wwhimpl/common/scripts/help.js" path="C:\Documents and Settings\hadfielj\My Documents\ePublisher Pro Projects\caIntegrator2\Output\WebWorks Help 5.0\caIntegrator2\wwhelp\wwhimpl\common\scripts\help.js" title="" />
  <File groupID="F16E294B39BB5A9" documentID="" id="" type="copy" source="wwformat:Files/wwhelp/wwhimpl/common/scripts/highlt.js" path="C:\Documents and Settings\hadfielj\My Documents\ePublisher Pro Projects\caIntegrator2\Output\WebWorks Help 5.0\caIntegrator2\wwhelp\wwhimpl\common\scripts\highlt.js" title="" />
  <File groupID="F16E294B39BB5A9" documentID="" id="" type="copy" source="wwformat:Files/wwhelp/wwhimpl/common/scripts/popup.js" path="C:\Documents and Settings\hadfielj\My Documents\ePublisher Pro Projects\caIntegrator2\Output\WebWorks Help 5.0\caIntegrator2\wwhelp\wwhimpl\common\scripts\popup.js" title="" />
  <File groupID="F16E294B39BB5A9" documentID="" id="" type="copy" source="wwformat:Files/wwhelp/wwhimpl/common/scripts/related.js" path="C:\Documents and Settings\hadfielj\My Documents\ePublisher Pro Projects\caIntegrator2\Output\WebWorks Help 5.0\caIntegrator2\wwhelp\wwhimpl\common\scripts\related.js" title="" />
  <File groupID="F16E294B39BB5A9" documentID="" id="" type="copy" source="wwformat:Files/wwhelp/wwhimpl/common/scripts/strutils.js" path="C:\Documents and Settings\hadfielj\My Documents\ePublisher Pro Projects\caIntegrator2\Output\WebWorks Help 5.0\caIntegrator2\wwhelp\wwhimpl\common\scripts\strutils.js" title="" />
  <File groupID="F16E294B39BB5A9" documentID="" id="" type="copy" source="wwformat:Files/wwhelp/wwhimpl/common/scripts/switch.js" path="C:\Documents and Settings\hadfielj\My Documents\ePublisher Pro Projects\caIntegrator2\Output\WebWorks Help 5.0\caIntegrator2\wwhelp\wwhimpl\common\scripts\switch.js" title="" />
  <File groupID="F16E294B39BB5A9" documentID="" id="" type="copy" source="wwformat:Files/wwhelp/wwhimpl/js/html/indexsel.htm" path="C:\Documents and Settings\hadfielj\My Documents\ePublisher Pro Projects\caIntegrator2\Output\WebWorks Help 5.0\caIntegrator2\wwhelp\wwhimpl\js\html\indexsel.htm" title="" />
  <File groupID="F16E294B39BB5A9" documentID="" id="" type="copy" source="wwformat:Files/wwhelp/wwhimpl/js/html/navigate.htm" path="C:\Documents and Settings\hadfielj\My Documents\ePublisher Pro Projects\caIntegrator2\Output\WebWorks Help 5.0\caIntegrator2\wwhelp\wwhimpl\js\html\navigate.htm" title="" />
  <File groupID="F16E294B39BB5A9" documentID="" id="" type="copy" source="wwformat:Files/wwhelp/wwhimpl/js/html/panelfnf.htm" path="C:\Documents and Settings\hadfielj\My Documents\ePublisher Pro Projects\caIntegrator2\Output\WebWorks Help 5.0\caIntegrator2\wwhelp\wwhimpl\js\html\panelfnf.htm" title="" />
  <File groupID="F16E294B39BB5A9" documentID="" id="" type="copy" source="wwformat:Files/wwhelp/wwhimpl/js/html/panelfni.htm" path="C:\Documents and Settings\hadfielj\My Documents\ePublisher Pro Projects\caIntegrator2\Output\WebWorks Help 5.0\caIntegrator2\wwhelp\wwhimpl\js\html\panelfni.htm" title="" />
  <File groupID="F16E294B39BB5A9" documentID="" id="" type="copy" source="wwformat:Files/wwhelp/wwhimpl/js/html/panelfns.htm" path="C:\Documents and Settings\hadfielj\My Documents\ePublisher Pro Projects\caIntegrator2\Output\WebWorks Help 5.0\caIntegrator2\wwhelp\wwhimpl\js\html\panelfns.htm" title="" />
  <File groupID="F16E294B39BB5A9" documentID="" id="" type="copy" source="wwformat:Files/wwhelp/wwhimpl/js/html/panelfsf.htm" path="C:\Documents and Settings\hadfielj\My Documents\ePublisher Pro Projects\caIntegrator2\Output\WebWorks Help 5.0\caIntegrator2\wwhelp\wwhimpl\js\html\panelfsf.htm" title="" />
  <File groupID="F16E294B39BB5A9" documentID="" id="" type="copy" source="wwformat:Files/wwhelp/wwhimpl/js/html/panelfsi.htm" path="C:\Documents and Settings\hadfielj\My Documents\ePublisher Pro Projects\caIntegrator2\Output\WebWorks Help 5.0\caIntegrator2\wwhelp\wwhimpl\js\html\panelfsi.htm" title="" />
  <File groupID="F16E294B39BB5A9" documentID="" id="" type="copy" source="wwformat:Files/wwhelp/wwhimpl/js/html/panelfss.htm" path="C:\Documents and Settings\hadfielj\My Documents\ePublisher Pro Projects\caIntegrator2\Output\WebWorks Help 5.0\caIntegrator2\wwhelp\wwhimpl\js\html\panelfss.htm" title="" />
  <File groupID="F16E294B39BB5A9" documentID="" id="" type="copy" source="wwformat:Files/wwhelp/wwhimpl/js/html/panelini.htm" path="C:\Documents and Settings\hadfielj\My Documents\ePublisher Pro Projects\caIntegrator2\Output\WebWorks Help 5.0\caIntegrator2\wwhelp\wwhimpl\js\html\panelini.htm" title="" />
  <File groupID="F16E294B39BB5A9" documentID="" id="" type="copy" source="wwformat:Files/wwhelp/wwhimpl/js/html/panelmsg.htm" path="C:\Documents and Settings\hadfielj\My Documents\ePublisher Pro Projects\caIntegrator2\Output\WebWorks Help 5.0\caIntegrator2\wwhelp\wwhimpl\js\html\panelmsg.htm" title="" />
  <File groupID="F16E294B39BB5A9" documentID="" id="" type="copy" source="wwformat:Files/wwhelp/wwhimpl/js/html/panelnav.htm" path="C:\Documents and Settings\hadfielj\My Documents\ePublisher Pro Projects\caIntegrator2\Output\WebWorks Help 5.0\caIntegrator2\wwhelp\wwhimpl\js\html\panelnav.htm" title="" />
  <File groupID="F16E294B39BB5A9" documentID="" id="" type="copy" source="wwformat:Files/wwhelp/wwhimpl/js/html/panelvie.htm" path="C:\Documents and Settings\hadfielj\My Documents\ePublisher Pro Projects\caIntegrator2\Output\WebWorks Help 5.0\caIntegrator2\wwhelp\wwhimpl\js\html\panelvie.htm" title="" />
  <File groupID="F16E294B39BB5A9" documentID="" id="" type="copy" source="wwformat:Files/wwhelp/wwhimpl/js/html/tabs.htm" path="C:\Documents and Settings\hadfielj\My Documents\ePublisher Pro Projects\caIntegrator2\Output\WebWorks Help 5.0\caIntegrator2\wwhelp\wwhimpl\js\html\tabs.htm" title="" />
  <File groupID="F16E294B39BB5A9" documentID="" id="" type="copy" source="wwformat:Files/wwhelp/wwhimpl/js/html/wwhelp.htm" path="C:\Documents and Settings\hadfielj\My Documents\ePublisher Pro Projects\caIntegrator2\Output\WebWorks Help 5.0\caIntegrator2\wwhelp\wwhimpl\js\html\wwhelp.htm" title="" />
  <File groupID="F16E294B39BB5A9" documentID="" id="" type="copy" source="wwformat:Files/wwhelp/wwhimpl/js/scripts/favorite.js" path="C:\Documents and Settings\hadfielj\My Documents\ePublisher Pro Projects\caIntegrator2\Output\WebWorks Help 5.0\caIntegrator2\wwhelp\wwhimpl\js\scripts\favorite.js" title="" />
  <File groupID="F16E294B39BB5A9" documentID="" id="" type="copy" source="wwformat:Files/wwhelp/wwhimpl/js/scripts/handler.js" path="C:\Documents and Settings\hadfielj\My Documents\ePublisher Pro Projects\caIntegrator2\Output\WebWorks Help 5.0\caIntegrator2\wwhelp\wwhimpl\js\scripts\handler.js" title="" />
  <File groupID="F16E294B39BB5A9" documentID="" id="" type="copy" source="wwformat:Files/wwhelp/wwhimpl/js/scripts/index.js" path="C:\Documents and Settings\hadfielj\My Documents\ePublisher Pro Projects\caIntegrator2\Output\WebWorks Help 5.0\caIntegrator2\wwhelp\wwhimpl\js\scripts\index.js" title="" />
  <File groupID="F16E294B39BB5A9" documentID="" id="" type="copy" source="wwformat:Files/wwhelp/wwhimpl/js/scripts/index1s.js" path="C:\Documents and Settings\hadfielj\My Documents\ePublisher Pro Projects\caIntegrator2\Output\WebWorks Help 5.0\caIntegrator2\wwhelp\wwhimpl\js\scripts\index1s.js" title="" />
  <File groupID="F16E294B39BB5A9" documentID="" id="" type="copy" source="wwformat:Files/wwhelp/wwhimpl/js/scripts/javascpt.js" path="C:\Documents and Settings\hadfielj\My Documents\ePublisher Pro Projects\caIntegrator2\Output\WebWorks Help 5.0\caIntegrator2\wwhelp\wwhimpl\js\scripts\javascpt.js" title="" />
  <File groupID="F16E294B39BB5A9" documentID="" id="" type="copy" source="wwformat:Files/wwhelp/wwhimpl/js/scripts/mltphrs.js" path="C:\Documents and Settings\hadfielj\My Documents\ePublisher Pro Projects\caIntegrator2\Output\WebWorks Help 5.0\caIntegrator2\wwhelp\wwhimpl\js\scripts\mltphrs.js" title="" />
  <File groupID="F16E294B39BB5A9" documentID="" id="" type="copy" source="wwformat:Files/wwhelp/wwhimpl/js/scripts/outlfast.js" path="C:\Documents and Settings\hadfielj\My Documents\ePublisher Pro Projects\caIntegrator2\Output\WebWorks Help 5.0\caIntegrator2\wwhelp\wwhimpl\js\scripts\outlfast.js" title="" />
  <File groupID="F16E294B39BB5A9" documentID="" id="" type="copy" source="wwformat:Files/wwhelp/wwhimpl/js/scripts/outlin1s.js" path="C:\Documents and Settings\hadfielj\My Documents\ePublisher Pro Projects\caIntegrator2\Output\WebWorks Help 5.0\caIntegrator2\wwhelp\wwhimpl\js\scripts\outlin1s.js" title="" />
  <File groupID="F16E294B39BB5A9" documentID="" id="" type="copy" source="wwformat:Files/wwhelp/wwhimpl/js/scripts/outline.js" path="C:\Documents and Settings\hadfielj\My Documents\ePublisher Pro Projects\caIntegrator2\Output\WebWorks Help 5.0\caIntegrator2\wwhelp\wwhimpl\js\scripts\outline.js" title="" />
  <File groupID="F16E294B39BB5A9" documentID="" id="" type="copy" source="wwformat:Files/wwhelp/wwhimpl/js/scripts/outlsafe.js" path="C:\Documents and Settings\hadfielj\My Documents\ePublisher Pro Projects\caIntegrator2\Output\WebWorks Help 5.0\caIntegrator2\wwhelp\wwhimpl\js\scripts\outlsafe.js" title="" />
  <File groupID="F16E294B39BB5A9" documentID="" id="" type="copy" source="wwformat:Files/wwhelp/wwhimpl/js/scripts/pairs.js" path="C:\Documents and Settings\hadfielj\My Documents\ePublisher Pro Projects\caIntegrator2\Output\WebWorks Help 5.0\caIntegrator2\wwhelp\wwhimpl\js\scripts\pairs.js" title="" />
  <File groupID="F16E294B39BB5A9" documentID="" id="" type="copy" source="wwformat:Files/wwhelp/wwhimpl/js/scripts/panels.js" path="C:\Documents and Settings\hadfielj\My Documents\ePublisher Pro Projects\caIntegrator2\Output\WebWorks Help 5.0\caIntegrator2\wwhelp\wwhimpl\js\scripts\panels.js" title="" />
  <File groupID="F16E294B39BB5A9" documentID="" id="" type="copy" source="wwformat:Files/wwhelp/wwhimpl/js/scripts/phrase.js" path="C:\Documents and Settings\hadfielj\My Documents\ePublisher Pro Projects\caIntegrator2\Output\WebWorks Help 5.0\caIntegrator2\wwhelp\wwhimpl\js\scripts\phrase.js" title="" />
  <File groupID="F16E294B39BB5A9" documentID="" id="" type="copy" source="wwformat:Files/wwhelp/wwhimpl/js/scripts/search.js" path="C:\Documents and Settings\hadfielj\My Documents\ePublisher Pro Projects\caIntegrator2\Output\WebWorks Help 5.0\caIntegrator2\wwhelp\wwhimpl\js\scripts\search.js" title="" />
  <File groupID="F16E294B39BB5A9" documentID="" id="" type="copy" source="wwformat:Files/wwhelp/wwhimpl/js/scripts/search1s.js" path="C:\Documents and Settings\hadfielj\My Documents\ePublisher Pro Projects\caIntegrator2\Output\WebWorks Help 5.0\caIntegrator2\wwhelp\wwhimpl\js\scripts\search1s.js" title="" />
  <File groupID="F16E294B39BB5A9" documentID="" id="" type="copy" source="wwformat:Files/wwhelp/wwhimpl/js/scripts/search2s.js" path="C:\Documents and Settings\hadfielj\My Documents\ePublisher Pro Projects\caIntegrator2\Output\WebWorks Help 5.0\caIntegrator2\wwhelp\wwhimpl\js\scripts\search2s.js" title="" />
  <File groupID="F16E294B39BB5A9" documentID="" id="" type="copy" source="wwformat:Files/wwhelp/wwhimpl/js/scripts/search3s.js" path="C:\Documents and Settings\hadfielj\My Documents\ePublisher Pro Projects\caIntegrator2\Output\WebWorks Help 5.0\caIntegrator2\wwhelp\wwhimpl\js\scripts\search3s.js" title="" />
  <File groupID="F16E294B39BB5A9" documentID="" id="" type="copy" source="wwformat:Files/wwhelp/wwhimpl/js/scripts/search4s.js" path="C:\Documents and Settings\hadfielj\My Documents\ePublisher Pro Projects\caIntegrator2\Output\WebWorks Help 5.0\caIntegrator2\wwhelp\wwhimpl\js\scripts\search4s.js" title="" />
  <File groupID="F16E294B39BB5A9" documentID="" id="" type="copy" source="wwformat:Files/wwhelp/wwhimpl/js/scripts/search5s.js" path="C:\Documents and Settings\hadfielj\My Documents\ePublisher Pro Projects\caIntegrator2\Output\WebWorks Help 5.0\caIntegrator2\wwhelp\wwhimpl\js\scripts\search5s.js" title="" />
  <File groupID="F16E294B39BB5A9" documentID="" id="" type="copy" source="wwformat:Files/wwhelp/wwhimpl/js/scripts/search6s.js" path="C:\Documents and Settings\hadfielj\My Documents\ePublisher Pro Projects\caIntegrator2\Output\WebWorks Help 5.0\caIntegrator2\wwhelp\wwhimpl\js\scripts\search6s.js" title="" />
  <File groupID="F16E294B39BB5A9" documentID="" id="" type="copy" source="wwformat:Files/wwhelp/wwhimpl/js/scripts/search7s.js" path="C:\Documents and Settings\hadfielj\My Documents\ePublisher Pro Projects\caIntegrator2\Output\WebWorks Help 5.0\caIntegrator2\wwhelp\wwhimpl\js\scripts\search7s.js" title="" />
  <File groupID="F16E294B39BB5A9" documentID="" id="" type="copy" source="wwformat:Files/wwhelp/wwhimpl/js/scripts/tabs.js" path="C:\Documents and Settings\hadfielj\My Documents\ePublisher Pro Projects\caIntegrator2\Output\WebWorks Help 5.0\caIntegrator2\wwhelp\wwhimpl\js\scripts\tabs.js" title="" />
  <File groupID="F16E294B39BB5A9" documentID="" id="" type="copy" source="wwformat:Skins/Lobby_Blue/Files/wwhelp/images/splash.jpg" path="C:\Documents and Settings\hadfielj\My Documents\ePublisher Pro Projects\caIntegrator2\Output\WebWorks Help 5.0\caIntegrator2\wwhelp\images\splash.jpg" title="" />
  <File groupID="F16E294B39BB5A9" documentID="" id="" type="copy" source="wwformat:Skins/Lobby_Blue/Files/wwhelp/wwhimpl/common/images/bkmark.gif" path="C:\Documents and Settings\hadfielj\My Documents\ePublisher Pro Projects\caIntegrator2\Output\WebWorks Help 5.0\caIntegrator2\wwhelp\wwhimpl\common\images\bkmark.gif" title="" />
  <File groupID="F16E294B39BB5A9" documentID="" id="" type="copy" source="wwformat:Skins/Lobby_Blue/Files/wwhelp/wwhimpl/common/images/bkmarkx.gif" path="C:\Documents and Settings\hadfielj\My Documents\ePublisher Pro Projects\caIntegrator2\Output\WebWorks Help 5.0\caIntegrator2\wwhelp\wwhimpl\common\images\bkmarkx.gif" title="" />
  <File groupID="F16E294B39BB5A9" documentID="" id="" type="copy" source="wwformat:Skins/Lobby_Blue/Files/wwhelp/wwhimpl/common/images/close.gif" path="C:\Documents and Settings\hadfielj\My Documents\ePublisher Pro Projects\caIntegrator2\Output\WebWorks Help 5.0\caIntegrator2\wwhelp\wwhimpl\common\images\close.gif" title="" />
  <File groupID="F16E294B39BB5A9" documentID="" id="" type="copy" source="wwformat:Skins/Lobby_Blue/Files/wwhelp/wwhimpl/common/images/doc.gif" path="C:\Documents and Settings\hadfielj\My Documents\ePublisher Pro Projects\caIntegrator2\Output\WebWorks Help 5.0\caIntegrator2\wwhelp\wwhimpl\common\images\doc.gif" title="" />
  <File groupID="F16E294B39BB5A9" documentID="" id="" type="copy" source="wwformat:Skins/Lobby_Blue/Files/wwhelp/wwhimpl/common/images/email.gif" path="C:\Documents and Settings\hadfielj\My Documents\ePublisher Pro Projects\caIntegrator2\Output\WebWorks Help 5.0\caIntegrator2\wwhelp\wwhimpl\common\images\email.gif" title="" />
  <File groupID="F16E294B39BB5A9" documentID="" id="" type="copy" source="wwformat:Skins/Lobby_Blue/Files/wwhelp/wwhimpl/common/images/emailx.gif" path="C:\Documents and Settings\hadfielj\My Documents\ePublisher Pro Projects\caIntegrator2\Output\WebWorks Help 5.0\caIntegrator2\wwhelp\wwhimpl\common\images\emailx.gif" title="" />
  <File groupID="F16E294B39BB5A9" documentID="" id="" type="copy" source="wwformat:Skins/Lobby_Blue/Files/wwhelp/wwhimpl/common/images/fc.gif" path="C:\Documents and Settings\hadfielj\My Documents\ePublisher Pro Projects\caIntegrator2\Output\WebWorks Help 5.0\caIntegrator2\wwhelp\wwhimpl\common\images\fc.gif" title="" />
  <File groupID="F16E294B39BB5A9" documentID="" id="" type="copy" source="wwformat:Skins/Lobby_Blue/Files/wwhelp/wwhimpl/common/images/fo.gif" path="C:\Documents and Settings\hadfielj\My Documents\ePublisher Pro Projects\caIntegrator2\Output\WebWorks Help 5.0\caIntegrator2\wwhelp\wwhimpl\common\images\fo.gif" title="" />
  <File groupID="F16E294B39BB5A9" documentID="" id="" type="copy" source="wwformat:Skins/Lobby_Blue/Files/wwhelp/wwhimpl/common/images/next.gif" path="C:\Documents and Settings\hadfielj\My Documents\ePublisher Pro Projects\caIntegrator2\Output\WebWorks Help 5.0\caIntegrator2\wwhelp\wwhimpl\common\images\next.gif" title="" />
  <File groupID="F16E294B39BB5A9" documentID="" id="" type="copy" source="wwformat:Skins/Lobby_Blue/Files/wwhelp/wwhimpl/common/images/nextx.gif" path="C:\Documents and Settings\hadfielj\My Documents\ePublisher Pro Projects\caIntegrator2\Output\WebWorks Help 5.0\caIntegrator2\wwhelp\wwhimpl\common\images\nextx.gif" title="" />
  <File groupID="F16E294B39BB5A9" documentID="" id="" type="copy" source="wwformat:Skins/Lobby_Blue/Files/wwhelp/wwhimpl/common/images/pdf.gif" path="C:\Documents and Settings\hadfielj\My Documents\ePublisher Pro Projects\caIntegrator2\Output\WebWorks Help 5.0\caIntegrator2\wwhelp\wwhimpl\common\images\pdf.gif" title="" />
  <File groupID="F16E294B39BB5A9" documentID="" id="" type="copy" source="wwformat:Skins/Lobby_Blue/Files/wwhelp/wwhimpl/common/images/pdfx.gif" path="C:\Documents and Settings\hadfielj\My Documents\ePublisher Pro Projects\caIntegrator2\Output\WebWorks Help 5.0\caIntegrator2\wwhelp\wwhimpl\common\images\pdfx.gif" title="" />
  <File groupID="F16E294B39BB5A9" documentID="" id="" type="copy" source="wwformat:Skins/Lobby_Blue/Files/wwhelp/wwhimpl/common/images/prev.gif" path="C:\Documents and Settings\hadfielj\My Documents\ePublisher Pro Projects\caIntegrator2\Output\WebWorks Help 5.0\caIntegrator2\wwhelp\wwhimpl\common\images\prev.gif" title="" />
  <File groupID="F16E294B39BB5A9" documentID="" id="" type="copy" source="wwformat:Skins/Lobby_Blue/Files/wwhelp/wwhimpl/common/images/prevx.gif" path="C:\Documents and Settings\hadfielj\My Documents\ePublisher Pro Projects\caIntegrator2\Output\WebWorks Help 5.0\caIntegrator2\wwhelp\wwhimpl\common\images\prevx.gif" title="" />
  <File groupID="F16E294B39BB5A9" documentID="" id="" type="copy" source="wwformat:Skins/Lobby_Blue/Files/wwhelp/wwhimpl/common/images/print.gif" path="C:\Documents and Settings\hadfielj\My Documents\ePublisher Pro Projects\caIntegrator2\Output\WebWorks Help 5.0\caIntegrator2\wwhelp\wwhimpl\common\images\print.gif" title="" />
  <File groupID="F16E294B39BB5A9" documentID="" id="" type="copy" source="wwformat:Skins/Lobby_Blue/Files/wwhelp/wwhimpl/common/images/printx.gif" path="C:\Documents and Settings\hadfielj\My Documents\ePublisher Pro Projects\caIntegrator2\Output\WebWorks Help 5.0\caIntegrator2\wwhelp\wwhimpl\common\images\printx.gif" title="" />
  <File groupID="F16E294B39BB5A9" documentID="" id="" type="copy" source="wwformat:Skins/Lobby_Blue/Files/wwhelp/wwhimpl/common/images/related.gif" path="C:\Documents and Settings\hadfielj\My Documents\ePublisher Pro Projects\caIntegrator2\Output\WebWorks Help 5.0\caIntegrator2\wwhelp\wwhimpl\common\images\related.gif" title="" />
  <File groupID="F16E294B39BB5A9" documentID="" id="" type="copy" source="wwformat:Skins/Lobby_Blue/Files/wwhelp/wwhimpl/common/images/relatedi.gif" path="C:\Documents and Settings\hadfielj\My Documents\ePublisher Pro Projects\caIntegrator2\Output\WebWorks Help 5.0\caIntegrator2\wwhelp\wwhimpl\common\images\relatedi.gif" title="" />
  <File groupID="F16E294B39BB5A9" documentID="" id="" type="copy" source="wwformat:Skins/Lobby_Blue/Files/wwhelp/wwhimpl/common/images/relatedx.gif" path="C:\Documents and Settings\hadfielj\My Documents\ePublisher Pro Projects\caIntegrator2\Output\WebWorks Help 5.0\caIntegrator2\wwhelp\wwhimpl\common\images\relatedx.gif" title="" />
  <File groupID="F16E294B39BB5A9" documentID="" id="" type="copy" source="wwformat:Skins/Lobby_Blue/Files/wwhelp/wwhimpl/common/images/shownav.gif" path="C:\Documents and Settings\hadfielj\My Documents\ePublisher Pro Projects\caIntegrator2\Output\WebWorks Help 5.0\caIntegrator2\wwhelp\wwhimpl\common\images\shownav.gif" title="" />
  <File groupID="F16E294B39BB5A9" documentID="" id="" type="copy" source="wwformat:Skins/Lobby_Blue/Files/wwhelp/wwhimpl/common/images/spc_tb_l.gif" path="C:\Documents and Settings\hadfielj\My Documents\ePublisher Pro Projects\caIntegrator2\Output\WebWorks Help 5.0\caIntegrator2\wwhelp\wwhimpl\common\images\spc_tb_l.gif" title="" />
  <File groupID="F16E294B39BB5A9" documentID="" id="" type="copy" source="wwformat:Skins/Lobby_Blue/Files/wwhelp/wwhimpl/common/images/spc_tb_m.gif" path="C:\Documents and Settings\hadfielj\My Documents\ePublisher Pro Projects\caIntegrator2\Output\WebWorks Help 5.0\caIntegrator2\wwhelp\wwhimpl\common\images\spc_tb_m.gif" title="" />
  <File groupID="F16E294B39BB5A9" documentID="" id="" type="copy" source="wwformat:Skins/Lobby_Blue/Files/wwhelp/wwhimpl/common/images/spc_tb_r.gif" path="C:\Documents and Settings\hadfielj\My Documents\ePublisher Pro Projects\caIntegrator2\Output\WebWorks Help 5.0\caIntegrator2\wwhelp\wwhimpl\common\images\spc_tb_r.gif" title="" />
  <File groupID="F16E294B39BB5A9" documentID="" id="" type="copy" source="wwformat:Skins/Lobby_Blue/Files/wwhelp/wwhimpl/common/images/spc_tb_t.gif" path="C:\Documents and Settings\hadfielj\My Documents\ePublisher Pro Projects\caIntegrator2\Output\WebWorks Help 5.0\caIntegrator2\wwhelp\wwhimpl\common\images\spc_tb_t.gif" title="" />
  <File groupID="F16E294B39BB5A9" documentID="" id="" type="copy" source="wwformat:Skins/Lobby_Blue/Files/wwhelp/wwhimpl/common/images/sync.gif" path="C:\Documents and Settings\hadfielj\My Documents\ePublisher Pro Projects\caIntegrator2\Output\WebWorks Help 5.0\caIntegrator2\wwhelp\wwhimpl\common\images\sync.gif" title="" />
  <File groupID="F16E294B39BB5A9" documentID="" id="" type="copy" source="wwformat:Skins/Lobby_Blue/Files/wwhelp/wwhimpl/common/images/syncx.gif" path="C:\Documents and Settings\hadfielj\My Documents\ePublisher Pro Projects\caIntegrator2\Output\WebWorks Help 5.0\caIntegrator2\wwhelp\wwhimpl\common\images\syncx.gif" title="" />
  <File groupID="F16E294B39BB5A9" documentID="" id="" type="copy" source="wwformat:Skins/Lobby_Blue/Files/wwhelp/wwhimpl/common/images/toolsbg.gif" path="C:\Documents and Settings\hadfielj\My Documents\ePublisher Pro Projects\caIntegrator2\Output\WebWorks Help 5.0\caIntegrator2\wwhelp\wwhimpl\common\images\toolsbg.gif" title="" />
  <File groupID="F16E294B39BB5A9" documentID="" id="" type="copy" source="wwformat:Skins/Lobby_Blue/Files/wwhelp/wwhimpl/js/images/btn_bg.gif" path="C:\Documents and Settings\hadfielj\My Documents\ePublisher Pro Projects\caIntegrator2\Output\WebWorks Help 5.0\caIntegrator2\wwhelp\wwhimpl\js\images\btn_bg.gif" title="" />
  <File groupID="F16E294B39BB5A9" documentID="" id="" type="copy" source="wwformat:Skins/Lobby_Blue/Files/wwhelp/wwhimpl/js/images/btn_bgx.gif" path="C:\Documents and Settings\hadfielj\My Documents\ePublisher Pro Projects\caIntegrator2\Output\WebWorks Help 5.0\caIntegrator2\wwhelp\wwhimpl\js\images\btn_bgx.gif" title="" />
  <File groupID="F16E294B39BB5A9" documentID="" id="" type="copy" source="wwformat:Skins/Lobby_Blue/Files/wwhelp/wwhimpl/js/images/btn_e.gif" path="C:\Documents and Settings\hadfielj\My Documents\ePublisher Pro Projects\caIntegrator2\Output\WebWorks Help 5.0\caIntegrator2\wwhelp\wwhimpl\js\images\btn_e.gif" title="" />
  <File groupID="F16E294B39BB5A9" documentID="" id="" type="copy" source="wwformat:Skins/Lobby_Blue/Files/wwhelp/wwhimpl/js/images/btn_ex.gif" path="C:\Documents and Settings\hadfielj\My Documents\ePublisher Pro Projects\caIntegrator2\Output\WebWorks Help 5.0\caIntegrator2\wwhelp\wwhimpl\js\images\btn_ex.gif" title="" />
  <File groupID="F16E294B39BB5A9" documentID="" id="" type="copy" source="wwformat:Skins/Lobby_Blue/Files/wwhelp/wwhimpl/js/images/btn_n.gif" path="C:\Documents and Settings\hadfielj\My Documents\ePublisher Pro Projects\caIntegrator2\Output\WebWorks Help 5.0\caIntegrator2\wwhelp\wwhimpl\js\images\btn_n.gif" title="" />
  <File groupID="F16E294B39BB5A9" documentID="" id="" type="copy" source="wwformat:Skins/Lobby_Blue/Files/wwhelp/wwhimpl/js/images/btn_ne.gif" path="C:\Documents and Settings\hadfielj\My Documents\ePublisher Pro Projects\caIntegrator2\Output\WebWorks Help 5.0\caIntegrator2\wwhelp\wwhimpl\js\images\btn_ne.gif" title="" />
  <File groupID="F16E294B39BB5A9" documentID="" id="" type="copy" source="wwformat:Skins/Lobby_Blue/Files/wwhelp/wwhimpl/js/images/btn_nex.gif" path="C:\Documents and Settings\hadfielj\My Documents\ePublisher Pro Projects\caIntegrator2\Output\WebWorks Help 5.0\caIntegrator2\wwhelp\wwhimpl\js\images\btn_nex.gif" title="" />
  <File groupID="F16E294B39BB5A9" documentID="" id="" type="copy" source="wwformat:Skins/Lobby_Blue/Files/wwhelp/wwhimpl/js/images/btn_nw.gif" path="C:\Documents and Settings\hadfielj\My Documents\ePublisher Pro Projects\caIntegrator2\Output\WebWorks Help 5.0\caIntegrator2\wwhelp\wwhimpl\js\images\btn_nw.gif" title="" />
  <File groupID="F16E294B39BB5A9" documentID="" id="" type="copy" source="wwformat:Skins/Lobby_Blue/Files/wwhelp/wwhimpl/js/images/btn_nwx.gif" path="C:\Documents and Settings\hadfielj\My Documents\ePublisher Pro Projects\caIntegrator2\Output\WebWorks Help 5.0\caIntegrator2\wwhelp\wwhimpl\js\images\btn_nwx.gif" title="" />
  <File groupID="F16E294B39BB5A9" documentID="" id="" type="copy" source="wwformat:Skins/Lobby_Blue/Files/wwhelp/wwhimpl/js/images/btn_nx.gif" path="C:\Documents and Settings\hadfielj\My Documents\ePublisher Pro Projects\caIntegrator2\Output\WebWorks Help 5.0\caIntegrator2\wwhelp\wwhimpl\js\images\btn_nx.gif" title="" />
  <File groupID="F16E294B39BB5A9" documentID="" id="" type="copy" source="wwformat:Skins/Lobby_Blue/Files/wwhelp/wwhimpl/js/images/btn_s.gif" path="C:\Documents and Settings\hadfielj\My Documents\ePublisher Pro Projects\caIntegrator2\Output\WebWorks Help 5.0\caIntegrator2\wwhelp\wwhimpl\js\images\btn_s.gif" title="" />
  <File groupID="F16E294B39BB5A9" documentID="" id="" type="copy" source="wwformat:Skins/Lobby_Blue/Files/wwhelp/wwhimpl/js/images/btn_se.gif" path="C:\Documents and Settings\hadfielj\My Documents\ePublisher Pro Projects\caIntegrator2\Output\WebWorks Help 5.0\caIntegrator2\wwhelp\wwhimpl\js\images\btn_se.gif" title="" />
  <File groupID="F16E294B39BB5A9" documentID="" id="" type="copy" source="wwformat:Skins/Lobby_Blue/Files/wwhelp/wwhimpl/js/images/btn_sex.gif" path="C:\Documents and Settings\hadfielj\My Documents\ePublisher Pro Projects\caIntegrator2\Output\WebWorks Help 5.0\caIntegrator2\wwhelp\wwhimpl\js\images\btn_sex.gif" title="" />
  <File groupID="F16E294B39BB5A9" documentID="" id="" type="copy" source="wwformat:Skins/Lobby_Blue/Files/wwhelp/wwhimpl/js/images/btn_sw.gif" path="C:\Documents and Settings\hadfielj\My Documents\ePublisher Pro Projects\caIntegrator2\Output\WebWorks Help 5.0\caIntegrator2\wwhelp\wwhimpl\js\images\btn_sw.gif" title="" />
  <File groupID="F16E294B39BB5A9" documentID="" id="" type="copy" source="wwformat:Skins/Lobby_Blue/Files/wwhelp/wwhimpl/js/images/btn_swx.gif" path="C:\Documents and Settings\hadfielj\My Documents\ePublisher Pro Projects\caIntegrator2\Output\WebWorks Help 5.0\caIntegrator2\wwhelp\wwhimpl\js\images\btn_swx.gif" title="" />
  <File groupID="F16E294B39BB5A9" documentID="" id="" type="copy" source="wwformat:Skins/Lobby_Blue/Files/wwhelp/wwhimpl/js/images/btn_sx.gif" path="C:\Documents and Settings\hadfielj\My Documents\ePublisher Pro Projects\caIntegrator2\Output\WebWorks Help 5.0\caIntegrator2\wwhelp\wwhimpl\js\images\btn_sx.gif" title="" />
  <File groupID="F16E294B39BB5A9" documentID="" id="" type="copy" source="wwformat:Skins/Lobby_Blue/Files/wwhelp/wwhimpl/js/images/btn_w.gif" path="C:\Documents and Settings\hadfielj\My Documents\ePublisher Pro Projects\caIntegrator2\Output\WebWorks Help 5.0\caIntegrator2\wwhelp\wwhimpl\js\images\btn_w.gif" title="" />
  <File groupID="F16E294B39BB5A9" documentID="" id="" type="copy" source="wwformat:Skins/Lobby_Blue/Files/wwhelp/wwhimpl/js/images/btn_wx.gif" path="C:\Documents and Settings\hadfielj\My Documents\ePublisher Pro Projects\caIntegrator2\Output\WebWorks Help 5.0\caIntegrator2\wwhelp\wwhimpl\js\images\btn_wx.gif" title="" />
  <File groupID="F16E294B39BB5A9" documentID="" id="" type="copy" source="wwformat:Skins/Lobby_Blue/Files/wwhelp/wwhimpl/js/images/navbg.gif" path="C:\Documents and Settings\hadfielj\My Documents\ePublisher Pro Projects\caIntegrator2\Output\WebWorks Help 5.0\caIntegrator2\wwhelp\wwhimpl\js\images\navbg.gif" title="" />
  <File groupID="F16E294B39BB5A9" documentID="" id="" type="copy" source="wwformat:Skins/Lobby_Blue/Files/wwhelp/wwhimpl/js/images/spc_e.gif" path="C:\Documents and Settings\hadfielj\My Documents\ePublisher Pro Projects\caIntegrator2\Output\WebWorks Help 5.0\caIntegrator2\wwhelp\wwhimpl\js\images\spc_e.gif" title="" />
  <File groupID="F16E294B39BB5A9" documentID="" id="" type="copy" source="wwformat:Skins/Lobby_Blue/Files/wwhelp/wwhimpl/js/images/spc_n.gif" path="C:\Documents and Settings\hadfielj\My Documents\ePublisher Pro Projects\caIntegrator2\Output\WebWorks Help 5.0\caIntegrator2\wwhelp\wwhimpl\js\images\spc_n.gif" title="" />
  <File groupID="F16E294B39BB5A9" documentID="" id="" type="copy" source="wwformat:Skins/Lobby_Blue/Files/wwhelp/wwhimpl/js/images/spc_s.gif" path="C:\Documents and Settings\hadfielj\My Documents\ePublisher Pro Projects\caIntegrator2\Output\WebWorks Help 5.0\caIntegrator2\wwhelp\wwhimpl\js\images\spc_s.gif" title="" />
  <File groupID="F16E294B39BB5A9" documentID="" id="" type="copy" source="wwformat:Skins/Lobby_Blue/Files/wwhelp/wwhimpl/js/images/spc_sx.gif" path="C:\Documents and Settings\hadfielj\My Documents\ePublisher Pro Projects\caIntegrator2\Output\WebWorks Help 5.0\caIntegrator2\wwhelp\wwhimpl\js\images\spc_sx.gif" title="" />
  <File groupID="F16E294B39BB5A9" documentID="" id="" type="copy" source="wwformat:Skins/Lobby_Blue/Files/wwhelp/wwhimpl/js/images/spc_tabl.gif" path="C:\Documents and Settings\hadfielj\My Documents\ePublisher Pro Projects\caIntegrator2\Output\WebWorks Help 5.0\caIntegrator2\wwhelp\wwhimpl\js\images\spc_tabl.gif" title="" />
  <File groupID="F16E294B39BB5A9" documentID="" id="" type="copy" source="wwformat:Skins/Lobby_Blue/Files/wwhelp/wwhimpl/js/images/spc_tabm.gif" path="C:\Documents and Settings\hadfielj\My Documents\ePublisher Pro Projects\caIntegrator2\Output\WebWorks Help 5.0\caIntegrator2\wwhelp\wwhimpl\js\images\spc_tabm.gif" title="" />
  <File groupID="F16E294B39BB5A9" documentID="" id="" type="copy" source="wwformat:Skins/Lobby_Blue/Files/wwhelp/wwhimpl/js/images/spc_tabr.gif" path="C:\Documents and Settings\hadfielj\My Documents\ePublisher Pro Projects\caIntegrator2\Output\WebWorks Help 5.0\caIntegrator2\wwhelp\wwhimpl\js\images\spc_tabr.gif" title="" />
  <File groupID="F16E294B39BB5A9" documentID="" id="" type="copy" source="wwformat:Skins/Lobby_Blue/Files/wwhelp/wwhimpl/js/images/spc_top.gif" path="C:\Documents and Settings\hadfielj\My Documents\ePublisher Pro Projects\caIntegrator2\Output\WebWorks Help 5.0\caIntegrator2\wwhelp\wwhimpl\js\images\spc_top.gif" title="" />
  <File groupID="F16E294B39BB5A9" documentID="" id="" type="copy" source="wwformat:Skins/Lobby_Blue/Files/wwhelp/wwhimpl/js/images/spc_topx.gif" path="C:\Documents and Settings\hadfielj\My Documents\ePublisher Pro Projects\caIntegrator2\Output\WebWorks Help 5.0\caIntegrator2\wwhelp\wwhimpl\js\images\spc_topx.gif" title="" />
  <File groupID="F16E294B39BB5A9" documentID="" id="" type="copy" source="wwformat:Skins/Lobby_Blue/Files/wwhelp/wwhimpl/js/images/spc_w.gif" path="C:\Documents and Settings\hadfielj\My Documents\ePublisher Pro Projects\caIntegrator2\Output\WebWorks Help 5.0\caIntegrator2\wwhelp\wwhimpl\js\images\spc_w.gif" title="" />
  <File groupID="F16E294B39BB5A9" documentID="" id="" type="copy" source="wwformat:Skins/Lobby_Blue/Files/wwhelp/wwhimpl/js/images/viewbg.gif" path="C:\Documents and Settings\hadfielj\My Documents\ePublisher Pro Projects\caIntegrator2\Output\WebWorks Help 5.0\caIntegrator2\wwhelp\wwhimpl\js\images\viewbg.gif" title="" />
  <File groupID="F16E294B39BB5A9" documentID="" id="" type="copy" source="wwformat:Pages/css/webworks.css" path="C:\Documents and Settings\hadfielj\My Documents\ePublisher Pro Projects\caIntegrator2\Output\WebWorks Help 5.0\caIntegrator2\css\webworks.css" title="" />
  <File groupID="F16E294B39BB5A9" documentID="" id="" type="copy" source="wwformat:Pages/scripts/expand.js" path="C:\Documents and Settings\hadfielj\My Documents\ePublisher Pro Projects\caIntegrator2\Output\WebWorks Help 5.0\caIntegrator2\scripts\expand.js" title="" />
  <File groupID="F16E294B39BB5A9" documentID="" id="" type="toc" source="" path="C:\Documents and Settings\hadfielj\My Documents\ePublisher Pro Projects\caIntegrator2\Output\WebWorks Help 5.0\caIntegrator2\wwhdata\xml\toc.xml" title="Table of Contents" />
  <Split groupID="F16E294B39BB5A9" documentID="549834CCC3F6E035" id="1070912" position="1" documentstartposition="3" documentendposition="13" title="Welcome to caIntegrator2 Online Help" path="C:\Documents and Settings\hadfielj\My Documents\ePublisher Pro Projects\caIntegrator2\Output\WebWorks Help 5.0\caIntegrator2\Welcome.1.1.html" stylename="" fileposition="1" />
  <Split groupID="F16E294B39BB5A9" documentID="67C8C35618899CF2" id="1052621" position="1" documentstartposition="3" documentendposition="10" title="Getting Started with caIntegrator2" path="C:\Documents and Settings\hadfielj\My Documents\ePublisher Pro Projects\caIntegrator2\Output\WebWorks Help 5.0\caIntegrator2\Getting_Started.2.1.html" stylename="" fileposition="2" />
  <Split groupID="F16E294B39BB5A9" documentID="67C8C35618899CF2" id="1127656" position="2" documentstartposition="11" documentendposition="17" title="About caIntegrator2" path="C:\Documents and Settings\hadfielj\My Documents\ePublisher Pro Projects\caIntegrator2\Output\WebWorks Help 5.0\caIntegrator2\Getting_Started.2.2.html" stylename="" fileposition="3" />
  <Split groupID="F16E294B39BB5A9" documentID="67C8C35618899CF2" id="1127730" position="3" documentstartposition="18" documentendposition="29" title="Using Online Help" path="C:\Documents and Settings\hadfielj\My Documents\ePublisher Pro Projects\caIntegrator2\Output\WebWorks Help 5.0\caIntegrator2\Getting_Started.2.3.html" stylename="" fileposition="4">
    <Frame groupID="F16E294B39BB5A9" documentID="67C8C35618899CF2" id="1127743" stylename="Default" position="1" title="" path="C:\Documents and Settings\hadfielj\My Documents\ePublisher Pro Projects\caIntegrator2\Output\WebWorks Help 5.0\caIntegrator2\images\Getting_Started.2.3.1.jpg">
      <Thumbnail path="C:\Documents and Settings\hadfielj\My Documents\ePublisher Pro Projects\caIntegrator2\Output\WebWorks Help 5.0\caIntegrator2\images\Getting_Started.2.3.1_thumb.jpg" />
      <Wrapper groupID="F16E294B39BB5A9" documentID="67C8C35618899CF2" stylename="" path="C:\Documents and Settings\hadfielj\My Documents\ePublisher Pro Projects\caIntegrator2\Output\WebWorks Help 5.0\caIntegrator2\images\Getting_Started.2.3.1.html" />
      <Description path="C:\Documents and Settings\hadfielj\My Documents\ePublisher Pro Projects\caIntegrator2\Output\WebWorks Help 5.0\caIntegrator2\images\Getting_Started.2.3.1.txt" />
    </Frame>
    <Frame groupID="F16E294B39BB5A9" documentID="67C8C35618899CF2" id="1127757" stylename="Default" position="2" title="" path="C:\Documents and Settings\hadfielj\My Documents\ePublisher Pro Projects\caIntegrator2\Output\WebWorks Help 5.0\caIntegrator2\images\Getting_Started.2.3.2.jpg">
      <Thumbnail path="C:\Documents and Settings\hadfielj\My Documents\ePublisher Pro Projects\caIntegrator2\Output\WebWorks Help 5.0\caIntegrator2\images\Getting_Started.2.3.2_thumb.jpg" />
      <Wrapper groupID="F16E294B39BB5A9" documentID="67C8C35618899CF2" stylename="" path="C:\Documents and Settings\hadfielj\My Documents\ePublisher Pro Projects\caIntegrator2\Output\WebWorks Help 5.0\caIntegrator2\images\Getting_Started.2.3.2.html" />
      <Description path="C:\Documents and Settings\hadfielj\My Documents\ePublisher Pro Projects\caIntegrator2\Output\WebWorks Help 5.0\caIntegrator2\images\Getting_Started.2.3.2.txt" />
    </Frame>
    <Frame groupID="F16E294B39BB5A9" documentID="67C8C35618899CF2" id="1127764" stylename="Default" position="3" title="" path="C:\Documents and Settings\hadfielj\My Documents\ePublisher Pro Projects\caIntegrator2\Output\WebWorks Help 5.0\caIntegrator2\images\Getting_Started.2.3.3.jpg">
      <Thumbnail path="C:\Documents and Settings\hadfielj\My Documents\ePublisher Pro Projects\caIntegrator2\Output\WebWorks Help 5.0\caIntegrator2\images\Getting_Started.2.3.3_thumb.jpg" />
      <Wrapper groupID="F16E294B39BB5A9" documentID="67C8C35618899CF2" stylename="" path="C:\Documents and Settings\hadfielj\My Documents\ePublisher Pro Projects\caIntegrator2\Output\WebWorks Help 5.0\caIntegrator2\images\Getting_Started.2.3.3.html" />
      <Description path="C:\Documents and Settings\hadfielj\My Documents\ePublisher Pro Projects\caIntegrator2\Output\WebWorks Help 5.0\caIntegrator2\images\Getting_Started.2.3.3.txt" />
    </Frame>
    <Frame groupID="F16E294B39BB5A9" documentID="67C8C35618899CF2" id="1127771" stylename="Default" position="4" title="" path="C:\Documents and Settings\hadfielj\My Documents\ePublisher Pro Projects\caIntegrator2\Output\WebWorks Help 5.0\caIntegrator2\images\Getting_Started.2.3.4.jpg">
      <Thumbnail path="C:\Documents and Settings\hadfielj\My Documents\ePublisher Pro Projects\caIntegrator2\Output\WebWorks Help 5.0\caIntegrator2\images\Getting_Started.2.3.4_thumb.jpg" />
      <Wrapper groupID="F16E294B39BB5A9" documentID="67C8C35618899CF2" stylename="" path="C:\Documents and Settings\hadfielj\My Documents\ePublisher Pro Projects\caIntegrator2\Output\WebWorks Help 5.0\caIntegrator2\images\Getting_Started.2.3.4.html" />
      <Description path="C:\Documents and Settings\hadfielj\My Documents\ePublisher Pro Projects\caIntegrator2\Output\WebWorks Help 5.0\caIntegrator2\images\Getting_Started.2.3.4.txt" />
    </Frame>
    <Frame groupID="F16E294B39BB5A9" documentID="67C8C35618899CF2" id="1127778" stylename="Default" position="5" title="" path="C:\Documents and Settings\hadfielj\My Documents\ePublisher Pro Projects\caIntegrator2\Output\WebWorks Help 5.0\caIntegrator2\images\Getting_Started.2.3.5.jpg">
      <Thumbnail path="C:\Documents and Settings\hadfielj\My Documents\ePublisher Pro Projects\caIntegrator2\Output\WebWorks Help 5.0\caIntegrator2\images\Getting_Started.2.3.5_thumb.jpg" />
      <Wrapper groupID="F16E294B39BB5A9" documentID="67C8C35618899CF2" stylename="" path="C:\Documents and Settings\hadfielj\My Documents\ePublisher Pro Projects\caIntegrator2\Output\WebWorks Help 5.0\caIntegrator2\images\Getting_Started.2.3.5.html" />
      <Description path="C:\Documents and Settings\hadfielj\My Documents\ePublisher Pro Projects\caIntegrator2\Output\WebWorks Help 5.0\caIntegrator2\images\Getting_Started.2.3.5.txt" />
    </Frame>
    <Frame groupID="F16E294B39BB5A9" documentID="67C8C35618899CF2" id="1127785" stylename="Default" position="6" title="" path="C:\Documents and Settings\hadfielj\My Documents\ePublisher Pro Projects\caIntegrator2\Output\WebWorks Help 5.0\caIntegrator2\images\Getting_Started.2.3.6.jpg">
      <Thumbnail path="C:\Documents and Settings\hadfielj\My Documents\ePublisher Pro Projects\caIntegrator2\Output\WebWorks Help 5.0\caIntegrator2\images\Getting_Started.2.3.6_thumb.jpg" />
      <Wrapper groupID="F16E294B39BB5A9" documentID="67C8C35618899CF2" stylename="" path="C:\Documents and Settings\hadfielj\My Documents\ePublisher Pro Projects\caIntegrator2\Output\WebWorks Help 5.0\caIntegrator2\images\Getting_Started.2.3.6.html" />
      <Description path="C:\Documents and Settings\hadfielj\My Documents\ePublisher Pro Projects\caIntegrator2\Output\WebWorks Help 5.0\caIntegrator2\images\Getting_Started.2.3.6.txt" />
    </Frame>
    <Frame groupID="F16E294B39BB5A9" documentID="67C8C35618899CF2" id="1127789" stylename="Default" position="7" title="" path="C:\Documents and Settings\hadfielj\My Documents\ePublisher Pro Projects\caIntegrator2\Output\WebWorks Help 5.0\caIntegrator2\images\Getting_Started.2.3.7.jpg">
      <Thumbnail path="C:\Documents and Settings\hadfielj\My Documents\ePublisher Pro Projects\caIntegrator2\Output\WebWorks Help 5.0\caIntegrator2\images\Getting_Started.2.3.7_thumb.jpg" />
      <Wrapper groupID="F16E294B39BB5A9" documentID="67C8C35618899CF2" stylename="" path="C:\Documents and Settings\hadfielj\My Documents\ePublisher Pro Projects\caIntegrator2\Output\WebWorks Help 5.0\caIntegrator2\images\Getting_Started.2.3.7.html" />
      <Description path="C:\Documents and Settings\hadfielj\My Documents\ePublisher Pro Projects\caIntegrator2\Output\WebWorks Help 5.0\caIntegrator2\images\Getting_Started.2.3.7.txt" />
    </Frame>
    <Frame groupID="F16E294B39BB5A9" documentID="67C8C35618899CF2" id="1127796" stylename="Default" position="8" title="" path="C:\Documents and Settings\hadfielj\My Documents\ePublisher Pro Projects\caIntegrator2\Output\WebWorks Help 5.0\caIntegrator2\images\Getting_Started.2.3.8.jpg">
      <Thumbnail path="C:\Documents and Settings\hadfielj\My Documents\ePublisher Pro Projects\caIntegrator2\Output\WebWorks Help 5.0\caIntegrator2\images\Getting_Started.2.3.8_thumb.jpg" />
      <Wrapper groupID="F16E294B39BB5A9" documentID="67C8C35618899CF2" stylename="" path="C:\Documents and Settings\hadfielj\My Documents\ePublisher Pro Projects\caIntegrator2\Output\WebWorks Help 5.0\caIntegrator2\images\Getting_Started.2.3.8.html" />
      <Description path="C:\Documents and Settings\hadfielj\My Documents\ePublisher Pro Projects\caIntegrator2\Output\WebWorks Help 5.0\caIntegrator2\images\Getting_Started.2.3.8.txt" />
    </Frame>
    <Frame groupID="F16E294B39BB5A9" documentID="67C8C35618899CF2" id="1127807" stylename="Default" position="9" title="" path="C:\Documents and Settings\hadfielj\My Documents\ePublisher Pro Projects\caIntegrator2\Output\WebWorks Help 5.0\caIntegrator2\images\Getting_Started.2.3.9.jpg">
      <Thumbnail path="C:\Documents and Settings\hadfielj\My Documents\ePublisher Pro Projects\caIntegrator2\Output\WebWorks Help 5.0\caIntegrator2\images\Getting_Started.2.3.9_thumb.jpg" />
      <Wrapper groupID="F16E294B39BB5A9" documentID="67C8C35618899CF2" stylename="" path="C:\Documents and Settings\hadfielj\My Documents\ePublisher Pro Projects\caIntegrator2\Output\WebWorks Help 5.0\caIntegrator2\images\Getting_Started.2.3.9.html" />
      <Description path="C:\Documents and Settings\hadfielj\My Documents\ePublisher Pro Projects\caIntegrator2\Output\WebWorks Help 5.0\caIntegrator2\images\Getting_Started.2.3.9.txt" />
    </Frame>
  </Split>
  <Split groupID="F16E294B39BB5A9" documentID="67C8C35618899CF2" id="1115560" position="4" documentstartposition="30" documentendposition="33" title="Logging In" path="C:\Documents and Settings\hadfielj\My Documents\ePublisher Pro Projects\caIntegrator2\Output\WebWorks Help 5.0\caIntegrator2\Getting_Started.2.4.html" stylename="" fileposition="5" />
  <Split groupID="F16E294B39BB5A9" documentID="67C8C35618899CF2" id="1127723" position="5" documentstartposition="34" documentendposition="38" title="Using the caIntegrator2 Workspace" path="C:\Documents and Settings\hadfielj\My Documents\ePublisher Pro Projects\caIntegrator2\Output\WebWorks Help 5.0\caIntegrator2\Getting_Started.2.5.html" stylename="" fileposition="6" />
  <Split groupID="F16E294B39BB5A9" documentID="67C8C35618899CF2" id="1133634" position="6" documentstartposition="39" documentendposition="48" title="caIntegrator2 Functions" path="C:\Documents and Settings\hadfielj\My Documents\ePublisher Pro Projects\caIntegrator2\Output\WebWorks Help 5.0\caIntegrator2\Getting_Started.2.6.html" stylename="" fileposition="7" />
  <Split groupID="F16E294B39BB5A9" documentID="67C8C35618899CF2" id="1128246" position="7" documentstartposition="49" documentendposition="53" title="Logging Out" path="C:\Documents and Settings\hadfielj\My Documents\ePublisher Pro Projects\caIntegrator2\Output\WebWorks Help 5.0\caIntegrator2\Getting_Started.2.7.html" stylename="" fileposition="8" />
  <Split groupID="F16E294B39BB5A9" documentID="67C8C35618899CF2" id="1128943" position="8" documentstartposition="54" documentendposition="61" title="Application Support" path="C:\Documents and Settings\hadfielj\My Documents\ePublisher Pro Projects\caIntegrator2\Output\WebWorks Help 5.0\caIntegrator2\Getting_Started.2.8.html" stylename="" fileposition="9" />
  <Split groupID="F16E294B39BB5A9" documentID="29F3F7529CF9D8DB" id="1070912" position="1" documentstartposition="3" documentendposition="7" title="Creating a New Study" path="C:\Documents and Settings\hadfielj\My Documents\ePublisher Pro Projects\caIntegrator2\Output\WebWorks Help 5.0\caIntegrator2\CreatingNewStudy.3.1.html" stylename="" fileposition="10" />
  <Split groupID="F16E294B39BB5A9" documentID="29F3F7529CF9D8DB" id="1073286" position="2" documentstartposition="8" documentendposition="13" title="Creating a Study – Overview" path="C:\Documents and Settings\hadfielj\My Documents\ePublisher Pro Projects\caIntegrator2\Output\WebWorks Help 5.0\caIntegrator2\CreatingNewStudy.3.2.html" stylename="" fileposition="11" />
  <Split groupID="F16E294B39BB5A9" documentID="29F3F7529CF9D8DB" id="1073216" position="3" documentstartposition="14" documentendposition="21" title="Configuring and Deploying Study" path="C:\Documents and Settings\hadfielj\My Documents\ePublisher Pro Projects\caIntegrator2\Output\WebWorks Help 5.0\caIntegrator2\CreatingNewStudy.3.3.html" stylename="" fileposition="12" />
  <Split groupID="F16E294B39BB5A9" documentID="29F3F7529CF9D8DB" id="1073921" position="4" documentstartposition="22" documentendposition="28" title="Creating/Editing a Study" path="C:\Documents and Settings\hadfielj\My Documents\ePublisher Pro Projects\caIntegrator2\Output\WebWorks Help 5.0\caIntegrator2\CreatingNewStudy.3.4.html" stylename="" fileposition="13" />
  <Split groupID="F16E294B39BB5A9" documentID="29F3F7529CF9D8DB" id="1075197" position="5" documentstartposition="29" documentendposition="41" title="Adding Clinical Data" path="C:\Documents and Settings\hadfielj\My Documents\ePublisher Pro Projects\caIntegrator2\Output\WebWorks Help 5.0\caIntegrator2\CreatingNewStudy.3.5.html" stylename="" fileposition="14" />
  <Split groupID="F16E294B39BB5A9" documentID="29F3F7529CF9D8DB" id="1082187" position="6" documentstartposition="42" documentendposition="58" title="Assigning An Identifier or Annotation" path="C:\Documents and Settings\hadfielj\My Documents\ePublisher Pro Projects\caIntegrator2\Output\WebWorks Help 5.0\caIntegrator2\CreatingNewStudy.3.6.html" stylename="" fileposition="15" />
  <Split groupID="F16E294B39BB5A9" documentID="29F3F7529CF9D8DB" id="1082197" position="7" documentstartposition="59" documentendposition="85" title="Searching for Annotation Definitions" path="C:\Documents and Settings\hadfielj\My Documents\ePublisher Pro Projects\caIntegrator2\Output\WebWorks Help 5.0\caIntegrator2\CreatingNewStudy.3.7.html" stylename="" fileposition="16" />
  <Split groupID="F16E294B39BB5A9" documentID="29F3F7529CF9D8DB" id="1084926" position="8" documentstartposition="86" documentendposition="88" title="Editing a Study" path="C:\Documents and Settings\hadfielj\My Documents\ePublisher Pro Projects\caIntegrator2\Output\WebWorks Help 5.0\caIntegrator2\CreatingNewStudy.3.8.html" stylename="" fileposition="17" />
  <Split groupID="F16E294B39BB5A9" documentID="29F3F7529CF9D8DB" id="1077698" position="9" documentstartposition="89" documentendposition="107" title="Editing Survival Values" path="C:\Documents and Settings\hadfielj\My Documents\ePublisher Pro Projects\caIntegrator2\Output\WebWorks Help 5.0\caIntegrator2\CreatingNewStudy.3.9.html" stylename="" fileposition="18" />
  <Split groupID="F16E294B39BB5A9" documentID="29F3F7529CF9D8DB" id="1076975" position="10" documentstartposition="108" documentendposition="121" title="Adding Genomic Data" path="C:\Documents and Settings\hadfielj\My Documents\ePublisher Pro Projects\caIntegrator2\Output\WebWorks Help 5.0\caIntegrator2\CreatingNewStudy.3.10.html" stylename="" fileposition="19" />
  <Split groupID="F16E294B39BB5A9" documentID="29F3F7529CF9D8DB" id="1089376" position="11" documentstartposition="122" documentendposition="122" title="Editing Genomic Data" path="C:\Documents and Settings\hadfielj\My Documents\ePublisher Pro Projects\caIntegrator2\Output\WebWorks Help 5.0\caIntegrator2\CreatingNewStudy.3.11.html" stylename="" fileposition="20" />
  <Split groupID="F16E294B39BB5A9" documentID="29F3F7529CF9D8DB" id="1081247" position="12" documentstartposition="123" documentendposition="133" title="Mapping Genomic Data to Clinical Data" path="C:\Documents and Settings\hadfielj\My Documents\ePublisher Pro Projects\caIntegrator2\Output\WebWorks Help 5.0\caIntegrator2\CreatingNewStudy.3.12.html" stylename="" fileposition="21">
    <Frame groupID="F16E294B39BB5A9" documentID="29F3F7529CF9D8DB" id="1085177" stylename="Default" position="1" title="" byref="true" source="C:\Documents and Settings\hadfielj\My Documents\CBIIT Projects\caIntegrator2\caI2 images\genomic mapping file.gif" path="C:\Documents and Settings\hadfielj\My Documents\ePublisher Pro Projects\caIntegrator2\Output\WebWorks Help 5.0\caIntegrator2\images\genomic mapping file.gif">
      <Thumbnail path="C:\Documents and Settings\hadfielj\My Documents\ePublisher Pro Projects\caIntegrator2\Output\WebWorks Help 5.0\caIntegrator2\images\genomic mapping file_thumb.gif" />
      <Wrapper groupID="F16E294B39BB5A9" documentID="29F3F7529CF9D8DB" stylename="" path="C:\Documents and Settings\hadfielj\My Documents\ePublisher Pro Projects\caIntegrator2\Output\WebWorks Help 5.0\caIntegrator2\images\genomic mapping file.html" />
      <Description path="C:\Documents and Settings\hadfielj\My Documents\ePublisher Pro Projects\caIntegrator2\Output\WebWorks Help 5.0\caIntegrator2\images\genomic mapping file.txt" />
    </Frame>
  </Split>
  <Split groupID="F16E294B39BB5A9" documentID="29F3F7529CF9D8DB" id="1080249" position="13" documentstartposition="134" documentendposition="143" title="Uploading Control Samples " path="C:\Documents and Settings\hadfielj\My Documents\ePublisher Pro Projects\caIntegrator2\Output\WebWorks Help 5.0\caIntegrator2\CreatingNewStudy.3.13.html" stylename="" fileposition="22" />
  <Split groupID="F16E294B39BB5A9" documentID="29F3F7529CF9D8DB" id="1075831" position="14" documentstartposition="144" documentendposition="162" title=" Adding Imaging Data" path="C:\Documents and Settings\hadfielj\My Documents\ePublisher Pro Projects\caIntegrator2\Output\WebWorks Help 5.0\caIntegrator2\CreatingNewStudy.3.14.html" stylename="" fileposition="23" />
  <Split groupID="F16E294B39BB5A9" documentID="29F3F7529CF9D8DB" id="1075829" position="15" documentstartposition="163" documentendposition="166" title="Deploying the Study" path="C:\Documents and Settings\hadfielj\My Documents\ePublisher Pro Projects\caIntegrator2\Output\WebWorks Help 5.0\caIntegrator2\CreatingNewStudy.3.15.html" stylename="" fileposition="24" />
  <Split groupID="F16E294B39BB5A9" documentID="29F3F7529CF9D8DB" id="1076280" position="16" documentstartposition="167" documentendposition="177" title="Managing a Study" path="C:\Documents and Settings\hadfielj\My Documents\ePublisher Pro Projects\caIntegrator2\Output\WebWorks Help 5.0\caIntegrator2\CreatingNewStudy.3.16.html" stylename="" fileposition="25" />
  <Split groupID="F16E294B39BB5A9" documentID="29F3F7529CF9D8DB" id="1078043" position="17" documentstartposition="178" documentendposition="185" title="Managing Platforms" path="C:\Documents and Settings\hadfielj\My Documents\ePublisher Pro Projects\caIntegrator2\Output\WebWorks Help 5.0\caIntegrator2\CreatingNewStudy.3.17.html" stylename="" fileposition="26" />
  <Split groupID="F16E294B39BB5A9" documentID="57AFBCFEDFC56166" id="1070912" position="1" documentstartposition="3" documentendposition="7" title="Searching a caIntegrator2 Study" path="C:\Documents and Settings\hadfielj\My Documents\ePublisher Pro Projects\caIntegrator2\Output\WebWorks Help 5.0\caIntegrator2\SearchingWithinAStudy.4.1.html" stylename="" fileposition="27" />
  <Split groupID="F16E294B39BB5A9" documentID="57AFBCFEDFC56166" id="1074226" position="2" documentstartposition="8" documentendposition="25" title="Search Overview" path="C:\Documents and Settings\hadfielj\My Documents\ePublisher Pro Projects\caIntegrator2\Output\WebWorks Help 5.0\caIntegrator2\SearchingWithinAStudy.4.2.html" stylename="" fileposition="28" />
  <Split groupID="F16E294B39BB5A9" documentID="57AFBCFEDFC56166" id="1074305" position="3" documentstartposition="26" documentendposition="63" title="Searching a Study" path="C:\Documents and Settings\hadfielj\My Documents\ePublisher Pro Projects\caIntegrator2\Output\WebWorks Help 5.0\caIntegrator2\SearchingWithinAStudy.4.3.html" stylename="" fileposition="29" />
  <Split groupID="F16E294B39BB5A9" documentID="57AFBCFEDFC56166" id="1074610" position="4" documentstartposition="64" documentendposition="85" title="Columns and Sorting Tabs" path="C:\Documents and Settings\hadfielj\My Documents\ePublisher Pro Projects\caIntegrator2\Output\WebWorks Help 5.0\caIntegrator2\SearchingWithinAStudy.4.4.html" stylename="" fileposition="30" />
  <Split groupID="F16E294B39BB5A9" documentID="57AFBCFEDFC56166" id="1077751" position="5" documentstartposition="86" documentendposition="89" title="Managing Queries" path="C:\Documents and Settings\hadfielj\My Documents\ePublisher Pro Projects\caIntegrator2\Output\WebWorks Help 5.0\caIntegrator2\SearchingWithinAStudy.4.5.html" stylename="" fileposition="31" />
  <Split groupID="F16E294B39BB5A9" documentID="57AFBCFEDFC56166" id="1075754" position="6" documentstartposition="90" documentendposition="97" title="Saving a Query " path="C:\Documents and Settings\hadfielj\My Documents\ePublisher Pro Projects\caIntegrator2\Output\WebWorks Help 5.0\caIntegrator2\SearchingWithinAStudy.4.6.html" stylename="" fileposition="32" />
  <Split groupID="F16E294B39BB5A9" documentID="57AFBCFEDFC56166" id="1075748" position="7" documentstartposition="98" documentendposition="106" title="Editing a Query" path="C:\Documents and Settings\hadfielj\My Documents\ePublisher Pro Projects\caIntegrator2\Output\WebWorks Help 5.0\caIntegrator2\SearchingWithinAStudy.4.7.html" stylename="" fileposition="33">
    <Frame groupID="F16E294B39BB5A9" documentID="57AFBCFEDFC56166" id="1081420" stylename="Default" position="1" title="" path="C:\Documents and Settings\hadfielj\My Documents\ePublisher Pro Projects\caIntegrator2\Output\WebWorks Help 5.0\caIntegrator2\images\SearchingWithinAStudy.4.7.1.jpg">
      <Thumbnail path="C:\Documents and Settings\hadfielj\My Documents\ePublisher Pro Projects\caIntegrator2\Output\WebWorks Help 5.0\caIntegrator2\images\SearchingWithinAStudy.4.7.1_thumb.jpg" />
      <Wrapper groupID="F16E294B39BB5A9" documentID="57AFBCFEDFC56166" stylename="" path="C:\Documents and Settings\hadfielj\My Documents\ePublisher Pro Projects\caIntegrator2\Output\WebWorks Help 5.0\caIntegrator2\images\SearchingWithinAStudy.4.7.1.html" />
      <Description path="C:\Documents and Settings\hadfielj\My Documents\ePublisher Pro Projects\caIntegrator2\Output\WebWorks Help 5.0\caIntegrator2\images\SearchingWithinAStudy.4.7.1.txt" />
    </Frame>
  </Split>
  <Split groupID="F16E294B39BB5A9" documentID="57AFBCFEDFC56166" id="1073510" position="8" documentstartposition="107" documentendposition="113" title="Exporting Query Results" path="C:\Documents and Settings\hadfielj\My Documents\ePublisher Pro Projects\caIntegrator2\Output\WebWorks Help 5.0\caIntegrator2\SearchingWithinAStudy.4.8.html" stylename="" fileposition="34" />
  <Split groupID="F16E294B39BB5A9" documentID="3EEA88D1B057A95" id="1052621" position="1" documentstartposition="3" documentendposition="7" title="Viewing Search Results" path="C:\Documents and Settings\hadfielj\My Documents\ePublisher Pro Projects\caIntegrator2\Output\WebWorks Help 5.0\caIntegrator2\View Results.5.1.html" stylename="" fileposition="35" />
  <Split groupID="F16E294B39BB5A9" documentID="3EEA88D1B057A95" id="1167812" position="2" documentstartposition="8" documentendposition="17" title="Search Results Overview" path="C:\Documents and Settings\hadfielj\My Documents\ePublisher Pro Projects\caIntegrator2\Output\WebWorks Help 5.0\caIntegrator2\View Results.5.2.html" stylename="" fileposition="36" />
  <Split groupID="F16E294B39BB5A9" documentID="3EEA88D1B057A95" id="1159038" position="3" documentstartposition="18" documentendposition="24" title="Browsing Search Results" path="C:\Documents and Settings\hadfielj\My Documents\ePublisher Pro Projects\caIntegrator2\Output\WebWorks Help 5.0\caIntegrator2\View Results.5.3.html" stylename="" fileposition="37" />
  <Split groupID="F16E294B39BB5A9" documentID="3EEA88D1B057A95" id="1163775" position="4" documentstartposition="25" documentendposition="35" title="Genomic Data" path="C:\Documents and Settings\hadfielj\My Documents\ePublisher Pro Projects\caIntegrator2\Output\WebWorks Help 5.0\caIntegrator2\View Results.5.4.html" stylename="" fileposition="38" />
  <Split groupID="F16E294B39BB5A9" documentID="3EEA88D1B057A95" id="1161867" position="5" documentstartposition="36" documentendposition="89" title="Imaging Data Results" path="C:\Documents and Settings\hadfielj\My Documents\ePublisher Pro Projects\caIntegrator2\Output\WebWorks Help 5.0\caIntegrator2\View Results.5.5.html" stylename="" fileposition="39" />
  <Split groupID="F16E294B39BB5A9" documentID="3EEA88D1B057A95" id="1162538" position="6" documentstartposition="90" documentendposition="93" title="Exporting Data" path="C:\Documents and Settings\hadfielj\My Documents\ePublisher Pro Projects\caIntegrator2\Output\WebWorks Help 5.0\caIntegrator2\View Results.5.6.html" stylename="" fileposition="40" />
  <Split groupID="F16E294B39BB5A9" documentID="C6171BC861FB5C8" id="1070912" position="1" documentstartposition="3" documentendposition="11" title="Analyzing Studies" path="C:\Documents and Settings\hadfielj\My Documents\ePublisher Pro Projects\caIntegrator2\Output\WebWorks Help 5.0\caIntegrator2\PerformingAnalysis.6.1.html" stylename="" fileposition="41" />
  <Split groupID="F16E294B39BB5A9" documentID="C6171BC861FB5C8" id="1073202" position="2" documentstartposition="12" documentendposition="29" title="Performing Data Analysis" path="C:\Documents and Settings\hadfielj\My Documents\ePublisher Pro Projects\caIntegrator2\Output\WebWorks Help 5.0\caIntegrator2\PerformingAnalysis.6.2.html" stylename="" fileposition="42" />
  <Split groupID="F16E294B39BB5A9" documentID="C6171BC861FB5C8" id="1073416" position="3" documentstartposition="30" documentendposition="50" title="Creating  Kaplan-Meier Plots" path="C:\Documents and Settings\hadfielj\My Documents\ePublisher Pro Projects\caIntegrator2\Output\WebWorks Help 5.0\caIntegrator2\PerformingAnalysis.6.3.html" stylename="" fileposition="43" />
  <Split groupID="F16E294B39BB5A9" documentID="C6171BC861FB5C8" id="1073490" position="4" documentstartposition="51" documentendposition="53" title="KM Plot for Annotations" path="C:\Documents and Settings\hadfielj\My Documents\ePublisher Pro Projects\caIntegrator2\Output\WebWorks Help 5.0\caIntegrator2\PerformingAnalysis.6.4.html" stylename="" fileposition="44">
    <Frame groupID="F16E294B39BB5A9" documentID="C6171BC861FB5C8" id="1073822" stylename="Default" position="1" title="" byref="true" source="C:\Documents and Settings\hadfielj\My Documents\CBIIT Projects\caIntegrator2\caI2 images\KM annotation results.gif" path="C:\Documents and Settings\hadfielj\My Documents\ePublisher Pro Projects\caIntegrator2\Output\WebWorks Help 5.0\caIntegrator2\images\KM annotation results.gif">
      <Thumbnail path="C:\Documents and Settings\hadfielj\My Documents\ePublisher Pro Projects\caIntegrator2\Output\WebWorks Help 5.0\caIntegrator2\images\KM annotation results_thumb.gif" />
      <Wrapper groupID="F16E294B39BB5A9" documentID="C6171BC861FB5C8" stylename="" path="C:\Documents and Settings\hadfielj\My Documents\ePublisher Pro Projects\caIntegrator2\Output\WebWorks Help 5.0\caIntegrator2\images\KM annotation results.html" />
      <Description path="C:\Documents and Settings\hadfielj\My Documents\ePublisher Pro Projects\caIntegrator2\Output\WebWorks Help 5.0\caIntegrator2\images\KM annotation results.txt" />
    </Frame>
  </Split>
  <Split groupID="F16E294B39BB5A9" documentID="C6171BC861FB5C8" id="1073810" position="5" documentstartposition="54" documentendposition="56" title="KM Plot for Gene Expression" path="C:\Documents and Settings\hadfielj\My Documents\ePublisher Pro Projects\caIntegrator2\Output\WebWorks Help 5.0\caIntegrator2\PerformingAnalysis.6.5.html" stylename="" fileposition="45">
    <Frame groupID="F16E294B39BB5A9" documentID="C6171BC861FB5C8" id="1073803" stylename="Default" position="1" title="" byref="true" source="C:\Documents and Settings\hadfielj\My Documents\CBIIT Projects\caIntegrator2\caI2 images\KM g ex results.gif" path="C:\Documents and Settings\hadfielj\My Documents\ePublisher Pro Projects\caIntegrator2\Output\WebWorks Help 5.0\caIntegrator2\images\KM g ex results.gif">
      <Thumbnail path="C:\Documents and Settings\hadfielj\My Documents\ePublisher Pro Projects\caIntegrator2\Output\WebWorks Help 5.0\caIntegrator2\images\KM g ex results_thumb.gif" />
      <Wrapper groupID="F16E294B39BB5A9" documentID="C6171BC861FB5C8" stylename="" path="C:\Documents and Settings\hadfielj\My Documents\ePublisher Pro Projects\caIntegrator2\Output\WebWorks Help 5.0\caIntegrator2\images\KM g ex results.html" />
      <Description path="C:\Documents and Settings\hadfielj\My Documents\ePublisher Pro Projects\caIntegrator2\Output\WebWorks Help 5.0\caIntegrator2\images\KM g ex results.txt" />
    </Frame>
  </Split>
  <Split groupID="F16E294B39BB5A9" documentID="C6171BC861FB5C8" id="1073776" position="6" documentstartposition="57" documentendposition="60" title="KM Plot for Queries" path="C:\Documents and Settings\hadfielj\My Documents\ePublisher Pro Projects\caIntegrator2\Output\WebWorks Help 5.0\caIntegrator2\PerformingAnalysis.6.6.html" stylename="" fileposition="46">
    <Frame groupID="F16E294B39BB5A9" documentID="C6171BC861FB5C8" id="1073771" stylename="Default" position="1" title="" byref="true" source="C:\Documents and Settings\hadfielj\My Documents\CBIIT Projects\caIntegrator2\caI2 images\KM queries results.gif" path="C:\Documents and Settings\hadfielj\My Documents\ePublisher Pro Projects\caIntegrator2\Output\WebWorks Help 5.0\caIntegrator2\images\KM queries results.gif">
      <Thumbnail path="C:\Documents and Settings\hadfielj\My Documents\ePublisher Pro Projects\caIntegrator2\Output\WebWorks Help 5.0\caIntegrator2\images\KM queries results_thumb.gif" />
      <Wrapper groupID="F16E294B39BB5A9" documentID="C6171BC861FB5C8" stylename="" path="C:\Documents and Settings\hadfielj\My Documents\ePublisher Pro Projects\caIntegrator2\Output\WebWorks Help 5.0\caIntegrator2\images\KM queries results.html" />
      <Description path="C:\Documents and Settings\hadfielj\My Documents\ePublisher Pro Projects\caIntegrator2\Output\WebWorks Help 5.0\caIntegrator2\images\KM queries results.txt" />
    </Frame>
  </Split>
  <Split groupID="F16E294B39BB5A9" documentID="C6171BC861FB5C8" id="1073419" position="7" documentstartposition="61" documentendposition="62" title="Gene Expression Value Plot for Annotation" path="C:\Documents and Settings\hadfielj\My Documents\ePublisher Pro Projects\caIntegrator2\Output\WebWorks Help 5.0\caIntegrator2\PerformingAnalysis.6.7.html" stylename="" fileposition="47" />
  <Split groupID="F16E294B39BB5A9" documentID="C6171BC861FB5C8" id="1077369" position="8" documentstartposition="63" documentendposition="64" title="Gene Expression Value Plot for Genomic Queries" path="C:\Documents and Settings\hadfielj\My Documents\ePublisher Pro Projects\caIntegrator2\Output\WebWorks Help 5.0\caIntegrator2\PerformingAnalysis.6.8.html" stylename="" fileposition="48" />
  <Split groupID="F16E294B39BB5A9" documentID="C6171BC861FB5C8" id="1077378" position="9" documentstartposition="65" documentendposition="66" title="Gene Expression Value Plot for Cinical Queries" path="C:\Documents and Settings\hadfielj\My Documents\ePublisher Pro Projects\caIntegrator2\Output\WebWorks Help 5.0\caIntegrator2\PerformingAnalysis.6.9.html" stylename="" fileposition="49" />
  <Split groupID="F16E294B39BB5A9" documentID="C6171BC861FB5C8" id="1077363" position="10" documentstartposition="67" documentendposition="69" title="Analyzing Data with GenePattern" path="C:\Documents and Settings\hadfielj\My Documents\ePublisher Pro Projects\caIntegrator2\Output\WebWorks Help 5.0\caIntegrator2\PerformingAnalysis.6.10.html" stylename="" fileposition="50" />
  <Split groupID="F16E294B39BB5A9" documentID="BCD0F8BF8FF61EAB" id="1076287" position="1" documentstartposition="4" documentendposition="7" title="Glossary" path="C:\Documents and Settings\hadfielj\My Documents\ePublisher Pro Projects\caIntegrator2\Output\WebWorks Help 5.0\caIntegrator2\Glossary.7.1.html" stylename="" fileposition="51" />
  <Split groupID="F16E294B39BB5A9" documentID="C8ACCD4A748AE49B" id="1070912" position="1" documentstartposition="3" documentendposition="9" title="Data Import Configurations" path="C:\Documents and Settings\hadfielj\My Documents\ePublisher Pro Projects\caIntegrator2\Output\WebWorks Help 5.0\caIntegrator2\appdx data import.8.1.html" stylename="" fileposition="52" />
  <Split groupID="F16E294B39BB5A9" documentID="C8ACCD4A748AE49B" id="1073225" position="2" documentstartposition="10" documentendposition="15" title="Delimited-Text Annotation Import" path="C:\Documents and Settings\hadfielj\My Documents\ePublisher Pro Projects\caIntegrator2\Output\WebWorks Help 5.0\caIntegrator2\appdx data import.8.2.html" stylename="" fileposition="53" />
  <Split groupID="F16E294B39BB5A9" documentID="C8ACCD4A748AE49B" id="1073232" position="3" documentstartposition="16" documentendposition="24" title="Annotation Field Configuration" path="C:\Documents and Settings\hadfielj\My Documents\ePublisher Pro Projects\caIntegrator2\Output\WebWorks Help 5.0\caIntegrator2\appdx data import.8.3.html" stylename="" fileposition="54" />
  <Split groupID="F16E294B39BB5A9" documentID="C8ACCD4A748AE49B" id="1073242" position="4" documentstartposition="25" documentendposition="33" title="Sample Data Configuration" path="C:\Documents and Settings\hadfielj\My Documents\ePublisher Pro Projects\caIntegrator2\Output\WebWorks Help 5.0\caIntegrator2\appdx data import.8.4.html" stylename="" fileposition="55" />
  <Split groupID="F16E294B39BB5A9" documentID="C8ACCD4A748AE49B" id="1073252" position="5" documentstartposition="34" documentendposition="44" title="Genomic Data Configuration" path="C:\Documents and Settings\hadfielj\My Documents\ePublisher Pro Projects\caIntegrator2\Output\WebWorks Help 5.0\caIntegrator2\appdx data import.8.5.html" stylename="" fileposition="56" />
  <Split groupID="F16E294B39BB5A9" documentID="C8ACCD4A748AE49B" id="1073264" position="6" documentstartposition="45" documentendposition="53" title="Imaging Data Configuration" path="C:\Documents and Settings\hadfielj\My Documents\ePublisher Pro Projects\caIntegrator2\Output\WebWorks Help 5.0\caIntegrator2\appdx data import.8.6.html" stylename="" fileposition="57" />
  <Split groupID="F16E294B39BB5A9" documentID="AB6D5A441D827BCC" id="866058" position="1" documentstartposition="1" documentendposition="28" title="Index" path="C:\Documents and Settings\hadfielj\My Documents\ePublisher Pro Projects\caIntegrator2\Output\WebWorks Help 5.0\caIntegrator2\Index.9.1.html" stylename="" fileposition="58" />
  <File groupID="F16E294B39BB5A9" documentID="" id="" type="index" source="" path="C:\Documents and Settings\hadfielj\My Documents\ePublisher Pro Projects\caIntegrator2\Output\WebWorks Help 5.0\caIntegrator2\wwhdata\xml\ix.xml" title="Index" />
  <File groupID="F16E294B39BB5A9" documentID="" id="" type="entry" source="" path="C:\Documents and Settings\hadfielj\My Documents\ePublisher Pro Projects\caIntegrator2\Output\WebWorks Help 5.0\caIntegrator2\index.html" title="caIntegrator2" />
  <File groupID="F16E294B39BB5A9" documentID="" id="" type="copy" source="wwprojfile:caution_NCI.gif" path="C:\Documents and Settings\hadfielj\My Documents\ePublisher Pro Projects\caIntegrator2\Output\WebWorks Help 5.0\caIntegrator2\caution_NCI.gif" title="" />
  <File groupID="F16E294B39BB5A9" documentID="" id="" type="copy" source="wwprojfile:note_NCI.gif" path="C:\Documents and Settings\hadfielj\My Documents\ePublisher Pro Projects\caIntegrator2\Output\WebWorks Help 5.0\caIntegrator2\note_NCI.gif" title="" />
  <File groupID="F16E294B39BB5A9" documentID="" id="" type="copy" source="wwprojfile:tip_NCI.gif" path="C:\Documents and Settings\hadfielj\My Documents\ePublisher Pro Projects\caIntegrator2\Output\WebWorks Help 5.0\caIntegrator2\tip_NCI.gif" title="" />
  <File groupID="F16E294B39BB5A9" documentID="" id="" type="copy" source="wwprojfile:warning_NCI.gif" path="C:\Documents and Settings\hadfielj\My Documents\ePublisher Pro Projects\caIntegrator2\Output\WebWorks Help 5.0\caIntegrator2\warning_NCI.gif" title="" />
  <File groupID="F16E294B39BB5A9" documentID="549834CCC3F6E035" id="" type="css" source="" path="C:\Documents and Settings\hadfielj\My Documents\ePublisher Pro Projects\caIntegrator2\Output\WebWorks Help 5.0\caIntegrator2\css\Welcome.css" title="" />
  <File groupID="F16E294B39BB5A9" documentID="67C8C35618899CF2" id="" type="css" source="" path="C:\Documents and Settings\hadfielj\My Documents\ePublisher Pro Projects\caIntegrator2\Output\WebWorks Help 5.0\caIntegrator2\css\Getting_Started.css" title="" />
  <File groupID="F16E294B39BB5A9" documentID="29F3F7529CF9D8DB" id="" type="css" source="" path="C:\Documents and Settings\hadfielj\My Documents\ePublisher Pro Projects\caIntegrator2\Output\WebWorks Help 5.0\caIntegrator2\css\CreatingNewStudy.css" title="" />
  <File groupID="F16E294B39BB5A9" documentID="57AFBCFEDFC56166" id="" type="css" source="" path="C:\Documents and Settings\hadfielj\My Documents\ePublisher Pro Projects\caIntegrator2\Output\WebWorks Help 5.0\caIntegrator2\css\SearchingWithinAStudy.css" title="" />
  <File groupID="F16E294B39BB5A9" documentID="3EEA88D1B057A95" id="" type="css" source="" path="C:\Documents and Settings\hadfielj\My Documents\ePublisher Pro Projects\caIntegrator2\Output\WebWorks Help 5.0\caIntegrator2\css\View Results.css" title="" />
  <File groupID="F16E294B39BB5A9" documentID="C6171BC861FB5C8" id="" type="css" source="" path="C:\Documents and Settings\hadfielj\My Documents\ePublisher Pro Projects\caIntegrator2\Output\WebWorks Help 5.0\caIntegrator2\css\PerformingAnalysis.css" title="" />
  <File groupID="F16E294B39BB5A9" documentID="BCD0F8BF8FF61EAB" id="" type="css" source="" path="C:\Documents and Settings\hadfielj\My Documents\ePublisher Pro Projects\caIntegrator2\Output\WebWorks Help 5.0\caIntegrator2\css\Glossary.css" title="" />
  <File groupID="F16E294B39BB5A9" documentID="C8ACCD4A748AE49B" id="" type="css" source="" path="C:\Documents and Settings\hadfielj\My Documents\ePublisher Pro Projects\caIntegrator2\Output\WebWorks Help 5.0\caIntegrator2\css\appdx data import.css" title="" />
  <File groupID="F16E294B39BB5A9" documentID="AB6D5A441D827BCC" id="" type="css" source="" path="C:\Documents and Settings\hadfielj\My Documents\ePublisher Pro Projects\caIntegrator2\Output\WebWorks Help 5.0\caIntegrator2\css\Index.css" title="" />
  <File groupID="F16E294B39BB5A9" documentID="" id="" type="baggage" source="C:\Documents and Settings\hadfielj\My Documents\CBIIT Projects\caIntegrator2\UsingCAI2Workspace.fm" path="C:\Documents and Settings\hadfielj\My Documents\ePublisher Pro Projects\caIntegrator2\Output\WebWorks Help 5.0\caIntegrator2\baggage\UsingCAI2Workspace.fm" title="" />
  <File groupID="F16E294B39BB5A9" documentID="" id="" type="baggage" source="C:\Documents and Settings\hadfielj\My Documents\CBIIT Projects\caIntegrator2\AboutCAI2.fm" path="C:\Documents and Settings\hadfielj\My Documents\ePublisher Pro Projects\caIntegrator2\Output\WebWorks Help 5.0\caIntegrator2\baggage\AboutCAI2.fm" title="" />
  <File groupID="F16E294B39BB5A9" documentID="" id="" type="baggage" source="C:\Documents and Settings\hadfielj\My Documents\CBIIT Projects\caIntegrator2\rembrandt_Glossary.fm" path="C:\Documents and Settings\hadfielj\My Documents\ePublisher Pro Projects\caIntegrator2\Output\WebWorks Help 5.0\caIntegrator2\baggage\rembrandt_Glossary.fm" title="" />
  <File groupID="F16E294B39BB5A9" documentID="" id="" type="baggage" source="C:\Documents and Settings\hadfielj\My Documents\CBIIT Projects\caIntegrator2\Chapter_w_examples.fm" path="C:\Documents and Settings\hadfielj\My Documents\ePublisher Pro Projects\caIntegrator2\Output\WebWorks Help 5.0\caIntegrator2\baggage\Chapter_w_examples.fm" title="" />
</Splits>