<?xml version="1.0" encoding="utf-8"?>
<Splits version="1.0" xmlns="urn:WebWorks-Engine-Splits-Schema">
  <Split groupID="F16E294B39BB5A9" documentID="549834CCC3F6E035" id="1070912" position="1" documentstartposition="3" documentendposition="13" title="Welcome to caIntegrator2 Online Help" path="C:\Documents and Settings\hadfielj\My Documents\ePublisher Pro Projects\caIntegrator2\Output\WebWorks Help 5.0\caIntegrator2\Welcome.1.1.html" stylename="" />
  <Split groupID="F16E294B39BB5A9" documentID="67C8C35618899CF2" id="1052621" position="1" documentstartposition="3" documentendposition="10" title="Getting Started with caIntegrator2" path="C:\Documents and Settings\hadfielj\My Documents\ePublisher Pro Projects\caIntegrator2\Output\WebWorks Help 5.0\caIntegrator2\Getting_Started.2.1.html" stylename="" />
  <Split groupID="F16E294B39BB5A9" documentID="67C8C35618899CF2" id="1127656" position="2" documentstartposition="11" documentendposition="17" title="About caIntegrator2" path="C:\Documents and Settings\hadfielj\My Documents\ePublisher Pro Projects\caIntegrator2\Output\WebWorks Help 5.0\caIntegrator2\Getting_Started.2.2.html" stylename="" />
  <Split groupID="F16E294B39BB5A9" documentID="67C8C35618899CF2" id="1127730" position="3" documentstartposition="18" documentendposition="29" title="Using Online Help" path="C:\Documents and Settings\hadfielj\My Documents\ePublisher Pro Projects\caIntegrator2\Output\WebWorks Help 5.0\caIntegrator2\Getting_Started.2.3.html" stylename="">
    <Frame groupID="F16E294B39BB5A9" documentID="67C8C35618899CF2" id="1127743" stylename="Default" position="1" title="" path="C:\Documents and Settings\hadfielj\My Documents\ePublisher Pro Projects\caIntegrator2\Output\WebWorks Help 5.0\caIntegrator2\images\Getting_Started.2.3.1.jpg">
      <Thumbnail path="C:\Documents and Settings\hadfielj\My Documents\ePublisher Pro Projects\caIntegrator2\Output\WebWorks Help 5.0\caIntegrator2\images\Getting_Started.2.3.1_thumb.jpg" />
      <Wrapper groupID="F16E294B39BB5A9" documentID="67C8C35618899CF2" stylename="" path="C:\Documents and Settings\hadfielj\My Documents\ePublisher Pro Projects\caIntegrator2\Output\WebWorks Help 5.0\caIntegrator2\images\Getting_Started.2.3.1.html" />
      <Description path="C:\Documents and Settings\hadfielj\My Documents\ePublisher Pro Projects\caIntegrator2\Output\WebWorks Help 5.0\caIntegrator2\images\Getting_Started.2.3.1.txt" />
    </Frame>
    <Frame groupID="F16E294B39BB5A9" documentID="67C8C35618899CF2" id="1127757" stylename="Default" position="2" title="" path="C:\Documents and Settings\hadfielj\My Documents\ePublisher Pro Projects\caIntegrator2\Output\WebWorks Help 5.0\caIntegrator2\images\Getting_Started.2.3.2.jpg">
      <Thumbnail path="C:\Documents and Settings\hadfielj\My Documents\ePublisher Pro Projects\caIntegrator2\Output\WebWorks Help 5.0\caIntegrator2\images\Getting_Started.2.3.2_thumb.jpg" />
      <Wrapper groupID="F16E294B39BB5A9" documentID="67C8C35618899CF2" stylename="" path="C:\Documents and Settings\hadfielj\My Documents\ePublisher Pro Projects\caIntegrator2\Output\WebWorks Help 5.0\caIntegrator2\images\Getting_Started.2.3.2.html" />
      <Description path="C:\Documents and Settings\hadfielj\My Documents\ePublisher Pro Projects\caIntegrator2\Output\WebWorks Help 5.0\caIntegrator2\images\Getting_Started.2.3.2.txt" />
    </Frame>
    <Frame groupID="F16E294B39BB5A9" documentID="67C8C35618899CF2" id="1127764" stylename="Default" position="3" title="" path="C:\Documents and Settings\hadfielj\My Documents\ePublisher Pro Projects\caIntegrator2\Output\WebWorks Help 5.0\caIntegrator2\images\Getting_Started.2.3.3.jpg">
      <Thumbnail path="C:\Documents and Settings\hadfielj\My Documents\ePublisher Pro Projects\caIntegrator2\Output\WebWorks Help 5.0\caIntegrator2\images\Getting_Started.2.3.3_thumb.jpg" />
      <Wrapper groupID="F16E294B39BB5A9" documentID="67C8C35618899CF2" stylename="" path="C:\Documents and Settings\hadfielj\My Documents\ePublisher Pro Projects\caIntegrator2\Output\WebWorks Help 5.0\caIntegrator2\images\Getting_Started.2.3.3.html" />
      <Description path="C:\Documents and Settings\hadfielj\My Documents\ePublisher Pro Projects\caIntegrator2\Output\WebWorks Help 5.0\caIntegrator2\images\Getting_Started.2.3.3.txt" />
    </Frame>
    <Frame groupID="F16E294B39BB5A9" documentID="67C8C35618899CF2" id="1127771" stylename="Default" position="4" title="" path="C:\Documents and Settings\hadfielj\My Documents\ePublisher Pro Projects\caIntegrator2\Output\WebWorks Help 5.0\caIntegrator2\images\Getting_Started.2.3.4.jpg">
      <Thumbnail path="C:\Documents and Settings\hadfielj\My Documents\ePublisher Pro Projects\caIntegrator2\Output\WebWorks Help 5.0\caIntegrator2\images\Getting_Started.2.3.4_thumb.jpg" />
      <Wrapper groupID="F16E294B39BB5A9" documentID="67C8C35618899CF2" stylename="" path="C:\Documents and Settings\hadfielj\My Documents\ePublisher Pro Projects\caIntegrator2\Output\WebWorks Help 5.0\caIntegrator2\images\Getting_Started.2.3.4.html" />
      <Description path="C:\Documents and Settings\hadfielj\My Documents\ePublisher Pro Projects\caIntegrator2\Output\WebWorks Help 5.0\caIntegrator2\images\Getting_Started.2.3.4.txt" />
    </Frame>
    <Frame groupID="F16E294B39BB5A9" documentID="67C8C35618899CF2" id="1127778" stylename="Default" position="5" title="" path="C:\Documents and Settings\hadfielj\My Documents\ePublisher Pro Projects\caIntegrator2\Output\WebWorks Help 5.0\caIntegrator2\images\Getting_Started.2.3.5.jpg">
      <Thumbnail path="C:\Documents and Settings\hadfielj\My Documents\ePublisher Pro Projects\caIntegrator2\Output\WebWorks Help 5.0\caIntegrator2\images\Getting_Started.2.3.5_thumb.jpg" />
      <Wrapper groupID="F16E294B39BB5A9" documentID="67C8C35618899CF2" stylename="" path="C:\Documents and Settings\hadfielj\My Documents\ePublisher Pro Projects\caIntegrator2\Output\WebWorks Help 5.0\caIntegrator2\images\Getting_Started.2.3.5.html" />
      <Description path="C:\Documents and Settings\hadfielj\My Documents\ePublisher Pro Projects\caIntegrator2\Output\WebWorks Help 5.0\caIntegrator2\images\Getting_Started.2.3.5.txt" />
    </Frame>
    <Frame groupID="F16E294B39BB5A9" documentID="67C8C35618899CF2" id="1127785" stylename="Default" position="6" title="" path="C:\Documents and Settings\hadfielj\My Documents\ePublisher Pro Projects\caIntegrator2\Output\WebWorks Help 5.0\caIntegrator2\images\Getting_Started.2.3.6.jpg">
      <Thumbnail path="C:\Documents and Settings\hadfielj\My Documents\ePublisher Pro Projects\caIntegrator2\Output\WebWorks Help 5.0\caIntegrator2\images\Getting_Started.2.3.6_thumb.jpg" />
      <Wrapper groupID="F16E294B39BB5A9" documentID="67C8C35618899CF2" stylename="" path="C:\Documents and Settings\hadfielj\My Documents\ePublisher Pro Projects\caIntegrator2\Output\WebWorks Help 5.0\caIntegrator2\images\Getting_Started.2.3.6.html" />
      <Description path="C:\Documents and Settings\hadfielj\My Documents\ePublisher Pro Projects\caIntegrator2\Output\WebWorks Help 5.0\caIntegrator2\images\Getting_Started.2.3.6.txt" />
    </Frame>
    <Frame groupID="F16E294B39BB5A9" documentID="67C8C35618899CF2" id="1127789" stylename="Default" position="7" title="" path="C:\Documents and Settings\hadfielj\My Documents\ePublisher Pro Projects\caIntegrator2\Output\WebWorks Help 5.0\caIntegrator2\images\Getting_Started.2.3.7.jpg">
      <Thumbnail path="C:\Documents and Settings\hadfielj\My Documents\ePublisher Pro Projects\caIntegrator2\Output\WebWorks Help 5.0\caIntegrator2\images\Getting_Started.2.3.7_thumb.jpg" />
      <Wrapper groupID="F16E294B39BB5A9" documentID="67C8C35618899CF2" stylename="" path="C:\Documents and Settings\hadfielj\My Documents\ePublisher Pro Projects\caIntegrator2\Output\WebWorks Help 5.0\caIntegrator2\images\Getting_Started.2.3.7.html" />
      <Description path="C:\Documents and Settings\hadfielj\My Documents\ePublisher Pro Projects\caIntegrator2\Output\WebWorks Help 5.0\caIntegrator2\images\Getting_Started.2.3.7.txt" />
    </Frame>
    <Frame groupID="F16E294B39BB5A9" documentID="67C8C35618899CF2" id="1127796" stylename="Default" position="8" title="" path="C:\Documents and Settings\hadfielj\My Documents\ePublisher Pro Projects\caIntegrator2\Output\WebWorks Help 5.0\caIntegrator2\images\Getting_Started.2.3.8.jpg">
      <Thumbnail path="C:\Documents and Settings\hadfielj\My Documents\ePublisher Pro Projects\caIntegrator2\Output\WebWorks Help 5.0\caIntegrator2\images\Getting_Started.2.3.8_thumb.jpg" />
      <Wrapper groupID="F16E294B39BB5A9" documentID="67C8C35618899CF2" stylename="" path="C:\Documents and Settings\hadfielj\My Documents\ePublisher Pro Projects\caIntegrator2\Output\WebWorks Help 5.0\caIntegrator2\images\Getting_Started.2.3.8.html" />
      <Description path="C:\Documents and Settings\hadfielj\My Documents\ePublisher Pro Projects\caIntegrator2\Output\WebWorks Help 5.0\caIntegrator2\images\Getting_Started.2.3.8.txt" />
    </Frame>
    <Frame groupID="F16E294B39BB5A9" documentID="67C8C35618899CF2" id="1127807" stylename="Default" position="9" title="" path="C:\Documents and Settings\hadfielj\My Documents\ePublisher Pro Projects\caIntegrator2\Output\WebWorks Help 5.0\caIntegrator2\images\Getting_Started.2.3.9.jpg">
      <Thumbnail path="C:\Documents and Settings\hadfielj\My Documents\ePublisher Pro Projects\caIntegrator2\Output\WebWorks Help 5.0\caIntegrator2\images\Getting_Started.2.3.9_thumb.jpg" />
      <Wrapper groupID="F16E294B39BB5A9" documentID="67C8C35618899CF2" stylename="" path="C:\Documents and Settings\hadfielj\My Documents\ePublisher Pro Projects\caIntegrator2\Output\WebWorks Help 5.0\caIntegrator2\images\Getting_Started.2.3.9.html" />
      <Description path="C:\Documents and Settings\hadfielj\My Documents\ePublisher Pro Projects\caIntegrator2\Output\WebWorks Help 5.0\caIntegrator2\images\Getting_Started.2.3.9.txt" />
    </Frame>
  </Split>
  <Split groupID="F16E294B39BB5A9" documentID="67C8C35618899CF2" id="1115560" position="4" documentstartposition="30" documentendposition="33" title="Logging In" path="C:\Documents and Settings\hadfielj\My Documents\ePublisher Pro Projects\caIntegrator2\Output\WebWorks Help 5.0\caIntegrator2\Getting_Started.2.4.html" stylename="" />
  <Split groupID="F16E294B39BB5A9" documentID="67C8C35618899CF2" id="1127723" position="5" documentstartposition="34" documentendposition="38" title="Using the caIntegrator2 Workspace" path="C:\Documents and Settings\hadfielj\My Documents\ePublisher Pro Projects\caIntegrator2\Output\WebWorks Help 5.0\caIntegrator2\Getting_Started.2.5.html" stylename="" />
  <Split groupID="F16E294B39BB5A9" documentID="67C8C35618899CF2" id="1133634" position="6" documentstartposition="39" documentendposition="48" title="caIntegrator2 Functions" path="C:\Documents and Settings\hadfielj\My Documents\ePublisher Pro Projects\caIntegrator2\Output\WebWorks Help 5.0\caIntegrator2\Getting_Started.2.6.html" stylename="" />
  <Split groupID="F16E294B39BB5A9" documentID="67C8C35618899CF2" id="1128246" position="7" documentstartposition="49" documentendposition="53" title="Logging Out" path="C:\Documents and Settings\hadfielj\My Documents\ePublisher Pro Projects\caIntegrator2\Output\WebWorks Help 5.0\caIntegrator2\Getting_Started.2.7.html" stylename="" />
  <Split groupID="F16E294B39BB5A9" documentID="67C8C35618899CF2" id="1128943" position="8" documentstartposition="54" documentendposition="61" title="Application Support" path="C:\Documents and Settings\hadfielj\My Documents\ePublisher Pro Projects\caIntegrator2\Output\WebWorks Help 5.0\caIntegrator2\Getting_Started.2.8.html" stylename="" />
  <Split groupID="F16E294B39BB5A9" documentID="29F3F7529CF9D8DB" id="1070912" position="1" documentstartposition="3" documentendposition="7" title="Creating a New Study" path="C:\Documents and Settings\hadfielj\My Documents\ePublisher Pro Projects\caIntegrator2\Output\WebWorks Help 5.0\caIntegrator2\CreatingNewStudy.3.1.html" stylename="" />
  <Split groupID="F16E294B39BB5A9" documentID="29F3F7529CF9D8DB" id="1073286" position="2" documentstartposition="8" documentendposition="13" title="Creating a Study – Overview" path="C:\Documents and Settings\hadfielj\My Documents\ePublisher Pro Projects\caIntegrator2\Output\WebWorks Help 5.0\caIntegrator2\CreatingNewStudy.3.2.html" stylename="" />
  <Split groupID="F16E294B39BB5A9" documentID="29F3F7529CF9D8DB" id="1073216" position="3" documentstartposition="14" documentendposition="21" title="Configuring and Deploying Study" path="C:\Documents and Settings\hadfielj\My Documents\ePublisher Pro Projects\caIntegrator2\Output\WebWorks Help 5.0\caIntegrator2\CreatingNewStudy.3.3.html" stylename="" />
  <Split groupID="F16E294B39BB5A9" documentID="29F3F7529CF9D8DB" id="1073921" position="4" documentstartposition="22" documentendposition="28" title="Creating/Editing a Study" path="C:\Documents and Settings\hadfielj\My Documents\ePublisher Pro Projects\caIntegrator2\Output\WebWorks Help 5.0\caIntegrator2\CreatingNewStudy.3.4.html" stylename="" />
  <Split groupID="F16E294B39BB5A9" documentID="29F3F7529CF9D8DB" id="1075197" position="5" documentstartposition="29" documentendposition="41" title="Adding Clinical Data" path="C:\Documents and Settings\hadfielj\My Documents\ePublisher Pro Projects\caIntegrator2\Output\WebWorks Help 5.0\caIntegrator2\CreatingNewStudy.3.5.html" stylename="" />
  <Split groupID="F16E294B39BB5A9" documentID="29F3F7529CF9D8DB" id="1082187" position="6" documentstartposition="42" documentendposition="58" title="Assigning An Identifier or Annotation" path="C:\Documents and Settings\hadfielj\My Documents\ePublisher Pro Projects\caIntegrator2\Output\WebWorks Help 5.0\caIntegrator2\CreatingNewStudy.3.6.html" stylename="" />
  <Split groupID="F16E294B39BB5A9" documentID="29F3F7529CF9D8DB" id="1082197" position="7" documentstartposition="59" documentendposition="85" title="Searching for Annotation Definitions" path="C:\Documents and Settings\hadfielj\My Documents\ePublisher Pro Projects\caIntegrator2\Output\WebWorks Help 5.0\caIntegrator2\CreatingNewStudy.3.7.html" stylename="" />
  <Split groupID="F16E294B39BB5A9" documentID="29F3F7529CF9D8DB" id="1084926" position="8" documentstartposition="86" documentendposition="88" title="Editing a Study" path="C:\Documents and Settings\hadfielj\My Documents\ePublisher Pro Projects\caIntegrator2\Output\WebWorks Help 5.0\caIntegrator2\CreatingNewStudy.3.8.html" stylename="" />
  <Split groupID="F16E294B39BB5A9" documentID="29F3F7529CF9D8DB" id="1077698" position="9" documentstartposition="89" documentendposition="107" title="Editing Survival Values" path="C:\Documents and Settings\hadfielj\My Documents\ePublisher Pro Projects\caIntegrator2\Output\WebWorks Help 5.0\caIntegrator2\CreatingNewStudy.3.9.html" stylename="" />
  <Split groupID="F16E294B39BB5A9" documentID="29F3F7529CF9D8DB" id="1076975" position="10" documentstartposition="108" documentendposition="121" title="Adding Genomic Data" path="C:\Documents and Settings\hadfielj\My Documents\ePublisher Pro Projects\caIntegrator2\Output\WebWorks Help 5.0\caIntegrator2\CreatingNewStudy.3.10.html" stylename="" />
  <Split groupID="F16E294B39BB5A9" documentID="29F3F7529CF9D8DB" id="1089376" position="11" documentstartposition="122" documentendposition="122" title="Editing Genomic Data" path="C:\Documents and Settings\hadfielj\My Documents\ePublisher Pro Projects\caIntegrator2\Output\WebWorks Help 5.0\caIntegrator2\CreatingNewStudy.3.11.html" stylename="" />
  <Split groupID="F16E294B39BB5A9" documentID="29F3F7529CF9D8DB" id="1081247" position="12" documentstartposition="123" documentendposition="133" title="Mapping Genomic Data to Clinical Data" path="C:\Documents and Settings\hadfielj\My Documents\ePublisher Pro Projects\caIntegrator2\Output\WebWorks Help 5.0\caIntegrator2\CreatingNewStudy.3.12.html" stylename="">
    <Frame groupID="F16E294B39BB5A9" documentID="29F3F7529CF9D8DB" id="1085177" stylename="Default" position="1" title="" byref="true" source="C:\Documents and Settings\hadfielj\My Documents\CBIIT Projects\caIntegrator2\caI2 images\genomic mapping file.gif" path="C:\Documents and Settings\hadfielj\My Documents\ePublisher Pro Projects\caIntegrator2\Output\WebWorks Help 5.0\caIntegrator2\images\genomic mapping file.gif">
      <Thumbnail path="C:\Documents and Settings\hadfielj\My Documents\ePublisher Pro Projects\caIntegrator2\Output\WebWorks Help 5.0\caIntegrator2\images\genomic mapping file_thumb.gif" />
      <Wrapper groupID="F16E294B39BB5A9" documentID="29F3F7529CF9D8DB" stylename="" path="C:\Documents and Settings\hadfielj\My Documents\ePublisher Pro Projects\caIntegrator2\Output\WebWorks Help 5.0\caIntegrator2\images\genomic mapping file.html" />
      <Description path="C:\Documents and Settings\hadfielj\My Documents\ePublisher Pro Projects\caIntegrator2\Output\WebWorks Help 5.0\caIntegrator2\images\genomic mapping file.txt" />
    </Frame>
  </Split>
  <Split groupID="F16E294B39BB5A9" documentID="29F3F7529CF9D8DB" id="1080249" position="13" documentstartposition="134" documentendposition="143" title="Uploading Control Samples " path="C:\Documents and Settings\hadfielj\My Documents\ePublisher Pro Projects\caIntegrator2\Output\WebWorks Help 5.0\caIntegrator2\CreatingNewStudy.3.13.html" stylename="" />
  <Split groupID="F16E294B39BB5A9" documentID="29F3F7529CF9D8DB" id="1075831" position="14" documentstartposition="144" documentendposition="162" title=" Adding Imaging Data" path="C:\Documents and Settings\hadfielj\My Documents\ePublisher Pro Projects\caIntegrator2\Output\WebWorks Help 5.0\caIntegrator2\CreatingNewStudy.3.14.html" stylename="" />
  <Split groupID="F16E294B39BB5A9" documentID="29F3F7529CF9D8DB" id="1075829" position="15" documentstartposition="163" documentendposition="166" title="Deploying the Study" path="C:\Documents and Settings\hadfielj\My Documents\ePublisher Pro Projects\caIntegrator2\Output\WebWorks Help 5.0\caIntegrator2\CreatingNewStudy.3.15.html" stylename="" />
  <Split groupID="F16E294B39BB5A9" documentID="29F3F7529CF9D8DB" id="1076280" position="16" documentstartposition="167" documentendposition="177" title="Managing a Study" path="C:\Documents and Settings\hadfielj\My Documents\ePublisher Pro Projects\caIntegrator2\Output\WebWorks Help 5.0\caIntegrator2\CreatingNewStudy.3.16.html" stylename="" />
  <Split groupID="F16E294B39BB5A9" documentID="29F3F7529CF9D8DB" id="1078043" position="17" documentstartposition="178" documentendposition="185" title="Managing Platforms" path="C:\Documents and Settings\hadfielj\My Documents\ePublisher Pro Projects\caIntegrator2\Output\WebWorks Help 5.0\caIntegrator2\CreatingNewStudy.3.17.html" stylename="" />
  <Split groupID="F16E294B39BB5A9" documentID="57AFBCFEDFC56166" id="1070912" position="1" documentstartposition="3" documentendposition="7" title="Searching a caIntegrator2 Study" path="C:\Documents and Settings\hadfielj\My Documents\ePublisher Pro Projects\caIntegrator2\Output\WebWorks Help 5.0\caIntegrator2\SearchingWithinAStudy.4.1.html" stylename="" />
  <Split groupID="F16E294B39BB5A9" documentID="57AFBCFEDFC56166" id="1074226" position="2" documentstartposition="8" documentendposition="25" title="Search Overview" path="C:\Documents and Settings\hadfielj\My Documents\ePublisher Pro Projects\caIntegrator2\Output\WebWorks Help 5.0\caIntegrator2\SearchingWithinAStudy.4.2.html" stylename="" />
  <Split groupID="F16E294B39BB5A9" documentID="57AFBCFEDFC56166" id="1074305" position="3" documentstartposition="26" documentendposition="63" title="Searching a Study" path="C:\Documents and Settings\hadfielj\My Documents\ePublisher Pro Projects\caIntegrator2\Output\WebWorks Help 5.0\caIntegrator2\SearchingWithinAStudy.4.3.html" stylename="" />
  <Split groupID="F16E294B39BB5A9" documentID="57AFBCFEDFC56166" id="1074610" position="4" documentstartposition="64" documentendposition="85" title="Columns and Sorting Tabs" path="C:\Documents and Settings\hadfielj\My Documents\ePublisher Pro Projects\caIntegrator2\Output\WebWorks Help 5.0\caIntegrator2\SearchingWithinAStudy.4.4.html" stylename="" />
  <Split groupID="F16E294B39BB5A9" documentID="57AFBCFEDFC56166" id="1077751" position="5" documentstartposition="86" documentendposition="89" title="Managing Queries" path="C:\Documents and Settings\hadfielj\My Documents\ePublisher Pro Projects\caIntegrator2\Output\WebWorks Help 5.0\caIntegrator2\SearchingWithinAStudy.4.5.html" stylename="" />
  <Split groupID="F16E294B39BB5A9" documentID="57AFBCFEDFC56166" id="1075754" position="6" documentstartposition="90" documentendposition="97" title="Saving a Query " path="C:\Documents and Settings\hadfielj\My Documents\ePublisher Pro Projects\caIntegrator2\Output\WebWorks Help 5.0\caIntegrator2\SearchingWithinAStudy.4.6.html" stylename="" />
  <Split groupID="F16E294B39BB5A9" documentID="57AFBCFEDFC56166" id="1075748" position="7" documentstartposition="98" documentendposition="106" title="Editing a Query" path="C:\Documents and Settings\hadfielj\My Documents\ePublisher Pro Projects\caIntegrator2\Output\WebWorks Help 5.0\caIntegrator2\SearchingWithinAStudy.4.7.html" stylename="">
    <Frame groupID="F16E294B39BB5A9" documentID="57AFBCFEDFC56166" id="1081420" stylename="Default" position="1" title="" path="C:\Documents and Settings\hadfielj\My Documents\ePublisher Pro Projects\caIntegrator2\Output\WebWorks Help 5.0\caIntegrator2\images\SearchingWithinAStudy.4.7.1.jpg">
      <Thumbnail path="C:\Documents and Settings\hadfielj\My Documents\ePublisher Pro Projects\caIntegrator2\Output\WebWorks Help 5.0\caIntegrator2\images\SearchingWithinAStudy.4.7.1_thumb.jpg" />
      <Wrapper groupID="F16E294B39BB5A9" documentID="57AFBCFEDFC56166" stylename="" path="C:\Documents and Settings\hadfielj\My Documents\ePublisher Pro Projects\caIntegrator2\Output\WebWorks Help 5.0\caIntegrator2\images\SearchingWithinAStudy.4.7.1.html" />
      <Description path="C:\Documents and Settings\hadfielj\My Documents\ePublisher Pro Projects\caIntegrator2\Output\WebWorks Help 5.0\caIntegrator2\images\SearchingWithinAStudy.4.7.1.txt" />
    </Frame>
  </Split>
  <Split groupID="F16E294B39BB5A9" documentID="57AFBCFEDFC56166" id="1073510" position="8" documentstartposition="107" documentendposition="113" title="Exporting Query Results" path="C:\Documents and Settings\hadfielj\My Documents\ePublisher Pro Projects\caIntegrator2\Output\WebWorks Help 5.0\caIntegrator2\SearchingWithinAStudy.4.8.html" stylename="" />
  <Split groupID="F16E294B39BB5A9" documentID="3EEA88D1B057A95" id="1052621" position="1" documentstartposition="3" documentendposition="7" title="Viewing Search Results" path="C:\Documents and Settings\hadfielj\My Documents\ePublisher Pro Projects\caIntegrator2\Output\WebWorks Help 5.0\caIntegrator2\View Results.5.1.html" stylename="" />
  <Split groupID="F16E294B39BB5A9" documentID="3EEA88D1B057A95" id="1167812" position="2" documentstartposition="8" documentendposition="17" title="Search Results Overview" path="C:\Documents and Settings\hadfielj\My Documents\ePublisher Pro Projects\caIntegrator2\Output\WebWorks Help 5.0\caIntegrator2\View Results.5.2.html" stylename="" />
  <Split groupID="F16E294B39BB5A9" documentID="3EEA88D1B057A95" id="1159038" position="3" documentstartposition="18" documentendposition="24" title="Browsing Search Results" path="C:\Documents and Settings\hadfielj\My Documents\ePublisher Pro Projects\caIntegrator2\Output\WebWorks Help 5.0\caIntegrator2\View Results.5.3.html" stylename="" />
  <Split groupID="F16E294B39BB5A9" documentID="3EEA88D1B057A95" id="1163775" position="4" documentstartposition="25" documentendposition="35" title="Genomic Data" path="C:\Documents and Settings\hadfielj\My Documents\ePublisher Pro Projects\caIntegrator2\Output\WebWorks Help 5.0\caIntegrator2\View Results.5.4.html" stylename="" />
  <Split groupID="F16E294B39BB5A9" documentID="3EEA88D1B057A95" id="1161867" position="5" documentstartposition="36" documentendposition="89" title="Imaging Data Results" path="C:\Documents and Settings\hadfielj\My Documents\ePublisher Pro Projects\caIntegrator2\Output\WebWorks Help 5.0\caIntegrator2\View Results.5.5.html" stylename="" />
  <Split groupID="F16E294B39BB5A9" documentID="3EEA88D1B057A95" id="1162538" position="6" documentstartposition="90" documentendposition="93" title="Exporting Data" path="C:\Documents and Settings\hadfielj\My Documents\ePublisher Pro Projects\caIntegrator2\Output\WebWorks Help 5.0\caIntegrator2\View Results.5.6.html" stylename="" />
  <Split groupID="F16E294B39BB5A9" documentID="C6171BC861FB5C8" id="1070912" position="1" documentstartposition="3" documentendposition="11" title="Analyzing Studies" path="C:\Documents and Settings\hadfielj\My Documents\ePublisher Pro Projects\caIntegrator2\Output\WebWorks Help 5.0\caIntegrator2\PerformingAnalysis.6.1.html" stylename="" />
  <Split groupID="F16E294B39BB5A9" documentID="C6171BC861FB5C8" id="1073202" position="2" documentstartposition="12" documentendposition="29" title="Performing Data Analysis" path="C:\Documents and Settings\hadfielj\My Documents\ePublisher Pro Projects\caIntegrator2\Output\WebWorks Help 5.0\caIntegrator2\PerformingAnalysis.6.2.html" stylename="" />
  <Split groupID="F16E294B39BB5A9" documentID="C6171BC861FB5C8" id="1073416" position="3" documentstartposition="30" documentendposition="50" title="Creating  Kaplan-Meier Plots" path="C:\Documents and Settings\hadfielj\My Documents\ePublisher Pro Projects\caIntegrator2\Output\WebWorks Help 5.0\caIntegrator2\PerformingAnalysis.6.3.html" stylename="" />
  <Split groupID="F16E294B39BB5A9" documentID="C6171BC861FB5C8" id="1073490" position="4" documentstartposition="51" documentendposition="53" title="KM Plot for Annotations" path="C:\Documents and Settings\hadfielj\My Documents\ePublisher Pro Projects\caIntegrator2\Output\WebWorks Help 5.0\caIntegrator2\PerformingAnalysis.6.4.html" stylename="">
    <Frame groupID="F16E294B39BB5A9" documentID="C6171BC861FB5C8" id="1073822" stylename="Default" position="1" title="" byref="true" source="C:\Documents and Settings\hadfielj\My Documents\CBIIT Projects\caIntegrator2\caI2 images\KM annotation results.gif" path="C:\Documents and Settings\hadfielj\My Documents\ePublisher Pro Projects\caIntegrator2\Output\WebWorks Help 5.0\caIntegrator2\images\KM annotation results.gif">
      <Thumbnail path="C:\Documents and Settings\hadfielj\My Documents\ePublisher Pro Projects\caIntegrator2\Output\WebWorks Help 5.0\caIntegrator2\images\KM annotation results_thumb.gif" />
      <Wrapper groupID="F16E294B39BB5A9" documentID="C6171BC861FB5C8" stylename="" path="C:\Documents and Settings\hadfielj\My Documents\ePublisher Pro Projects\caIntegrator2\Output\WebWorks Help 5.0\caIntegrator2\images\KM annotation results.html" />
      <Description path="C:\Documents and Settings\hadfielj\My Documents\ePublisher Pro Projects\caIntegrator2\Output\WebWorks Help 5.0\caIntegrator2\images\KM annotation results.txt" />
    </Frame>
  </Split>
  <Split groupID="F16E294B39BB5A9" documentID="C6171BC861FB5C8" id="1073810" position="5" documentstartposition="54" documentendposition="56" title="KM Plot for Gene Expression" path="C:\Documents and Settings\hadfielj\My Documents\ePublisher Pro Projects\caIntegrator2\Output\WebWorks Help 5.0\caIntegrator2\PerformingAnalysis.6.5.html" stylename="">
    <Frame groupID="F16E294B39BB5A9" documentID="C6171BC861FB5C8" id="1073803" stylename="Default" position="1" title="" byref="true" source="C:\Documents and Settings\hadfielj\My Documents\CBIIT Projects\caIntegrator2\caI2 images\KM g ex results.gif" path="C:\Documents and Settings\hadfielj\My Documents\ePublisher Pro Projects\caIntegrator2\Output\WebWorks Help 5.0\caIntegrator2\images\KM g ex results.gif">
      <Thumbnail path="C:\Documents and Settings\hadfielj\My Documents\ePublisher Pro Projects\caIntegrator2\Output\WebWorks Help 5.0\caIntegrator2\images\KM g ex results_thumb.gif" />
      <Wrapper groupID="F16E294B39BB5A9" documentID="C6171BC861FB5C8" stylename="" path="C:\Documents and Settings\hadfielj\My Documents\ePublisher Pro Projects\caIntegrator2\Output\WebWorks Help 5.0\caIntegrator2\images\KM g ex results.html" />
      <Description path="C:\Documents and Settings\hadfielj\My Documents\ePublisher Pro Projects\caIntegrator2\Output\WebWorks Help 5.0\caIntegrator2\images\KM g ex results.txt" />
    </Frame>
  </Split>
  <Split groupID="F16E294B39BB5A9" documentID="C6171BC861FB5C8" id="1073776" position="6" documentstartposition="57" documentendposition="60" title="KM Plot for Queries" path="C:\Documents and Settings\hadfielj\My Documents\ePublisher Pro Projects\caIntegrator2\Output\WebWorks Help 5.0\caIntegrator2\PerformingAnalysis.6.6.html" stylename="">
    <Frame groupID="F16E294B39BB5A9" documentID="C6171BC861FB5C8" id="1073771" stylename="Default" position="1" title="" byref="true" source="C:\Documents and Settings\hadfielj\My Documents\CBIIT Projects\caIntegrator2\caI2 images\KM queries results.gif" path="C:\Documents and Settings\hadfielj\My Documents\ePublisher Pro Projects\caIntegrator2\Output\WebWorks Help 5.0\caIntegrator2\images\KM queries results.gif">
      <Thumbnail path="C:\Documents and Settings\hadfielj\My Documents\ePublisher Pro Projects\caIntegrator2\Output\WebWorks Help 5.0\caIntegrator2\images\KM queries results_thumb.gif" />
      <Wrapper groupID="F16E294B39BB5A9" documentID="C6171BC861FB5C8" stylename="" path="C:\Documents and Settings\hadfielj\My Documents\ePublisher Pro Projects\caIntegrator2\Output\WebWorks Help 5.0\caIntegrator2\images\KM queries results.html" />
      <Description path="C:\Documents and Settings\hadfielj\My Documents\ePublisher Pro Projects\caIntegrator2\Output\WebWorks Help 5.0\caIntegrator2\images\KM queries results.txt" />
    </Frame>
  </Split>
  <Split groupID="F16E294B39BB5A9" documentID="C6171BC861FB5C8" id="1073419" position="7" documentstartposition="61" documentendposition="62" title="Gene Expression Value Plot for Annotation" path="C:\Documents and Settings\hadfielj\My Documents\ePublisher Pro Projects\caIntegrator2\Output\WebWorks Help 5.0\caIntegrator2\PerformingAnalysis.6.7.html" stylename="" />
  <Split groupID="F16E294B39BB5A9" documentID="C6171BC861FB5C8" id="1077369" position="8" documentstartposition="63" documentendposition="64" title="Gene Expression Value Plot for Genomic Queries" path="C:\Documents and Settings\hadfielj\My Documents\ePublisher Pro Projects\caIntegrator2\Output\WebWorks Help 5.0\caIntegrator2\PerformingAnalysis.6.8.html" stylename="" />
  <Split groupID="F16E294B39BB5A9" documentID="C6171BC861FB5C8" id="1077378" position="9" documentstartposition="65" documentendposition="66" title="Gene Expression Value Plot for Cinical Queries" path="C:\Documents and Settings\hadfielj\My Documents\ePublisher Pro Projects\caIntegrator2\Output\WebWorks Help 5.0\caIntegrator2\PerformingAnalysis.6.9.html" stylename="" />
  <Split groupID="F16E294B39BB5A9" documentID="C6171BC861FB5C8" id="1077363" position="10" documentstartposition="67" documentendposition="69" title="Analyzing Data with GenePattern" path="C:\Documents and Settings\hadfielj\My Documents\ePublisher Pro Projects\caIntegrator2\Output\WebWorks Help 5.0\caIntegrator2\PerformingAnalysis.6.10.html" stylename="" />
  <Split groupID="F16E294B39BB5A9" documentID="BCD0F8BF8FF61EAB" id="1076287" position="1" documentstartposition="4" documentendposition="7" title="Glossary" path="C:\Documents and Settings\hadfielj\My Documents\ePublisher Pro Projects\caIntegrator2\Output\WebWorks Help 5.0\caIntegrator2\Glossary.7.1.html" stylename="" />
  <Split groupID="F16E294B39BB5A9" documentID="C8ACCD4A748AE49B" id="1070912" position="1" documentstartposition="3" documentendposition="9" title="Data Import Configurations" path="C:\Documents and Settings\hadfielj\My Documents\ePublisher Pro Projects\caIntegrator2\Output\WebWorks Help 5.0\caIntegrator2\appdx data import.8.1.html" stylename="" />
  <Split groupID="F16E294B39BB5A9" documentID="C8ACCD4A748AE49B" id="1073225" position="2" documentstartposition="10" documentendposition="15" title="Delimited-Text Annotation Import" path="C:\Documents and Settings\hadfielj\My Documents\ePublisher Pro Projects\caIntegrator2\Output\WebWorks Help 5.0\caIntegrator2\appdx data import.8.2.html" stylename="" />
  <Split groupID="F16E294B39BB5A9" documentID="C8ACCD4A748AE49B" id="1073232" position="3" documentstartposition="16" documentendposition="24" title="Annotation Field Configuration" path="C:\Documents and Settings\hadfielj\My Documents\ePublisher Pro Projects\caIntegrator2\Output\WebWorks Help 5.0\caIntegrator2\appdx data import.8.3.html" stylename="" />
  <Split groupID="F16E294B39BB5A9" documentID="C8ACCD4A748AE49B" id="1073242" position="4" documentstartposition="25" documentendposition="33" title="Sample Data Configuration" path="C:\Documents and Settings\hadfielj\My Documents\ePublisher Pro Projects\caIntegrator2\Output\WebWorks Help 5.0\caIntegrator2\appdx data import.8.4.html" stylename="" />
  <Split groupID="F16E294B39BB5A9" documentID="C8ACCD4A748AE49B" id="1073252" position="5" documentstartposition="34" documentendposition="44" title="Genomic Data Configuration" path="C:\Documents and Settings\hadfielj\My Documents\ePublisher Pro Projects\caIntegrator2\Output\WebWorks Help 5.0\caIntegrator2\appdx data import.8.5.html" stylename="" />
  <Split groupID="F16E294B39BB5A9" documentID="C8ACCD4A748AE49B" id="1073264" position="6" documentstartposition="45" documentendposition="53" title="Imaging Data Configuration" path="C:\Documents and Settings\hadfielj\My Documents\ePublisher Pro Projects\caIntegrator2\Output\WebWorks Help 5.0\caIntegrator2\appdx data import.8.6.html" stylename="" />
  <Split groupID="F16E294B39BB5A9" documentID="AB6D5A441D827BCC" id="866058" position="1" documentstartposition="1" documentendposition="28" title="Index" path="C:\Documents and Settings\hadfielj\My Documents\ePublisher Pro Projects\caIntegrator2\Output\WebWorks Help 5.0\caIntegrator2\Index.9.1.html" stylename="" />
</Splits>