<?xml version="1.0" encoding="utf-8"?>
<Behaviors version="1.0" xmlns="urn:WebWorks-Behaviors-Schema">
  <Split id="1070912" documentposition="3">
    <Paragraph id="1070912" documentposition="3" splitpriority="1" />
    <Paragraph id="1078313" documentposition="4" splitpriority="none" />
    <Paragraph id="1078314" documentposition="5" splitpriority="none" />
    <Paragraph id="1078318" documentposition="6" splitpriority="none" />
    <Paragraph id="1073170" documentposition="7" splitpriority="none" />
    <Paragraph id="1091731" documentposition="8" splitpriority="none" />
    <Paragraph id="1091735" documentposition="9" splitpriority="none" />
  </Split>
  <Split id="1078247" documentposition="10">
    <Paragraph id="1078247" documentposition="10" splitpriority="2" />
    <Paragraph id="1073194" documentposition="11" splitpriority="none" />
    <Paragraph id="1089703" documentposition="12" splitpriority="none" />
    <Paragraph id="1079606" documentposition="13" splitpriority="none" />
    <Paragraph id="1079472" documentposition="14" splitpriority="none" />
    <Paragraph id="1079518" documentposition="15" splitpriority="none" />
    <Paragraph id="1079547" documentposition="16" splitpriority="none" />
    <Paragraph id="1084091" documentposition="17" splitpriority="none" />
  </Split>
  <Split id="1084273" documentposition="18">
    <Paragraph id="1084273" documentposition="18" splitpriority="2">
      <Marker behavior="topic" id="1105780">
        <Marker id="1105780" name="TopicAlias" xmlns="urn:WebWorks-Document-Schema">
          <TextRun id="tr1105780-1">
            <Text value="K-M_plot_help" />
          </TextRun>
        </Marker>
      </Marker>
    </Paragraph>
    <Paragraph id="1113121" documentposition="19" splitpriority="none" />
    <Paragraph id="1113125" documentposition="20" splitpriority="none" />
    <Paragraph id="1113129" documentposition="21" splitpriority="none" />
    <Paragraph id="1113133" documentposition="22" splitpriority="none" />
    <Paragraph id="1105761" documentposition="23" splitpriority="none" />
    <Paragraph id="1080025" documentposition="24" splitpriority="none" />
    <Paragraph id="1080206" documentposition="25" splitpriority="none" />
  </Split>
  <Split id="1073490" documentposition="26">
    <Paragraph id="1073490" documentposition="26" splitpriority="3">
      <Marker behavior="topic" id="1073537">
        <Marker id="1073537" name="TopicAlias" xmlns="urn:WebWorks-Document-Schema">
          <TextRun id="tr1073537-1">
            <Text value="KM_annotation_help" />
          </TextRun>
        </Marker>
      </Marker>
    </Paragraph>
    <Paragraph id="1089381" documentposition="27" splitpriority="none" />
    <Paragraph id="1080134" documentposition="28" splitpriority="none" />
    <Paragraph id="1080294" documentposition="29" splitpriority="none" />
    <Paragraph id="1080298" documentposition="30" splitpriority="none" />
    <Paragraph id="1083702" documentposition="32" splitpriority="none" />
    <Table id="1083538" documentposition="33" splitpriority="none">
      <TableCell>
        <Paragraph id="1083540" />
      </TableCell>
      <TableCell>
        <Paragraph id="1083542" />
      </TableCell>
      <TableCell>
        <Paragraph id="1083554" />
      </TableCell>
      <TableCell>
        <Paragraph id="1083556" />
        <Paragraph id="1084306" />
        <Paragraph id="1083557" />
        <Paragraph id="1083558" />
      </TableCell>
      <TableCell>
        <Paragraph id="1083560" />
      </TableCell>
      <TableCell>
        <Paragraph id="1083562" />
      </TableCell>
    </Table>
    <Paragraph id="1079936" documentposition="34" splitpriority="none" />
    <Paragraph id="1084395" documentposition="35" splitpriority="none" />
    <Paragraph id="1084399" documentposition="36" splitpriority="none" />
    <Paragraph id="1080247" documentposition="38" splitpriority="none" />
    <Paragraph id="1080246" documentposition="39" splitpriority="none" />
    <Paragraph id="1113146" documentposition="40" splitpriority="none" relatedtopic="define-no-output" />
    <Paragraph id="1113150" documentposition="41" splitpriority="none" relatedtopic="define-no-output" />
    <Paragraph id="1113154" documentposition="42" splitpriority="none" relatedtopic="define-no-output" />
  </Split>
  <Split id="1080238" documentposition="43">
    <Paragraph id="1080238" documentposition="43" splitpriority="3" />
    <Paragraph id="1080255" documentposition="44" splitpriority="none" />
    <Paragraph id="1080253" documentposition="45" splitpriority="none" />
    <Paragraph id="1080320" documentposition="46" splitpriority="none" />
    <Paragraph id="1079845" documentposition="47" splitpriority="none" />
    <Paragraph id="1080302" documentposition="48" splitpriority="none" />
    <Paragraph id="1083694" documentposition="50" splitpriority="none" />
    <Table id="1083642" documentposition="51" splitpriority="none">
      <TableCell>
        <Paragraph id="1083644" />
      </TableCell>
      <TableCell>
        <Paragraph id="1083646" />
      </TableCell>
      <TableCell>
        <Paragraph id="1083648" />
      </TableCell>
      <TableCell>
        <Paragraph id="1087413" />
        <Paragraph id="1087414" />
        <Paragraph id="1087415" />
        <Paragraph id="1087419" />
        <Paragraph id="1087420" />
        <Paragraph id="1087411" />
      </TableCell>
      <TableCell>
        <Paragraph id="1083654" />
      </TableCell>
      <TableCell>
        <Paragraph id="1083656" />
      </TableCell>
      <TableCell>
        <Paragraph id="1083691" />
      </TableCell>
      <TableCell>
        <Paragraph id="1083693" />
      </TableCell>
      <TableCell>
        <Paragraph id="1089751" />
      </TableCell>
      <TableCell>
        <Paragraph id="1089753" />
      </TableCell>
    </Table>
    <Paragraph id="1080552" documentposition="52" splitpriority="none">
      <Marker behavior="topic" id="1080553">
        <Marker id="1080553" name="TopicAlias" xmlns="urn:WebWorks-Document-Schema">
          <TextRun id="tr1080553-1">
            <Text value="KM_gene-expression_help" />
          </TextRun>
        </Marker>
      </Marker>
    </Paragraph>
    <Paragraph id="1073689" documentposition="53" splitpriority="none" />
    <Paragraph id="1080631" documentposition="55" splitpriority="none" />
    <Paragraph id="1084066" documentposition="56" splitpriority="none" />
    <Paragraph id="1080627" documentposition="57" splitpriority="none" />
    <Paragraph id="1113167" documentposition="58" splitpriority="none" relatedtopic="define-no-output" />
    <Paragraph id="1113171" documentposition="59" splitpriority="none" relatedtopic="define-no-output" />
    <Paragraph id="1113175" documentposition="60" splitpriority="none" relatedtopic="define-no-output" />
  </Split>
  <Split id="1073776" documentposition="61">
    <Paragraph id="1073776" documentposition="61" splitpriority="3">
      <Marker behavior="topic" id="1073688">
        <Marker id="1073688" name="TopicAlias" xmlns="urn:WebWorks-Document-Schema">
          <TextRun id="tr1073688-1">
            <Text value="KM_queries_help" />
          </TextRun>
        </Marker>
      </Marker>
    </Paragraph>
    <Paragraph id="1073748" documentposition="62" splitpriority="none" />
    <Paragraph id="1082735" documentposition="63" splitpriority="none" />
    <Paragraph id="1082736" documentposition="64" splitpriority="none" />
    <Paragraph id="1082737" documentposition="65" splitpriority="none" />
    <Paragraph id="1083778" documentposition="67" splitpriority="none" />
    <Table id="1083757" documentposition="68" splitpriority="none">
      <TableCell>
        <Paragraph id="1083759" />
      </TableCell>
      <TableCell>
        <Paragraph id="1083761" />
      </TableCell>
      <TableCell>
        <Paragraph id="1083763" />
      </TableCell>
      <TableCell>
        <Paragraph id="1083765" />
        <Paragraph id="1083795" />
      </TableCell>
      <TableCell>
        <Paragraph id="1083767" />
      </TableCell>
      <TableCell>
        <Paragraph id="1083769" />
      </TableCell>
      <TableCell>
        <Paragraph id="1083771" />
      </TableCell>
      <TableCell>
        <Paragraph id="1083773" />
      </TableCell>
      <TableCell>
        <Paragraph id="1083839" />
      </TableCell>
      <TableCell>
        <Paragraph id="1083841" />
      </TableCell>
    </Table>
    <Paragraph id="1082714" documentposition="69" splitpriority="none" />
    <Paragraph id="1073770" documentposition="70" splitpriority="none" />
    <Paragraph id="1082796" documentposition="72" splitpriority="none" />
    <Paragraph id="1082794" documentposition="73" splitpriority="none" />
    <Paragraph id="1113188" documentposition="74" splitpriority="none" relatedtopic="define-no-output" />
    <Paragraph id="1113192" documentposition="75" splitpriority="none" relatedtopic="define-no-output" />
    <Paragraph id="1113196" documentposition="76" splitpriority="none" relatedtopic="define-no-output" />
  </Split>
  <Split id="1082800" documentposition="77">
    <Paragraph id="1082800" documentposition="77" splitpriority="2" />
    <Paragraph id="1084199" documentposition="78" splitpriority="none" />
    <Paragraph id="1087122" documentposition="79" splitpriority="none" />
    <Paragraph id="1087123" documentposition="80" splitpriority="none" />
    <Paragraph id="1087128" documentposition="81" splitpriority="none" />
    <Paragraph id="1087133" documentposition="82" splitpriority="none" />
    <Paragraph id="1089440" documentposition="83" splitpriority="none" />
  </Split>
  <Split id="1084201" documentposition="84">
    <Paragraph id="1084201" documentposition="84" splitpriority="3">
      <Marker behavior="topic" id="1084200">
        <Marker id="1084200" name="TopicAlias" xmlns="urn:WebWorks-Document-Schema">
          <TextRun id="tr1084200-1">
            <Text value="GE_plot_annotation_help" />
          </TextRun>
        </Marker>
      </Marker>
    </Paragraph>
    <Paragraph id="1083002" documentposition="85" splitpriority="none" />
    <Paragraph id="1082983" documentposition="86" splitpriority="none" />
    <Paragraph id="1083861" documentposition="87" splitpriority="none" />
    <Paragraph id="1083865" documentposition="88" splitpriority="none" />
    <Paragraph id="1088403" documentposition="90" splitpriority="none" />
    <Table id="1088358" documentposition="91" splitpriority="none">
      <TableCell>
        <Paragraph id="1088360" />
      </TableCell>
      <TableCell>
        <Paragraph id="1088362" />
      </TableCell>
      <TableCell>
        <Paragraph id="1088364" />
      </TableCell>
      <TableCell>
        <Paragraph id="1088366" />
        <Paragraph id="1088367" />
        <Paragraph id="1088368" />
        <Paragraph id="1088372" />
        <Paragraph id="1088373" />
      </TableCell>
      <TableCell>
        <Paragraph id="1088379" />
      </TableCell>
      <TableCell>
        <Paragraph id="1088381" />
        <Paragraph id="1088382" />
        <Paragraph id="1088383" />
      </TableCell>
      <TableCell>
        <Paragraph id="1088385" />
      </TableCell>
      <TableCell>
        <Paragraph id="1088387" />
        <Paragraph id="1088388" />
        <Paragraph id="1088389" />
      </TableCell>
      <TableCell>
        <Paragraph id="1088391" />
      </TableCell>
      <TableCell>
        <Paragraph id="1088393" />
      </TableCell>
      <TableCell>
        <Paragraph id="1088395" />
      </TableCell>
      <TableCell>
        <Paragraph id="1088397" />
      </TableCell>
    </Table>
    <Paragraph id="1088404" documentposition="92" splitpriority="none" />
    <Paragraph id="1084233" documentposition="94" splitpriority="none" />
    <Paragraph id="1083894" documentposition="95" splitpriority="none" />
    <Paragraph id="1113228" documentposition="96" splitpriority="none" relatedtopic="define-no-output" />
    <Paragraph id="1113232" documentposition="97" splitpriority="none" relatedtopic="define-no-output" />
    <Paragraph id="1113236" documentposition="98" splitpriority="none" relatedtopic="define-no-output" />
    <Paragraph id="1113240" documentposition="99" splitpriority="none" relatedtopic="define-no-output" />
  </Split>
  <Split id="1083368" documentposition="100">
    <Paragraph id="1083368" documentposition="100" splitpriority="3">
      <Marker behavior="topic" id="1083367">
        <Marker id="1083367" name="TopicAlias" xmlns="urn:WebWorks-Document-Schema">
          <TextRun id="tr1083367-1">
            <Text value="GE_plot_gen_queries_help" />
          </TextRun>
        </Marker>
      </Marker>
    </Paragraph>
    <Paragraph id="1083381" documentposition="101" splitpriority="none" />
    <Paragraph id="1084246" documentposition="102" splitpriority="none" />
    <Paragraph id="1083382" documentposition="103" splitpriority="none" />
    <Paragraph id="1083383" documentposition="104" splitpriority="none" />
    <Paragraph id="1083372" documentposition="105" splitpriority="none" />
    <Paragraph id="1083428" documentposition="107" splitpriority="none" />
    <Table id="1083395" documentposition="108" splitpriority="none">
      <TableCell>
        <Paragraph id="1083397" />
      </TableCell>
      <TableCell>
        <Paragraph id="1083399" />
      </TableCell>
      <TableCell>
        <Paragraph id="1083401" />
      </TableCell>
      <TableCell>
        <Paragraph id="1083403" />
      </TableCell>
      <TableCell>
        <Paragraph id="1083405" />
      </TableCell>
      <TableCell>
        <Paragraph id="1087574" />
        <Paragraph id="1087575" />
        <Paragraph id="1087501" />
      </TableCell>
    </Table>
    <Paragraph id="1083393" documentposition="109" splitpriority="none" />
    <Paragraph id="1083944" documentposition="111" splitpriority="none" />
    <Paragraph id="1083948" documentposition="112" splitpriority="none" />
    <Paragraph id="1113253" documentposition="113" splitpriority="none" relatedtopic="define-no-output" />
    <Paragraph id="1113257" documentposition="114" splitpriority="none" relatedtopic="define-no-output" />
    <Paragraph id="1113261" documentposition="115" splitpriority="none" relatedtopic="define-no-output" />
    <Paragraph id="1113265" documentposition="116" splitpriority="none" relatedtopic="define-no-output" />
  </Split>
  <Split id="1077378" documentposition="117">
    <Paragraph id="1077378" documentposition="117" splitpriority="3">
      <Marker behavior="topic" id="1077414">
        <Marker id="1077414" name="TopicAlias" xmlns="urn:WebWorks-Document-Schema">
          <TextRun id="tr1077414-1">
            <Text value="GE_plot_clin_queries_help" />
          </TextRun>
        </Marker>
      </Marker>
    </Paragraph>
    <Paragraph id="1083443" documentposition="118" splitpriority="none" />
    <Paragraph id="1084261" documentposition="119" splitpriority="none" />
    <Paragraph id="1083444" documentposition="120" splitpriority="none" />
    <Paragraph id="1083445" documentposition="121" splitpriority="none" />
    <Paragraph id="1077409" documentposition="122" splitpriority="none" />
    <Paragraph id="1083496" documentposition="124" splitpriority="none" />
    <Table id="1083463" documentposition="125" splitpriority="none">
      <TableCell>
        <Paragraph id="1083465" />
      </TableCell>
      <TableCell>
        <Paragraph id="1083467" />
      </TableCell>
      <TableCell>
        <Paragraph id="1083469" />
      </TableCell>
      <TableCell>
        <Paragraph id="1087375" />
        <Paragraph id="1087376" />
        <Paragraph id="1087377" />
        <Paragraph id="1087381" />
        <Paragraph id="1087382" />
        <Paragraph id="1083471" />
      </TableCell>
      <TableCell>
        <Paragraph id="1083473" />
      </TableCell>
      <TableCell>
        <Paragraph id="1087536" />
        <Paragraph id="1087537" />
        <Paragraph id="1087558" />
      </TableCell>
      <TableCell>
        <Paragraph id="1083479" />
      </TableCell>
      <TableCell>
        <Paragraph id="1083481" />
        <Paragraph id="1083482" />
        <Paragraph id="1083483" />
      </TableCell>
      <TableCell>
        <Paragraph id="1083485" />
      </TableCell>
      <TableCell>
        <Paragraph id="1083487" />
      </TableCell>
      <TableCell>
        <Paragraph id="1083489" />
      </TableCell>
      <TableCell>
        <Paragraph id="1083491" />
      </TableCell>
    </Table>
    <Paragraph id="1083529" documentposition="126" splitpriority="none" />
    <Paragraph id="1089489" documentposition="128" splitpriority="none" />
    <Paragraph id="1083461" documentposition="129" splitpriority="none" />
    <Paragraph id="1113278" documentposition="130" splitpriority="none" relatedtopic="define-no-output" />
    <Paragraph id="1113282" documentposition="131" splitpriority="none" relatedtopic="define-no-output" />
    <Paragraph id="1113286" documentposition="132" splitpriority="none" relatedtopic="define-no-output" />
    <Paragraph id="1113290" documentposition="133" splitpriority="none" relatedtopic="define-no-output" />
  </Split>
  <Split id="1088652" documentposition="134">
    <Paragraph id="1088652" documentposition="134" splitpriority="3" />
    <Paragraph id="1089063" documentposition="135" splitpriority="none" />
    <Paragraph id="1091490" documentposition="136" splitpriority="none">
      <Frame id="1088670">
        <Paragraph id="" />
        <Frame id="1092558" />
      </Frame>
    </Paragraph>
    <Paragraph id="1088726" documentposition="138" splitpriority="none" />
    <Paragraph id="1088789" documentposition="139" splitpriority="none">
      <Frame id="1088793">
        <Paragraph id="" />
        <Frame id="1088910" />
      </Frame>
    </Paragraph>
    <Paragraph id="1089102" documentposition="141" splitpriority="none">
      <Frame id="1088850">
        <Paragraph id="" />
        <Frame id="1088876" />
      </Frame>
    </Paragraph>
    <Paragraph id="1089283" documentposition="143" splitpriority="none" />
    <Paragraph id="1089165" documentposition="144" splitpriority="none" />
    <Paragraph id="1089166" documentposition="145" splitpriority="none" />
    <Paragraph id="1089167" documentposition="146" splitpriority="none" />
    <Paragraph id="1089168" documentposition="147" splitpriority="none">
      <Frame id="1089190">
        <Paragraph id="" />
        <Frame id="1089198" />
      </Frame>
    </Paragraph>
    <Paragraph id="1091147" documentposition="149" splitpriority="none" />
    <Paragraph id="1091370" documentposition="150" splitpriority="none">
      <Frame id="1091406">
        <Paragraph id="" />
        <Frame id="1091410" />
      </Frame>
    </Paragraph>
    <Paragraph id="1091415" documentposition="152" splitpriority="none" />
  </Split>
  <Split id="1077363" documentposition="153">
    <Paragraph id="1077363" documentposition="153" splitpriority="2">
      <Marker behavior="topic" id="1073540">
        <Marker id="1073540" name="TopicAlias" xmlns="urn:WebWorks-Document-Schema">
          <TextRun id="tr1073540-1">
            <Text value="gene_pattern_help" />
          </TextRun>
        </Marker>
      </Marker>
    </Paragraph>
    <Paragraph id="1073260" documentposition="154" splitpriority="none" />
    <Paragraph id="1084352" documentposition="155" splitpriority="none" />
    <Paragraph id="1084386" documentposition="156" splitpriority="none" />
    <Paragraph id="1084911" documentposition="157" splitpriority="none" />
    <Paragraph id="1084387" documentposition="158" splitpriority="none" />
    <Paragraph id="1105427" documentposition="159" splitpriority="none" />
    <Paragraph id="1105430" documentposition="160" splitpriority="none" />
    <Paragraph id="1084384" documentposition="161" splitpriority="none" />
    <Paragraph id="1094181" documentposition="162" splitpriority="none" />
    <Paragraph id="1084332" documentposition="163" splitpriority="none" />
    <Paragraph id="1094031" documentposition="165" splitpriority="none" />
    <Paragraph id="1085079" documentposition="166" splitpriority="none" />
    <Paragraph id="1087958" documentposition="167" splitpriority="none" />
    <Paragraph id="1087963" documentposition="168" splitpriority="none" />
    <Paragraph id="1087964" documentposition="169" splitpriority="none" />
    <Paragraph id="1084420" documentposition="170" splitpriority="none" />
  </Split>
  <Split id="1084841" documentposition="171">
    <Paragraph id="1084841" documentposition="171" splitpriority="3" />
    <Paragraph id="1085979" documentposition="172" splitpriority="none" />
    <Paragraph id="1088526" documentposition="173" splitpriority="none" />
    <Paragraph id="1093908" documentposition="174" splitpriority="none" />
    <Paragraph id="1087984" documentposition="175" splitpriority="none" />
    <Paragraph id="1093927" documentposition="176" splitpriority="none" />
    <Paragraph id="1093906" documentposition="177" splitpriority="none" />
    <Table id="1086004" documentposition="179" splitpriority="none">
      <TableCell>
        <Paragraph id="1086006" />
      </TableCell>
      <TableCell>
        <Paragraph id="1086008" />
      </TableCell>
      <TableCell>
        <Paragraph id="1086010" />
      </TableCell>
      <TableCell>
        <Paragraph id="1086012" />
      </TableCell>
      <TableCell>
        <Paragraph id="1086014" />
      </TableCell>
      <TableCell>
        <Paragraph id="1086016" />
      </TableCell>
      <TableCell>
        <Paragraph id="1086018" />
      </TableCell>
      <TableCell>
        <Paragraph id="1086020" />
      </TableCell>
    </Table>
    <Paragraph id="1086129" documentposition="180" splitpriority="none" />
    <Paragraph id="1088543" documentposition="181" splitpriority="none" />
    <Paragraph id="1096772" documentposition="182" splitpriority="none" />
    <Paragraph id="1113303" documentposition="183" splitpriority="none" relatedtopic="define-no-output" />
    <Paragraph id="1113307" documentposition="184" splitpriority="none" relatedtopic="define-no-output" />
    <Paragraph id="1113311" documentposition="185" splitpriority="none" relatedtopic="define-no-output" />
    <Paragraph id="1113315" documentposition="186" splitpriority="none" relatedtopic="define-no-output" />
  </Split>
  <Split id="1084490" documentposition="187">
    <Paragraph id="1084490" documentposition="187" splitpriority="3" />
    <Paragraph id="1090810" documentposition="188" splitpriority="none" />
    <Paragraph id="1086222" documentposition="189" splitpriority="none" />
    <Paragraph id="1086388" documentposition="190" splitpriority="none" />
    <Paragraph id="1086326" documentposition="191" splitpriority="none" />
    <Paragraph id="1094072" documentposition="192" splitpriority="none" />
    <Paragraph id="1088256" documentposition="193" splitpriority="none" />
    <Paragraph id="1089787" documentposition="195" splitpriority="none" />
    <Table id="1084531" documentposition="196" splitpriority="none">
      <TableCell>
        <Paragraph id="1086771" />
      </TableCell>
      <TableCell>
        <Paragraph id="1086773" />
      </TableCell>
      <TableCell>
        <Paragraph id="1086775" />
      </TableCell>
      <TableCell>
        <Paragraph id="1086777" />
      </TableCell>
      <TableCell>
        <Paragraph id="1086779" />
      </TableCell>
      <TableCell>
        <Paragraph id="1086781" />
      </TableCell>
      <TableCell>
        <Paragraph id="1086783" />
      </TableCell>
      <TableCell>
        <Paragraph id="1086785" />
      </TableCell>
      <TableCell>
        <Paragraph id="1086787" />
      </TableCell>
      <TableCell>
        <Paragraph id="1086789" />
        <Paragraph id="1088111" />
      </TableCell>
      <TableCell>
        <Paragraph id="1086791" />
      </TableCell>
      <TableCell>
        <Paragraph id="1086793" />
      </TableCell>
      <TableCell>
        <Paragraph id="1086795" />
      </TableCell>
      <TableCell>
        <Paragraph id="1086797" />
      </TableCell>
      <TableCell>
        <Paragraph id="1086799" />
      </TableCell>
      <TableCell>
        <Paragraph id="1086801" />
      </TableCell>
      <TableCell>
        <Paragraph id="1086803" />
      </TableCell>
      <TableCell>
        <Paragraph id="1086805" />
      </TableCell>
      <TableCell>
        <Paragraph id="1086807" />
      </TableCell>
      <TableCell>
        <Paragraph id="1086809" />
      </TableCell>
      <TableCell>
        <Paragraph id="1086811" />
      </TableCell>
      <TableCell>
        <Paragraph id="1086813" />
      </TableCell>
      <TableCell>
        <Paragraph id="1086820" />
      </TableCell>
      <TableCell>
        <Paragraph id="1086822" />
      </TableCell>
      <TableCell>
        <Paragraph id="1086824" />
      </TableCell>
      <TableCell>
        <Paragraph id="1086826" />
      </TableCell>
      <TableCell>
        <Paragraph id="1086828" />
      </TableCell>
      <TableCell>
        <Paragraph id="1086830" />
      </TableCell>
      <TableCell>
        <Paragraph id="1086832" />
      </TableCell>
      <TableCell>
        <Paragraph id="1086834" />
      </TableCell>
      <TableCell>
        <Paragraph id="1086836" />
      </TableCell>
      <TableCell>
        <Paragraph id="1086838" />
      </TableCell>
      <TableCell>
        <Paragraph id="1086840" />
      </TableCell>
      <TableCell>
        <Paragraph id="1086842" />
      </TableCell>
      <TableCell>
        <Paragraph id="1086844" />
      </TableCell>
      <TableCell>
        <Paragraph id="1086846" />
      </TableCell>
      <TableCell>
        <Paragraph id="1086848" />
      </TableCell>
      <TableCell>
        <Paragraph id="1086850" />
      </TableCell>
      <TableCell>
        <Paragraph id="1086852" />
      </TableCell>
      <TableCell>
        <Paragraph id="1086854" />
        <Paragraph id="1086855" />
        <Paragraph id="1086856" />
      </TableCell>
      <TableCell>
        <Paragraph id="1086858" />
      </TableCell>
      <TableCell>
        <Paragraph id="1086860" />
      </TableCell>
      <TableCell>
        <Paragraph id="1086862" />
      </TableCell>
      <TableCell>
        <Paragraph id="1086864" />
      </TableCell>
      <TableCell>
        <Paragraph id="1086866" />
      </TableCell>
      <TableCell>
        <Paragraph id="1086868" />
        <Paragraph id="1086978" />
      </TableCell>
    </Table>
    <Paragraph id="1087907" documentposition="197" splitpriority="none" />
    <Paragraph id="1088047" documentposition="198" splitpriority="none" />
    <Paragraph id="1088124" documentposition="200" splitpriority="none" />
    <Paragraph id="1113328" documentposition="201" splitpriority="none" relatedtopic="define-no-output" />
    <Paragraph id="1113332" documentposition="202" splitpriority="none" relatedtopic="define-no-output" />
    <Paragraph id="1113336" documentposition="203" splitpriority="none" relatedtopic="define-no-output" />
    <Paragraph id="1113340" documentposition="204" splitpriority="none" relatedtopic="define-no-output" />
  </Split>
  <Split id="1084723" documentposition="205">
    <Paragraph id="1084723" documentposition="205" splitpriority="3" />
    <Paragraph id="1086355" documentposition="206" splitpriority="none" />
    <Paragraph id="1092498" documentposition="207" splitpriority="none" />
    <Paragraph id="1087844" documentposition="208" splitpriority="none" />
    <Paragraph id="1087842" documentposition="209" splitpriority="none" />
    <Paragraph id="1094077" documentposition="210" splitpriority="none" />
    <Paragraph id="1088264" documentposition="211" splitpriority="none" />
    <Paragraph id="1091217" documentposition="213" splitpriority="none" />
    <Table id="1084757" documentposition="214" splitpriority="none">
      <TableCell>
        <Paragraph id="1084759" />
      </TableCell>
      <TableCell>
        <Paragraph id="1084761" />
      </TableCell>
      <TableCell>
        <Paragraph id="1084763" />
      </TableCell>
      <TableCell>
        <Paragraph id="1084765" />
      </TableCell>
      <TableCell>
        <Paragraph id="1084767" />
      </TableCell>
      <TableCell>
        <Paragraph id="1084769" />
      </TableCell>
      <TableCell>
        <Paragraph id="1084771" />
      </TableCell>
      <TableCell>
        <Paragraph id="1084773" />
      </TableCell>
      <TableCell>
        <Paragraph id="1084775" />
      </TableCell>
      <TableCell>
        <Paragraph id="1084777" />
      </TableCell>
    </Table>
    <Paragraph id="1087916" documentposition="215" splitpriority="none" />
    <Table id="1090871" documentposition="217" splitpriority="none">
      <TableCell>
        <Paragraph id="1090873" />
      </TableCell>
      <TableCell>
        <Paragraph id="1090875" />
      </TableCell>
      <TableCell>
        <Paragraph id="1091052" />
      </TableCell>
      <TableCell>
        <Paragraph id="1091054" />
      </TableCell>
      <TableCell>
        <Paragraph id="1090877" />
      </TableCell>
      <TableCell>
        <Paragraph id="1091019" />
      </TableCell>
      <TableCell>
        <Paragraph id="1090881" />
      </TableCell>
      <TableCell>
        <Paragraph id="1091021" />
      </TableCell>
      <TableCell>
        <Paragraph id="1090885" />
      </TableCell>
      <TableCell>
        <Paragraph id="1091023" />
      </TableCell>
      <TableCell>
        <Paragraph id="1090889" />
      </TableCell>
      <TableCell>
        <Paragraph id="1091025" />
      </TableCell>
      <TableCell>
        <Paragraph id="1090939" />
      </TableCell>
      <TableCell>
        <Paragraph id="1091027" />
      </TableCell>
      <TableCell>
        <Paragraph id="1090935" />
      </TableCell>
      <TableCell>
        <Paragraph id="1091029" />
      </TableCell>
      <TableCell>
        <Paragraph id="1090931" />
      </TableCell>
      <TableCell>
        <Paragraph id="1091031" />
      </TableCell>
      <TableCell>
        <Paragraph id="1090927" />
      </TableCell>
      <TableCell>
        <Paragraph id="1091033" />
      </TableCell>
      <TableCell>
        <Paragraph id="1090923" />
      </TableCell>
      <TableCell>
        <Paragraph id="1091035" />
      </TableCell>
      <TableCell>
        <Paragraph id="1090919" />
      </TableCell>
      <TableCell>
        <Paragraph id="1091037" />
      </TableCell>
      <TableCell>
        <Paragraph id="1090915" />
      </TableCell>
      <TableCell>
        <Paragraph id="1091039" />
      </TableCell>
    </Table>
    <Paragraph id="1090901" documentposition="218" splitpriority="none" />
    <Paragraph id="1108197" documentposition="219" splitpriority="none" />
    <Paragraph id="1113382" documentposition="220" splitpriority="none" relatedtopic="define-no-output" />
    <Paragraph id="1113386" documentposition="221" splitpriority="none" relatedtopic="define-no-output" />
    <Paragraph id="1113390" documentposition="222" splitpriority="none" relatedtopic="define-no-output" />
    <Paragraph id="1113394" documentposition="223" splitpriority="none" relatedtopic="define-no-output" />
  </Split>
  <Split id="1084744" documentposition="224">
    <Paragraph id="1084744" documentposition="224" splitpriority="3" />
    <Paragraph id="1086919" documentposition="225" splitpriority="none" />
    <Paragraph id="1087886" documentposition="226" splitpriority="none" />
    <Paragraph id="1111346" documentposition="227" splitpriority="none" />
    <Paragraph id="1111347" documentposition="228" splitpriority="none" />
    <Paragraph id="1088272" documentposition="229" splitpriority="none" />
    <Paragraph id="1091230" documentposition="231" splitpriority="none" />
    <Table id="1086529" documentposition="232" splitpriority="none">
      <TableCell>
        <Paragraph id="1086531" />
      </TableCell>
      <TableCell>
        <Paragraph id="1086533" />
      </TableCell>
      <TableCell>
        <Paragraph id="1086535" />
      </TableCell>
      <TableCell>
        <Paragraph id="1086537" />
      </TableCell>
      <TableCell>
        <Paragraph id="1086539" />
      </TableCell>
      <TableCell>
        <Paragraph id="1086541" />
      </TableCell>
      <TableCell>
        <Paragraph id="1086543" />
      </TableCell>
      <TableCell>
        <Paragraph id="1086545" />
      </TableCell>
      <TableCell>
        <Paragraph id="1086547" />
      </TableCell>
      <TableCell>
        <Paragraph id="1086549" />
      </TableCell>
      <TableCell>
        <Paragraph id="1086551" />
      </TableCell>
      <TableCell>
        <Paragraph id="1086553" />
      </TableCell>
      <TableCell>
        <Paragraph id="1086555" />
      </TableCell>
      <TableCell>
        <Paragraph id="1086557" />
      </TableCell>
      <TableCell>
        <Paragraph id="1086591" />
      </TableCell>
      <TableCell>
        <Paragraph id="1086593" />
      </TableCell>
      <TableCell>
        <Paragraph id="1086587" />
      </TableCell>
      <TableCell>
        <Paragraph id="1086589" />
      </TableCell>
      <TableCell>
        <Paragraph id="1086583" />
      </TableCell>
      <TableCell>
        <Paragraph id="1086585" />
      </TableCell>
      <TableCell>
        <Paragraph id="1086579" />
      </TableCell>
      <TableCell>
        <Paragraph id="1086581" />
        <Paragraph id="1090734" />
        <Paragraph id="1087072" />
        <Paragraph id="1087053" />
        <Paragraph id="1087054" />
        <Paragraph id="1087050" />
        <Paragraph id="1087080" />
        <Paragraph id="1087096" />
        <Paragraph id="1087081" />
        <Paragraph id="1087082" />
        <Paragraph id="1087083" />
        <Paragraph id="1087084" />
        <Paragraph id="1087085" />
        <Paragraph id="1087051" />
      </TableCell>
    </Table>
    <Paragraph id="1087925" documentposition="233" splitpriority="none" />
    <Paragraph id="1108208" documentposition="234" splitpriority="none" />
    <Paragraph id="1113407" documentposition="235" splitpriority="none" relatedtopic="define-no-output" />
    <Paragraph id="1113411" documentposition="236" splitpriority="none" relatedtopic="define-no-output" />
    <Paragraph id="1113415" documentposition="237" splitpriority="none" relatedtopic="define-no-output" />
    <Paragraph id="1113419" documentposition="238" splitpriority="none" relatedtopic="define-no-output" />
    <Paragraph id="1087000" documentposition="239" splitpriority="none" />
  </Split>
</Behaviors>