<?xml version="1.0" encoding="utf-8"?>
<SplitPriorities version="1.0" xmlns="urn:WebWorks-Engine-Splits-Schema">
  <SplitPriority id="1070912" documentposition="3" splitpriority="1" outputposition="1" />
  <SplitPriority id="1078247" documentposition="10" splitpriority="2" outputposition="8" />
  <SplitPriority id="1084273" documentposition="18" splitpriority="2" outputposition="16" />
  <SplitPriority id="1073490" documentposition="26" splitpriority="3" outputposition="24" />
  <SplitPriority id="1080238" documentposition="43" splitpriority="3" outputposition="39" />
  <SplitPriority id="1073776" documentposition="61" splitpriority="3" outputposition="55" />
  <SplitPriority id="1082800" documentposition="77" splitpriority="2" outputposition="69" />
  <SplitPriority id="1084201" documentposition="84" splitpriority="3" outputposition="76" />
  <SplitPriority id="1083368" documentposition="100" splitpriority="3" outputposition="90" />
  <SplitPriority id="1077378" documentposition="117" splitpriority="3" outputposition="105" />
  <SplitPriority id="1088652" documentposition="134" splitpriority="3" outputposition="120" />
  <SplitPriority id="1077363" documentposition="153" splitpriority="2" outputposition="134" />
  <SplitPriority id="1084841" documentposition="171" splitpriority="3" outputposition="151" />
  <SplitPriority id="1084490" documentposition="187" splitpriority="3" outputposition="166" />
  <SplitPriority id="1084723" documentposition="205" splitpriority="3" outputposition="182" />
  <SplitPriority id="1084744" documentposition="224" splitpriority="3" outputposition="199" />
</SplitPriorities>