<?xml version="1.0" encoding="utf-8"?>
<Behaviors version="1.0" xmlns="urn:WebWorks-Behaviors-Schema">
  <Paragraph id="1070912" documentposition="3" splitpriority="1" dropdown="continue" popup="none" popup-page-rule="" />
  <Paragraph id="1078313" documentposition="4" splitpriority="none" dropdown="continue" popup="none" popup-page-rule="" />
  <Paragraph id="1078314" documentposition="5" splitpriority="none" dropdown="continue" popup="none" popup-page-rule="" />
  <Paragraph id="1078318" documentposition="6" splitpriority="none" dropdown="continue" popup="none" popup-page-rule="" />
  <Paragraph id="1073170" documentposition="7" splitpriority="none" dropdown="continue" popup="none" popup-page-rule="" />
  <Paragraph id="1091731" documentposition="8" splitpriority="none" dropdown="continue" popup="none" popup-page-rule="" />
  <Paragraph id="1120887" documentposition="9" splitpriority="none" dropdown="continue" popup="none" popup-page-rule="" />
  <Paragraph id="1120890" documentposition="10" splitpriority="2" dropdown="continue" popup="none" popup-page-rule="" />
  <Paragraph id="1073194" documentposition="11" splitpriority="none" dropdown="continue" popup="none" popup-page-rule="" />
  <Paragraph id="1089703" documentposition="12" splitpriority="none" dropdown="continue" popup="none" popup-page-rule="" />
  <Paragraph id="1079606" documentposition="13" splitpriority="none" dropdown="continue" popup="none" popup-page-rule="" />
  <Paragraph id="1079472" documentposition="14" splitpriority="none" dropdown="continue" popup="none" popup-page-rule="" />
  <Paragraph id="1079518" documentposition="15" splitpriority="none" dropdown="continue" popup="none" popup-page-rule="" />
  <Paragraph id="1079547" documentposition="16" splitpriority="none" dropdown="continue" popup="none" popup-page-rule="" />
  <Paragraph id="1084091" documentposition="17" splitpriority="none" dropdown="continue" popup="none" popup-page-rule="" />
  <Paragraph id="1084273" documentposition="18" splitpriority="2" dropdown="continue" popup="none" popup-page-rule="">
    <Marker behavior="topic" id="1105780">
      <Marker id="1105780" name="TopicAlias" xmlns="urn:WebWorks-Document-Schema">
        <TextRun id="tr1105780-1">
          <Text value="K-M_plot_help" />
        </TextRun>
      </Marker>
    </Marker>
  </Paragraph>
  <Paragraph id="1146282" documentposition="19" splitpriority="none" dropdown="continue" popup="none" popup-page-rule="" />
  <Paragraph id="1146286" documentposition="20" splitpriority="none" dropdown="continue" popup="none" popup-page-rule="" />
  <Paragraph id="1146290" documentposition="21" splitpriority="none" dropdown="continue" popup="none" popup-page-rule="" />
  <Paragraph id="1146294" documentposition="22" splitpriority="none" dropdown="continue" popup="none" popup-page-rule="" />
  <Paragraph id="1105761" documentposition="23" splitpriority="none" dropdown="continue" popup="none" popup-page-rule="" />
  <Paragraph id="1080025" documentposition="24" splitpriority="none" dropdown="continue" popup="none" popup-page-rule="" />
  <Paragraph id="1120791" documentposition="25" splitpriority="none" dropdown="continue" popup="none" popup-page-rule="" />
  <Paragraph id="1080206" documentposition="26" splitpriority="none" dropdown="continue" popup="none" popup-page-rule="" />
  <Paragraph id="1073490" documentposition="27" splitpriority="3" dropdown="continue" popup="none" popup-page-rule="">
    <Marker behavior="topic" id="1073537">
      <Marker id="1073537" name="TopicAlias" xmlns="urn:WebWorks-Document-Schema">
        <TextRun id="tr1073537-1">
          <Text value="KM_annotation_help" />
        </TextRun>
      </Marker>
    </Marker>
  </Paragraph>
  <Paragraph id="1089381" documentposition="28" splitpriority="none" dropdown="continue" popup="none" popup-page-rule="" />
  <Paragraph id="1080134" documentposition="29" splitpriority="none" dropdown="continue" popup="none" popup-page-rule="" />
  <Paragraph id="1080294" documentposition="30" splitpriority="none" dropdown="continue" popup="none" popup-page-rule="" />
  <Paragraph id="1080298" documentposition="31" splitpriority="none" dropdown="continue" popup="none" popup-page-rule="" />
  <Paragraph id="1083702" documentposition="33" splitpriority="none" dropdown="continue" popup="none" popup-page-rule="" />
  <Paragraph id="1115153" documentposition="34" splitpriority="none" dropdown="continue" popup="none" popup-page-rule="" />
  <Paragraph id="1115154" documentposition="35" splitpriority="none" dropdown="continue" popup="none" popup-page-rule="" />
  <Paragraph id="1115147" documentposition="36" splitpriority="none" dropdown="continue" popup="none" popup-page-rule="" />
  <Paragraph id="1115237" documentposition="37" splitpriority="none" dropdown="continue" popup="none" popup-page-rule="" />
  <Paragraph id="1079936" documentposition="38" splitpriority="none" dropdown="continue" popup="none" popup-page-rule="" />
  <Paragraph id="1080247" documentposition="40" splitpriority="none" dropdown="continue" popup="none" popup-page-rule="" />
  <Paragraph id="1080246" documentposition="41" splitpriority="none" dropdown="continue" popup="none" popup-page-rule="" />
  <Paragraph id="1120799" documentposition="42" splitpriority="none" dropdown="continue" popup="none" popup-page-rule="" />
  <Paragraph id="1146302" documentposition="43" splitpriority="none" relatedtopic="define-no-output" dropdown="continue" popup="none" popup-page-rule="" />
  <Paragraph id="1146306" documentposition="44" splitpriority="none" relatedtopic="define-no-output" dropdown="continue" popup="none" popup-page-rule="" />
  <Paragraph id="1146310" documentposition="45" splitpriority="none" relatedtopic="define-no-output" dropdown="continue" popup="none" popup-page-rule="" />
  <Paragraph id="1080238" documentposition="46" splitpriority="3" dropdown="continue" popup="none" popup-page-rule="" />
  <Paragraph id="1080255" documentposition="47" splitpriority="none" dropdown="continue" popup="none" popup-page-rule="" />
  <Paragraph id="1080253" documentposition="48" splitpriority="none" dropdown="continue" popup="none" popup-page-rule="" />
  <Paragraph id="1080320" documentposition="49" splitpriority="none" dropdown="continue" popup="none" popup-page-rule="" />
  <Paragraph id="1113386" documentposition="50" splitpriority="none" dropdown="continue" popup="none" popup-page-rule="" />
  <Paragraph id="1113393" documentposition="51" splitpriority="none" dropdown="continue" popup="none" popup-page-rule="" />
  <Paragraph id="1113404" documentposition="53" splitpriority="none" dropdown="continue" popup="none" popup-page-rule="" />
  <Paragraph id="1113499" documentposition="54" splitpriority="none" dropdown="continue" popup="none" popup-page-rule="" />
  <Paragraph id="1113398" documentposition="55" splitpriority="none" dropdown="continue" popup="none" popup-page-rule="" />
  <Paragraph id="1113629" documentposition="56" splitpriority="none" dropdown="continue" popup="none" popup-page-rule="" />
  <Paragraph id="1113638" documentposition="57" splitpriority="none" dropdown="continue" popup="none" popup-page-rule="" />
  <Paragraph id="1128172" documentposition="58" splitpriority="none" dropdown="continue" popup="none" popup-page-rule="" />
  <Paragraph id="1146318" documentposition="59" splitpriority="none" dropdown="continue" popup="none" popup-page-rule="">
    <Marker behavior="topic" id="1080553">
      <Marker id="1080553" name="TopicAlias" xmlns="urn:WebWorks-Document-Schema">
        <TextRun id="tr1080553-1">
          <Text value="KM_gene-expression_help" />
        </TextRun>
      </Marker>
    </Marker>
  </Paragraph>
  <Paragraph id="1146320" documentposition="60" splitpriority="4" dropdown="continue" popup="none" popup-page-rule="" />
  <Paragraph id="1120305" documentposition="62" splitpriority="none" dropdown="continue" popup="none" popup-page-rule="" />
  <Paragraph id="1084066" documentposition="63" splitpriority="none" dropdown="continue" popup="none" popup-page-rule="" />
  <Paragraph id="1080627" documentposition="64" splitpriority="none" dropdown="continue" popup="none" popup-page-rule="" />
  <Paragraph id="1120814" documentposition="65" splitpriority="none" dropdown="continue" popup="none" popup-page-rule="" />
  <Paragraph id="1146356" documentposition="66" splitpriority="none" relatedtopic="define-no-output" dropdown="continue" popup="none" popup-page-rule="" />
  <Paragraph id="1146360" documentposition="67" splitpriority="none" relatedtopic="define-no-output" dropdown="continue" popup="none" popup-page-rule="" />
  <Paragraph id="1146364" documentposition="68" splitpriority="none" relatedtopic="define-no-output" dropdown="continue" popup="none" popup-page-rule="" />
  <Paragraph id="1073776" documentposition="69" splitpriority="3" dropdown="continue" popup="none" popup-page-rule="">
    <Marker behavior="topic" id="1073688">
      <Marker id="1073688" name="TopicAlias" xmlns="urn:WebWorks-Document-Schema">
        <TextRun id="tr1073688-1">
          <Text value="KM_queries_help" />
        </TextRun>
      </Marker>
    </Marker>
  </Paragraph>
  <Paragraph id="1073748" documentposition="70" splitpriority="none" dropdown="continue" popup="none" popup-page-rule="" />
  <Paragraph id="1082735" documentposition="71" splitpriority="none" dropdown="continue" popup="none" popup-page-rule="" />
  <Paragraph id="1082736" documentposition="72" splitpriority="none" dropdown="continue" popup="none" popup-page-rule="" />
  <Paragraph id="1082737" documentposition="73" splitpriority="none" dropdown="continue" popup="none" popup-page-rule="" />
  <Paragraph id="1114790" documentposition="75" splitpriority="none" dropdown="continue" popup="none" popup-page-rule="" />
  <Paragraph id="1114875" documentposition="76" splitpriority="none" dropdown="continue" popup="none" popup-page-rule="" />
  <Paragraph id="1114853" documentposition="77" splitpriority="none" dropdown="continue" popup="none" popup-page-rule="" />
  <Paragraph id="1114865" documentposition="78" splitpriority="none" dropdown="continue" popup="none" popup-page-rule="" />
  <Paragraph id="1114885" documentposition="79" splitpriority="none" dropdown="continue" popup="none" popup-page-rule="" />
  <Paragraph id="1114782" documentposition="80" splitpriority="none" dropdown="continue" popup="none" popup-page-rule="" />
  <Paragraph id="1146372" documentposition="81" splitpriority="none" dropdown="continue" popup="none" popup-page-rule="" />
  <Paragraph id="1146374" documentposition="82" splitpriority="4" dropdown="continue" popup="none" popup-page-rule="" />
  <Paragraph id="1115074" documentposition="83" splitpriority="none" dropdown="continue" popup="none" popup-page-rule="" />
  <Paragraph id="1082796" documentposition="85" splitpriority="none" dropdown="continue" popup="none" popup-page-rule="" />
  <Paragraph id="1082794" documentposition="86" splitpriority="none" dropdown="continue" popup="none" popup-page-rule="" />
  <Paragraph id="1120825" documentposition="87" splitpriority="none" dropdown="continue" popup="none" popup-page-rule="" />
  <Paragraph id="1146391" documentposition="88" splitpriority="none" relatedtopic="define-no-output" dropdown="continue" popup="none" popup-page-rule="" />
  <Paragraph id="1146395" documentposition="89" splitpriority="none" relatedtopic="define-no-output" dropdown="continue" popup="none" popup-page-rule="" />
  <Paragraph id="1146399" documentposition="90" splitpriority="none" relatedtopic="define-no-output" dropdown="continue" popup="none" popup-page-rule="" />
  <Paragraph id="1082800" documentposition="91" splitpriority="2" dropdown="continue" popup="none" popup-page-rule="" />
  <Paragraph id="1084199" documentposition="92" splitpriority="none" dropdown="continue" popup="none" popup-page-rule="" />
  <Paragraph id="1087122" documentposition="93" splitpriority="none" dropdown="continue" popup="none" popup-page-rule="" />
  <Paragraph id="1087123" documentposition="94" splitpriority="none" dropdown="continue" popup="none" popup-page-rule="" />
  <Paragraph id="1087128" documentposition="95" splitpriority="none" dropdown="continue" popup="none" popup-page-rule="" />
  <Paragraph id="1087133" documentposition="96" splitpriority="none" dropdown="continue" popup="none" popup-page-rule="" />
  <Paragraph id="1089440" documentposition="97" splitpriority="none" dropdown="continue" popup="none" popup-page-rule="" />
  <Paragraph id="1084201" documentposition="98" splitpriority="3" dropdown="continue" popup="none" popup-page-rule="">
    <Marker behavior="topic" id="1084200">
      <Marker id="1084200" name="TopicAlias" xmlns="urn:WebWorks-Document-Schema">
        <TextRun id="tr1084200-1">
          <Text value="GE_plot_annotation_help" />
        </TextRun>
      </Marker>
    </Marker>
  </Paragraph>
  <Paragraph id="1083002" documentposition="99" splitpriority="none" dropdown="continue" popup="none" popup-page-rule="" />
  <Paragraph id="1082983" documentposition="100" splitpriority="none" dropdown="continue" popup="none" popup-page-rule="" />
  <Paragraph id="1083861" documentposition="101" splitpriority="none" dropdown="continue" popup="none" popup-page-rule="" />
  <Paragraph id="1083865" documentposition="102" splitpriority="none" dropdown="continue" popup="none" popup-page-rule="" />
  <Paragraph id="1114080" documentposition="104" splitpriority="none" dropdown="continue" popup="none" popup-page-rule="" />
  <Paragraph id="1114081" documentposition="105" splitpriority="none" dropdown="continue" popup="none" popup-page-rule="" />
  <Paragraph id="1114270" documentposition="106" splitpriority="none" dropdown="continue" popup="none" popup-page-rule="" />
  <Paragraph id="1114271" documentposition="107" splitpriority="none" dropdown="continue" popup="none" popup-page-rule="" />
  <Paragraph id="1114119" documentposition="108" splitpriority="none" dropdown="continue" popup="none" popup-page-rule="" />
  <Paragraph id="1128101" documentposition="109" splitpriority="none" dropdown="continue" popup="none" popup-page-rule="" />
  <Paragraph id="1114289" documentposition="110" splitpriority="none" dropdown="continue" popup="none" popup-page-rule="" />
  <Paragraph id="1114305" documentposition="111" splitpriority="none" dropdown="continue" popup="none" popup-page-rule="" />
  <Paragraph id="1114290" documentposition="112" splitpriority="none" dropdown="continue" popup="none" popup-page-rule="" />
  <Paragraph id="1114120" documentposition="113" splitpriority="none" dropdown="continue" popup="none" popup-page-rule="" />
  <Paragraph id="1114347" documentposition="114" splitpriority="none" dropdown="continue" popup="none" popup-page-rule="" />
  <Paragraph id="1114352" documentposition="115" splitpriority="none" dropdown="continue" popup="none" popup-page-rule="" />
  <Paragraph id="1114359" documentposition="116" splitpriority="none" dropdown="continue" popup="none" popup-page-rule="" />
  <Paragraph id="1114122" documentposition="117" splitpriority="none" dropdown="continue" popup="none" popup-page-rule="">
    <Marker behavior="topic" id="1114126">
      <Marker id="1114126" name="TopicAlias" xmlns="urn:WebWorks-Document-Schema">
        <TextRun id="tr1114126-1">
          <Text value="KM_gene-expression_help" />
        </TextRun>
      </Marker>
    </Marker>
  </Paragraph>
  <Paragraph id="1146407" documentposition="118" splitpriority="none" dropdown="continue" popup="none" popup-page-rule="" />
  <Paragraph id="1146409" documentposition="119" splitpriority="4" dropdown="continue" popup="none" popup-page-rule="" />
  <Paragraph id="1146412" documentposition="120" splitpriority="none" dropdown="continue" popup="none" popup-page-rule="" />
  <Paragraph id="1115666" documentposition="121" splitpriority="none" dropdown="continue" popup="none" popup-page-rule="" />
  <Paragraph id="1115571" documentposition="123" splitpriority="none" dropdown="continue" popup="none" popup-page-rule="" />
  <Paragraph id="1083894" documentposition="124" splitpriority="none" dropdown="continue" popup="none" popup-page-rule="" />
  <Paragraph id="1146421" documentposition="125" splitpriority="none" relatedtopic="define-no-output" dropdown="continue" popup="none" popup-page-rule="" />
  <Paragraph id="1146425" documentposition="126" splitpriority="none" relatedtopic="define-no-output" dropdown="continue" popup="none" popup-page-rule="" />
  <Paragraph id="1146429" documentposition="127" splitpriority="none" relatedtopic="define-no-output" dropdown="continue" popup="none" popup-page-rule="" />
  <Paragraph id="1146433" documentposition="128" splitpriority="none" relatedtopic="define-no-output" dropdown="continue" popup="none" popup-page-rule="" />
  <Paragraph id="1083368" documentposition="129" splitpriority="3" dropdown="continue" popup="none" popup-page-rule="">
    <Marker behavior="topic" id="1083367">
      <Marker id="1083367" name="TopicAlias" xmlns="urn:WebWorks-Document-Schema">
        <TextRun id="tr1083367-1">
          <Text value="GE_plot_gen_queries_help" />
        </TextRun>
      </Marker>
    </Marker>
  </Paragraph>
  <Paragraph id="1083381" documentposition="130" splitpriority="none" dropdown="continue" popup="none" popup-page-rule="" />
  <Paragraph id="1084246" documentposition="131" splitpriority="none" dropdown="continue" popup="none" popup-page-rule="" />
  <Paragraph id="1083382" documentposition="132" splitpriority="none" dropdown="continue" popup="none" popup-page-rule="" />
  <Paragraph id="1083383" documentposition="133" splitpriority="none" dropdown="continue" popup="none" popup-page-rule="" />
  <Paragraph id="1083372" documentposition="134" splitpriority="none" dropdown="continue" popup="none" popup-page-rule="" />
  <Paragraph id="1083428" documentposition="136" splitpriority="none" dropdown="continue" popup="none" popup-page-rule="" />
  <Paragraph id="1115533" documentposition="137" splitpriority="none" dropdown="continue" popup="none" popup-page-rule="" />
  <Paragraph id="1115534" documentposition="138" splitpriority="none" dropdown="continue" popup="none" popup-page-rule="" />
  <Paragraph id="1115531" documentposition="139" splitpriority="none" dropdown="continue" popup="none" popup-page-rule="" />
  <Paragraph id="1083393" documentposition="140" splitpriority="none" dropdown="continue" popup="none" popup-page-rule="" />
  <Paragraph id="1083944" documentposition="142" splitpriority="none" dropdown="continue" popup="none" popup-page-rule="" />
  <Paragraph id="1083948" documentposition="143" splitpriority="none" dropdown="continue" popup="none" popup-page-rule="" />
  <Paragraph id="1146441" documentposition="144" splitpriority="none" relatedtopic="define-no-output" dropdown="continue" popup="none" popup-page-rule="" />
  <Paragraph id="1146445" documentposition="145" splitpriority="none" relatedtopic="define-no-output" dropdown="continue" popup="none" popup-page-rule="" />
  <Paragraph id="1146449" documentposition="146" splitpriority="none" relatedtopic="define-no-output" dropdown="continue" popup="none" popup-page-rule="" />
  <Paragraph id="1146453" documentposition="147" splitpriority="none" relatedtopic="define-no-output" dropdown="continue" popup="none" popup-page-rule="" />
  <Paragraph id="1077378" documentposition="148" splitpriority="3" dropdown="continue" popup="none" popup-page-rule="">
    <Marker behavior="topic" id="1077414">
      <Marker id="1077414" name="TopicAlias" xmlns="urn:WebWorks-Document-Schema">
        <TextRun id="tr1077414-1">
          <Text value="GE_plot_clin_queries_help" />
        </TextRun>
      </Marker>
    </Marker>
  </Paragraph>
  <Paragraph id="1083443" documentposition="149" splitpriority="none" dropdown="continue" popup="none" popup-page-rule="" />
  <Paragraph id="1084261" documentposition="150" splitpriority="none" dropdown="continue" popup="none" popup-page-rule="" />
  <Paragraph id="1083444" documentposition="151" splitpriority="none" dropdown="continue" popup="none" popup-page-rule="" />
  <Paragraph id="1083445" documentposition="152" splitpriority="none" dropdown="continue" popup="none" popup-page-rule="" />
  <Paragraph id="1077409" documentposition="153" splitpriority="none" dropdown="continue" popup="none" popup-page-rule="" />
  <Paragraph id="1114537" documentposition="155" splitpriority="none" dropdown="continue" popup="none" popup-page-rule="" />
  <Paragraph id="1114538" documentposition="156" splitpriority="none" dropdown="continue" popup="none" popup-page-rule="" />
  <Paragraph id="1114574" documentposition="157" splitpriority="none" dropdown="continue" popup="none" popup-page-rule="" />
  <Paragraph id="1114575" documentposition="158" splitpriority="none" dropdown="continue" popup="none" popup-page-rule="" />
  <Paragraph id="1114576" documentposition="159" splitpriority="none" dropdown="continue" popup="none" popup-page-rule="" />
  <Paragraph id="1128105" documentposition="160" splitpriority="none" dropdown="continue" popup="none" popup-page-rule="" />
  <Paragraph id="1114577" documentposition="161" splitpriority="none" dropdown="continue" popup="none" popup-page-rule="" />
  <Paragraph id="1128233" documentposition="162" splitpriority="none" dropdown="continue" popup="none" popup-page-rule="" />
  <Paragraph id="1125115" documentposition="163" splitpriority="none" dropdown="continue" popup="none" popup-page-rule="" />
  <Paragraph id="1114581" documentposition="164" splitpriority="none" dropdown="continue" popup="none" popup-page-rule="" />
  <Paragraph id="1114582" documentposition="165" splitpriority="none" dropdown="continue" popup="none" popup-page-rule="" />
  <Paragraph id="1114583" documentposition="166" splitpriority="none" dropdown="continue" popup="none" popup-page-rule="" />
  <Paragraph id="1114584" documentposition="167" splitpriority="none" dropdown="continue" popup="none" popup-page-rule="">
    <Marker behavior="topic" id="1114588">
      <Marker id="1114588" name="TopicAlias" xmlns="urn:WebWorks-Document-Schema">
        <TextRun id="tr1114588-1">
          <Text value="KM_gene-expression_help" />
        </TextRun>
      </Marker>
    </Marker>
  </Paragraph>
  <Paragraph id="1146461" documentposition="168" splitpriority="none" dropdown="continue" popup="none" popup-page-rule="" />
  <Paragraph id="1146463" documentposition="169" splitpriority="4" dropdown="continue" popup="none" popup-page-rule="" />
  <Paragraph id="1114715" documentposition="170" splitpriority="none" dropdown="continue" popup="none" popup-page-rule="" />
  <Paragraph id="1114717" documentposition="171" splitpriority="none" dropdown="continue" popup="none" popup-page-rule="" />
  <Paragraph id="1089489" documentposition="173" splitpriority="none" dropdown="continue" popup="none" popup-page-rule="" />
  <Paragraph id="1083461" documentposition="174" splitpriority="none" dropdown="continue" popup="none" popup-page-rule="" />
  <Paragraph id="1146475" documentposition="175" splitpriority="none" relatedtopic="define-no-output" dropdown="continue" popup="none" popup-page-rule="" />
  <Paragraph id="1146479" documentposition="176" splitpriority="none" relatedtopic="define-no-output" dropdown="continue" popup="none" popup-page-rule="" />
  <Paragraph id="1146483" documentposition="177" splitpriority="none" relatedtopic="define-no-output" dropdown="continue" popup="none" popup-page-rule="" />
  <Paragraph id="1146487" documentposition="178" splitpriority="none" relatedtopic="define-no-output" dropdown="continue" popup="none" popup-page-rule="" />
  <Paragraph id="1088652" documentposition="179" splitpriority="3" dropdown="continue" popup="none" popup-page-rule="" />
  <Paragraph id="1089063" documentposition="180" splitpriority="none" dropdown="continue" popup="none" popup-page-rule="" />
  <Paragraph id="1091490" documentposition="181" splitpriority="none" dropdown="continue" popup="none" popup-page-rule="">
    <Frame id="1088670">
      <Paragraph id="" dropdown="continue" popup="none" popup-page-rule="" />
      <Frame id="1092558" />
    </Frame>
  </Paragraph>
  <Paragraph id="1088726" documentposition="183" splitpriority="none" dropdown="continue" popup="none" popup-page-rule="" />
  <Paragraph id="1088789" documentposition="184" splitpriority="none" dropdown="continue" popup="none" popup-page-rule="">
    <Frame id="1088793">
      <Paragraph id="" dropdown="continue" popup="none" popup-page-rule="" />
      <Frame id="1088910" />
    </Frame>
  </Paragraph>
  <Paragraph id="1089102" documentposition="186" splitpriority="none" dropdown="continue" popup="none" popup-page-rule="">
    <Frame id="1088850">
      <Paragraph id="" dropdown="continue" popup="none" popup-page-rule="" />
      <Frame id="1088876" />
    </Frame>
  </Paragraph>
  <Paragraph id="1089283" documentposition="188" splitpriority="none" dropdown="continue" popup="none" popup-page-rule="" />
  <Paragraph id="1089165" documentposition="189" splitpriority="none" dropdown="continue" popup="none" popup-page-rule="" />
  <Paragraph id="1089166" documentposition="190" splitpriority="none" dropdown="continue" popup="none" popup-page-rule="" />
  <Paragraph id="1089167" documentposition="191" splitpriority="none" dropdown="continue" popup="none" popup-page-rule="" />
  <Paragraph id="1089168" documentposition="192" splitpriority="none" dropdown="continue" popup="none" popup-page-rule="">
    <Frame id="1089190">
      <Paragraph id="" dropdown="continue" popup="none" popup-page-rule="" />
      <Frame id="1089198" />
    </Frame>
  </Paragraph>
  <Paragraph id="1091147" documentposition="194" splitpriority="none" dropdown="continue" popup="none" popup-page-rule="" />
  <Paragraph id="1091370" documentposition="195" splitpriority="none" dropdown="continue" popup="none" popup-page-rule="">
    <Frame id="1091406">
      <Paragraph id="" dropdown="continue" popup="none" popup-page-rule="" />
      <Frame id="1091410" />
    </Frame>
  </Paragraph>
  <Paragraph id="1091415" documentposition="197" splitpriority="none" dropdown="continue" popup="none" popup-page-rule="" />
  <Paragraph id="1136516" documentposition="198" splitpriority="3" dropdown="continue" popup="none" popup-page-rule="" />
  <Paragraph id="1136517" documentposition="199" splitpriority="none" dropdown="continue" popup="none" popup-page-rule="" />
  <Paragraph id="1136519" documentposition="200" splitpriority="none" dropdown="continue" popup="none" popup-page-rule="" />
  <Paragraph id="1136523" documentposition="201" splitpriority="none" dropdown="continue" popup="none" popup-page-rule="">
    <Frame id="1136521">
      <Paragraph id="" dropdown="continue" popup="none" popup-page-rule="" />
    </Frame>
  </Paragraph>
  <Paragraph id="1136524" documentposition="202" splitpriority="none" dropdown="continue" popup="none" popup-page-rule="" />
  <Paragraph id="1136525" documentposition="203" splitpriority="none" dropdown="continue" popup="none" popup-page-rule="" />
  <Paragraph id="1136526" documentposition="204" splitpriority="none" dropdown="continue" popup="none" popup-page-rule="" />
  <Paragraph id="1136527" documentposition="205" splitpriority="none" dropdown="continue" popup="none" popup-page-rule="" />
  <Paragraph id="1137365" documentposition="206" splitpriority="none" dropdown="continue" popup="none" popup-page-rule="" />
  <Paragraph id="1136530" documentposition="207" splitpriority="none" dropdown="continue" popup="none" popup-page-rule="" />
  <Paragraph id="1137369" documentposition="208" splitpriority="none" dropdown="continue" popup="none" popup-page-rule="" />
  <Paragraph id="1136531" documentposition="209" splitpriority="none" dropdown="continue" popup="none" popup-page-rule="" />
  <Paragraph id="1136532" documentposition="210" splitpriority="none" dropdown="continue" popup="none" popup-page-rule="" />
  <Paragraph id="1136540" documentposition="212" splitpriority="none" dropdown="continue" popup="none" popup-page-rule="" />
  <Paragraph id="1136541" documentposition="213" splitpriority="none" dropdown="continue" popup="none" popup-page-rule="" />
  <Paragraph id="1136549" documentposition="215" splitpriority="none" dropdown="continue" popup="none" popup-page-rule="" />
  <Paragraph id="1136554" documentposition="216" splitpriority="none" dropdown="continue" popup="none" popup-page-rule="">
    <Frame id="1136552">
      <Paragraph id="" dropdown="continue" popup="none" popup-page-rule="" />
    </Frame>
  </Paragraph>
  <Paragraph id="1137564" documentposition="217" splitpriority="none" dropdown="continue" popup="none" popup-page-rule="" />
  <Paragraph id="1137562" documentposition="218" splitpriority="none" dropdown="continue" popup="none" popup-page-rule="" />
  <Paragraph id="1136558" documentposition="219" splitpriority="none" dropdown="continue" popup="none" popup-page-rule="" />
  <Paragraph id="1137394" documentposition="220" splitpriority="none" dropdown="continue" popup="none" popup-page-rule="" />
  <Paragraph id="1137395" documentposition="221" splitpriority="none" dropdown="continue" popup="none" popup-page-rule="" />
  <Paragraph id="1077363" documentposition="222" splitpriority="2" dropdown="continue" popup="none" popup-page-rule="">
    <Marker behavior="topic" id="1073540">
      <Marker id="1073540" name="TopicAlias" xmlns="urn:WebWorks-Document-Schema">
        <TextRun id="tr1073540-1">
          <Text value="gene_pattern_help" />
        </TextRun>
      </Marker>
    </Marker>
  </Paragraph>
  <Paragraph id="1073260" documentposition="223" splitpriority="none" dropdown="continue" popup="none" popup-page-rule="" />
  <Paragraph id="1084352" documentposition="224" splitpriority="none" dropdown="continue" popup="none" popup-page-rule="" />
  <Paragraph id="1084386" documentposition="225" splitpriority="none" dropdown="continue" popup="none" popup-page-rule="" />
  <Paragraph id="1120209" documentposition="226" splitpriority="none" dropdown="continue" popup="none" popup-page-rule="" />
  <Paragraph id="1120250" documentposition="227" splitpriority="none" dropdown="continue" popup="none" popup-page-rule="" />
  <Paragraph id="1120254" documentposition="228" splitpriority="none" dropdown="continue" popup="none" popup-page-rule="" />
  <Paragraph id="1084384" documentposition="229" splitpriority="none" dropdown="continue" popup="none" popup-page-rule="" />
  <Paragraph id="1094181" documentposition="230" splitpriority="none" dropdown="continue" popup="none" popup-page-rule="" />
  <Paragraph id="1084332" documentposition="231" splitpriority="none" dropdown="continue" popup="none" popup-page-rule="" />
  <Paragraph id="1094031" documentposition="233" splitpriority="none" dropdown="continue" popup="none" popup-page-rule="" />
  <Paragraph id="1085079" documentposition="234" splitpriority="none" dropdown="continue" popup="none" popup-page-rule="" />
  <Paragraph id="1087958" documentposition="235" splitpriority="none" dropdown="continue" popup="none" popup-page-rule="" />
  <Paragraph id="1087963" documentposition="236" splitpriority="none" dropdown="continue" popup="none" popup-page-rule="" />
  <Paragraph id="1087964" documentposition="237" splitpriority="none" dropdown="continue" popup="none" popup-page-rule="" />
  <Paragraph id="1084420" documentposition="238" splitpriority="none" dropdown="continue" popup="none" popup-page-rule="" />
  <Paragraph id="1084841" documentposition="239" splitpriority="3" dropdown="continue" popup="none" popup-page-rule="" />
  <Paragraph id="1085979" documentposition="240" splitpriority="none" dropdown="continue" popup="none" popup-page-rule="" />
  <Paragraph id="1088526" documentposition="241" splitpriority="none" dropdown="continue" popup="none" popup-page-rule="" />
  <Paragraph id="1093908" documentposition="242" splitpriority="none" dropdown="continue" popup="none" popup-page-rule="" />
  <Paragraph id="1087984" documentposition="243" splitpriority="none" dropdown="continue" popup="none" popup-page-rule="" />
  <Paragraph id="1093927" documentposition="244" splitpriority="none" dropdown="continue" popup="none" popup-page-rule="" />
  <Paragraph id="1093906" documentposition="245" splitpriority="none" dropdown="continue" popup="none" popup-page-rule="" />
  <Table id="1086004" documentposition="247" splitpriority="none">
    <TableCell>
      <Paragraph id="1086006" dropdown="continue" popup="none" popup-page-rule="" />
    </TableCell>
    <TableCell>
      <Paragraph id="1086008" dropdown="continue" popup="none" popup-page-rule="" />
    </TableCell>
    <TableCell>
      <Paragraph id="1086010" dropdown="continue" popup="none" popup-page-rule="" />
    </TableCell>
    <TableCell>
      <Paragraph id="1086012" dropdown="continue" popup="none" popup-page-rule="" />
    </TableCell>
    <TableCell>
      <Paragraph id="1086014" dropdown="continue" popup="none" popup-page-rule="" />
    </TableCell>
    <TableCell>
      <Paragraph id="1086016" dropdown="continue" popup="none" popup-page-rule="" />
    </TableCell>
    <TableCell>
      <Paragraph id="1086018" dropdown="continue" popup="none" popup-page-rule="" />
    </TableCell>
    <TableCell>
      <Paragraph id="1086020" dropdown="continue" popup="none" popup-page-rule="" />
    </TableCell>
  </Table>
  <Paragraph id="1086129" documentposition="248" splitpriority="none" dropdown="continue" popup="none" popup-page-rule="" />
  <Paragraph id="1119707" documentposition="250" splitpriority="none" dropdown="continue" popup="none" popup-page-rule="" />
  <Paragraph id="1119715" documentposition="251" splitpriority="none" dropdown="continue" popup="none" popup-page-rule="" />
  <Paragraph id="1119719" documentposition="252" splitpriority="none" dropdown="continue" popup="none" popup-page-rule="" />
  <Paragraph id="1119720" documentposition="253" splitpriority="none" dropdown="continue" popup="none" popup-page-rule="" />
  <Paragraph id="1120392" documentposition="254" splitpriority="none" dropdown="continue" popup="none" popup-page-rule="" />
  <Paragraph id="1120399" documentposition="255" splitpriority="none" dropdown="continue" popup="none" popup-page-rule="" />
  <Paragraph id="1120400" documentposition="256" splitpriority="none" dropdown="continue" popup="none" popup-page-rule="" />
  <Paragraph id="1120393" documentposition="257" splitpriority="none" dropdown="continue" popup="none" popup-page-rule="" />
  <Paragraph id="1120459" documentposition="258" splitpriority="none" dropdown="continue" popup="none" popup-page-rule="" />
  <Paragraph id="1120394" documentposition="259" splitpriority="none" dropdown="continue" popup="none" popup-page-rule="" />
  <Paragraph id="1120155" documentposition="260" splitpriority="none" dropdown="continue" popup="none" popup-page-rule="" />
  <Paragraph id="1120177" documentposition="261" splitpriority="none" dropdown="continue" popup="none" popup-page-rule="" />
  <Paragraph id="1119711" documentposition="263" splitpriority="none" dropdown="continue" popup="none" popup-page-rule="" />
  <Paragraph id="1088543" documentposition="264" splitpriority="none" dropdown="continue" popup="none" popup-page-rule="" />
  <Paragraph id="1096772" documentposition="265" splitpriority="none" dropdown="continue" popup="none" popup-page-rule="" />
  <Paragraph id="1146500" documentposition="266" splitpriority="none" relatedtopic="define-no-output" dropdown="continue" popup="none" popup-page-rule="" />
  <Paragraph id="1146504" documentposition="267" splitpriority="none" relatedtopic="define-no-output" dropdown="continue" popup="none" popup-page-rule="" />
  <Paragraph id="1146508" documentposition="268" splitpriority="none" relatedtopic="define-no-output" dropdown="continue" popup="none" popup-page-rule="" />
  <Paragraph id="1146512" documentposition="269" splitpriority="none" relatedtopic="define-no-output" dropdown="continue" popup="none" popup-page-rule="" />
  <Paragraph id="1084490" documentposition="270" splitpriority="3" dropdown="continue" popup="none" popup-page-rule="" />
  <Paragraph id="1090810" documentposition="271" splitpriority="none" dropdown="continue" popup="none" popup-page-rule="" />
  <Paragraph id="1086222" documentposition="272" splitpriority="none" dropdown="continue" popup="none" popup-page-rule="" />
  <Paragraph id="1086388" documentposition="273" splitpriority="none" dropdown="continue" popup="none" popup-page-rule="" />
  <Paragraph id="1086326" documentposition="274" splitpriority="none" dropdown="continue" popup="none" popup-page-rule="" />
  <Paragraph id="1094072" documentposition="275" splitpriority="none" dropdown="continue" popup="none" popup-page-rule="" />
  <Paragraph id="1088256" documentposition="276" splitpriority="none" dropdown="continue" popup="none" popup-page-rule="" />
  <Paragraph id="1089787" documentposition="278" splitpriority="none" dropdown="continue" popup="none" popup-page-rule="" />
  <Table id="1084531" documentposition="279" splitpriority="none">
    <TableCell>
      <Paragraph id="1086771" dropdown="continue" popup="none" popup-page-rule="" />
    </TableCell>
    <TableCell>
      <Paragraph id="1086773" dropdown="continue" popup="none" popup-page-rule="" />
    </TableCell>
    <TableCell>
      <Paragraph id="1086775" dropdown="continue" popup="none" popup-page-rule="" />
    </TableCell>
    <TableCell>
      <Paragraph id="1086777" dropdown="continue" popup="none" popup-page-rule="" />
    </TableCell>
    <TableCell>
      <Paragraph id="1086779" dropdown="continue" popup="none" popup-page-rule="" />
    </TableCell>
    <TableCell>
      <Paragraph id="1086781" dropdown="continue" popup="none" popup-page-rule="" />
    </TableCell>
    <TableCell>
      <Paragraph id="1086783" dropdown="continue" popup="none" popup-page-rule="" />
    </TableCell>
    <TableCell>
      <Paragraph id="1086785" dropdown="continue" popup="none" popup-page-rule="" />
    </TableCell>
    <TableCell>
      <Paragraph id="1086787" dropdown="continue" popup="none" popup-page-rule="" />
    </TableCell>
    <TableCell>
      <Paragraph id="1128250" dropdown="continue" popup="none" popup-page-rule="" />
      <Paragraph id="1128254" dropdown="continue" popup="none" popup-page-rule="" />
    </TableCell>
    <TableCell>
      <Paragraph id="1086791" dropdown="continue" popup="none" popup-page-rule="" />
    </TableCell>
    <TableCell>
      <Paragraph id="1086793" dropdown="continue" popup="none" popup-page-rule="" />
    </TableCell>
    <TableCell>
      <Paragraph id="1086795" dropdown="continue" popup="none" popup-page-rule="" />
    </TableCell>
    <TableCell>
      <Paragraph id="1086797" dropdown="continue" popup="none" popup-page-rule="" />
    </TableCell>
    <TableCell>
      <Paragraph id="1086799" dropdown="continue" popup="none" popup-page-rule="" />
    </TableCell>
    <TableCell>
      <Paragraph id="1086801" dropdown="continue" popup="none" popup-page-rule="" />
    </TableCell>
    <TableCell>
      <Paragraph id="1086803" dropdown="continue" popup="none" popup-page-rule="" />
    </TableCell>
    <TableCell>
      <Paragraph id="1086805" dropdown="continue" popup="none" popup-page-rule="" />
    </TableCell>
    <TableCell>
      <Paragraph id="1086807" dropdown="continue" popup="none" popup-page-rule="" />
    </TableCell>
    <TableCell>
      <Paragraph id="1086809" dropdown="continue" popup="none" popup-page-rule="" />
    </TableCell>
    <TableCell>
      <Paragraph id="1086811" dropdown="continue" popup="none" popup-page-rule="" />
    </TableCell>
    <TableCell>
      <Paragraph id="1086813" dropdown="continue" popup="none" popup-page-rule="" />
    </TableCell>
    <TableCell>
      <Paragraph id="1086820" dropdown="continue" popup="none" popup-page-rule="" />
    </TableCell>
    <TableCell>
      <Paragraph id="1086822" dropdown="continue" popup="none" popup-page-rule="" />
    </TableCell>
    <TableCell>
      <Paragraph id="1086824" dropdown="continue" popup="none" popup-page-rule="" />
    </TableCell>
    <TableCell>
      <Paragraph id="1086826" dropdown="continue" popup="none" popup-page-rule="" />
    </TableCell>
    <TableCell>
      <Paragraph id="1086828" dropdown="continue" popup="none" popup-page-rule="" />
    </TableCell>
    <TableCell>
      <Paragraph id="1086830" dropdown="continue" popup="none" popup-page-rule="" />
    </TableCell>
    <TableCell>
      <Paragraph id="1086832" dropdown="continue" popup="none" popup-page-rule="" />
    </TableCell>
    <TableCell>
      <Paragraph id="1086834" dropdown="continue" popup="none" popup-page-rule="" />
    </TableCell>
    <TableCell>
      <Paragraph id="1086836" dropdown="continue" popup="none" popup-page-rule="" />
    </TableCell>
    <TableCell>
      <Paragraph id="1128576" dropdown="continue" popup="none" popup-page-rule="" />
      <Paragraph id="1128570" dropdown="continue" popup="none" popup-page-rule="" />
    </TableCell>
    <TableCell>
      <Paragraph id="1086840" dropdown="continue" popup="none" popup-page-rule="" />
    </TableCell>
    <TableCell>
      <Paragraph id="1086842" dropdown="continue" popup="none" popup-page-rule="" />
    </TableCell>
    <TableCell>
      <Paragraph id="1086844" dropdown="continue" popup="none" popup-page-rule="" />
    </TableCell>
    <TableCell>
      <Paragraph id="1086846" dropdown="continue" popup="none" popup-page-rule="" />
    </TableCell>
    <TableCell>
      <Paragraph id="1086848" dropdown="continue" popup="none" popup-page-rule="" />
    </TableCell>
    <TableCell>
      <Paragraph id="1086850" dropdown="continue" popup="none" popup-page-rule="" />
    </TableCell>
    <TableCell>
      <Paragraph id="1086852" dropdown="continue" popup="none" popup-page-rule="" />
    </TableCell>
    <TableCell>
      <Paragraph id="1086854" dropdown="continue" popup="none" popup-page-rule="" />
      <Paragraph id="1086855" dropdown="continue" popup="none" popup-page-rule="" />
      <Paragraph id="1086856" dropdown="continue" popup="none" popup-page-rule="" />
    </TableCell>
    <TableCell>
      <Paragraph id="1086858" dropdown="continue" popup="none" popup-page-rule="" />
    </TableCell>
    <TableCell>
      <Paragraph id="1086860" dropdown="continue" popup="none" popup-page-rule="" />
    </TableCell>
    <TableCell>
      <Paragraph id="1086862" dropdown="continue" popup="none" popup-page-rule="" />
    </TableCell>
    <TableCell>
      <Paragraph id="1086864" dropdown="continue" popup="none" popup-page-rule="" />
    </TableCell>
    <TableCell>
      <Paragraph id="1086866" dropdown="continue" popup="none" popup-page-rule="" />
    </TableCell>
    <TableCell>
      <Paragraph id="1086868" dropdown="continue" popup="none" popup-page-rule="" />
      <Paragraph id="1086978" dropdown="continue" popup="none" popup-page-rule="" />
    </TableCell>
  </Table>
  <Paragraph id="1087907" documentposition="280" splitpriority="none" dropdown="continue" popup="none" popup-page-rule="" />
  <Paragraph id="1088047" documentposition="281" splitpriority="none" dropdown="continue" popup="none" popup-page-rule="" />
  <Paragraph id="1088124" documentposition="283" splitpriority="none" dropdown="continue" popup="none" popup-page-rule="" />
  <Paragraph id="1146525" documentposition="284" splitpriority="none" relatedtopic="define-no-output" dropdown="continue" popup="none" popup-page-rule="" />
  <Paragraph id="1146529" documentposition="285" splitpriority="none" relatedtopic="define-no-output" dropdown="continue" popup="none" popup-page-rule="" />
  <Paragraph id="1146533" documentposition="286" splitpriority="none" relatedtopic="define-no-output" dropdown="continue" popup="none" popup-page-rule="" />
  <Paragraph id="1146537" documentposition="287" splitpriority="none" relatedtopic="define-no-output" dropdown="continue" popup="none" popup-page-rule="" />
  <Paragraph id="1084723" documentposition="288" splitpriority="3" dropdown="continue" popup="none" popup-page-rule="" />
  <Paragraph id="1086355" documentposition="289" splitpriority="none" dropdown="continue" popup="none" popup-page-rule="" />
  <Paragraph id="1092498" documentposition="290" splitpriority="none" dropdown="continue" popup="none" popup-page-rule="" />
  <Paragraph id="1087844" documentposition="291" splitpriority="none" dropdown="continue" popup="none" popup-page-rule="" />
  <Paragraph id="1087842" documentposition="292" splitpriority="none" dropdown="continue" popup="none" popup-page-rule="" />
  <Paragraph id="1094077" documentposition="293" splitpriority="none" dropdown="continue" popup="none" popup-page-rule="" />
  <Paragraph id="1088264" documentposition="294" splitpriority="none" dropdown="continue" popup="none" popup-page-rule="" />
  <Paragraph id="1091217" documentposition="296" splitpriority="none" dropdown="continue" popup="none" popup-page-rule="" />
  <Table id="1084757" documentposition="297" splitpriority="none">
    <TableCell>
      <Paragraph id="1084759" dropdown="continue" popup="none" popup-page-rule="" />
    </TableCell>
    <TableCell>
      <Paragraph id="1084761" dropdown="continue" popup="none" popup-page-rule="" />
    </TableCell>
    <TableCell>
      <Paragraph id="1084763" dropdown="continue" popup="none" popup-page-rule="" />
    </TableCell>
    <TableCell>
      <Paragraph id="1084765" dropdown="continue" popup="none" popup-page-rule="" />
    </TableCell>
    <TableCell>
      <Paragraph id="1084767" dropdown="continue" popup="none" popup-page-rule="" />
    </TableCell>
    <TableCell>
      <Paragraph id="1084769" dropdown="continue" popup="none" popup-page-rule="" />
    </TableCell>
    <TableCell>
      <Paragraph id="1084771" dropdown="continue" popup="none" popup-page-rule="" />
    </TableCell>
    <TableCell>
      <Paragraph id="1084773" dropdown="continue" popup="none" popup-page-rule="" />
    </TableCell>
    <TableCell>
      <Paragraph id="1084775" dropdown="continue" popup="none" popup-page-rule="" />
    </TableCell>
    <TableCell>
      <Paragraph id="1084777" dropdown="continue" popup="none" popup-page-rule="" />
    </TableCell>
  </Table>
  <Paragraph id="1087916" documentposition="298" splitpriority="none" dropdown="continue" popup="none" popup-page-rule="" />
  <Table id="1090871" documentposition="300" splitpriority="none">
    <TableCell>
      <Paragraph id="1090873" dropdown="continue" popup="none" popup-page-rule="" />
    </TableCell>
    <TableCell>
      <Paragraph id="1090875" dropdown="continue" popup="none" popup-page-rule="" />
    </TableCell>
    <TableCell>
      <Paragraph id="1091052" dropdown="continue" popup="none" popup-page-rule="" />
    </TableCell>
    <TableCell>
      <Paragraph id="1091054" dropdown="continue" popup="none" popup-page-rule="" />
    </TableCell>
    <TableCell>
      <Paragraph id="1090877" dropdown="continue" popup="none" popup-page-rule="" />
    </TableCell>
    <TableCell>
      <Paragraph id="1091019" dropdown="continue" popup="none" popup-page-rule="" />
    </TableCell>
    <TableCell>
      <Paragraph id="1090881" dropdown="continue" popup="none" popup-page-rule="" />
    </TableCell>
    <TableCell>
      <Paragraph id="1091021" dropdown="continue" popup="none" popup-page-rule="" />
    </TableCell>
    <TableCell>
      <Paragraph id="1090885" dropdown="continue" popup="none" popup-page-rule="" />
    </TableCell>
    <TableCell>
      <Paragraph id="1091023" dropdown="continue" popup="none" popup-page-rule="" />
    </TableCell>
    <TableCell>
      <Paragraph id="1090889" dropdown="continue" popup="none" popup-page-rule="" />
    </TableCell>
    <TableCell>
      <Paragraph id="1091025" dropdown="continue" popup="none" popup-page-rule="" />
    </TableCell>
    <TableCell>
      <Paragraph id="1090939" dropdown="continue" popup="none" popup-page-rule="" />
    </TableCell>
    <TableCell>
      <Paragraph id="1091027" dropdown="continue" popup="none" popup-page-rule="" />
    </TableCell>
    <TableCell>
      <Paragraph id="1090935" dropdown="continue" popup="none" popup-page-rule="" />
    </TableCell>
    <TableCell>
      <Paragraph id="1091029" dropdown="continue" popup="none" popup-page-rule="" />
    </TableCell>
    <TableCell>
      <Paragraph id="1090931" dropdown="continue" popup="none" popup-page-rule="" />
    </TableCell>
    <TableCell>
      <Paragraph id="1091031" dropdown="continue" popup="none" popup-page-rule="" />
    </TableCell>
    <TableCell>
      <Paragraph id="1090927" dropdown="continue" popup="none" popup-page-rule="" />
    </TableCell>
    <TableCell>
      <Paragraph id="1091033" dropdown="continue" popup="none" popup-page-rule="" />
    </TableCell>
    <TableCell>
      <Paragraph id="1090923" dropdown="continue" popup="none" popup-page-rule="" />
    </TableCell>
    <TableCell>
      <Paragraph id="1091035" dropdown="continue" popup="none" popup-page-rule="" />
    </TableCell>
    <TableCell>
      <Paragraph id="1090919" dropdown="continue" popup="none" popup-page-rule="" />
    </TableCell>
    <TableCell>
      <Paragraph id="1091037" dropdown="continue" popup="none" popup-page-rule="" />
    </TableCell>
    <TableCell>
      <Paragraph id="1090915" dropdown="continue" popup="none" popup-page-rule="" />
    </TableCell>
    <TableCell>
      <Paragraph id="1091039" dropdown="continue" popup="none" popup-page-rule="" />
    </TableCell>
  </Table>
  <Paragraph id="1090901" documentposition="301" splitpriority="none" dropdown="continue" popup="none" popup-page-rule="" />
  <Paragraph id="1108197" documentposition="302" splitpriority="none" dropdown="continue" popup="none" popup-page-rule="" />
  <Paragraph id="1146579" documentposition="303" splitpriority="none" relatedtopic="define-no-output" dropdown="continue" popup="none" popup-page-rule="" />
  <Paragraph id="1146583" documentposition="304" splitpriority="none" relatedtopic="define-no-output" dropdown="continue" popup="none" popup-page-rule="" />
  <Paragraph id="1146587" documentposition="305" splitpriority="none" relatedtopic="define-no-output" dropdown="continue" popup="none" popup-page-rule="" />
  <Paragraph id="1146591" documentposition="306" splitpriority="none" relatedtopic="define-no-output" dropdown="continue" popup="none" popup-page-rule="" />
  <Paragraph id="1084744" documentposition="307" splitpriority="3" dropdown="continue" popup="none" popup-page-rule="" />
  <Paragraph id="1086919" documentposition="308" splitpriority="none" dropdown="continue" popup="none" popup-page-rule="" />
  <Paragraph id="1120404" documentposition="309" splitpriority="none" dropdown="continue" popup="none" popup-page-rule="" />
  <Paragraph id="1087886" documentposition="310" splitpriority="none" dropdown="continue" popup="none" popup-page-rule="" />
  <Paragraph id="1111346" documentposition="311" splitpriority="none" dropdown="continue" popup="none" popup-page-rule="" />
  <Paragraph id="1111347" documentposition="312" splitpriority="none" dropdown="continue" popup="none" popup-page-rule="" />
  <Paragraph id="1088272" documentposition="313" splitpriority="none" dropdown="continue" popup="none" popup-page-rule="" />
  <Paragraph id="1091230" documentposition="315" splitpriority="none" dropdown="continue" popup="none" popup-page-rule="" />
  <Table id="1086529" documentposition="316" splitpriority="none">
    <TableCell>
      <Paragraph id="1086531" dropdown="continue" popup="none" popup-page-rule="" />
    </TableCell>
    <TableCell>
      <Paragraph id="1086533" dropdown="continue" popup="none" popup-page-rule="" />
    </TableCell>
    <TableCell>
      <Paragraph id="1086535" dropdown="continue" popup="none" popup-page-rule="" />
    </TableCell>
    <TableCell>
      <Paragraph id="1086537" dropdown="continue" popup="none" popup-page-rule="" />
    </TableCell>
    <TableCell>
      <Paragraph id="1136478" dropdown="continue" popup="none" popup-page-rule="" />
    </TableCell>
    <TableCell>
      <Paragraph id="1136480" dropdown="continue" popup="none" popup-page-rule="" />
    </TableCell>
    <TableCell>
      <Paragraph id="1136499" dropdown="continue" popup="none" popup-page-rule="" />
    </TableCell>
    <TableCell>
      <Paragraph id="1136501" dropdown="continue" popup="none" popup-page-rule="" />
    </TableCell>
    <TableCell>
      <Paragraph id="1086547" dropdown="continue" popup="none" popup-page-rule="" />
    </TableCell>
    <TableCell>
      <Paragraph id="1086549" dropdown="continue" popup="none" popup-page-rule="" />
    </TableCell>
    <TableCell>
      <Paragraph id="1137371" dropdown="continue" popup="none" popup-page-rule="" />
    </TableCell>
    <TableCell>
      <Paragraph id="1137373" dropdown="continue" popup="none" popup-page-rule="" />
    </TableCell>
    <TableCell>
      <Paragraph id="1136492" dropdown="continue" popup="none" popup-page-rule="" />
    </TableCell>
    <TableCell>
      <Paragraph id="1136494" dropdown="continue" popup="none" popup-page-rule="" />
    </TableCell>
    <TableCell>
      <Paragraph id="1086551" dropdown="continue" popup="none" popup-page-rule="" />
    </TableCell>
    <TableCell>
      <Paragraph id="1086553" dropdown="continue" popup="none" popup-page-rule="" />
    </TableCell>
    <TableCell>
      <Paragraph id="1086555" dropdown="continue" popup="none" popup-page-rule="" />
    </TableCell>
    <TableCell>
      <Paragraph id="1086557" dropdown="continue" popup="none" popup-page-rule="" />
    </TableCell>
    <TableCell>
      <Paragraph id="1086591" dropdown="continue" popup="none" popup-page-rule="" />
    </TableCell>
    <TableCell>
      <Paragraph id="1086593" dropdown="continue" popup="none" popup-page-rule="" />
    </TableCell>
    <TableCell>
      <Paragraph id="1086587" dropdown="continue" popup="none" popup-page-rule="" />
    </TableCell>
    <TableCell>
      <Paragraph id="1086589" dropdown="continue" popup="none" popup-page-rule="" />
    </TableCell>
    <TableCell>
      <Paragraph id="1086583" dropdown="continue" popup="none" popup-page-rule="" />
    </TableCell>
    <TableCell>
      <Paragraph id="1086585" dropdown="continue" popup="none" popup-page-rule="" />
    </TableCell>
    <TableCell>
      <Paragraph id="1086579" dropdown="continue" popup="none" popup-page-rule="" />
    </TableCell>
    <TableCell>
      <Paragraph id="1086581" dropdown="continue" popup="none" popup-page-rule="" />
      <Paragraph id="1090734" dropdown="continue" popup="none" popup-page-rule="" />
      <Paragraph id="1087072" dropdown="continue" popup="none" popup-page-rule="" />
      <Paragraph id="1087053" dropdown="continue" popup="none" popup-page-rule="" />
      <Paragraph id="1087054" dropdown="continue" popup="none" popup-page-rule="" />
      <Paragraph id="1087050" dropdown="continue" popup="none" popup-page-rule="" />
      <Paragraph id="1087080" dropdown="continue" popup="none" popup-page-rule="" />
      <Paragraph id="1087096" dropdown="continue" popup="none" popup-page-rule="" />
      <Paragraph id="1087081" dropdown="continue" popup="none" popup-page-rule="" />
      <Paragraph id="1087082" dropdown="continue" popup="none" popup-page-rule="" />
      <Paragraph id="1087083" dropdown="continue" popup="none" popup-page-rule="" />
      <Paragraph id="1087084" dropdown="continue" popup="none" popup-page-rule="" />
      <Paragraph id="1087085" dropdown="continue" popup="none" popup-page-rule="" />
      <Paragraph id="1087051" dropdown="continue" popup="none" popup-page-rule="" />
    </TableCell>
  </Table>
  <Paragraph id="1087925" documentposition="317" splitpriority="none" dropdown="continue" popup="none" popup-page-rule="" />
  <Paragraph id="1108208" documentposition="318" splitpriority="none" dropdown="continue" popup="none" popup-page-rule="" />
  <Paragraph id="1137401" documentposition="319" splitpriority="none" dropdown="continue" popup="none" popup-page-rule="" />
  <Paragraph id="1146604" documentposition="320" splitpriority="none" relatedtopic="define-no-output" dropdown="continue" popup="none" popup-page-rule="" />
  <Paragraph id="1146608" documentposition="321" splitpriority="none" relatedtopic="define-no-output" dropdown="continue" popup="none" popup-page-rule="" />
  <Paragraph id="1146612" documentposition="322" splitpriority="none" relatedtopic="define-no-output" dropdown="continue" popup="none" popup-page-rule="" />
  <Paragraph id="1146616" documentposition="323" splitpriority="none" relatedtopic="define-no-output" dropdown="continue" popup="none" popup-page-rule="" />
  <Paragraph id="1087000" documentposition="324" splitpriority="none" dropdown="continue" popup="none" popup-page-rule="" />
</Behaviors>