<?xml version="1.0" encoding="utf-8"?>
<SplitPriorities version="1.0" xmlns="urn:WebWorks-Engine-Splits-Schema">
  <SplitPriority id="1070912" documentposition="3" splitpriority="1" outputposition="1" />
  <SplitPriority id="1120890" documentposition="10" splitpriority="2" outputposition="8" />
  <SplitPriority id="1084273" documentposition="18" splitpriority="2" outputposition="16" />
  <SplitPriority id="1073490" documentposition="27" splitpriority="3" outputposition="25" />
  <SplitPriority id="1080238" documentposition="46" splitpriority="3" outputposition="42" />
  <SplitPriority id="1138346" documentposition="60" splitpriority="4" outputposition="55" />
  <SplitPriority id="1073776" documentposition="69" splitpriority="3" outputposition="63" />
  <SplitPriority id="1138440" documentposition="82" splitpriority="4" outputposition="75" />
  <SplitPriority id="1082800" documentposition="91" splitpriority="2" outputposition="83" />
  <SplitPriority id="1084201" documentposition="98" splitpriority="3" outputposition="90" />
  <SplitPriority id="1138560" documentposition="119" splitpriority="4" outputposition="110" />
  <SplitPriority id="1083368" documentposition="129" splitpriority="3" outputposition="119" />
  <SplitPriority id="1077378" documentposition="148" splitpriority="3" outputposition="136" />
  <SplitPriority id="1138758" documentposition="169" splitpriority="4" outputposition="156" />
  <SplitPriority id="1088652" documentposition="179" splitpriority="3" outputposition="165" />
  <SplitPriority id="1136516" documentposition="198" splitpriority="3" outputposition="179" />
  <SplitPriority id="1077363" documentposition="222" splitpriority="2" outputposition="201" />
  <SplitPriority id="1084841" documentposition="239" splitpriority="3" outputposition="217" />
  <SplitPriority id="1084490" documentposition="270" splitpriority="3" outputposition="245" />
  <SplitPriority id="1084723" documentposition="288" splitpriority="3" outputposition="261" />
  <SplitPriority id="1084744" documentposition="307" splitpriority="3" outputposition="278" />
</SplitPriorities>