<?xml version="1.0" encoding="utf-8"?>
<Behaviors version="1.0" xmlns="urn:WebWorks-Behaviors-Schema">
  <Split id="1070912" documentposition="3">
    <Paragraph id="1070912" documentposition="3" splitpriority="1" />
    <Paragraph id="1073296" documentposition="4" splitpriority="none" />
    <Paragraph id="1073300" documentposition="5" splitpriority="none" />
    <Paragraph id="1073307" documentposition="6" splitpriority="none" />
    <Paragraph id="1091942" documentposition="7" splitpriority="none" />
    <Paragraph id="1073319" documentposition="8" splitpriority="none" />
  </Split>
  <Split id="1073286" documentposition="9">
    <Paragraph id="1073286" documentposition="9" splitpriority="2" />
    <Paragraph id="1077143" documentposition="10" splitpriority="none" />
    <Paragraph id="1083468" documentposition="11" splitpriority="none" />
    <Paragraph id="1083477" documentposition="12" splitpriority="none" />
    <Paragraph id="1083526" documentposition="13" splitpriority="none" />
    <Paragraph id="1083467" documentposition="14" splitpriority="none" />
    <Paragraph id="1126283" documentposition="15" splitpriority="none" relatedtopic="define-no-output" />
    <Paragraph id="1126287" documentposition="16" splitpriority="none" relatedtopic="define-no-output" />
  </Split>
  <Split id="1073216" documentposition="17">
    <Paragraph id="1073216" documentposition="17" splitpriority="2" />
    <Paragraph id="1073218" documentposition="18" splitpriority="none" />
    <Paragraph id="1079473" documentposition="19" splitpriority="none" />
    <Paragraph id="1074670" documentposition="20" splitpriority="none" />
    <Paragraph id="1073772" documentposition="21" splitpriority="none" />
    <Paragraph id="1073782" documentposition="22" splitpriority="none" />
    <Paragraph id="1108185" documentposition="24" splitpriority="none" />
    <Paragraph id="1073982" documentposition="25" splitpriority="none" />
  </Split>
  <Split id="1073921" documentposition="26">
    <Paragraph id="1073921" documentposition="26" splitpriority="3">
      <Marker behavior="topic" id="1082230">
        <Marker id="1082230" name="TopicAlias" xmlns="urn:WebWorks-Document-Schema">
          <TextRun id="tr1082230-1">
            <Text value="edit_study_help" />
          </TextRun>
        </Marker>
      </Marker>
    </Paragraph>
    <Paragraph id="1074101" documentposition="27" splitpriority="none" />
    <Paragraph id="1090873" documentposition="29" splitpriority="none" />
    <Paragraph id="1089145" documentposition="30" splitpriority="none" />
    <Paragraph id="1074785" documentposition="31" splitpriority="none" />
    <Paragraph id="1075119" documentposition="32" splitpriority="none" />
    <Paragraph id="1091005" documentposition="34" splitpriority="none" />
    <Paragraph id="1126311" documentposition="35" splitpriority="none" relatedtopic="define-no-output" />
    <Paragraph id="1126315" documentposition="36" splitpriority="none" relatedtopic="define-no-output" />
    <Paragraph id="1126319" documentposition="37" splitpriority="none" relatedtopic="define-no-output" />
    <Paragraph id="1126323" documentposition="38" splitpriority="none" relatedtopic="define-no-output" />
  </Split>
  <Split id="1075197" documentposition="39">
    <Paragraph id="1075197" documentposition="39" splitpriority="3">
      <Marker behavior="topic" id="1082229">
        <Marker id="1082229" name="TopicAlias" xmlns="urn:WebWorks-Document-Schema">
          <TextRun id="tr1082229-1">
            <Text value="define_fields_help" />
          </TextRun>
        </Marker>
      </Marker>
    </Paragraph>
    <Paragraph id="1075152" documentposition="40" splitpriority="none" />
    <Paragraph id="1083677" documentposition="41" splitpriority="none" />
    <Paragraph id="1076533" documentposition="42" splitpriority="none" />
    <Paragraph id="1076529" documentposition="43" splitpriority="none" />
    <Paragraph id="1076514" documentposition="44" splitpriority="none" />
    <Paragraph id="1091041" documentposition="46" splitpriority="none" />
    <Paragraph id="1091048" documentposition="48" splitpriority="none" />
    <Paragraph id="1083006" documentposition="49" splitpriority="none" />
    <Paragraph id="1083017" documentposition="50" splitpriority="none" />
    <Paragraph id="1081956" documentposition="51" splitpriority="none" />
    <Paragraph id="1125069" documentposition="52" splitpriority="none" />
    <Paragraph id="1125093" documentposition="53" splitpriority="none" />
    <Paragraph id="1125094" documentposition="54" splitpriority="none" />
    <Paragraph id="1125095" documentposition="55" splitpriority="none" />
    <Paragraph id="1126336" documentposition="56" splitpriority="none" relatedtopic="define-no-output" />
    <Paragraph id="1126340" documentposition="57" splitpriority="none" relatedtopic="define-no-output" />
    <Paragraph id="1126344" documentposition="58" splitpriority="none" relatedtopic="define-no-output" />
    <Paragraph id="1126348" documentposition="59" splitpriority="none" relatedtopic="define-no-output" />
  </Split>
  <Split id="1125074" documentposition="60">
    <Paragraph id="1125074" documentposition="60" splitpriority="4">
      <Marker behavior="topic" id="1125073">
        <Marker id="1125073" name="TopicAlias" xmlns="urn:WebWorks-Document-Schema">
          <TextRun id="tr1125073-1">
            <Text value="assign_annotations_help" />
          </TextRun>
        </Marker>
      </Marker>
    </Paragraph>
    <Paragraph id="1081979" documentposition="61" splitpriority="none" />
    <Paragraph id="1083036" documentposition="62" splitpriority="none" />
    <Paragraph id="1092440" documentposition="63" splitpriority="none" />
    <Paragraph id="1091056" documentposition="65" splitpriority="none" />
    <Paragraph id="1081993" documentposition="66" splitpriority="none" />
    <Paragraph id="1081963" documentposition="67" splitpriority="none" />
    <Paragraph id="1081978" documentposition="68" splitpriority="none" />
    <Paragraph id="1076087" documentposition="69" splitpriority="none" />
    <Paragraph id="1076088" documentposition="70" splitpriority="none" />
    <Paragraph id="1076089" documentposition="71" splitpriority="none" />
    <Paragraph id="1076090" documentposition="72" splitpriority="none" />
    <Paragraph id="1076097" documentposition="73" splitpriority="none" />
    <Paragraph id="1075389" documentposition="74" splitpriority="none" />
    <Paragraph id="1075611" documentposition="75" splitpriority="none" />
    <Paragraph id="1091072" documentposition="77" splitpriority="none" />
    <Table id="1076628" documentposition="78" splitpriority="none">
      <TableCell>
        <Paragraph id="1076630" />
      </TableCell>
      <TableCell>
        <Paragraph id="1076632" />
      </TableCell>
      <TableCell>
        <Paragraph id="1089402" />
      </TableCell>
      <TableCell>
        <Paragraph id="1089404" />
      </TableCell>
      <TableCell>
        <Paragraph id="1076634" />
      </TableCell>
      <TableCell>
        <Paragraph id="1076636" />
      </TableCell>
      <TableCell>
        <Paragraph id="1076638" />
      </TableCell>
      <TableCell>
        <Paragraph id="1076640" />
      </TableCell>
      <TableCell>
        <Paragraph id="1076642" />
      </TableCell>
      <TableCell>
        <Paragraph id="1076644" />
      </TableCell>
      <TableCell>
        <Paragraph id="1076646" />
      </TableCell>
      <TableCell>
        <Paragraph id="1077221" />
        <Paragraph id="1080311" />
        <Paragraph id="1084485" />
        <Paragraph id="1084490" />
        <Paragraph id="1082981" />
      </TableCell>
    </Table>
    <Paragraph id="1126361" documentposition="79" splitpriority="none" relatedtopic="define-no-output" />
    <Paragraph id="1126365" documentposition="80" splitpriority="none" relatedtopic="define-no-output" />
    <Paragraph id="1126369" documentposition="81" splitpriority="none" relatedtopic="define-no-output" />
    <Paragraph id="1126373" documentposition="82" splitpriority="none" relatedtopic="define-no-output" />
    <Paragraph id="1126377" documentposition="83" splitpriority="none" relatedtopic="define-no-output" />
  </Split>
  <Split id="1082197" documentposition="84">
    <Paragraph id="1082197" documentposition="84" splitpriority="4">
      <Marker behavior="topic" id="1082227">
        <Marker id="1082227" name="TopicAlias" xmlns="urn:WebWorks-Document-Schema">
          <TextRun id="tr1082227-1">
            <Text value="search_annotation_definitions_help" />
          </TextRun>
        </Marker>
      </Marker>
    </Paragraph>
    <Paragraph id="1074853" documentposition="85" splitpriority="none" />
    <Paragraph id="1092124" documentposition="86" splitpriority="none" />
    <Paragraph id="1091084" documentposition="88" splitpriority="none" />
    <Paragraph id="1090756" documentposition="89" splitpriority="none" />
    <Paragraph id="1090767" documentposition="90" splitpriority="none" />
    <Paragraph id="1075682" documentposition="91" splitpriority="none" />
    <Paragraph id="1076180" documentposition="92" splitpriority="none" />
    <Paragraph id="1075717" documentposition="93" splitpriority="none" />
    <Paragraph id="1077238" documentposition="94" splitpriority="none" />
    <Paragraph id="1076837" documentposition="95" splitpriority="none" />
    <Paragraph id="1075741" documentposition="96" splitpriority="none" />
    <Paragraph id="1076887" documentposition="97" splitpriority="none" />
    <Paragraph id="1083426" documentposition="98" splitpriority="none" />
    <Paragraph id="1091094" documentposition="100" splitpriority="none" />
    <Paragraph id="1077770" documentposition="101" splitpriority="none" />
    <Paragraph id="1081048" documentposition="102" splitpriority="none" />
    <Paragraph id="1084921" documentposition="103" splitpriority="none" />
    <Paragraph id="1083176" documentposition="104" splitpriority="none" />
    <Paragraph id="1085073" documentposition="105" splitpriority="none" />
    <Paragraph id="1085083" documentposition="106" splitpriority="none" />
    <Paragraph id="1085068" documentposition="107" splitpriority="none" />
    <Paragraph id="1126385" documentposition="108" splitpriority="none" relatedtopic="define-no-output" />
    <Paragraph id="1126389" documentposition="109" splitpriority="none" relatedtopic="define-no-output" />
    <Paragraph id="1126393" documentposition="110" splitpriority="none" relatedtopic="define-no-output" />
    <Paragraph id="1126397" documentposition="111" splitpriority="none" relatedtopic="define-no-output" />
    <Paragraph id="1126401" documentposition="112" splitpriority="none" relatedtopic="define-no-output" />
    <Paragraph id="1126405" documentposition="113" splitpriority="none" relatedtopic="define-no-output" />
    <Paragraph id="1126409" documentposition="114" splitpriority="none" relatedtopic="define-no-output" />
    <Paragraph id="1126413" documentposition="115" splitpriority="none" relatedtopic="define-no-output" />
    <Paragraph id="1126417" documentposition="116" splitpriority="none" relatedtopic="define-no-output" />
  </Split>
  <Split id="1077698" documentposition="117">
    <Paragraph id="1077698" documentposition="117" splitpriority="4">
      <Marker behavior="topic" id="1082226">
        <Marker id="1082226" name="TopicAlias" xmlns="urn:WebWorks-Document-Schema">
          <TextRun id="tr1082226-1">
            <Text value="survival_values_help" />
          </TextRun>
        </Marker>
      </Marker>
    </Paragraph>
    <Paragraph id="1077702" documentposition="118" splitpriority="none" />
    <Paragraph id="1085103" documentposition="119" splitpriority="none" />
    <Paragraph id="1085104" documentposition="120" splitpriority="none" />
    <Paragraph id="1085100" documentposition="121" splitpriority="none" />
    <Paragraph id="1080422" documentposition="122" splitpriority="none" />
    <Paragraph id="1085129" documentposition="123" splitpriority="none" />
    <Paragraph id="1077727" documentposition="124" splitpriority="none" />
    <Paragraph id="1078368" documentposition="125" splitpriority="none" />
    <Paragraph id="1091124" documentposition="127" splitpriority="none" />
    <Paragraph id="1079453" documentposition="128" splitpriority="none" />
    <Paragraph id="1079457" documentposition="129" splitpriority="none" />
    <Paragraph id="1078404" documentposition="130" splitpriority="none" />
    <Paragraph id="1091132" documentposition="132" splitpriority="none" />
    <Paragraph id="1078851" documentposition="133" splitpriority="none" />
    <Paragraph id="1080893" documentposition="134" splitpriority="none" />
    <Paragraph id="1080894" documentposition="135" splitpriority="none" />
    <Paragraph id="1080895" documentposition="136" splitpriority="none" />
    <Paragraph id="1092141" documentposition="137" splitpriority="none" />
  </Split>
  <Split id="1076975" documentposition="138">
    <Paragraph id="1076975" documentposition="138" splitpriority="3">
      <Marker behavior="topic" id="1082225">
        <Marker id="1082225" name="TopicAlias" xmlns="urn:WebWorks-Document-Schema">
          <TextRun id="tr1082225-1">
            <Text value="edit_genomic_data_help" />
          </TextRun>
        </Marker>
      </Marker>
    </Paragraph>
    <Paragraph id="1090800" documentposition="139" splitpriority="none" />
    <Paragraph id="1090798" documentposition="140" splitpriority="none" />
    <Paragraph id="1081008" documentposition="141" splitpriority="none" />
    <Paragraph id="1080137" documentposition="142" splitpriority="none" />
    <Paragraph id="1077960" documentposition="143" splitpriority="none" />
    <Paragraph id="1074448" documentposition="144" splitpriority="none" />
    <Paragraph id="1075918" documentposition="145" splitpriority="none" />
    <Paragraph id="1091140" documentposition="147" splitpriority="none" />
    <Paragraph id="1077831" documentposition="148" splitpriority="none" />
    <Paragraph id="1077838" documentposition="149" splitpriority="none" />
    <Paragraph id="1079605" documentposition="150" splitpriority="none" />
    <Paragraph id="1090365" documentposition="151" splitpriority="none" />
    <Paragraph id="1090369" documentposition="152" splitpriority="none" />
    <Paragraph id="1090380" documentposition="153" splitpriority="none" />
    <Paragraph id="1090381" documentposition="154" splitpriority="none" />
    <Paragraph id="1108860" documentposition="155" splitpriority="none" />
    <Paragraph id="1091154" documentposition="157" splitpriority="none" />
    <Paragraph id="1122649" documentposition="158" splitpriority="none" />
    <Paragraph id="1126446" documentposition="159" splitpriority="none" relatedtopic="define-no-output" />
    <Paragraph id="1126450" documentposition="160" splitpriority="none" relatedtopic="define-no-output" />
    <Paragraph id="1126454" documentposition="161" splitpriority="none" relatedtopic="define-no-output" />
  </Split>
  <Split id="1081247" documentposition="162">
    <Paragraph id="1081247" documentposition="162" splitpriority="4">
      <Marker behavior="topic" id="1082224">
        <Marker id="1082224" name="TopicAlias" xmlns="urn:WebWorks-Document-Schema">
          <TextRun id="tr1082224-1">
            <Text value="edit_sample_mappings_help" />
          </TextRun>
        </Marker>
      </Marker>
    </Paragraph>
    <Paragraph id="1082153" documentposition="163" splitpriority="none" />
    <Paragraph id="1089445" documentposition="164" splitpriority="none" />
    <Paragraph id="1082146" documentposition="165" splitpriority="none" />
    <Paragraph id="1091162" documentposition="167" splitpriority="none" />
    <Paragraph id="1081147" documentposition="168" splitpriority="none" />
    <Paragraph id="1081182" documentposition="169" splitpriority="none" />
    <Paragraph id="1085193" documentposition="171" splitpriority="none" />
    <Paragraph id="1081151" documentposition="172" splitpriority="none" />
    <Paragraph id="1126462" documentposition="174" splitpriority="none" relatedtopic="define-no-output" />
    <Paragraph id="1126466" documentposition="175" splitpriority="none" relatedtopic="define-no-output" />
    <Paragraph id="1126470" documentposition="176" splitpriority="none" relatedtopic="define-no-output" />
  </Split>
  <Split id="1080249" documentposition="177">
    <Paragraph id="1080249" documentposition="177" splitpriority="4" />
    <Paragraph id="1081202" documentposition="178" splitpriority="none" />
    <Paragraph id="1081271" documentposition="179" splitpriority="none" />
    <Paragraph id="1081324" documentposition="180" splitpriority="none" />
    <Paragraph id="1091190" documentposition="181" splitpriority="none" />
    <Paragraph id="1091182" documentposition="183" splitpriority="none" />
    <Paragraph id="1079626" documentposition="184" splitpriority="none" />
    <Paragraph id="1126478" documentposition="185" splitpriority="none" relatedtopic="define-no-output" />
    <Paragraph id="1126482" documentposition="186" splitpriority="none" relatedtopic="define-no-output" />
    <Paragraph id="1126486" documentposition="187" splitpriority="none" relatedtopic="define-no-output" />
  </Split>
  <Split id="1089873" documentposition="188">
    <Paragraph id="1089873" documentposition="188" splitpriority="4">
      <Marker behavior="topic" id="1118346">
        <Marker id="1118346" name="TopicAlias" xmlns="urn:WebWorks-Document-Schema">
          <TextRun id="tr1118346-1">
            <Text value="configure_copy_number_help" />
          </TextRun>
        </Marker>
      </Marker>
    </Paragraph>
    <Paragraph id="1119394" documentposition="189" splitpriority="none" />
    <Paragraph id="1119396" documentposition="190" splitpriority="none" />
    <Paragraph id="1119367" documentposition="191" splitpriority="none" />
    <Paragraph id="1119378" documentposition="192" splitpriority="none" />
    <Paragraph id="1119277" documentposition="193" splitpriority="none" />
    <Paragraph id="1089976" documentposition="194" splitpriority="none" />
    <Paragraph id="1094410" documentposition="195" splitpriority="none" />
    <Paragraph id="1094406" documentposition="196" splitpriority="none" />
    <Paragraph id="1089953" documentposition="198" splitpriority="none" />
    <Table id="1090095" documentposition="199" splitpriority="none">
      <TableCell>
        <Paragraph id="1090097" />
      </TableCell>
      <TableCell>
        <Paragraph id="1090099" />
      </TableCell>
      <TableCell>
        <Paragraph id="1090101" />
      </TableCell>
      <TableCell>
        <Paragraph id="1090103" />
      </TableCell>
      <TableCell>
        <Paragraph id="1090105" />
      </TableCell>
      <TableCell>
        <Paragraph id="1090107" />
      </TableCell>
      <TableCell>
        <Paragraph id="1090109" />
      </TableCell>
      <TableCell>
        <Paragraph id="1090111" />
      </TableCell>
      <TableCell>
        <Paragraph id="1090113" />
      </TableCell>
      <TableCell>
        <Paragraph id="1090115" />
      </TableCell>
      <TableCell>
        <Paragraph id="1090117" />
      </TableCell>
      <TableCell>
        <Paragraph id="1090119" />
      </TableCell>
      <TableCell>
        <Paragraph id="1090121" />
      </TableCell>
      <TableCell>
        <Paragraph id="1090123" />
      </TableCell>
    </Table>
    <Paragraph id="1090004" documentposition="200" splitpriority="none" />
    <Paragraph id="1126523" documentposition="201" splitpriority="none" relatedtopic="define-no-output" />
    <Paragraph id="1126527" documentposition="202" splitpriority="none" relatedtopic="define-no-output" />
    <Paragraph id="1126531" documentposition="203" splitpriority="none" relatedtopic="define-no-output" />
  </Split>
  <Split id="1075831" documentposition="204">
    <Paragraph id="1075831" documentposition="204" splitpriority="3">
      <Marker behavior="topic" id="1082223">
        <Marker id="1082223" name="TopicAlias" xmlns="urn:WebWorks-Document-Schema">
          <TextRun id="tr1082223-1">
            <Text value="edit_imaging_data_help" />
          </TextRun>
        </Marker>
      </Marker>
    </Paragraph>
    <Paragraph id="1077974" documentposition="205" splitpriority="none" />
    <Paragraph id="1083440" documentposition="206" splitpriority="none" />
    <Paragraph id="1081340" documentposition="207" splitpriority="none" />
    <Paragraph id="1081374" documentposition="208" splitpriority="none" />
    <Paragraph id="1080129" documentposition="209" splitpriority="none" />
    <Paragraph id="1080167" documentposition="211" splitpriority="none" />
    <Paragraph id="1080168" documentposition="212" splitpriority="none" />
    <Paragraph id="1081393" documentposition="213" splitpriority="none" />
    <Paragraph id="1094418" documentposition="214" splitpriority="none" />
    <Paragraph id="1094422" documentposition="215" splitpriority="none" />
    <Paragraph id="1095465" documentposition="216" splitpriority="none" />
    <Paragraph id="1095474" documentposition="217" splitpriority="none" />
    <Paragraph id="1095490" documentposition="218" splitpriority="none" />
    <Paragraph id="1081403" documentposition="219" splitpriority="none" />
    <Paragraph id="1081453" documentposition="220" splitpriority="none" />
    <Paragraph id="1108908" documentposition="221" splitpriority="none" />
    <Paragraph id="1082278" documentposition="223" splitpriority="none" />
    <Paragraph id="1082287" documentposition="224" splitpriority="none" />
    <Paragraph id="1126539" documentposition="225" splitpriority="none" relatedtopic="define-no-output" />
    <Paragraph id="1126543" documentposition="226" splitpriority="none" relatedtopic="define-no-output" />
    <Paragraph id="1126547" documentposition="227" splitpriority="none" relatedtopic="define-no-output" />
    <Paragraph id="1126551" documentposition="228" splitpriority="none" relatedtopic="define-no-output" />
  </Split>
  <Split id="1075829" documentposition="229">
    <Paragraph id="1075829" documentposition="229" splitpriority="3" />
    <Paragraph id="1081471" documentposition="230" splitpriority="none" />
    <Paragraph id="1089848" documentposition="231" splitpriority="none" />
  </Split>
  <Split id="1076280" documentposition="232">
    <Paragraph id="1076280" documentposition="232" splitpriority="2">
      <Marker behavior="topic" id="1082222">
        <Marker id="1082222" name="TopicAlias" xmlns="urn:WebWorks-Document-Schema">
          <TextRun id="tr1082222-1">
            <Text value="manage_study_help" />
          </TextRun>
        </Marker>
      </Marker>
    </Paragraph>
    <Paragraph id="1082055" documentposition="233" splitpriority="none" />
    <Paragraph id="1085452" documentposition="234" splitpriority="none" />
    <Paragraph id="1082056" documentposition="235" splitpriority="none" />
    <Paragraph id="1110841" documentposition="236" splitpriority="none" />
    <Paragraph id="1095601" documentposition="237" splitpriority="none" />
    <Paragraph id="1082058" documentposition="238" splitpriority="none" />
    <Paragraph id="1082059" documentposition="239" splitpriority="none" />
    <Paragraph id="1081683" documentposition="240" splitpriority="none" />
    <Paragraph id="1111830" documentposition="241" splitpriority="none" />
    <Paragraph id="1081698" documentposition="243" splitpriority="none" />
    <Paragraph id="1090574" documentposition="244" splitpriority="none" />
    <Paragraph id="1098253" documentposition="245" splitpriority="none" />
    <Paragraph id="1081746" documentposition="246" splitpriority="none" />
    <Paragraph id="1126567" documentposition="247" splitpriority="none" />
  </Split>
  <Split id="1078043" documentposition="248">
    <Paragraph id="1078043" documentposition="248" splitpriority="3">
      <Marker behavior="topic" id="1082221">
        <Marker id="1082221" name="TopicAlias" xmlns="urn:WebWorks-Document-Schema">
          <TextRun id="tr1082221-1">
            <Text value="manage_platforms_help" />
          </TextRun>
        </Marker>
      </Marker>
    </Paragraph>
    <Paragraph id="1078047" documentposition="249" splitpriority="none" />
    <Paragraph id="1090575" documentposition="250" splitpriority="none" />
    <Paragraph id="1080932" documentposition="251" splitpriority="none" />
    <Paragraph id="1080973" documentposition="252" splitpriority="none" />
    <Paragraph id="1081852" documentposition="253" splitpriority="none" />
    <Paragraph id="1080952" documentposition="255" splitpriority="none" />
    <Paragraph id="1090590" documentposition="256" splitpriority="none" />
    <Paragraph id="1090773" documentposition="257" splitpriority="none" />
    <Paragraph id="1090592" documentposition="258" splitpriority="none" />
    <Paragraph id="1081915" documentposition="259" splitpriority="none" />
    <Paragraph id="1092271" documentposition="260" splitpriority="none" relatedtopic="define-no-output" />
    <Paragraph id="1073169" documentposition="261" splitpriority="none" />
  </Split>
</Behaviors>