<?xml version="1.0" encoding="utf-8"?>
<Splits version="1.0" xmlns="urn:WebWorks-Engine-Splits-Schema">
  <Split groupID="C6249BC4CBB29F71" documentID="E9B05A15EFA98F3" id="1070912" position="1" documentstartposition="3" documentendposition="8" title="Creating a New Study">
    <Group name="caIntegrator2" id="C6249BC4CBB29F71" position="1" />
    <Document path="C:\Documents and Settings\hadfielj\My Documents\CBIIT Projects\caIntegrator2\caI2 1.0\CreatingNewStudy.fm" id="E9B05A15EFA98F3" position="3" />
    <PageStyle value="" />
    <Frames />
    <Popups />
  </Split>
  <Split groupID="C6249BC4CBB29F71" documentID="E9B05A15EFA98F3" id="1073286" position="2" documentstartposition="9" documentendposition="16" title="Creating a Study – Overview">
    <Group name="caIntegrator2" id="C6249BC4CBB29F71" position="1" />
    <Document path="C:\Documents and Settings\hadfielj\My Documents\CBIIT Projects\caIntegrator2\caI2 1.0\CreatingNewStudy.fm" id="E9B05A15EFA98F3" position="3" />
    <PageStyle value="" />
    <Frames />
    <Popups />
  </Split>
  <Split groupID="C6249BC4CBB29F71" documentID="E9B05A15EFA98F3" id="1073216" position="3" documentstartposition="17" documentendposition="25" title="Configuring and Deploying a Study">
    <Group name="caIntegrator2" id="C6249BC4CBB29F71" position="1" />
    <Document path="C:\Documents and Settings\hadfielj\My Documents\CBIIT Projects\caIntegrator2\caI2 1.0\CreatingNewStudy.fm" id="E9B05A15EFA98F3" position="3" />
    <PageStyle value="" />
    <Frames />
    <Popups />
  </Split>
  <Split groupID="C6249BC4CBB29F71" documentID="E9B05A15EFA98F3" id="1073921" position="4" documentstartposition="26" documentendposition="38" title="Creating/Editing a Study">
    <Group name="caIntegrator2" id="C6249BC4CBB29F71" position="1" />
    <Document path="C:\Documents and Settings\hadfielj\My Documents\CBIIT Projects\caIntegrator2\caI2 1.0\CreatingNewStudy.fm" id="E9B05A15EFA98F3" position="3" />
    <PageStyle value="" />
    <Frames />
    <Popups />
  </Split>
  <Split groupID="C6249BC4CBB29F71" documentID="E9B05A15EFA98F3" id="1075197" position="5" documentstartposition="39" documentendposition="59" title="Adding Clinical Data">
    <Group name="caIntegrator2" id="C6249BC4CBB29F71" position="1" />
    <Document path="C:\Documents and Settings\hadfielj\My Documents\CBIIT Projects\caIntegrator2\caI2 1.0\CreatingNewStudy.fm" id="E9B05A15EFA98F3" position="3" />
    <PageStyle value="" />
    <Frames />
    <Popups />
  </Split>
  <Split groupID="C6249BC4CBB29F71" documentID="E9B05A15EFA98F3" id="1125074" position="6" documentstartposition="60" documentendposition="83" title="Assigning An Identifier or Annotation">
    <Group name="caIntegrator2" id="C6249BC4CBB29F71" position="1" />
    <Document path="C:\Documents and Settings\hadfielj\My Documents\CBIIT Projects\caIntegrator2\caI2 1.0\CreatingNewStudy.fm" id="E9B05A15EFA98F3" position="3" />
    <PageStyle value="" />
    <Frames />
    <Popups />
  </Split>
  <Split groupID="C6249BC4CBB29F71" documentID="E9B05A15EFA98F3" id="1082197" position="7" documentstartposition="84" documentendposition="116" title="Searching for Annotation Definitions">
    <Group name="caIntegrator2" id="C6249BC4CBB29F71" position="1" />
    <Document path="C:\Documents and Settings\hadfielj\My Documents\CBIIT Projects\caIntegrator2\caI2 1.0\CreatingNewStudy.fm" id="E9B05A15EFA98F3" position="3" />
    <PageStyle value="" />
    <Frames />
    <Popups />
  </Split>
  <Split groupID="C6249BC4CBB29F71" documentID="E9B05A15EFA98F3" id="1077698" position="8" documentstartposition="117" documentendposition="137" title="Defining Survival Values">
    <Group name="caIntegrator2" id="C6249BC4CBB29F71" position="1" />
    <Document path="C:\Documents and Settings\hadfielj\My Documents\CBIIT Projects\caIntegrator2\caI2 1.0\CreatingNewStudy.fm" id="E9B05A15EFA98F3" position="3" />
    <PageStyle value="" />
    <Frames />
    <Popups />
  </Split>
  <Split groupID="C6249BC4CBB29F71" documentID="E9B05A15EFA98F3" id="1076975" position="9" documentstartposition="138" documentendposition="161" title="Adding/Editing Genomic Data">
    <Group name="caIntegrator2" id="C6249BC4CBB29F71" position="1" />
    <Document path="C:\Documents and Settings\hadfielj\My Documents\CBIIT Projects\caIntegrator2\caI2 1.0\CreatingNewStudy.fm" id="E9B05A15EFA98F3" position="3" />
    <PageStyle value="" />
    <Frames />
    <Popups />
  </Split>
  <Split groupID="C6249BC4CBB29F71" documentID="E9B05A15EFA98F3" id="1081247" position="10" documentstartposition="162" documentendposition="176" title="Mapping Genomic Data to Clinical Data">
    <Group name="caIntegrator2" id="C6249BC4CBB29F71" position="1" />
    <Document path="C:\Documents and Settings\hadfielj\My Documents\CBIIT Projects\caIntegrator2\caI2 1.0\CreatingNewStudy.fm" id="E9B05A15EFA98F3" position="3" />
    <PageStyle value="" />
    <Frames />
    <Popups />
  </Split>
  <Split groupID="C6249BC4CBB29F71" documentID="E9B05A15EFA98F3" id="1080249" position="11" documentstartposition="177" documentendposition="187" title="Uploading Control Samples ">
    <Group name="caIntegrator2" id="C6249BC4CBB29F71" position="1" />
    <Document path="C:\Documents and Settings\hadfielj\My Documents\CBIIT Projects\caIntegrator2\caI2 1.0\CreatingNewStudy.fm" id="E9B05A15EFA98F3" position="3" />
    <PageStyle value="" />
    <Frames />
    <Popups />
  </Split>
  <Split groupID="C6249BC4CBB29F71" documentID="E9B05A15EFA98F3" id="1089873" position="12" documentstartposition="188" documentendposition="203" title="Configuring Copy Number Data">
    <Group name="caIntegrator2" id="C6249BC4CBB29F71" position="1" />
    <Document path="C:\Documents and Settings\hadfielj\My Documents\CBIIT Projects\caIntegrator2\caI2 1.0\CreatingNewStudy.fm" id="E9B05A15EFA98F3" position="3" />
    <PageStyle value="" />
    <Frames />
    <Popups />
  </Split>
  <Split groupID="C6249BC4CBB29F71" documentID="E9B05A15EFA98F3" id="1075831" position="13" documentstartposition="204" documentendposition="228" title="Adding Imaging Data">
    <Group name="caIntegrator2" id="C6249BC4CBB29F71" position="1" />
    <Document path="C:\Documents and Settings\hadfielj\My Documents\CBIIT Projects\caIntegrator2\caI2 1.0\CreatingNewStudy.fm" id="E9B05A15EFA98F3" position="3" />
    <PageStyle value="" />
    <Frames />
    <Popups />
  </Split>
  <Split groupID="C6249BC4CBB29F71" documentID="E9B05A15EFA98F3" id="1075829" position="14" documentstartposition="229" documentendposition="231" title="Deploying the Study">
    <Group name="caIntegrator2" id="C6249BC4CBB29F71" position="1" />
    <Document path="C:\Documents and Settings\hadfielj\My Documents\CBIIT Projects\caIntegrator2\caI2 1.0\CreatingNewStudy.fm" id="E9B05A15EFA98F3" position="3" />
    <PageStyle value="" />
    <Frames />
    <Popups />
  </Split>
  <Split groupID="C6249BC4CBB29F71" documentID="E9B05A15EFA98F3" id="1076280" position="15" documentstartposition="232" documentendposition="247" title="Managing a Study">
    <Group name="caIntegrator2" id="C6249BC4CBB29F71" position="1" />
    <Document path="C:\Documents and Settings\hadfielj\My Documents\CBIIT Projects\caIntegrator2\caI2 1.0\CreatingNewStudy.fm" id="E9B05A15EFA98F3" position="3" />
    <PageStyle value="" />
    <Frames />
    <Popups />
  </Split>
  <Split groupID="C6249BC4CBB29F71" documentID="E9B05A15EFA98F3" id="1078043" position="16" documentstartposition="248" documentendposition="261" title="Managing Platforms">
    <Group name="caIntegrator2" id="C6249BC4CBB29F71" position="1" />
    <Document path="C:\Documents and Settings\hadfielj\My Documents\CBIIT Projects\caIntegrator2\caI2 1.0\CreatingNewStudy.fm" id="E9B05A15EFA98F3" position="3" />
    <PageStyle value="" />
    <Frames />
    <Popups />
  </Split>
</Splits>