<?xml version="1.0" encoding="utf-8"?>
<Splits version="1.0" xmlns="urn:WebWorks-Engine-Splits-Schema">
  <Split id="1070912" documentposition="3" />
  <Split id="1120890" documentposition="11" />
  <Split id="1084273" documentposition="19" />
  <Split id="1073490" documentposition="28" />
  <Split id="1080238" documentposition="48" />
  <Split id="1152467" documentposition="64" />
  <Split id="1073776" documentposition="73" />
  <Split id="1152561" documentposition="86" />
  <Split id="1082800" documentposition="95" />
  <Split id="1084201" documentposition="102" />
  <Split id="1152681" documentposition="123" />
  <Split id="1083368" documentposition="133" />
  <Split id="1077378" documentposition="152" />
  <Split id="1152879" documentposition="173" />
  <Split id="1088652" documentposition="183" />
  <Split id="1136516" documentposition="202" />
  <Split id="1077363" documentposition="226" />
  <Split id="1084841" documentposition="243" />
  <Split id="1084490" documentposition="274" />
  <Split id="1084723" documentposition="292" />
  <Split id="1084744" documentposition="311" />
  <Split id="1149682" documentposition="329" />
  <Split id="1145490" documentposition="354" />
  <Split id="1146188" documentposition="374" />
</Splits>