<?xml version="1.0" encoding="utf-8"?>
<SplitPriorities version="1.0" xmlns="urn:WebWorks-Engine-Splits-Schema">
  <SplitPriority id="1070912" documentposition="3" splitpriority="1" outputposition="1" />
  <SplitPriority id="1120890" documentposition="13" splitpriority="2" outputposition="11" />
  <SplitPriority id="1084273" documentposition="21" splitpriority="2" outputposition="19" />
  <SplitPriority id="1073490" documentposition="30" splitpriority="3" outputposition="28" />
  <SplitPriority id="1080238" documentposition="50" splitpriority="3" outputposition="46" />
  <SplitPriority id="1157529" documentposition="66" splitpriority="4" outputposition="61" />
  <SplitPriority id="1073776" documentposition="75" splitpriority="3" outputposition="69" />
  <SplitPriority id="1157583" documentposition="88" splitpriority="4" outputposition="81" />
  <SplitPriority id="1082800" documentposition="97" splitpriority="2" outputposition="89" />
  <SplitPriority id="1084201" documentposition="104" splitpriority="3" outputposition="96" />
  <SplitPriority id="1157618" documentposition="125" splitpriority="4" outputposition="116" />
  <SplitPriority id="1083368" documentposition="135" splitpriority="3" outputposition="125" />
  <SplitPriority id="1077378" documentposition="154" splitpriority="3" outputposition="142" />
  <SplitPriority id="1157672" documentposition="175" splitpriority="4" outputposition="162" />
  <SplitPriority id="1088652" documentposition="185" splitpriority="3" outputposition="171" />
  <SplitPriority id="1136516" documentposition="204" splitpriority="3" outputposition="185" />
  <SplitPriority id="1077363" documentposition="228" splitpriority="2" outputposition="207" />
  <SplitPriority id="1084841" documentposition="245" splitpriority="3" outputposition="223" />
  <SplitPriority id="1084490" documentposition="276" splitpriority="3" outputposition="251" />
  <SplitPriority id="1084723" documentposition="294" splitpriority="3" outputposition="267" />
  <SplitPriority id="1084744" documentposition="313" splitpriority="3" outputposition="284" />
  <SplitPriority id="1149682" documentposition="331" splitpriority="2" outputposition="301" />
  <SplitPriority id="1145490" documentposition="356" splitpriority="2" outputposition="323" />
  <SplitPriority id="1146188" documentposition="376" splitpriority="3" outputposition="341" />
</SplitPriorities>