<?xml version="1.0" encoding="utf-8"?>
<Splits version="1.0" xmlns="urn:WebWorks-Engine-Splits-Schema">
  <Split id="1070912" documentposition="3" />
  <Split id="1078247" documentposition="10" />
  <Split id="1084273" documentposition="18" />
  <Split id="1073490" documentposition="26" />
  <Split id="1080238" documentposition="43" />
  <Split id="1073776" documentposition="61" />
  <Split id="1082800" documentposition="77" />
  <Split id="1084201" documentposition="84" />
  <Split id="1083368" documentposition="100" />
  <Split id="1077378" documentposition="117" />
  <Split id="1088652" documentposition="134" />
  <Split id="1077363" documentposition="153" />
  <Split id="1084841" documentposition="171" />
  <Split id="1084490" documentposition="187" />
  <Split id="1084723" documentposition="205" />
  <Split id="1084744" documentposition="224" />
</Splits>