<?xml version="1.0" encoding="utf-8"?>
<WebWorksHelpTOC version="5.0" xmlns="urn:WebWorks-Help-TOC-Schema">
  <i t="Welcome to caIntegrator2 Online Help" l="0" />
  <i t="Getting Started with caIntegrator2" l="1">
    <i t="About caIntegrator2" l="2" />
    <i t="Registering as a New caIntegrator2 User" l="3" />
    <i t="Logging In" l="4" />
    <i t="Using the caIntegrator2 Workspace" l="5">
      <i t="caIntegrator2 Functions" l="6" />
    </i>
    <i t="Using Online Help" l="7" />
    <i t="Logging Out" l="8" />
    <i t="Application Support" l="9" />
  </i>
  <i t="Creating a New Study" l="10">
    <i t="Creating a Study – Overview" l="11" />
    <i t="Configuring and Deploying a Study" l="12">
      <i t="Creating/Editing a Study" l="13" />
      <i t="Adding Clinical Data" l="14">
        <i t="Assigning An Identifier or Annotation" l="15" />
        <i t="Searching for Annotation Definitions" l="16" />
        <i t="Defining Survival Values" l="17" />
      </i>
      <i t="Adding/Editing Genomic Data" l="18">
        <i t="Mapping Genomic Data to Clinical Data" l="19" />
        <i t="Uploading Control Samples" l="20" />
        <i t="Configuring Copy Number Data" l="21" />
      </i>
      <i t="Adding Imaging Data" l="22" />
      <i t="Deploying the Study" l="23" />
    </i>
    <i t="Managing a Study" l="24">
      <i t="Managing Platforms" l="25" />
    </i>
  </i>
  <i t="Searching a caIntegrator2 Study" l="26">
    <i t="Search Overview" l="27" />
    <i t="Searching a Study" l="28">
      <i t="Clinical and Image Series">
        <i t="Clinical and Image Series" l="29" />
        <i t="Gene Expression" l="30" />
      </i>
      <i t="Results Type and Sorting Tabs" l="31" />
    </i>
    <i t="Managing Queries" l="32">
      <i t="Saving a Query" l="33" />
      <i t="Editing a Query" l="34" />
      <i t="Exporting Query Results" l="35" />
    </i>
  </i>
  <i t="Viewing Query Results" l="36">
    <i t="Query Results Overview" l="37" />
    <i t="Browsing Query Results" l="38">
      <i t="Clinical and Imaging Data" l="39" />
      <i t="Genomic Data" l="40" />
      <i t="Expanding Imaging Data Results" l="41">
        <i t="caIntegrator2 and NBIA" l="42" />
        <i t="Retrieving Dicom Images" l="43" />
        <i t="Example of Retrieving Images:" l="44" />
      </i>
      <i t="Relationship of Patient to Study to Series to Images" l="45" />
      <i t="Exporting Data" l="46" />
    </i>
  </i>
  <i t="Analyzing Studies" l="47">
    <i t="Data Analysis Overview" l="48" />
    <i t="Creating Kaplan-Meier Plots" l="49">
      <i t="K-M Plot for Annotations" l="50" />
      <i t="K-M Plot for Gene Expression" l="51" />
      <i t="K-M Plot for Queries" l="52" />
    </i>
    <i t="Creating Gene Expression Plots" l="53">
      <i t="Gene Expression Value Plot for Annotation" l="54" />
      <i t="Gene Expression Value Plot for Genomic Queries" l="55" />
      <i t="Gene Expression Value Plot for Clinical Queries" l="56" />
      <i t="Understanding a Gene Expression Plot" l="57" />
    </i>
    <i t="Analyzing Data with GenePattern" l="58">
      <i t="GenePattern Modules" l="59" />
      <i t="Comparative Marker Selection (CMS) Analysis" l="60" />
      <i t="Principal Component Analysis (PCA)" l="61" />
      <i t="GISTIC-Supported Analysis" l="62" />
    </i>
  </i>
  <i t="User Account Administration" l="63">
    <i t="Administering caIntegrator2 User Accounts Using UPT" l="64">
      <i t="Steps for Creating User Access to caIntegrator2" l="65" />
      <i t="Creating a New caIntegrator2 User" l="66" />
      <i t="Creating a New User Group" l="67" />
      <i t="Creating a New Protection Group" l="68" />
      <i t="Assigning a User Group to a Protection Group" l="69" />
      <i t="Adding a User to a User Group" l="70" />
      <i t="Changing a User Password" l="71" />
    </i>
  </i>
  <i t="Data Import Configurations" l="72">
    <i t="Subject Clinical Data Configuration" l="73" />
    <i t="Delimited-Text Annotation Import" l="74" />
    <i t="Annotation Field Configuration" l="75" />
    <i t="Sample Data Configuration" l="76" />
    <i t="Genomic Data Configuration" l="77" />
    <i t="Imaging Data Configuration" l="78" />
  </i>
  <i t="NCICB Application Support" l="79" />
</WebWorksHelpTOC>