<security-config>
	<upt-context-name>
		<!-- Context Name for the UPT Application -->
		csmupt
	</upt-context-name>
	<application-list>
	<!-- For every application using the security api an entry should be made here -->
		<application>
			<context-name>csmupt</context-name>
			<authentication>
				<authentication-provider-class/>
				<lockout-time>1800000</lockout-time>
				<allowed-login-time>60000</allowed-login-time>
				<allowed-attempts>3</allowed-attempts>
			</authentication>
			<authorization>
				<authorization-provider-class>
				</authorization-provider-class>
				<hibernate-config-file/>
			</authorization>
		</application>
		<application>
	   		<context-name>
	   			caintegrator
	      	</context-name>
	      	<authentication>
		      	<authentication-provider-class>
	     			<!-- Fully qualified class name-->
	     		</authentication-provider-class>
			</authentication>
			<authorization>
			    <authorization-provider-class>
	      			<!-- Fully qualified class name-->
				</authorization-provider-class>
		        <hibernate-config-file>
		        </hibernate-config-file>
	      	</authorization>
	   	</application>

	</application-list>
	<backwards-compatibility>
		<login-application-context-name>uptlogin</login-application-context-name>
		<central-upt-configuration>true</central-upt-configuration>
		<upt-application-list>
<upt-application>
					<context-name>csmupt</context-name>
					<url-context-name>upt423</url-context-name>
					<authorization>
						<authorization-provider-class>String</authorization-provider-class>
						<hibernate-config-file>csmupt.csm.new.hibernate.cfg.xml</hibernate-config-file>
					</authorization>
				</upt-application>
<upt-application>
					<context-name>csmupt423</context-name>
					<url-context-name>upt423</url-context-name>
					<authorization>
						<authorization-provider-class>String</authorization-provider-class>
						<hibernate-config-file>csmupt423.csm.new.hibernate.cfg.xml</hibernate-config-file>
					</authorization>
				</upt-application>
</upt-application-list>
	</backwards-compatibility>
</security-config>