<?xml version="1.0" encoding="utf-8"?>
<Behaviors version="1.0" xmlns="urn:WebWorks-Behaviors-Schema">
  <Split id="1052621" documentposition="3">
    <Paragraph id="1052621" documentposition="3" splitpriority="1" dropdown="continue" popup="none" popup-page-rule="" />
    <Paragraph id="1158618" documentposition="4" splitpriority="none" dropdown="continue" popup="none" popup-page-rule="" />
    <Paragraph id="1167805" documentposition="5" splitpriority="none" dropdown="continue" popup="none" popup-page-rule="" />
    <Paragraph id="1167809" documentposition="6" splitpriority="none" dropdown="continue" popup="none" popup-page-rule="" />
    <Paragraph id="1167819" documentposition="7" splitpriority="none" popup="none" popup-page-rule="" dropdown="end" />
  </Split>
  <Split id="1167812" documentposition="8">
    <Paragraph id="1167812" documentposition="8" splitpriority="2" dropdown="continue" popup="none" popup-page-rule="">
      <Marker behavior="topic" id="1167811">
        <Marker id="1167811" name="TopicAlias" xmlns="urn:WebWorks-Document-Schema">
          <TextRun id="tr1167811-1">
            <Text value="query_results_help" />
          </TextRun>
        </Marker>
      </Marker>
    </Paragraph>
    <Paragraph id="1163460" documentposition="9" splitpriority="none" dropdown="continue" popup="none" popup-page-rule="" />
    <Paragraph id="1163519" documentposition="10" splitpriority="none" dropdown="continue" popup="none" popup-page-rule="" />
    <Paragraph id="1161115" documentposition="11" splitpriority="none" dropdown="continue" popup="none" popup-page-rule="" />
    <Paragraph id="1163603" documentposition="12" splitpriority="none" dropdown="continue" popup="none" popup-page-rule="" />
    <Paragraph id="1163721" documentposition="13" splitpriority="none" dropdown="continue" popup="none" popup-page-rule="" />
    <Paragraph id="1181316" documentposition="14" splitpriority="none" dropdown="continue" popup="none" popup-page-rule="" />
    <Paragraph id="1171515" documentposition="15" splitpriority="none" popup="none" popup-page-rule="" dropdown="end" />
  </Split>
  <Split id="1159038" documentposition="16">
    <Paragraph id="1159038" documentposition="16" splitpriority="2" dropdown="continue" popup="none" popup-page-rule="" />
    <Paragraph id="1168460" documentposition="17" splitpriority="none" dropdown="continue" popup="none" popup-page-rule="" />
    <Paragraph id="1168490" documentposition="18" splitpriority="none" relatedtopic="define-no-output" dropdown="continue" popup="none" popup-page-rule="" />
    <Paragraph id="1168494" documentposition="19" splitpriority="none" relatedtopic="define-no-output" dropdown="continue" popup="none" popup-page-rule="" />
    <Paragraph id="1168498" documentposition="20" splitpriority="none" relatedtopic="define-no-output" popup="none" popup-page-rule="" dropdown="end" />
  </Split>
  <Split id="1163763" documentposition="21">
    <Paragraph id="1163763" documentposition="21" splitpriority="3" dropdown="continue" popup="none" popup-page-rule="" />
    <Paragraph id="1170153" documentposition="23" splitpriority="none" dropdown="continue" popup="none" popup-page-rule="" />
    <Paragraph id="1181324" documentposition="24" splitpriority="none" relatedtopic="define-no-output" dropdown="continue" popup="none" popup-page-rule="" />
    <Paragraph id="1181328" documentposition="25" splitpriority="none" relatedtopic="define-no-output" dropdown="continue" popup="none" popup-page-rule="" />
    <Paragraph id="1181332" documentposition="26" splitpriority="none" relatedtopic="define-no-output" popup="none" popup-page-rule="" dropdown="end" />
  </Split>
  <Split id="1163775" documentposition="27">
    <Paragraph id="1163775" documentposition="27" splitpriority="3" dropdown="continue" popup="none" popup-page-rule="" />
    <Paragraph id="1159226" documentposition="28" splitpriority="none" dropdown="continue" popup="none" popup-page-rule="" />
    <Paragraph id="1174991" documentposition="29" splitpriority="none" dropdown="continue" popup="none" popup-page-rule="" />
    <Paragraph id="1163900" documentposition="31" splitpriority="none" dropdown="continue" popup="none" popup-page-rule="" />
    <Paragraph id="1159043" documentposition="33" splitpriority="none" dropdown="continue" popup="none" popup-page-rule="" />
    <Paragraph id="1164902" documentposition="34" splitpriority="none" dropdown="continue" popup="none" popup-page-rule="" />
    <Paragraph id="1181340" documentposition="35" splitpriority="none" relatedtopic="define-no-output" dropdown="continue" popup="none" popup-page-rule="" />
    <Paragraph id="1181344" documentposition="36" splitpriority="none" relatedtopic="define-no-output" dropdown="continue" popup="none" popup-page-rule="" />
    <Paragraph id="1181348" documentposition="37" splitpriority="none" relatedtopic="define-no-output" popup="none" popup-page-rule="" dropdown="end" />
  </Split>
  <Split id="1161867" documentposition="38">
    <Paragraph id="1161867" documentposition="38" splitpriority="3" dropdown="continue" popup="none" popup-page-rule="" />
    <Paragraph id="1164407" documentposition="39" splitpriority="none" dropdown="continue" popup="none" popup-page-rule="" />
    <Paragraph id="1169716" documentposition="40" splitpriority="none" dropdown="continue" popup="none" popup-page-rule="" />
    <Paragraph id="1169275" documentposition="42" splitpriority="none" dropdown="continue" popup="none" popup-page-rule="" />
    <Paragraph id="1168727" documentposition="44" splitpriority="none" dropdown="continue" popup="none" popup-page-rule="" />
    <Paragraph id="1168555" documentposition="45" splitpriority="none" dropdown="continue" popup="none" popup-page-rule="" />
    <Paragraph id="1168556" documentposition="46" splitpriority="none" dropdown="continue" popup="none" popup-page-rule="" />
    <Paragraph id="1168557" documentposition="47" splitpriority="none" dropdown="continue" popup="none" popup-page-rule="" />
    <Paragraph id="1168558" documentposition="48" splitpriority="none" dropdown="continue" popup="none" popup-page-rule="" />
    <Paragraph id="1163999" documentposition="49" splitpriority="none" dropdown="continue" popup="none" popup-page-rule="" />
    <Paragraph id="1171635" documentposition="50" splitpriority="none" popup="none" popup-page-rule="" dropdown="end" />
  </Split>
  <Split id="1164464" documentposition="51">
    <Paragraph id="1164464" documentposition="51" splitpriority="4" dropdown="continue" popup="none" popup-page-rule="" />
    <Paragraph id="1171620" documentposition="52" splitpriority="none" dropdown="continue" popup="none" popup-page-rule="" />
    <Paragraph id="1164465" documentposition="53" splitpriority="none" dropdown="continue" popup="none" popup-page-rule="" />
    <Paragraph id="1161874" documentposition="55" splitpriority="none" dropdown="continue" popup="none" popup-page-rule="" />
    <Paragraph id="1181358" documentposition="56" splitpriority="none" popup="none" popup-page-rule="" dropdown="end" />
  </Split>
  <Split id="1170682" documentposition="57">
    <Paragraph id="1170682" documentposition="57" splitpriority="4" dropdown="continue" popup="none" popup-page-rule="">
      <Marker behavior="topic" id="1170680">
        <Marker id="1170680" name="TopicAlias" xmlns="urn:WebWorks-Document-Schema">
          <TextRun id="tr1170680-1">
            <Text value="DICOM_retrieval_help" />
          </TextRun>
        </Marker>
      </Marker>
    </Paragraph>
    <Paragraph id="1168799" documentposition="59" splitpriority="none" dropdown="continue" popup="none" popup-page-rule="" />
    <Paragraph id="1164775" documentposition="60" splitpriority="none" dropdown="continue" popup="none" popup-page-rule="" />
    <Paragraph id="1163616" documentposition="61" splitpriority="none" dropdown="continue" popup="none" popup-page-rule="" />
    <Paragraph id="1164876" documentposition="62" splitpriority="none" dropdown="continue" popup="none" popup-page-rule="" />
    <Paragraph id="1169891" documentposition="63" splitpriority="none" dropdown="continue" popup="none" popup-page-rule="" />
    <Paragraph id="1181375" documentposition="64" splitpriority="none" relatedtopic="define-no-output" popup="none" popup-page-rule="" dropdown="end" />
  </Split>
  <Split id="1171479" documentposition="65">
    <Paragraph id="1171479" documentposition="65" splitpriority="4" dropdown="continue" popup="none" popup-page-rule="" />
    <Paragraph id="1169876" documentposition="66" splitpriority="none" dropdown="continue" popup="none" popup-page-rule="" />
    <Paragraph id="1159706" documentposition="67" splitpriority="none" dropdown="continue" popup="none" popup-page-rule="" />
    <Paragraph id="1162559" documentposition="68" splitpriority="none" dropdown="continue" popup="none" popup-page-rule="" />
    <Paragraph id="1162560" documentposition="69" splitpriority="none" dropdown="continue" popup="none" popup-page-rule="" />
    <Paragraph id="1162563" documentposition="70" splitpriority="none" dropdown="continue" popup="none" popup-page-rule="" />
    <Paragraph id="1162567" documentposition="71" splitpriority="none" dropdown="continue" popup="none" popup-page-rule="" />
    <Paragraph id="1162574" documentposition="72" splitpriority="none" dropdown="continue" popup="none" popup-page-rule="" />
    <Paragraph id="1162575" documentposition="73" splitpriority="none" dropdown="continue" popup="none" popup-page-rule="" />
    <Paragraph id="1162579" documentposition="74" splitpriority="none" dropdown="continue" popup="none" popup-page-rule="" />
    <Paragraph id="1170802" documentposition="75" splitpriority="none" dropdown="continue" popup="none" popup-page-rule="" />
    <Paragraph id="1170803" documentposition="76" splitpriority="none" dropdown="continue" popup="none" popup-page-rule="" />
    <Paragraph id="1162595" documentposition="77" splitpriority="none" dropdown="continue" popup="none" popup-page-rule="" />
    <Paragraph id="1181383" documentposition="78" splitpriority="none" relatedtopic="define-no-output" dropdown="continue" popup="none" popup-page-rule="" />
    <Paragraph id="1181387" documentposition="79" splitpriority="none" relatedtopic="define-no-output" dropdown="continue" popup="none" popup-page-rule="" />
    <Paragraph id="1181391" documentposition="80" splitpriority="none" relatedtopic="define-no-output" popup="none" popup-page-rule="" dropdown="end" />
  </Split>
  <Split id="1168577" documentposition="81">
    <Paragraph id="1168577" documentposition="81" splitpriority="3" dropdown="continue" popup="none" popup-page-rule="" />
    <Paragraph id="1168597" documentposition="82" splitpriority="none" dropdown="continue" popup="none" popup-page-rule="" />
    <Table id="1168573" documentposition="83" splitpriority="none">
      <TableCell>
        <Paragraph id="1168576" dropdown="continue" popup="none" popup-page-rule="" />
      </TableCell>
    </Table>
    <Paragraph id="1168578" documentposition="84" splitpriority="none" dropdown="continue" popup="none" popup-page-rule="" />
    <Paragraph id="1168579" documentposition="85" splitpriority="none" dropdown="continue" popup="none" popup-page-rule="" />
    <Paragraph id="1168580" documentposition="86" splitpriority="none" dropdown="continue" popup="none" popup-page-rule="" />
    <Paragraph id="1168581" documentposition="87" splitpriority="none" dropdown="continue" popup="none" popup-page-rule="" />
    <Paragraph id="1168582" documentposition="88" splitpriority="none" dropdown="continue" popup="none" popup-page-rule="" />
    <Paragraph id="1168583" documentposition="89" splitpriority="none" dropdown="continue" popup="none" popup-page-rule="" />
    <Paragraph id="1168584" documentposition="90" splitpriority="none" dropdown="continue" popup="none" popup-page-rule="" />
    <Paragraph id="1168585" documentposition="91" splitpriority="none" dropdown="continue" popup="none" popup-page-rule="" />
    <Paragraph id="1168586" documentposition="92" splitpriority="none" dropdown="continue" popup="none" popup-page-rule="" />
    <Paragraph id="1168587" documentposition="93" splitpriority="none" dropdown="continue" popup="none" popup-page-rule="" />
    <Paragraph id="1168588" documentposition="94" splitpriority="none" dropdown="continue" popup="none" popup-page-rule="" />
    <Paragraph id="1168589" documentposition="95" splitpriority="none" dropdown="continue" popup="none" popup-page-rule="" />
    <Paragraph id="1168590" documentposition="96" splitpriority="none" dropdown="continue" popup="none" popup-page-rule="" />
    <Paragraph id="1168591" documentposition="97" splitpriority="none" dropdown="continue" popup="none" popup-page-rule="" />
    <Paragraph id="1168592" documentposition="98" splitpriority="none" dropdown="continue" popup="none" popup-page-rule="" />
    <Paragraph id="1181399" documentposition="99" splitpriority="none" popup="none" popup-page-rule="" dropdown="end" />
  </Split>
  <Split id="1162538" documentposition="100">
    <Paragraph id="1162538" documentposition="100" splitpriority="3" dropdown="continue" popup="none" popup-page-rule="" />
    <Paragraph id="1164508" documentposition="101" splitpriority="none" dropdown="continue" popup="none" popup-page-rule="" />
    <Paragraph id="1166606" documentposition="102" splitpriority="none" dropdown="continue" popup="none" popup-page-rule="" />
    <Paragraph id="1159398" documentposition="103" splitpriority="none" popup="none" popup-page-rule="" dropdown="end" />
  </Split>
</Behaviors>