<?xml version="1.0" encoding="utf-8"?>
<Splits version="1.0" xmlns="urn:WebWorks-Engine-Splits-Schema">
  <Split id="1052621" documentposition="3" />
  <Split id="1167812" documentposition="8" />
  <Split id="1159038" documentposition="16" />
  <Split id="1163763" documentposition="21" />
  <Split id="1163775" documentposition="27" />
  <Split id="1161867" documentposition="38" />
  <Split id="1164464" documentposition="51" />
  <Split id="1170682" documentposition="57" />
  <Split id="1171479" documentposition="65" />
  <Split id="1168577" documentposition="81" />
  <Split id="1162538" documentposition="100" />
</Splits>