<?xml version="1.0"?>
<!DOCTYPE hibernate-mapping PUBLIC "-//Hibernate/Hibernate Mapping DTD 3.0//EN" "http://hibernate.sourceforge.net/hibernate-mapping-3.0.dtd">

<hibernate-mapping default-lazy="false">
	<class name="gov.nih.nci.security.authorization.domainobjects.Application" table="CSM_APPLICATION">
		<id name="applicationId" type="java.lang.Long" column="APPLICATION_ID" unsaved-value="0">
			<generator class="native">
				<param name="sequence">CSM_APPLICATI_APPLICATION__SEQ</param>
			</generator>
		</id>
		<property name="applicationName" type="java.lang.String" column="APPLICATION_NAME" length="255" />
		<property name="applicationDescription" type="java.lang.String" column="APPLICATION_DESCRIPTION" length="200" />
		<property name="activeFlag" type="byte" column="ACTIVE_FLAG" not-null="true" length="1" />
		<property name="declarativeFlag" type="byte" column="DECLARATIVE_FLAG" not-null="true" length="1" />
		<property name="updateDate" type="java.sql.Date" column="UPDATE_DATE" not-null="true" length="10" />
		<property name="databaseURL" type="java.lang.String" column="DATABASE_URL" length="100" />
		<property name="databaseUserName" type="java.lang.String" column="DATABASE_USER_NAME" length="100" />
		<property name="databasePassword" type="java.lang.String" column="DATABASE_PASSWORD" length="100" />
		<property name="databaseDialect" type="java.lang.String" column="DATABASE_DIALECT" length="100" />
		<property name="databaseDriver" type="java.lang.String" column="DATABASE_DRIVER" length="100" />
	</class>
</hibernate-mapping>
