<?xml version="1.0" encoding="utf-8"?>
<Splits version="1.0" xmlns="urn:WebWorks-Engine-Splits-Schema">
  <Split id="1052621" documentposition="3" />
  <Split id="1167812" documentposition="8" />
  <Split id="1159038" documentposition="16" />
  <Split id="1163763" documentposition="21" />
  <Split id="1197027" documentposition="27" />
  <Split id="1193020" documentposition="43" />
  <Split id="1194912" documentposition="50" />
  <Split id="1193029" documentposition="64" />
  <Split id="1183103" documentposition="89" />
  <Split id="1193608" documentposition="98" />
  <Split id="1182738" documentposition="107" />
  <Split id="1164464" documentposition="120" />
  <Split id="1170682" documentposition="126" />
  <Split id="1171479" documentposition="134" />
  <Split id="1168577" documentposition="150" />
  <Split id="1162538" documentposition="169" />
</Splits>