<?xml version="1.0" encoding="utf-8"?>
<Splits version="1.0" xmlns="urn:WebWorks-Engine-Splits-Schema">
  <Split groupID="90EF621B7D4D68AA" documentID="1A495BF0695EE" id="1070912" position="1" documentstartposition="3" documentendposition="13" title="Welcome to caIntegrator Online Help" path="C:\Documents and Settings\hadfielj\My Documents\ePublisher Pro Projects\caIntegrator2\Output\WebWorks Help 5.0\caIntegrator2\Welcome.1.1.html" stylename="" />
  <Split groupID="90EF621B7D4D68AA" documentID="7D7FAC60F3E2C2DD" id="1052621" position="1" documentstartposition="3" documentendposition="11" title="Getting Started with caIntegrator" path="C:\Documents and Settings\hadfielj\My Documents\ePublisher Pro Projects\caIntegrator2\Output\WebWorks Help 5.0\caIntegrator2\Getting_Started.2.1.html" stylename="" />
  <Split groupID="90EF621B7D4D68AA" documentID="7D7FAC60F3E2C2DD" id="1135030" position="2" documentstartposition="12" documentendposition="18" title="About caIntegrator" path="C:\Documents and Settings\hadfielj\My Documents\ePublisher Pro Projects\caIntegrator2\Output\WebWorks Help 5.0\caIntegrator2\Getting_Started.2.2.html" stylename="" />
  <Split groupID="90EF621B7D4D68AA" documentID="7D7FAC60F3E2C2DD" id="1141097" position="3" documentstartposition="19" documentendposition="50" title="Registering as a New caIntegrator User " path="C:\Documents and Settings\hadfielj\My Documents\ePublisher Pro Projects\caIntegrator2\Output\WebWorks Help 5.0\caIntegrator2\Getting_Started.2.3.html" stylename="" />
  <Split groupID="90EF621B7D4D68AA" documentID="7D7FAC60F3E2C2DD" id="1127723" position="4" documentstartposition="51" documentendposition="63" title="Welcome to the caIntegrator  Workspace" path="C:\Documents and Settings\hadfielj\My Documents\ePublisher Pro Projects\caIntegrator2\Output\WebWorks Help 5.0\caIntegrator2\Getting_Started.2.4.html" stylename="" />
  <Split groupID="90EF621B7D4D68AA" documentID="7D7FAC60F3E2C2DD" id="1136890" position="5" documentstartposition="64" documentendposition="71" title="caIntegrator Functions" path="C:\Documents and Settings\hadfielj\My Documents\ePublisher Pro Projects\caIntegrator2\Output\WebWorks Help 5.0\caIntegrator2\Getting_Started.2.5.html" stylename="" />
  <Split groupID="90EF621B7D4D68AA" documentID="7D7FAC60F3E2C2DD" id="1151722" position="6" documentstartposition="72" documentendposition="79" title="Viewing Existing Studies" path="C:\Documents and Settings\hadfielj\My Documents\ePublisher Pro Projects\caIntegrator2\Output\WebWorks Help 5.0\caIntegrator2\Getting_Started.2.6.html" stylename="" />
  <Split groupID="90EF621B7D4D68AA" documentID="7D7FAC60F3E2C2DD" id="1152306" position="7" documentstartposition="80" documentendposition="85" title="Data Dictionary" path="C:\Documents and Settings\hadfielj\My Documents\ePublisher Pro Projects\caIntegrator2\Output\WebWorks Help 5.0\caIntegrator2\Getting_Started.2.7.html" stylename="" />
  <Split groupID="90EF621B7D4D68AA" documentID="7D7FAC60F3E2C2DD" id="1159007" position="8" documentstartposition="86" documentendposition="87" title="Study Log" path="C:\Documents and Settings\hadfielj\My Documents\ePublisher Pro Projects\caIntegrator2\Output\WebWorks Help 5.0\caIntegrator2\Getting_Started.2.8.html" stylename="" />
  <Split groupID="90EF621B7D4D68AA" documentID="7D7FAC60F3E2C2DD" id="1136527" position="9" documentstartposition="88" documentendposition="93" title="Using Online Help" path="C:\Documents and Settings\hadfielj\My Documents\ePublisher Pro Projects\caIntegrator2\Output\WebWorks Help 5.0\caIntegrator2\Getting_Started.2.9.html" stylename="">
    <Frame groupID="90EF621B7D4D68AA" documentID="7D7FAC60F3E2C2DD" id="1141035" stylename="Default" position="1" title="screen shot of help icon that identifies your current topic in the table of contents" path="C:\Documents and Settings\hadfielj\My Documents\ePublisher Pro Projects\caIntegrator2\Output\WebWorks Help 5.0\caIntegrator2\images\Getting_Started.2.9.1.jpg">
      <Thumbnail path="C:\Documents and Settings\hadfielj\My Documents\ePublisher Pro Projects\caIntegrator2\Output\WebWorks Help 5.0\caIntegrator2\images\Getting_Started.2.9.1_thumb.jpg" />
      <Wrapper groupID="90EF621B7D4D68AA" documentID="7D7FAC60F3E2C2DD" stylename="" path="C:\Documents and Settings\hadfielj\My Documents\ePublisher Pro Projects\caIntegrator2\Output\WebWorks Help 5.0\caIntegrator2\images\Getting_Started.2.9.1.html" />
      <Description path="C:\Documents and Settings\hadfielj\My Documents\ePublisher Pro Projects\caIntegrator2\Output\WebWorks Help 5.0\caIntegrator2\images\Getting_Started.2.9.1.txt" />
    </Frame>
    <Frame groupID="90EF621B7D4D68AA" documentID="7D7FAC60F3E2C2DD" id="1136555" stylename="Default" position="2" title="Contents button which allows you to select a topic form the online help table of contents" path="C:\Documents and Settings\hadfielj\My Documents\ePublisher Pro Projects\caIntegrator2\Output\WebWorks Help 5.0\caIntegrator2\images\Getting_Started.2.9.2.jpg">
      <Thumbnail path="C:\Documents and Settings\hadfielj\My Documents\ePublisher Pro Projects\caIntegrator2\Output\WebWorks Help 5.0\caIntegrator2\images\Getting_Started.2.9.2_thumb.jpg" />
      <Wrapper groupID="90EF621B7D4D68AA" documentID="7D7FAC60F3E2C2DD" stylename="" path="C:\Documents and Settings\hadfielj\My Documents\ePublisher Pro Projects\caIntegrator2\Output\WebWorks Help 5.0\caIntegrator2\images\Getting_Started.2.9.2.html" />
      <Description path="C:\Documents and Settings\hadfielj\My Documents\ePublisher Pro Projects\caIntegrator2\Output\WebWorks Help 5.0\caIntegrator2\images\Getting_Started.2.9.2.txt" />
    </Frame>
    <Frame groupID="90EF621B7D4D68AA" documentID="7D7FAC60F3E2C2DD" id="1136562" stylename="Default" position="3" title="Index button which you click to select a topic from the online help index." path="C:\Documents and Settings\hadfielj\My Documents\ePublisher Pro Projects\caIntegrator2\Output\WebWorks Help 5.0\caIntegrator2\images\Getting_Started.2.9.3.jpg">
      <Thumbnail path="C:\Documents and Settings\hadfielj\My Documents\ePublisher Pro Projects\caIntegrator2\Output\WebWorks Help 5.0\caIntegrator2\images\Getting_Started.2.9.3_thumb.jpg" />
      <Wrapper groupID="90EF621B7D4D68AA" documentID="7D7FAC60F3E2C2DD" stylename="" path="C:\Documents and Settings\hadfielj\My Documents\ePublisher Pro Projects\caIntegrator2\Output\WebWorks Help 5.0\caIntegrator2\images\Getting_Started.2.9.3.html" />
      <Description path="C:\Documents and Settings\hadfielj\My Documents\ePublisher Pro Projects\caIntegrator2\Output\WebWorks Help 5.0\caIntegrator2\images\Getting_Started.2.9.3.txt" />
    </Frame>
    <Frame groupID="90EF621B7D4D68AA" documentID="7D7FAC60F3E2C2DD" id="1136569" stylename="Default" position="4" title="Search button you click to launch a query text search of online help." path="C:\Documents and Settings\hadfielj\My Documents\ePublisher Pro Projects\caIntegrator2\Output\WebWorks Help 5.0\caIntegrator2\images\Getting_Started.2.9.4.jpg">
      <Thumbnail path="C:\Documents and Settings\hadfielj\My Documents\ePublisher Pro Projects\caIntegrator2\Output\WebWorks Help 5.0\caIntegrator2\images\Getting_Started.2.9.4_thumb.jpg" />
      <Wrapper groupID="90EF621B7D4D68AA" documentID="7D7FAC60F3E2C2DD" stylename="" path="C:\Documents and Settings\hadfielj\My Documents\ePublisher Pro Projects\caIntegrator2\Output\WebWorks Help 5.0\caIntegrator2\images\Getting_Started.2.9.4.html" />
      <Description path="C:\Documents and Settings\hadfielj\My Documents\ePublisher Pro Projects\caIntegrator2\Output\WebWorks Help 5.0\caIntegrator2\images\Getting_Started.2.9.4.txt" />
    </Frame>
    <Frame groupID="90EF621B7D4D68AA" documentID="7D7FAC60F3E2C2DD" id="1136576" stylename="Default" position="5" title="Favorites button that allows you to create a list of frequently-accessed topics." path="C:\Documents and Settings\hadfielj\My Documents\ePublisher Pro Projects\caIntegrator2\Output\WebWorks Help 5.0\caIntegrator2\images\Getting_Started.2.9.5.jpg">
      <Thumbnail path="C:\Documents and Settings\hadfielj\My Documents\ePublisher Pro Projects\caIntegrator2\Output\WebWorks Help 5.0\caIntegrator2\images\Getting_Started.2.9.5_thumb.jpg" />
      <Wrapper groupID="90EF621B7D4D68AA" documentID="7D7FAC60F3E2C2DD" stylename="" path="C:\Documents and Settings\hadfielj\My Documents\ePublisher Pro Projects\caIntegrator2\Output\WebWorks Help 5.0\caIntegrator2\images\Getting_Started.2.9.5.html" />
      <Description path="C:\Documents and Settings\hadfielj\My Documents\ePublisher Pro Projects\caIntegrator2\Output\WebWorks Help 5.0\caIntegrator2\images\Getting_Started.2.9.5.txt" />
    </Frame>
    <Frame groupID="90EF621B7D4D68AA" documentID="7D7FAC60F3E2C2DD" id="1136583" stylename="Default" position="6" title="Icon that you click to open closely related topics in online help." path="C:\Documents and Settings\hadfielj\My Documents\ePublisher Pro Projects\caIntegrator2\Output\WebWorks Help 5.0\caIntegrator2\images\Getting_Started.2.9.6.jpg">
      <Thumbnail path="C:\Documents and Settings\hadfielj\My Documents\ePublisher Pro Projects\caIntegrator2\Output\WebWorks Help 5.0\caIntegrator2\images\Getting_Started.2.9.6_thumb.jpg" />
      <Wrapper groupID="90EF621B7D4D68AA" documentID="7D7FAC60F3E2C2DD" stylename="" path="C:\Documents and Settings\hadfielj\My Documents\ePublisher Pro Projects\caIntegrator2\Output\WebWorks Help 5.0\caIntegrator2\images\Getting_Started.2.9.6.html" />
      <Description path="C:\Documents and Settings\hadfielj\My Documents\ePublisher Pro Projects\caIntegrator2\Output\WebWorks Help 5.0\caIntegrator2\images\Getting_Started.2.9.6.txt" />
    </Frame>
    <Frame groupID="90EF621B7D4D68AA" documentID="7D7FAC60F3E2C2DD" id="1136587" stylename="Default" position="7" title="Related Topics button that you click to open closely related topics in online help." path="C:\Documents and Settings\hadfielj\My Documents\ePublisher Pro Projects\caIntegrator2\Output\WebWorks Help 5.0\caIntegrator2\images\Getting_Started.2.9.7.jpg">
      <Thumbnail path="C:\Documents and Settings\hadfielj\My Documents\ePublisher Pro Projects\caIntegrator2\Output\WebWorks Help 5.0\caIntegrator2\images\Getting_Started.2.9.7_thumb.jpg" />
      <Wrapper groupID="90EF621B7D4D68AA" documentID="7D7FAC60F3E2C2DD" stylename="" path="C:\Documents and Settings\hadfielj\My Documents\ePublisher Pro Projects\caIntegrator2\Output\WebWorks Help 5.0\caIntegrator2\images\Getting_Started.2.9.7.html" />
      <Description path="C:\Documents and Settings\hadfielj\My Documents\ePublisher Pro Projects\caIntegrator2\Output\WebWorks Help 5.0\caIntegrator2\images\Getting_Started.2.9.7.txt" />
    </Frame>
    <Frame groupID="90EF621B7D4D68AA" documentID="7D7FAC60F3E2C2DD" id="1136594" stylename="Default" position="8" title="Print icon that you click to print the open online help topic." path="C:\Documents and Settings\hadfielj\My Documents\ePublisher Pro Projects\caIntegrator2\Output\WebWorks Help 5.0\caIntegrator2\images\Getting_Started.2.9.8.jpg">
      <Thumbnail path="C:\Documents and Settings\hadfielj\My Documents\ePublisher Pro Projects\caIntegrator2\Output\WebWorks Help 5.0\caIntegrator2\images\Getting_Started.2.9.8_thumb.jpg" />
      <Wrapper groupID="90EF621B7D4D68AA" documentID="7D7FAC60F3E2C2DD" stylename="" path="C:\Documents and Settings\hadfielj\My Documents\ePublisher Pro Projects\caIntegrator2\Output\WebWorks Help 5.0\caIntegrator2\images\Getting_Started.2.9.8.html" />
      <Description path="C:\Documents and Settings\hadfielj\My Documents\ePublisher Pro Projects\caIntegrator2\Output\WebWorks Help 5.0\caIntegrator2\images\Getting_Started.2.9.8.txt" />
    </Frame>
    <Frame groupID="90EF621B7D4D68AA" documentID="7D7FAC60F3E2C2DD" id="1136605" stylename="Default" position="9" title="A Back/Forward button that you click to navigate through previously viewed topics." path="C:\Documents and Settings\hadfielj\My Documents\ePublisher Pro Projects\caIntegrator2\Output\WebWorks Help 5.0\caIntegrator2\images\Getting_Started.2.9.9.jpg">
      <Thumbnail path="C:\Documents and Settings\hadfielj\My Documents\ePublisher Pro Projects\caIntegrator2\Output\WebWorks Help 5.0\caIntegrator2\images\Getting_Started.2.9.9_thumb.jpg" />
      <Wrapper groupID="90EF621B7D4D68AA" documentID="7D7FAC60F3E2C2DD" stylename="" path="C:\Documents and Settings\hadfielj\My Documents\ePublisher Pro Projects\caIntegrator2\Output\WebWorks Help 5.0\caIntegrator2\images\Getting_Started.2.9.9.html" />
      <Description path="C:\Documents and Settings\hadfielj\My Documents\ePublisher Pro Projects\caIntegrator2\Output\WebWorks Help 5.0\caIntegrator2\images\Getting_Started.2.9.9.txt" />
    </Frame>
  </Split>
  <Split groupID="90EF621B7D4D68AA" documentID="7D7FAC60F3E2C2DD" id="1128246" position="10" documentstartposition="94" documentendposition="99" title="Logging Out" path="C:\Documents and Settings\hadfielj\My Documents\ePublisher Pro Projects\caIntegrator2\Output\WebWorks Help 5.0\caIntegrator2\Getting_Started.2.10.html" stylename="" />
  <Split groupID="90EF621B7D4D68AA" documentID="7D7FAC60F3E2C2DD" id="1136640" position="11" documentstartposition="100" documentendposition="104" title="Application Support" path="C:\Documents and Settings\hadfielj\My Documents\ePublisher Pro Projects\caIntegrator2\Output\WebWorks Help 5.0\caIntegrator2\Getting_Started.2.11.html" stylename="" />
  <Split groupID="90EF621B7D4D68AA" documentID="2BA840959DAA1DEC" id="1070912" position="1" documentstartposition="3" documentendposition="8" title="Creating a New Study" path="C:\Documents and Settings\hadfielj\My Documents\ePublisher Pro Projects\caIntegrator2\Output\WebWorks Help 5.0\caIntegrator2\CreatingNewStudy.3.1.html" stylename="" />
  <Split groupID="90EF621B7D4D68AA" documentID="2BA840959DAA1DEC" id="1073286" position="2" documentstartposition="9" documentendposition="16" title="Creating a Study – Overview" path="C:\Documents and Settings\hadfielj\My Documents\ePublisher Pro Projects\caIntegrator2\Output\WebWorks Help 5.0\caIntegrator2\CreatingNewStudy.3.2.html" stylename="" />
  <Split groupID="90EF621B7D4D68AA" documentID="2BA840959DAA1DEC" id="1073216" position="3" documentstartposition="17" documentendposition="25" title="Configuring and Deploying a Study" path="C:\Documents and Settings\hadfielj\My Documents\ePublisher Pro Projects\caIntegrator2\Output\WebWorks Help 5.0\caIntegrator2\CreatingNewStudy.3.3.html" stylename="" />
  <Split groupID="90EF621B7D4D68AA" documentID="2BA840959DAA1DEC" id="1073921" position="4" documentstartposition="26" documentendposition="44" title="Creating/Editing a Study" path="C:\Documents and Settings\hadfielj\My Documents\ePublisher Pro Projects\caIntegrator2\Output\WebWorks Help 5.0\caIntegrator2\CreatingNewStudy.3.4.html" stylename="" />
  <Split groupID="90EF621B7D4D68AA" documentID="2BA840959DAA1DEC" id="1134337" position="5" documentstartposition="45" documentendposition="51" title="Viewing/Editing a Log" path="C:\Documents and Settings\hadfielj\My Documents\ePublisher Pro Projects\caIntegrator2\Output\WebWorks Help 5.0\caIntegrator2\CreatingNewStudy.3.5.html" stylename="" />
  <Split groupID="90EF621B7D4D68AA" documentID="2BA840959DAA1DEC" id="1127623" position="6" documentstartposition="52" documentendposition="68" title="Working with Annotations – An Overview" path="C:\Documents and Settings\hadfielj\My Documents\ePublisher Pro Projects\caIntegrator2\Output\WebWorks Help 5.0\caIntegrator2\CreatingNewStudy.3.6.html" stylename="" />
  <Split groupID="90EF621B7D4D68AA" documentID="2BA840959DAA1DEC" id="1131246" position="7" documentstartposition="69" documentendposition="83" title="Adding An Annotation Group" path="C:\Documents and Settings\hadfielj\My Documents\ePublisher Pro Projects\caIntegrator2\Output\WebWorks Help 5.0\caIntegrator2\CreatingNewStudy.3.7.html" stylename="" />
  <Split groupID="90EF621B7D4D68AA" documentID="2BA840959DAA1DEC" id="1127752" position="8" documentstartposition="84" documentendposition="92" title="Editing an Annotation Group" path="C:\Documents and Settings\hadfielj\My Documents\ePublisher Pro Projects\caIntegrator2\Output\WebWorks Help 5.0\caIntegrator2\CreatingNewStudy.3.8.html" stylename="" />
  <Split groupID="90EF621B7D4D68AA" documentID="2BA840959DAA1DEC" id="1150058" position="9" documentstartposition="93" documentendposition="101" title="Adding Subject Annotation Data" path="C:\Documents and Settings\hadfielj\My Documents\ePublisher Pro Projects\caIntegrator2\Output\WebWorks Help 5.0\caIntegrator2\CreatingNewStudy.3.9.html" stylename="" />
  <Split groupID="90EF621B7D4D68AA" documentID="2BA840959DAA1DEC" id="1134706" position="10" documentstartposition="102" documentendposition="124" title=" Define Fields Page for Editing Annotations" path="C:\Documents and Settings\hadfielj\My Documents\ePublisher Pro Projects\caIntegrator2\Output\WebWorks Help 5.0\caIntegrator2\CreatingNewStudy.3.10.html" stylename="" />
  <Split groupID="90EF621B7D4D68AA" documentID="2BA840959DAA1DEC" id="1125074" position="11" documentstartposition="125" documentendposition="148" title="Assigning An Identifier or Annotation" path="C:\Documents and Settings\hadfielj\My Documents\ePublisher Pro Projects\caIntegrator2\Output\WebWorks Help 5.0\caIntegrator2\CreatingNewStudy.3.11.html" stylename="" />
  <Split groupID="90EF621B7D4D68AA" documentID="2BA840959DAA1DEC" id="1082197" position="12" documentstartposition="149" documentendposition="181" title="Searching for Annotation Definitions" path="C:\Documents and Settings\hadfielj\My Documents\ePublisher Pro Projects\caIntegrator2\Output\WebWorks Help 5.0\caIntegrator2\CreatingNewStudy.3.12.html" stylename="" />
  <Split groupID="90EF621B7D4D68AA" documentID="2BA840959DAA1DEC" id="1077698" position="13" documentstartposition="182" documentendposition="206" title="Defining Survival Values" path="C:\Documents and Settings\hadfielj\My Documents\ePublisher Pro Projects\caIntegrator2\Output\WebWorks Help 5.0\caIntegrator2\CreatingNewStudy.3.13.html" stylename="" />
  <Split groupID="90EF621B7D4D68AA" documentID="2BA840959DAA1DEC" id="1076975" position="14" documentstartposition="207" documentendposition="238" title="Adding/Editing Genomic Data" path="C:\Documents and Settings\hadfielj\My Documents\ePublisher Pro Projects\caIntegrator2\Output\WebWorks Help 5.0\caIntegrator2\CreatingNewStudy.3.14.html" stylename="" />
  <Split groupID="90EF621B7D4D68AA" documentID="2BA840959DAA1DEC" id="1081247" position="15" documentstartposition="239" documentendposition="261" title="Mapping Genomic Data to Subject Annotation Data" path="C:\Documents and Settings\hadfielj\My Documents\ePublisher Pro Projects\caIntegrator2\Output\WebWorks Help 5.0\caIntegrator2\CreatingNewStudy.3.15.html" stylename="" />
  <Split groupID="90EF621B7D4D68AA" documentID="2BA840959DAA1DEC" id="1080249" position="16" documentstartposition="262" documentendposition="273" title="Uploading Control Samples " path="C:\Documents and Settings\hadfielj\My Documents\ePublisher Pro Projects\caIntegrator2\Output\WebWorks Help 5.0\caIntegrator2\CreatingNewStudy.3.16.html" stylename="" />
  <Split groupID="90EF621B7D4D68AA" documentID="2BA840959DAA1DEC" id="1089873" position="17" documentstartposition="274" documentendposition="289" title="Configuring Copy Number Data" path="C:\Documents and Settings\hadfielj\My Documents\ePublisher Pro Projects\caIntegrator2\Output\WebWorks Help 5.0\caIntegrator2\CreatingNewStudy.3.17.html" stylename="" />
  <Split groupID="90EF621B7D4D68AA" documentID="2BA840959DAA1DEC" id="1151070" position="18" documentstartposition="290" documentendposition="294" title="Working with Imaging Data" path="C:\Documents and Settings\hadfielj\My Documents\ePublisher Pro Projects\caIntegrator2\Output\WebWorks Help 5.0\caIntegrator2\CreatingNewStudy.3.18.html" stylename="" />
  <Split groupID="90EF621B7D4D68AA" documentID="2BA840959DAA1DEC" id="1150641" position="19" documentstartposition="295" documentendposition="314" title="Adding or Editing Imaging Files from NBIA " path="C:\Documents and Settings\hadfielj\My Documents\ePublisher Pro Projects\caIntegrator2\Output\WebWorks Help 5.0\caIntegrator2\CreatingNewStudy.3.19.html" stylename="" />
  <Split groupID="90EF621B7D4D68AA" documentID="2BA840959DAA1DEC" id="1150681" position="20" documentstartposition="315" documentendposition="333" title="Adding or Editing Image Annotations" path="C:\Documents and Settings\hadfielj\My Documents\ePublisher Pro Projects\caIntegrator2\Output\WebWorks Help 5.0\caIntegrator2\CreatingNewStudy.3.20.html" stylename="" />
  <Split groupID="90EF621B7D4D68AA" documentID="2BA840959DAA1DEC" id="1149456" position="21" documentstartposition="334" documentendposition="346" title="Adding External Links" path="C:\Documents and Settings\hadfielj\My Documents\ePublisher Pro Projects\caIntegrator2\Output\WebWorks Help 5.0\caIntegrator2\CreatingNewStudy.3.21.html" stylename="" />
  <Split groupID="90EF621B7D4D68AA" documentID="2BA840959DAA1DEC" id="1126457" position="22" documentstartposition="347" documentendposition="349" title="Deploying the Study" path="C:\Documents and Settings\hadfielj\My Documents\ePublisher Pro Projects\caIntegrator2\Output\WebWorks Help 5.0\caIntegrator2\CreatingNewStudy.3.22.html" stylename="" />
  <Split groupID="90EF621B7D4D68AA" documentID="2BA840959DAA1DEC" id="1076280" position="23" documentstartposition="350" documentendposition="366" title="Managing a Study" path="C:\Documents and Settings\hadfielj\My Documents\ePublisher Pro Projects\caIntegrator2\Output\WebWorks Help 5.0\caIntegrator2\CreatingNewStudy.3.23.html" stylename="" />
  <Split groupID="90EF621B7D4D68AA" documentID="2BA840959DAA1DEC" id="1078043" position="24" documentstartposition="367" documentendposition="383" title="Managing Platforms" path="C:\Documents and Settings\hadfielj\My Documents\ePublisher Pro Projects\caIntegrator2\Output\WebWorks Help 5.0\caIntegrator2\CreatingNewStudy.3.24.html" stylename="" />
  <Split groupID="90EF621B7D4D68AA" documentID="B0F2BB9FD33BADF6" id="1070912" position="1" documentstartposition="3" documentendposition="8" title="Searching a caIntegrator Study" path="C:\Documents and Settings\hadfielj\My Documents\ePublisher Pro Projects\caIntegrator2\Output\WebWorks Help 5.0\caIntegrator2\SearchingWithinAStudy.4.1.html" stylename="" />
  <Split groupID="90EF621B7D4D68AA" documentID="B0F2BB9FD33BADF6" id="1074226" position="2" documentstartposition="9" documentendposition="26" title="Search Overview" path="C:\Documents and Settings\hadfielj\My Documents\ePublisher Pro Projects\caIntegrator2\Output\WebWorks Help 5.0\caIntegrator2\SearchingWithinAStudy.4.2.html" stylename="" />
  <Split groupID="90EF621B7D4D68AA" documentID="B0F2BB9FD33BADF6" id="1074305" position="3" documentstartposition="27" documentendposition="53" title="Searching a Study" path="C:\Documents and Settings\hadfielj\My Documents\ePublisher Pro Projects\caIntegrator2\Output\WebWorks Help 5.0\caIntegrator2\SearchingWithinAStudy.4.3.html" stylename="" />
  <Split groupID="90EF621B7D4D68AA" documentID="B0F2BB9FD33BADF6" id="1094071" position="4" documentstartposition="54" documentendposition="67" title="Annotation and Image Data Searches" path="C:\Documents and Settings\hadfielj\My Documents\ePublisher Pro Projects\caIntegrator2\Output\WebWorks Help 5.0\caIntegrator2\SearchingWithinAStudy.4.4.html" stylename="" />
  <Split groupID="90EF621B7D4D68AA" documentID="B0F2BB9FD33BADF6" id="1083219" position="5" documentstartposition="68" documentendposition="85" title="Gene Expression Data Searches" path="C:\Documents and Settings\hadfielj\My Documents\ePublisher Pro Projects\caIntegrator2\Output\WebWorks Help 5.0\caIntegrator2\SearchingWithinAStudy.4.5.html" stylename="" />
  <Split groupID="90EF621B7D4D68AA" documentID="B0F2BB9FD33BADF6" id="1093877" position="6" documentstartposition="86" documentendposition="105" title="Copy Number Searches" path="C:\Documents and Settings\hadfielj\My Documents\ePublisher Pro Projects\caIntegrator2\Output\WebWorks Help 5.0\caIntegrator2\SearchingWithinAStudy.4.6.html" stylename="" />
  <Split groupID="90EF621B7D4D68AA" documentID="B0F2BB9FD33BADF6" id="1094688" position="7" documentstartposition="106" documentendposition="129" title="Continue with step 4 in Searching a Study.Choosing Genes" path="C:\Documents and Settings\hadfielj\My Documents\ePublisher Pro Projects\caIntegrator2\Output\WebWorks Help 5.0\caIntegrator2\SearchingWithinAStudy.4.7.html" stylename="">
    <Frame groupID="90EF621B7D4D68AA" documentID="B0F2BB9FD33BADF6" id="1094294" stylename="Default" position="1" title="caBIO icon" path="C:\Documents and Settings\hadfielj\My Documents\ePublisher Pro Projects\caIntegrator2\Output\WebWorks Help 5.0\caIntegrator2\images\SearchingWithinAStudy.4.7.1.jpg">
      <Thumbnail path="C:\Documents and Settings\hadfielj\My Documents\ePublisher Pro Projects\caIntegrator2\Output\WebWorks Help 5.0\caIntegrator2\images\SearchingWithinAStudy.4.7.1_thumb.jpg" />
      <Wrapper groupID="90EF621B7D4D68AA" documentID="B0F2BB9FD33BADF6" stylename="" path="C:\Documents and Settings\hadfielj\My Documents\ePublisher Pro Projects\caIntegrator2\Output\WebWorks Help 5.0\caIntegrator2\images\SearchingWithinAStudy.4.7.1.html" />
      <Description path="C:\Documents and Settings\hadfielj\My Documents\ePublisher Pro Projects\caIntegrator2\Output\WebWorks Help 5.0\caIntegrator2\images\SearchingWithinAStudy.4.7.1.txt" />
    </Frame>
    <Frame groupID="90EF621B7D4D68AA" documentID="B0F2BB9FD33BADF6" id="1094325" stylename="Default" position="2" title="gene list icon" path="C:\Documents and Settings\hadfielj\My Documents\ePublisher Pro Projects\caIntegrator2\Output\WebWorks Help 5.0\caIntegrator2\images\SearchingWithinAStudy.4.7.2.jpg">
      <Thumbnail path="C:\Documents and Settings\hadfielj\My Documents\ePublisher Pro Projects\caIntegrator2\Output\WebWorks Help 5.0\caIntegrator2\images\SearchingWithinAStudy.4.7.2_thumb.jpg" />
      <Wrapper groupID="90EF621B7D4D68AA" documentID="B0F2BB9FD33BADF6" stylename="" path="C:\Documents and Settings\hadfielj\My Documents\ePublisher Pro Projects\caIntegrator2\Output\WebWorks Help 5.0\caIntegrator2\images\SearchingWithinAStudy.4.7.2.html" />
      <Description path="C:\Documents and Settings\hadfielj\My Documents\ePublisher Pro Projects\caIntegrator2\Output\WebWorks Help 5.0\caIntegrator2\images\SearchingWithinAStudy.4.7.2.txt" />
    </Frame>
  </Split>
  <Split groupID="90EF621B7D4D68AA" documentID="B0F2BB9FD33BADF6" id="1094276" position="8" documentstartposition="130" documentendposition="132" title="Query Results" path="C:\Documents and Settings\hadfielj\My Documents\ePublisher Pro Projects\caIntegrator2\Output\WebWorks Help 5.0\caIntegrator2\SearchingWithinAStudy.4.8.html" stylename="" />
  <Split groupID="90EF621B7D4D68AA" documentID="B0F2BB9FD33BADF6" id="1089375" position="9" documentstartposition="133" documentendposition="154" title="Results Type Tab" path="C:\Documents and Settings\hadfielj\My Documents\ePublisher Pro Projects\caIntegrator2\Output\WebWorks Help 5.0\caIntegrator2\SearchingWithinAStudy.4.9.html" stylename="" />
  <Split groupID="90EF621B7D4D68AA" documentID="B0F2BB9FD33BADF6" id="1089355" position="10" documentstartposition="155" documentendposition="168" title="Sorting Tab" path="C:\Documents and Settings\hadfielj\My Documents\ePublisher Pro Projects\caIntegrator2\Output\WebWorks Help 5.0\caIntegrator2\SearchingWithinAStudy.4.10.html" stylename="" />
  <Split groupID="90EF621B7D4D68AA" documentID="B0F2BB9FD33BADF6" id="1077751" position="11" documentstartposition="169" documentendposition="174" title="Managing Queries" path="C:\Documents and Settings\hadfielj\My Documents\ePublisher Pro Projects\caIntegrator2\Output\WebWorks Help 5.0\caIntegrator2\SearchingWithinAStudy.4.11.html" stylename="" />
  <Split groupID="90EF621B7D4D68AA" documentID="B0F2BB9FD33BADF6" id="1075754" position="12" documentstartposition="175" documentendposition="183" title="Saving a Query " path="C:\Documents and Settings\hadfielj\My Documents\ePublisher Pro Projects\caIntegrator2\Output\WebWorks Help 5.0\caIntegrator2\SearchingWithinAStudy.4.12.html" stylename="" />
  <Split groupID="90EF621B7D4D68AA" documentID="B0F2BB9FD33BADF6" id="1075748" position="13" documentstartposition="184" documentendposition="193" title="Editing a Query" path="C:\Documents and Settings\hadfielj\My Documents\ePublisher Pro Projects\caIntegrator2\Output\WebWorks Help 5.0\caIntegrator2\SearchingWithinAStudy.4.13.html" stylename="">
    <Frame groupID="90EF621B7D4D68AA" documentID="B0F2BB9FD33BADF6" id="1081420" stylename="Default" position="1" title="Edit icon" path="C:\Documents and Settings\hadfielj\My Documents\ePublisher Pro Projects\caIntegrator2\Output\WebWorks Help 5.0\caIntegrator2\images\SearchingWithinAStudy.4.13.1.jpg">
      <Thumbnail path="C:\Documents and Settings\hadfielj\My Documents\ePublisher Pro Projects\caIntegrator2\Output\WebWorks Help 5.0\caIntegrator2\images\SearchingWithinAStudy.4.13.1_thumb.jpg" />
      <Wrapper groupID="90EF621B7D4D68AA" documentID="B0F2BB9FD33BADF6" stylename="" path="C:\Documents and Settings\hadfielj\My Documents\ePublisher Pro Projects\caIntegrator2\Output\WebWorks Help 5.0\caIntegrator2\images\SearchingWithinAStudy.4.13.1.html" />
      <Description path="C:\Documents and Settings\hadfielj\My Documents\ePublisher Pro Projects\caIntegrator2\Output\WebWorks Help 5.0\caIntegrator2\images\SearchingWithinAStudy.4.13.1.txt" />
    </Frame>
  </Split>
  <Split groupID="90EF621B7D4D68AA" documentID="B0F2BB9FD33BADF6" id="1073510" position="14" documentstartposition="194" documentendposition="197" title="Exporting Query Results" path="C:\Documents and Settings\hadfielj\My Documents\ePublisher Pro Projects\caIntegrator2\Output\WebWorks Help 5.0\caIntegrator2\SearchingWithinAStudy.4.14.html" stylename="" />
  <Split groupID="90EF621B7D4D68AA" documentID="A6EC6A7F42E8B2C" id="1052621" position="1" documentstartposition="3" documentendposition="7" title="Viewing Query Results" path="C:\Documents and Settings\hadfielj\My Documents\ePublisher Pro Projects\caIntegrator2\Output\WebWorks Help 5.0\caIntegrator2\View Search Results.5.1.html" stylename="" />
  <Split groupID="90EF621B7D4D68AA" documentID="A6EC6A7F42E8B2C" id="1167812" position="2" documentstartposition="8" documentendposition="15" title="Query Results Overview" path="C:\Documents and Settings\hadfielj\My Documents\ePublisher Pro Projects\caIntegrator2\Output\WebWorks Help 5.0\caIntegrator2\View Search Results.5.2.html" stylename="" />
  <Split groupID="90EF621B7D4D68AA" documentID="A6EC6A7F42E8B2C" id="1159038" position="3" documentstartposition="16" documentendposition="20" title="Browsing Query Results" path="C:\Documents and Settings\hadfielj\My Documents\ePublisher Pro Projects\caIntegrator2\Output\WebWorks Help 5.0\caIntegrator2\View Search Results.5.3.html" stylename="" />
  <Split groupID="90EF621B7D4D68AA" documentID="A6EC6A7F42E8B2C" id="1163763" position="4" documentstartposition="21" documentendposition="26" title="Subject Annotation and Imaging Data" path="C:\Documents and Settings\hadfielj\My Documents\ePublisher Pro Projects\caIntegrator2\Output\WebWorks Help 5.0\caIntegrator2\View Search Results.5.4.html" stylename="" />
  <Split groupID="90EF621B7D4D68AA" documentID="A6EC6A7F42E8B2C" id="1197027" position="5" documentstartposition="27" documentendposition="42" title="Gene Expression Data" path="C:\Documents and Settings\hadfielj\My Documents\ePublisher Pro Projects\caIntegrator2\Output\WebWorks Help 5.0\caIntegrator2\View Search Results.5.5.html" stylename="">
    <Frame groupID="90EF621B7D4D68AA" documentID="A6EC6A7F42E8B2C" id="1187887" stylename="Default" position="1" title="icon for opening CGAP" path="C:\Documents and Settings\hadfielj\My Documents\ePublisher Pro Projects\caIntegrator2\Output\WebWorks Help 5.0\caIntegrator2\images\View Search Results.5.5.1.jpg">
      <Thumbnail path="C:\Documents and Settings\hadfielj\My Documents\ePublisher Pro Projects\caIntegrator2\Output\WebWorks Help 5.0\caIntegrator2\images\View Search Results.5.5.1_thumb.jpg" />
      <Wrapper groupID="90EF621B7D4D68AA" documentID="A6EC6A7F42E8B2C" stylename="" path="C:\Documents and Settings\hadfielj\My Documents\ePublisher Pro Projects\caIntegrator2\Output\WebWorks Help 5.0\caIntegrator2\images\View Search Results.5.5.1.html" />
      <Description path="C:\Documents and Settings\hadfielj\My Documents\ePublisher Pro Projects\caIntegrator2\Output\WebWorks Help 5.0\caIntegrator2\images\View Search Results.5.5.1.txt" />
    </Frame>
  </Split>
  <Split groupID="90EF621B7D4D68AA" documentID="A6EC6A7F42E8B2C" id="1193020" position="6" documentstartposition="43" documentendposition="49" title="Copy Number Data" path="C:\Documents and Settings\hadfielj\My Documents\ePublisher Pro Projects\caIntegrator2\Output\WebWorks Help 5.0\caIntegrator2\View Search Results.5.6.html" stylename="" />
  <Split groupID="90EF621B7D4D68AA" documentID="A6EC6A7F42E8B2C" id="1194912" position="7" documentstartposition="50" documentendposition="68" title="Creating a Gene or Subject List" path="C:\Documents and Settings\hadfielj\My Documents\ePublisher Pro Projects\caIntegrator2\Output\WebWorks Help 5.0\caIntegrator2\View Search Results.5.7.html" stylename="" />
  <Split groupID="90EF621B7D4D68AA" documentID="A6EC6A7F42E8B2C" id="1193029" position="8" documentstartposition="69" documentendposition="93" title="Choosing Genes" path="C:\Documents and Settings\hadfielj\My Documents\ePublisher Pro Projects\caIntegrator2\Output\WebWorks Help 5.0\caIntegrator2\View Search Results.5.8.html" stylename="">
    <Frame groupID="90EF621B7D4D68AA" documentID="A6EC6A7F42E8B2C" id="1193034" stylename="Default" position="1" title="caBIO icon" path="C:\Documents and Settings\hadfielj\My Documents\ePublisher Pro Projects\caIntegrator2\Output\WebWorks Help 5.0\caIntegrator2\images\View Search Results.5.8.1.jpg">
      <Thumbnail path="C:\Documents and Settings\hadfielj\My Documents\ePublisher Pro Projects\caIntegrator2\Output\WebWorks Help 5.0\caIntegrator2\images\View Search Results.5.8.1_thumb.jpg" />
      <Wrapper groupID="90EF621B7D4D68AA" documentID="A6EC6A7F42E8B2C" stylename="" path="C:\Documents and Settings\hadfielj\My Documents\ePublisher Pro Projects\caIntegrator2\Output\WebWorks Help 5.0\caIntegrator2\images\View Search Results.5.8.1.html" />
      <Description path="C:\Documents and Settings\hadfielj\My Documents\ePublisher Pro Projects\caIntegrator2\Output\WebWorks Help 5.0\caIntegrator2\images\View Search Results.5.8.1.txt" />
    </Frame>
    <Frame groupID="90EF621B7D4D68AA" documentID="A6EC6A7F42E8B2C" id="1193065" stylename="Default" position="2" title="gene list icon" path="C:\Documents and Settings\hadfielj\My Documents\ePublisher Pro Projects\caIntegrator2\Output\WebWorks Help 5.0\caIntegrator2\images\View Search Results.5.8.2.jpg">
      <Thumbnail path="C:\Documents and Settings\hadfielj\My Documents\ePublisher Pro Projects\caIntegrator2\Output\WebWorks Help 5.0\caIntegrator2\images\View Search Results.5.8.2_thumb.jpg" />
      <Wrapper groupID="90EF621B7D4D68AA" documentID="A6EC6A7F42E8B2C" stylename="" path="C:\Documents and Settings\hadfielj\My Documents\ePublisher Pro Projects\caIntegrator2\Output\WebWorks Help 5.0\caIntegrator2\images\View Search Results.5.8.2.html" />
      <Description path="C:\Documents and Settings\hadfielj\My Documents\ePublisher Pro Projects\caIntegrator2\Output\WebWorks Help 5.0\caIntegrator2\images\View Search Results.5.8.2.txt" />
    </Frame>
  </Split>
  <Split groupID="90EF621B7D4D68AA" documentID="A6EC6A7F42E8B2C" id="1183103" position="9" documentstartposition="94" documentendposition="106" title="Editing a Gene or Subject List" path="C:\Documents and Settings\hadfielj\My Documents\ePublisher Pro Projects\caIntegrator2\Output\WebWorks Help 5.0\caIntegrator2\View Search Results.5.9.html" stylename="">
    <Frame groupID="90EF621B7D4D68AA" documentID="A6EC6A7F42E8B2C" id="1187791" stylename="Default" position="1" title="gene list icon" path="C:\Documents and Settings\hadfielj\My Documents\ePublisher Pro Projects\caIntegrator2\Output\WebWorks Help 5.0\caIntegrator2\images\View Search Results.5.9.1.jpg">
      <Thumbnail path="C:\Documents and Settings\hadfielj\My Documents\ePublisher Pro Projects\caIntegrator2\Output\WebWorks Help 5.0\caIntegrator2\images\View Search Results.5.9.1_thumb.jpg" />
      <Wrapper groupID="90EF621B7D4D68AA" documentID="A6EC6A7F42E8B2C" stylename="" path="C:\Documents and Settings\hadfielj\My Documents\ePublisher Pro Projects\caIntegrator2\Output\WebWorks Help 5.0\caIntegrator2\images\View Search Results.5.9.1.html" />
      <Description path="C:\Documents and Settings\hadfielj\My Documents\ePublisher Pro Projects\caIntegrator2\Output\WebWorks Help 5.0\caIntegrator2\images\View Search Results.5.9.1.txt" />
    </Frame>
    <Frame groupID="90EF621B7D4D68AA" documentID="A6EC6A7F42E8B2C" id="1187777" stylename="Default" position="2" title="gene icon that opens CGAP" path="C:\Documents and Settings\hadfielj\My Documents\ePublisher Pro Projects\caIntegrator2\Output\WebWorks Help 5.0\caIntegrator2\images\View Search Results.5.9.2.jpg">
      <Thumbnail path="C:\Documents and Settings\hadfielj\My Documents\ePublisher Pro Projects\caIntegrator2\Output\WebWorks Help 5.0\caIntegrator2\images\View Search Results.5.9.2_thumb.jpg" />
      <Wrapper groupID="90EF621B7D4D68AA" documentID="A6EC6A7F42E8B2C" stylename="" path="C:\Documents and Settings\hadfielj\My Documents\ePublisher Pro Projects\caIntegrator2\Output\WebWorks Help 5.0\caIntegrator2\images\View Search Results.5.9.2.html" />
      <Description path="C:\Documents and Settings\hadfielj\My Documents\ePublisher Pro Projects\caIntegrator2\Output\WebWorks Help 5.0\caIntegrator2\images\View Search Results.5.9.2.txt" />
    </Frame>
    <Frame groupID="90EF621B7D4D68AA" documentID="A6EC6A7F42E8B2C" id="1187799" stylename="Default" position="3" title="edit icon" path="C:\Documents and Settings\hadfielj\My Documents\ePublisher Pro Projects\caIntegrator2\Output\WebWorks Help 5.0\caIntegrator2\images\View Search Results.5.9.3.jpg">
      <Thumbnail path="C:\Documents and Settings\hadfielj\My Documents\ePublisher Pro Projects\caIntegrator2\Output\WebWorks Help 5.0\caIntegrator2\images\View Search Results.5.9.3_thumb.jpg" />
      <Wrapper groupID="90EF621B7D4D68AA" documentID="A6EC6A7F42E8B2C" stylename="" path="C:\Documents and Settings\hadfielj\My Documents\ePublisher Pro Projects\caIntegrator2\Output\WebWorks Help 5.0\caIntegrator2\images\View Search Results.5.9.3.html" />
      <Description path="C:\Documents and Settings\hadfielj\My Documents\ePublisher Pro Projects\caIntegrator2\Output\WebWorks Help 5.0\caIntegrator2\images\View Search Results.5.9.3.txt" />
    </Frame>
  </Split>
  <Split groupID="90EF621B7D4D68AA" documentID="A6EC6A7F42E8B2C" id="1193608" position="10" documentstartposition="107" documentendposition="115" title="Editing a GISTIC Analysis" path="C:\Documents and Settings\hadfielj\My Documents\ePublisher Pro Projects\caIntegrator2\Output\WebWorks Help 5.0\caIntegrator2\View Search Results.5.10.html" stylename="" />
  <Split groupID="90EF621B7D4D68AA" documentID="A6EC6A7F42E8B2C" id="1182738" position="11" documentstartposition="116" documentendposition="128" title="Expanding Imaging Data Results" path="C:\Documents and Settings\hadfielj\My Documents\ePublisher Pro Projects\caIntegrator2\Output\WebWorks Help 5.0\caIntegrator2\View Search Results.5.11.html" stylename="" />
  <Split groupID="90EF621B7D4D68AA" documentID="A6EC6A7F42E8B2C" id="1164464" position="12" documentstartposition="129" documentendposition="134" title=" caIntegrator and NBIA" path="C:\Documents and Settings\hadfielj\My Documents\ePublisher Pro Projects\caIntegrator2\Output\WebWorks Help 5.0\caIntegrator2\View Search Results.5.12.html" stylename="" />
  <Split groupID="90EF621B7D4D68AA" documentID="A6EC6A7F42E8B2C" id="1170682" position="13" documentstartposition="135" documentendposition="142" title="Retrieving Dicom Images" path="C:\Documents and Settings\hadfielj\My Documents\ePublisher Pro Projects\caIntegrator2\Output\WebWorks Help 5.0\caIntegrator2\View Search Results.5.13.html" stylename="" />
  <Split groupID="90EF621B7D4D68AA" documentID="A6EC6A7F42E8B2C" id="1171479" position="14" documentstartposition="143" documentendposition="158" title="Example of Retrieving Images:" path="C:\Documents and Settings\hadfielj\My Documents\ePublisher Pro Projects\caIntegrator2\Output\WebWorks Help 5.0\caIntegrator2\View Search Results.5.14.html" stylename="" />
  <Split groupID="90EF621B7D4D68AA" documentID="A6EC6A7F42E8B2C" id="1168577" position="15" documentstartposition="159" documentendposition="177" title="Relationship of Patient to Study to Series to Images" path="C:\Documents and Settings\hadfielj\My Documents\ePublisher Pro Projects\caIntegrator2\Output\WebWorks Help 5.0\caIntegrator2\View Search Results.5.15.html" stylename="" />
  <Split groupID="90EF621B7D4D68AA" documentID="A6EC6A7F42E8B2C" id="1162538" position="16" documentstartposition="178" documentendposition="181" title="Exporting Data" path="C:\Documents and Settings\hadfielj\My Documents\ePublisher Pro Projects\caIntegrator2\Output\WebWorks Help 5.0\caIntegrator2\View Search Results.5.16.html" stylename="" />
  <Split groupID="90EF621B7D4D68AA" documentID="102457BB43635578" id="1070912" position="1" documentstartposition="3" documentendposition="9" title="Analyzing Studies" path="C:\Documents and Settings\hadfielj\My Documents\ePublisher Pro Projects\caIntegrator2\Output\WebWorks Help 5.0\caIntegrator2\PerformingAnalysis.6.1.html" stylename="" />
  <Split groupID="90EF621B7D4D68AA" documentID="102457BB43635578" id="1120890" position="2" documentstartposition="10" documentendposition="17" title="Data Analysis Overview" path="C:\Documents and Settings\hadfielj\My Documents\ePublisher Pro Projects\caIntegrator2\Output\WebWorks Help 5.0\caIntegrator2\PerformingAnalysis.6.2.html" stylename="" />
  <Split groupID="90EF621B7D4D68AA" documentID="102457BB43635578" id="1084273" position="3" documentstartposition="18" documentendposition="26" title="Creating Kaplan-Meier Plots" path="C:\Documents and Settings\hadfielj\My Documents\ePublisher Pro Projects\caIntegrator2\Output\WebWorks Help 5.0\caIntegrator2\PerformingAnalysis.6.3.html" stylename="" />
  <Split groupID="90EF621B7D4D68AA" documentID="102457BB43635578" id="1073490" position="4" documentstartposition="27" documentendposition="45" title="K-M Plot for Annotations" path="C:\Documents and Settings\hadfielj\My Documents\ePublisher Pro Projects\caIntegrator2\Output\WebWorks Help 5.0\caIntegrator2\PerformingAnalysis.6.4.html" stylename="" />
  <Split groupID="90EF621B7D4D68AA" documentID="102457BB43635578" id="1080238" position="5" documentstartposition="46" documentendposition="59" title="K-M Plot for Gene Expression" path="C:\Documents and Settings\hadfielj\My Documents\ePublisher Pro Projects\caIntegrator2\Output\WebWorks Help 5.0\caIntegrator2\PerformingAnalysis.6.5.html" stylename="" />
  <Split groupID="90EF621B7D4D68AA" documentID="102457BB43635578" id="1145816" position="6" documentstartposition="60" documentendposition="68" title="KM Plot from Gene Expression Data Display " path="C:\Documents and Settings\hadfielj\My Documents\ePublisher Pro Projects\caIntegrator2\Output\WebWorks Help 5.0\caIntegrator2\PerformingAnalysis.6.6.html" stylename="" />
  <Split groupID="90EF621B7D4D68AA" documentID="102457BB43635578" id="1073776" position="7" documentstartposition="69" documentendposition="81" title="K-M Plot for Queries and Saved Lists" path="C:\Documents and Settings\hadfielj\My Documents\ePublisher Pro Projects\caIntegrator2\Output\WebWorks Help 5.0\caIntegrator2\PerformingAnalysis.6.7.html" stylename="" />
  <Split groupID="90EF621B7D4D68AA" documentID="102457BB43635578" id="1145870" position="8" documentstartposition="82" documentendposition="90" title="K-M Plot for Queries Display" path="C:\Documents and Settings\hadfielj\My Documents\ePublisher Pro Projects\caIntegrator2\Output\WebWorks Help 5.0\caIntegrator2\PerformingAnalysis.6.8.html" stylename="" />
  <Split groupID="90EF621B7D4D68AA" documentID="102457BB43635578" id="1082800" position="9" documentstartposition="91" documentendposition="97" title="Creating Gene Expression Plots" path="C:\Documents and Settings\hadfielj\My Documents\ePublisher Pro Projects\caIntegrator2\Output\WebWorks Help 5.0\caIntegrator2\PerformingAnalysis.6.9.html" stylename="" />
  <Split groupID="90EF621B7D4D68AA" documentID="102457BB43635578" id="1084201" position="10" documentstartposition="98" documentendposition="118" title="Gene Expression Value Plot for Annotation" path="C:\Documents and Settings\hadfielj\My Documents\ePublisher Pro Projects\caIntegrator2\Output\WebWorks Help 5.0\caIntegrator2\PerformingAnalysis.6.10.html" stylename="" />
  <Split groupID="90EF621B7D4D68AA" documentID="102457BB43635578" id="1145905" position="11" documentstartposition="119" documentendposition="128" title="Gene Expression Plot for Annotation Display" path="C:\Documents and Settings\hadfielj\My Documents\ePublisher Pro Projects\caIntegrator2\Output\WebWorks Help 5.0\caIntegrator2\PerformingAnalysis.6.11.html" stylename="" />
  <Split groupID="90EF621B7D4D68AA" documentID="102457BB43635578" id="1083368" position="12" documentstartposition="129" documentendposition="147" title="Gene Expression Value Plot for Genomic Queries" path="C:\Documents and Settings\hadfielj\My Documents\ePublisher Pro Projects\caIntegrator2\Output\WebWorks Help 5.0\caIntegrator2\PerformingAnalysis.6.12.html" stylename="" />
  <Split groupID="90EF621B7D4D68AA" documentID="102457BB43635578" id="1077378" position="13" documentstartposition="148" documentendposition="168" title="Gene Expression Value Plot for Annotation and Saved List Queries" path="C:\Documents and Settings\hadfielj\My Documents\ePublisher Pro Projects\caIntegrator2\Output\WebWorks Help 5.0\caIntegrator2\PerformingAnalysis.6.13.html" stylename="" />
  <Split groupID="90EF621B7D4D68AA" documentID="102457BB43635578" id="1145959" position="14" documentstartposition="169" documentendposition="178" title="Gene Expression Plot for Saved Queries Display" path="C:\Documents and Settings\hadfielj\My Documents\ePublisher Pro Projects\caIntegrator2\Output\WebWorks Help 5.0\caIntegrator2\PerformingAnalysis.6.14.html" stylename="" />
  <Split groupID="90EF621B7D4D68AA" documentID="102457BB43635578" id="1088652" position="15" documentstartposition="179" documentendposition="197" title="Understanding a Gene Expression Plot" path="C:\Documents and Settings\hadfielj\My Documents\ePublisher Pro Projects\caIntegrator2\Output\WebWorks Help 5.0\caIntegrator2\PerformingAnalysis.6.15.html" stylename="">
    <Frame groupID="90EF621B7D4D68AA" documentID="102457BB43635578" id="1088670" stylename="Default" position="1" title="screen shot of a gene expression plot calculating the mean of the data" byref="true" source="C:\Documents and Settings\hadfielj\My Documents\CBIIT Projects\caIntegrator2\caI 1.2\caI2 images\plot type mean.gif" path="C:\Documents and Settings\hadfielj\My Documents\ePublisher Pro Projects\caIntegrator2\Output\WebWorks Help 5.0\caIntegrator2\images\plot type mean.gif">
      <Thumbnail path="C:\Documents and Settings\hadfielj\My Documents\ePublisher Pro Projects\caIntegrator2\Output\WebWorks Help 5.0\caIntegrator2\images\plot type mean_thumb.gif" />
      <Wrapper groupID="90EF621B7D4D68AA" documentID="102457BB43635578" stylename="" path="C:\Documents and Settings\hadfielj\My Documents\ePublisher Pro Projects\caIntegrator2\Output\WebWorks Help 5.0\caIntegrator2\images\plot type mean.html" />
      <Description path="C:\Documents and Settings\hadfielj\My Documents\ePublisher Pro Projects\caIntegrator2\Output\WebWorks Help 5.0\caIntegrator2\images\plot type mean.txt" />
    </Frame>
    <Frame groupID="90EF621B7D4D68AA" documentID="102457BB43635578" id="1088793" stylename="Default" position="2" title="screen shot of a gene expression plot calculating the median of the data" byref="true" source="C:\Documents and Settings\hadfielj\My Documents\CBIIT Projects\caIntegrator2\caI 1.2\caI2 images\plot type median.gif" path="C:\Documents and Settings\hadfielj\My Documents\ePublisher Pro Projects\caIntegrator2\Output\WebWorks Help 5.0\caIntegrator2\images\plot type median.gif">
      <Thumbnail path="C:\Documents and Settings\hadfielj\My Documents\ePublisher Pro Projects\caIntegrator2\Output\WebWorks Help 5.0\caIntegrator2\images\plot type median_thumb.gif" />
      <Wrapper groupID="90EF621B7D4D68AA" documentID="102457BB43635578" stylename="" path="C:\Documents and Settings\hadfielj\My Documents\ePublisher Pro Projects\caIntegrator2\Output\WebWorks Help 5.0\caIntegrator2\images\plot type median.html" />
      <Description path="C:\Documents and Settings\hadfielj\My Documents\ePublisher Pro Projects\caIntegrator2\Output\WebWorks Help 5.0\caIntegrator2\images\plot type median.txt" />
    </Frame>
    <Frame groupID="90EF621B7D4D68AA" documentID="102457BB43635578" id="1088850" stylename="Default" position="3" title="screen shot of a gene expression plot calculating the log2 intensity values of the data" byref="true" source="C:\Documents and Settings\hadfielj\My Documents\CBIIT Projects\caIntegrator2\caI 1.2\caI2 images\plot type log2 intensity.gif" path="C:\Documents and Settings\hadfielj\My Documents\ePublisher Pro Projects\caIntegrator2\Output\WebWorks Help 5.0\caIntegrator2\images\plot type log2 intensity.gif">
      <Thumbnail path="C:\Documents and Settings\hadfielj\My Documents\ePublisher Pro Projects\caIntegrator2\Output\WebWorks Help 5.0\caIntegrator2\images\plot type log2 intensity_thumb.gif" />
      <Wrapper groupID="90EF621B7D4D68AA" documentID="102457BB43635578" stylename="" path="C:\Documents and Settings\hadfielj\My Documents\ePublisher Pro Projects\caIntegrator2\Output\WebWorks Help 5.0\caIntegrator2\images\plot type log2 intensity.html" />
      <Description path="C:\Documents and Settings\hadfielj\My Documents\ePublisher Pro Projects\caIntegrator2\Output\WebWorks Help 5.0\caIntegrator2\images\plot type log2 intensity.txt" />
    </Frame>
    <Frame groupID="90EF621B7D4D68AA" documentID="102457BB43635578" id="1089190" stylename="Default" position="4" title="screen shot of a gene expression plot using box and whisker data display parameters" byref="true" source="C:\Documents and Settings\hadfielj\My Documents\CBIIT Projects\caIntegrator2\caI 1.2\caI2 images\plot type box and whisker.gif" path="C:\Documents and Settings\hadfielj\My Documents\ePublisher Pro Projects\caIntegrator2\Output\WebWorks Help 5.0\caIntegrator2\images\plot type box and whisker.gif">
      <Thumbnail path="C:\Documents and Settings\hadfielj\My Documents\ePublisher Pro Projects\caIntegrator2\Output\WebWorks Help 5.0\caIntegrator2\images\plot type box and whisker_thumb.gif" />
      <Wrapper groupID="90EF621B7D4D68AA" documentID="102457BB43635578" stylename="" path="C:\Documents and Settings\hadfielj\My Documents\ePublisher Pro Projects\caIntegrator2\Output\WebWorks Help 5.0\caIntegrator2\images\plot type box and whisker.html" />
      <Description path="C:\Documents and Settings\hadfielj\My Documents\ePublisher Pro Projects\caIntegrator2\Output\WebWorks Help 5.0\caIntegrator2\images\plot type box and whisker.txt" />
    </Frame>
    <Frame groupID="90EF621B7D4D68AA" documentID="102457BB43635578" id="1091406" stylename="Default" position="5" title="screen shot of a gene expression box and whisker plot showing outliers" byref="true" source="C:\Documents and Settings\hadfielj\My Documents\CBIIT Projects\caIntegrator2\caI 1.2\caI2 images\box and whisker w coins.gif" path="C:\Documents and Settings\hadfielj\My Documents\ePublisher Pro Projects\caIntegrator2\Output\WebWorks Help 5.0\caIntegrator2\images\box and whisker w coins.gif">
      <Thumbnail path="C:\Documents and Settings\hadfielj\My Documents\ePublisher Pro Projects\caIntegrator2\Output\WebWorks Help 5.0\caIntegrator2\images\box and whisker w coins_thumb.gif" />
      <Wrapper groupID="90EF621B7D4D68AA" documentID="102457BB43635578" stylename="" path="C:\Documents and Settings\hadfielj\My Documents\ePublisher Pro Projects\caIntegrator2\Output\WebWorks Help 5.0\caIntegrator2\images\box and whisker w coins.html" />
      <Description path="C:\Documents and Settings\hadfielj\My Documents\ePublisher Pro Projects\caIntegrator2\Output\WebWorks Help 5.0\caIntegrator2\images\box and whisker w coins.txt" />
    </Frame>
  </Split>
  <Split groupID="90EF621B7D4D68AA" documentID="102457BB43635578" id="1136516" position="16" documentstartposition="198" documentendposition="221" title="Choosing Genes" path="C:\Documents and Settings\hadfielj\My Documents\ePublisher Pro Projects\caIntegrator2\Output\WebWorks Help 5.0\caIntegrator2\PerformingAnalysis.6.16.html" stylename="">
    <Frame groupID="90EF621B7D4D68AA" documentID="102457BB43635578" id="1136521" stylename="Default" position="1" title="caBIO icon" path="C:\Documents and Settings\hadfielj\My Documents\ePublisher Pro Projects\caIntegrator2\Output\WebWorks Help 5.0\caIntegrator2\images\PerformingAnalysis.6.16.1.jpg">
      <Thumbnail path="C:\Documents and Settings\hadfielj\My Documents\ePublisher Pro Projects\caIntegrator2\Output\WebWorks Help 5.0\caIntegrator2\images\PerformingAnalysis.6.16.1_thumb.jpg" />
      <Wrapper groupID="90EF621B7D4D68AA" documentID="102457BB43635578" stylename="" path="C:\Documents and Settings\hadfielj\My Documents\ePublisher Pro Projects\caIntegrator2\Output\WebWorks Help 5.0\caIntegrator2\images\PerformingAnalysis.6.16.1.html" />
      <Description path="C:\Documents and Settings\hadfielj\My Documents\ePublisher Pro Projects\caIntegrator2\Output\WebWorks Help 5.0\caIntegrator2\images\PerformingAnalysis.6.16.1.txt" />
    </Frame>
    <Frame groupID="90EF621B7D4D68AA" documentID="102457BB43635578" id="1136552" stylename="Default" position="2" title="gene list icon" path="C:\Documents and Settings\hadfielj\My Documents\ePublisher Pro Projects\caIntegrator2\Output\WebWorks Help 5.0\caIntegrator2\images\PerformingAnalysis.6.16.2.jpg">
      <Thumbnail path="C:\Documents and Settings\hadfielj\My Documents\ePublisher Pro Projects\caIntegrator2\Output\WebWorks Help 5.0\caIntegrator2\images\PerformingAnalysis.6.16.2_thumb.jpg" />
      <Wrapper groupID="90EF621B7D4D68AA" documentID="102457BB43635578" stylename="" path="C:\Documents and Settings\hadfielj\My Documents\ePublisher Pro Projects\caIntegrator2\Output\WebWorks Help 5.0\caIntegrator2\images\PerformingAnalysis.6.16.2.html" />
      <Description path="C:\Documents and Settings\hadfielj\My Documents\ePublisher Pro Projects\caIntegrator2\Output\WebWorks Help 5.0\caIntegrator2\images\PerformingAnalysis.6.16.2.txt" />
    </Frame>
  </Split>
  <Split groupID="90EF621B7D4D68AA" documentID="102457BB43635578" id="1077363" position="17" documentstartposition="222" documentendposition="238" title="Analyzing Data with GenePattern" path="C:\Documents and Settings\hadfielj\My Documents\ePublisher Pro Projects\caIntegrator2\Output\WebWorks Help 5.0\caIntegrator2\PerformingAnalysis.6.17.html" stylename="" />
  <Split groupID="90EF621B7D4D68AA" documentID="102457BB43635578" id="1084841" position="18" documentstartposition="239" documentendposition="269" title="GenePattern Modules" path="C:\Documents and Settings\hadfielj\My Documents\ePublisher Pro Projects\caIntegrator2\Output\WebWorks Help 5.0\caIntegrator2\PerformingAnalysis.6.18.html" stylename="" />
  <Split groupID="90EF621B7D4D68AA" documentID="102457BB43635578" id="1084490" position="19" documentstartposition="270" documentendposition="287" title="Comparative Marker Selection (CMS) Analysis" path="C:\Documents and Settings\hadfielj\My Documents\ePublisher Pro Projects\caIntegrator2\Output\WebWorks Help 5.0\caIntegrator2\PerformingAnalysis.6.19.html" stylename="" />
  <Split groupID="90EF621B7D4D68AA" documentID="102457BB43635578" id="1084723" position="20" documentstartposition="288" documentendposition="306" title="Principal Component Analysis (PCA)" path="C:\Documents and Settings\hadfielj\My Documents\ePublisher Pro Projects\caIntegrator2\Output\WebWorks Help 5.0\caIntegrator2\PerformingAnalysis.6.20.html" stylename="" />
  <Split groupID="90EF621B7D4D68AA" documentID="102457BB43635578" id="1084744" position="21" documentstartposition="307" documentendposition="324" title="GISTIC-Supported Analysis" path="C:\Documents and Settings\hadfielj\My Documents\ePublisher Pro Projects\caIntegrator2\Output\WebWorks Help 5.0\caIntegrator2\PerformingAnalysis.6.21.html" stylename="" />
  <Split groupID="90EF621B7D4D68AA" documentID="D5BFEE6C306422C8" id="1070912" position="1" documentstartposition="3" documentendposition="6" title="Administering User Accounts " path="C:\Documents and Settings\hadfielj\My Documents\ePublisher Pro Projects\caIntegrator2\Output\WebWorks Help 5.0\caIntegrator2\User Admin.7.1.html" stylename="" />
  <Split groupID="90EF621B7D4D68AA" documentID="D5BFEE6C306422C8" id="1072263" position="2" documentstartposition="7" documentendposition="21" title="Administering caIntegrator User Accounts Using UPT" path="C:\Documents and Settings\hadfielj\My Documents\ePublisher Pro Projects\caIntegrator2\Output\WebWorks Help 5.0\caIntegrator2\User Admin.7.2.html" stylename="" />
  <Split groupID="90EF621B7D4D68AA" documentID="D5BFEE6C306422C8" id="1077510" position="3" documentstartposition="22" documentendposition="30" title="Steps for Creating User Access to caIntegrator" path="C:\Documents and Settings\hadfielj\My Documents\ePublisher Pro Projects\caIntegrator2\Output\WebWorks Help 5.0\caIntegrator2\User Admin.7.3.html" stylename="" />
  <Split groupID="90EF621B7D4D68AA" documentID="D5BFEE6C306422C8" id="1077520" position="4" documentstartposition="31" documentendposition="55" title="Creating a New caIntegrator User" path="C:\Documents and Settings\hadfielj\My Documents\ePublisher Pro Projects\caIntegrator2\Output\WebWorks Help 5.0\caIntegrator2\User Admin.7.4.html" stylename="" />
  <Split groupID="90EF621B7D4D68AA" documentID="D5BFEE6C306422C8" id="1078089" position="5" documentstartposition="56" documentendposition="72" title="Creating a New User Group" path="C:\Documents and Settings\hadfielj\My Documents\ePublisher Pro Projects\caIntegrator2\Output\WebWorks Help 5.0\caIntegrator2\User Admin.7.5.html" stylename="" />
  <Split groupID="90EF621B7D4D68AA" documentID="D5BFEE6C306422C8" id="1078614" position="6" documentstartposition="73" documentendposition="87" title="Creating a New Protection Group&#x9;&#x9;" path="C:\Documents and Settings\hadfielj\My Documents\ePublisher Pro Projects\caIntegrator2\Output\WebWorks Help 5.0\caIntegrator2\User Admin.7.6.html" stylename="" />
  <Split groupID="90EF621B7D4D68AA" documentID="D5BFEE6C306422C8" id="1077620" position="7" documentstartposition="88" documentendposition="111" title="Assigning a User Group to a Protection Group" path="C:\Documents and Settings\hadfielj\My Documents\ePublisher Pro Projects\caIntegrator2\Output\WebWorks Help 5.0\caIntegrator2\User Admin.7.7.html" stylename="" />
  <Split groupID="90EF621B7D4D68AA" documentID="D5BFEE6C306422C8" id="1079798" position="8" documentstartposition="112" documentendposition="130" title="Adding a User to a User Group" path="C:\Documents and Settings\hadfielj\My Documents\ePublisher Pro Projects\caIntegrator2\Output\WebWorks Help 5.0\caIntegrator2\User Admin.7.8.html" stylename="" />
  <Split groupID="90EF621B7D4D68AA" documentID="D5BFEE6C306422C8" id="1077790" position="9" documentstartposition="131" documentendposition="148" title="Changing a User Password" path="C:\Documents and Settings\hadfielj\My Documents\ePublisher Pro Projects\caIntegrator2\Output\WebWorks Help 5.0\caIntegrator2\User Admin.7.9.html" stylename="" />
  <Split groupID="90EF621B7D4D68AA" documentID="618BDF1BCAC7294" id="1070912" position="1" documentstartposition="3" documentendposition="11" title="Data Import Configurations" path="C:\Documents and Settings\hadfielj\My Documents\ePublisher Pro Projects\caIntegrator2\Output\WebWorks Help 5.0\caIntegrator2\appdx data import.8.1.html" stylename="" />
  <Split groupID="90EF621B7D4D68AA" documentID="618BDF1BCAC7294" id="1075801" position="2" documentstartposition="12" documentendposition="20" title="Subject Annotation Data Configuration" path="C:\Documents and Settings\hadfielj\My Documents\ePublisher Pro Projects\caIntegrator2\Output\WebWorks Help 5.0\caIntegrator2\appdx data import.8.2.html" stylename="" />
  <Split groupID="90EF621B7D4D68AA" documentID="618BDF1BCAC7294" id="1073225" position="3" documentstartposition="21" documentendposition="29" title="Delimited-Text Annotation Import" path="C:\Documents and Settings\hadfielj\My Documents\ePublisher Pro Projects\caIntegrator2\Output\WebWorks Help 5.0\caIntegrator2\appdx data import.8.3.html" stylename="" />
  <Split groupID="90EF621B7D4D68AA" documentID="618BDF1BCAC7294" id="1073232" position="4" documentstartposition="30" documentendposition="42" title="Annotation Field Configuration" path="C:\Documents and Settings\hadfielj\My Documents\ePublisher Pro Projects\caIntegrator2\Output\WebWorks Help 5.0\caIntegrator2\appdx data import.8.4.html" stylename="" />
  <Split groupID="90EF621B7D4D68AA" documentID="618BDF1BCAC7294" id="1073242" position="5" documentstartposition="43" documentendposition="55" title="Sample Data Configuration" path="C:\Documents and Settings\hadfielj\My Documents\ePublisher Pro Projects\caIntegrator2\Output\WebWorks Help 5.0\caIntegrator2\appdx data import.8.5.html" stylename="" />
  <Split groupID="90EF621B7D4D68AA" documentID="618BDF1BCAC7294" id="1073252" position="6" documentstartposition="56" documentendposition="67" title="Genomic Data Configuration" path="C:\Documents and Settings\hadfielj\My Documents\ePublisher Pro Projects\caIntegrator2\Output\WebWorks Help 5.0\caIntegrator2\appdx data import.8.6.html" stylename="" />
  <Split groupID="90EF621B7D4D68AA" documentID="618BDF1BCAC7294" id="1078519" position="7" documentstartposition="68" documentendposition="72" title="Supplemental Files Configuration" path="C:\Documents and Settings\hadfielj\My Documents\ePublisher Pro Projects\caIntegrator2\Output\WebWorks Help 5.0\caIntegrator2\appdx data import.8.7.html" stylename="" />
  <Split groupID="90EF621B7D4D68AA" documentID="618BDF1BCAC7294" id="1078553" position="8" documentstartposition="73" documentendposition="80" title="Single Sample Format" path="C:\Documents and Settings\hadfielj\My Documents\ePublisher Pro Projects\caIntegrator2\Output\WebWorks Help 5.0\caIntegrator2\appdx data import.8.8.html" stylename="">
    <Frame groupID="90EF621B7D4D68AA" documentID="618BDF1BCAC7294" id="1079164" stylename="Default" position="1" title="screen shot of a single sample format file" byref="true" source="C:\Documents and Settings\hadfielj\My Documents\CBIIT Projects\caIntegrator2\caI 1.2\caI2 images\simple sample file format.gif" path="C:\Documents and Settings\hadfielj\My Documents\ePublisher Pro Projects\caIntegrator2\Output\WebWorks Help 5.0\caIntegrator2\images\simple sample file format.gif">
      <Thumbnail path="C:\Documents and Settings\hadfielj\My Documents\ePublisher Pro Projects\caIntegrator2\Output\WebWorks Help 5.0\caIntegrator2\images\simple sample file format_thumb.gif" />
      <Wrapper groupID="90EF621B7D4D68AA" documentID="618BDF1BCAC7294" stylename="" path="C:\Documents and Settings\hadfielj\My Documents\ePublisher Pro Projects\caIntegrator2\Output\WebWorks Help 5.0\caIntegrator2\images\simple sample file format.html" />
      <Description path="C:\Documents and Settings\hadfielj\My Documents\ePublisher Pro Projects\caIntegrator2\Output\WebWorks Help 5.0\caIntegrator2\images\simple sample file format.txt" />
    </Frame>
  </Split>
  <Split groupID="90EF621B7D4D68AA" documentID="618BDF1BCAC7294" id="1078571" position="9" documentstartposition="81" documentendposition="94" title="Multiple Sample Format" path="C:\Documents and Settings\hadfielj\My Documents\ePublisher Pro Projects\caIntegrator2\Output\WebWorks Help 5.0\caIntegrator2\appdx data import.8.9.html" stylename="">
    <Frame groupID="90EF621B7D4D68AA" documentID="618BDF1BCAC7294" id="1079022" stylename="Default" position="1" title="screen shot of a multiple sample format file from caArray" byref="true" source="C:\Documents and Settings\hadfielj\My Documents\CBIIT Projects\caIntegrator2\caI 1.2\caI2 images\multiple sample format file.gif" path="C:\Documents and Settings\hadfielj\My Documents\ePublisher Pro Projects\caIntegrator2\Output\WebWorks Help 5.0\caIntegrator2\images\multiple sample format file.gif">
      <Thumbnail path="C:\Documents and Settings\hadfielj\My Documents\ePublisher Pro Projects\caIntegrator2\Output\WebWorks Help 5.0\caIntegrator2\images\multiple sample format file_thumb.gif" />
      <Wrapper groupID="90EF621B7D4D68AA" documentID="618BDF1BCAC7294" stylename="" path="C:\Documents and Settings\hadfielj\My Documents\ePublisher Pro Projects\caIntegrator2\Output\WebWorks Help 5.0\caIntegrator2\images\multiple sample format file.html" />
      <Description path="C:\Documents and Settings\hadfielj\My Documents\ePublisher Pro Projects\caIntegrator2\Output\WebWorks Help 5.0\caIntegrator2\images\multiple sample format file.txt" />
    </Frame>
  </Split>
  <Split groupID="90EF621B7D4D68AA" documentID="618BDF1BCAC7294" id="1078685" position="10" documentstartposition="95" documentendposition="108" title="Imaging Data Configuration" path="C:\Documents and Settings\hadfielj\My Documents\ePublisher Pro Projects\caIntegrator2\Output\WebWorks Help 5.0\caIntegrator2\appdx data import.8.10.html" stylename="" />
  <Split groupID="90EF621B7D4D68AA" documentID="64AF2D42A2DBF99" id="1060342" position="1" documentstartposition="3" documentendposition="11" title="Online Help Tips" path="C:\Documents and Settings\hadfielj\My Documents\ePublisher Pro Projects\caIntegrator2\Output\WebWorks Help 5.0\caIntegrator2\OnlineHelpBoilerplate.9.1.html" stylename="">
    <Frame groupID="90EF621B7D4D68AA" documentID="64AF2D42A2DBF99" id="1064073" stylename="Default" position="1" title="" path="C:\Documents and Settings\hadfielj\My Documents\ePublisher Pro Projects\caIntegrator2\Output\WebWorks Help 5.0\caIntegrator2\images\OnlineHelpBoilerplate.9.1.1.jpg">
      <Thumbnail path="C:\Documents and Settings\hadfielj\My Documents\ePublisher Pro Projects\caIntegrator2\Output\WebWorks Help 5.0\caIntegrator2\images\OnlineHelpBoilerplate.9.1.1_thumb.jpg" />
      <Wrapper groupID="90EF621B7D4D68AA" documentID="64AF2D42A2DBF99" stylename="" path="C:\Documents and Settings\hadfielj\My Documents\ePublisher Pro Projects\caIntegrator2\Output\WebWorks Help 5.0\caIntegrator2\images\OnlineHelpBoilerplate.9.1.1.html" />
      <Description path="C:\Documents and Settings\hadfielj\My Documents\ePublisher Pro Projects\caIntegrator2\Output\WebWorks Help 5.0\caIntegrator2\images\OnlineHelpBoilerplate.9.1.1.txt" />
    </Frame>
    <Frame groupID="90EF621B7D4D68AA" documentID="64AF2D42A2DBF99" id="1067049" stylename="Default" position="2" title="" path="C:\Documents and Settings\hadfielj\My Documents\ePublisher Pro Projects\caIntegrator2\Output\WebWorks Help 5.0\caIntegrator2\images\OnlineHelpBoilerplate.9.1.2.jpg">
      <Thumbnail path="C:\Documents and Settings\hadfielj\My Documents\ePublisher Pro Projects\caIntegrator2\Output\WebWorks Help 5.0\caIntegrator2\images\OnlineHelpBoilerplate.9.1.2_thumb.jpg" />
      <Wrapper groupID="90EF621B7D4D68AA" documentID="64AF2D42A2DBF99" stylename="" path="C:\Documents and Settings\hadfielj\My Documents\ePublisher Pro Projects\caIntegrator2\Output\WebWorks Help 5.0\caIntegrator2\images\OnlineHelpBoilerplate.9.1.2.html" />
      <Description path="C:\Documents and Settings\hadfielj\My Documents\ePublisher Pro Projects\caIntegrator2\Output\WebWorks Help 5.0\caIntegrator2\images\OnlineHelpBoilerplate.9.1.2.txt" />
    </Frame>
    <Frame groupID="90EF621B7D4D68AA" documentID="64AF2D42A2DBF99" id="1064088" stylename="Default" position="3" title="" path="C:\Documents and Settings\hadfielj\My Documents\ePublisher Pro Projects\caIntegrator2\Output\WebWorks Help 5.0\caIntegrator2\images\OnlineHelpBoilerplate.9.1.3.jpg">
      <Thumbnail path="C:\Documents and Settings\hadfielj\My Documents\ePublisher Pro Projects\caIntegrator2\Output\WebWorks Help 5.0\caIntegrator2\images\OnlineHelpBoilerplate.9.1.3_thumb.jpg" />
      <Wrapper groupID="90EF621B7D4D68AA" documentID="64AF2D42A2DBF99" stylename="" path="C:\Documents and Settings\hadfielj\My Documents\ePublisher Pro Projects\caIntegrator2\Output\WebWorks Help 5.0\caIntegrator2\images\OnlineHelpBoilerplate.9.1.3.html" />
      <Description path="C:\Documents and Settings\hadfielj\My Documents\ePublisher Pro Projects\caIntegrator2\Output\WebWorks Help 5.0\caIntegrator2\images\OnlineHelpBoilerplate.9.1.3.txt" />
    </Frame>
    <Frame groupID="90EF621B7D4D68AA" documentID="64AF2D42A2DBF99" id="1064095" stylename="Default" position="4" title="" path="C:\Documents and Settings\hadfielj\My Documents\ePublisher Pro Projects\caIntegrator2\Output\WebWorks Help 5.0\caIntegrator2\images\OnlineHelpBoilerplate.9.1.4.jpg">
      <Thumbnail path="C:\Documents and Settings\hadfielj\My Documents\ePublisher Pro Projects\caIntegrator2\Output\WebWorks Help 5.0\caIntegrator2\images\OnlineHelpBoilerplate.9.1.4_thumb.jpg" />
      <Wrapper groupID="90EF621B7D4D68AA" documentID="64AF2D42A2DBF99" stylename="" path="C:\Documents and Settings\hadfielj\My Documents\ePublisher Pro Projects\caIntegrator2\Output\WebWorks Help 5.0\caIntegrator2\images\OnlineHelpBoilerplate.9.1.4.html" />
      <Description path="C:\Documents and Settings\hadfielj\My Documents\ePublisher Pro Projects\caIntegrator2\Output\WebWorks Help 5.0\caIntegrator2\images\OnlineHelpBoilerplate.9.1.4.txt" />
    </Frame>
    <Frame groupID="90EF621B7D4D68AA" documentID="64AF2D42A2DBF99" id="1064102" stylename="Default" position="5" title="" path="C:\Documents and Settings\hadfielj\My Documents\ePublisher Pro Projects\caIntegrator2\Output\WebWorks Help 5.0\caIntegrator2\images\OnlineHelpBoilerplate.9.1.5.jpg">
      <Thumbnail path="C:\Documents and Settings\hadfielj\My Documents\ePublisher Pro Projects\caIntegrator2\Output\WebWorks Help 5.0\caIntegrator2\images\OnlineHelpBoilerplate.9.1.5_thumb.jpg" />
      <Wrapper groupID="90EF621B7D4D68AA" documentID="64AF2D42A2DBF99" stylename="" path="C:\Documents and Settings\hadfielj\My Documents\ePublisher Pro Projects\caIntegrator2\Output\WebWorks Help 5.0\caIntegrator2\images\OnlineHelpBoilerplate.9.1.5.html" />
      <Description path="C:\Documents and Settings\hadfielj\My Documents\ePublisher Pro Projects\caIntegrator2\Output\WebWorks Help 5.0\caIntegrator2\images\OnlineHelpBoilerplate.9.1.5.txt" />
    </Frame>
    <Frame groupID="90EF621B7D4D68AA" documentID="64AF2D42A2DBF99" id="1064109" stylename="Default" position="6" title="" path="C:\Documents and Settings\hadfielj\My Documents\ePublisher Pro Projects\caIntegrator2\Output\WebWorks Help 5.0\caIntegrator2\images\OnlineHelpBoilerplate.9.1.6.jpg">
      <Thumbnail path="C:\Documents and Settings\hadfielj\My Documents\ePublisher Pro Projects\caIntegrator2\Output\WebWorks Help 5.0\caIntegrator2\images\OnlineHelpBoilerplate.9.1.6_thumb.jpg" />
      <Wrapper groupID="90EF621B7D4D68AA" documentID="64AF2D42A2DBF99" stylename="" path="C:\Documents and Settings\hadfielj\My Documents\ePublisher Pro Projects\caIntegrator2\Output\WebWorks Help 5.0\caIntegrator2\images\OnlineHelpBoilerplate.9.1.6.html" />
      <Description path="C:\Documents and Settings\hadfielj\My Documents\ePublisher Pro Projects\caIntegrator2\Output\WebWorks Help 5.0\caIntegrator2\images\OnlineHelpBoilerplate.9.1.6.txt" />
    </Frame>
    <Frame groupID="90EF621B7D4D68AA" documentID="64AF2D42A2DBF99" id="1064116" stylename="Default" position="7" title="" path="C:\Documents and Settings\hadfielj\My Documents\ePublisher Pro Projects\caIntegrator2\Output\WebWorks Help 5.0\caIntegrator2\images\OnlineHelpBoilerplate.9.1.7.jpg">
      <Thumbnail path="C:\Documents and Settings\hadfielj\My Documents\ePublisher Pro Projects\caIntegrator2\Output\WebWorks Help 5.0\caIntegrator2\images\OnlineHelpBoilerplate.9.1.7_thumb.jpg" />
      <Wrapper groupID="90EF621B7D4D68AA" documentID="64AF2D42A2DBF99" stylename="" path="C:\Documents and Settings\hadfielj\My Documents\ePublisher Pro Projects\caIntegrator2\Output\WebWorks Help 5.0\caIntegrator2\images\OnlineHelpBoilerplate.9.1.7.html" />
      <Description path="C:\Documents and Settings\hadfielj\My Documents\ePublisher Pro Projects\caIntegrator2\Output\WebWorks Help 5.0\caIntegrator2\images\OnlineHelpBoilerplate.9.1.7.txt" />
    </Frame>
    <Frame groupID="90EF621B7D4D68AA" documentID="64AF2D42A2DBF99" id="1064120" stylename="Default" position="8" title="" path="C:\Documents and Settings\hadfielj\My Documents\ePublisher Pro Projects\caIntegrator2\Output\WebWorks Help 5.0\caIntegrator2\images\OnlineHelpBoilerplate.9.1.8.jpg">
      <Thumbnail path="C:\Documents and Settings\hadfielj\My Documents\ePublisher Pro Projects\caIntegrator2\Output\WebWorks Help 5.0\caIntegrator2\images\OnlineHelpBoilerplate.9.1.8_thumb.jpg" />
      <Wrapper groupID="90EF621B7D4D68AA" documentID="64AF2D42A2DBF99" stylename="" path="C:\Documents and Settings\hadfielj\My Documents\ePublisher Pro Projects\caIntegrator2\Output\WebWorks Help 5.0\caIntegrator2\images\OnlineHelpBoilerplate.9.1.8.html" />
      <Description path="C:\Documents and Settings\hadfielj\My Documents\ePublisher Pro Projects\caIntegrator2\Output\WebWorks Help 5.0\caIntegrator2\images\OnlineHelpBoilerplate.9.1.8.txt" />
    </Frame>
    <Frame groupID="90EF621B7D4D68AA" documentID="64AF2D42A2DBF99" id="1064127" stylename="Default" position="9" title="" path="C:\Documents and Settings\hadfielj\My Documents\ePublisher Pro Projects\caIntegrator2\Output\WebWorks Help 5.0\caIntegrator2\images\OnlineHelpBoilerplate.9.1.9.jpg">
      <Thumbnail path="C:\Documents and Settings\hadfielj\My Documents\ePublisher Pro Projects\caIntegrator2\Output\WebWorks Help 5.0\caIntegrator2\images\OnlineHelpBoilerplate.9.1.9_thumb.jpg" />
      <Wrapper groupID="90EF621B7D4D68AA" documentID="64AF2D42A2DBF99" stylename="" path="C:\Documents and Settings\hadfielj\My Documents\ePublisher Pro Projects\caIntegrator2\Output\WebWorks Help 5.0\caIntegrator2\images\OnlineHelpBoilerplate.9.1.9.html" />
      <Description path="C:\Documents and Settings\hadfielj\My Documents\ePublisher Pro Projects\caIntegrator2\Output\WebWorks Help 5.0\caIntegrator2\images\OnlineHelpBoilerplate.9.1.9.txt" />
    </Frame>
    <Frame groupID="90EF621B7D4D68AA" documentID="64AF2D42A2DBF99" id="1064138" stylename="Default" position="10" title="" path="C:\Documents and Settings\hadfielj\My Documents\ePublisher Pro Projects\caIntegrator2\Output\WebWorks Help 5.0\caIntegrator2\images\OnlineHelpBoilerplate.9.1.10.jpg">
      <Thumbnail path="C:\Documents and Settings\hadfielj\My Documents\ePublisher Pro Projects\caIntegrator2\Output\WebWorks Help 5.0\caIntegrator2\images\OnlineHelpBoilerplate.9.1.10_thumb.jpg" />
      <Wrapper groupID="90EF621B7D4D68AA" documentID="64AF2D42A2DBF99" stylename="" path="C:\Documents and Settings\hadfielj\My Documents\ePublisher Pro Projects\caIntegrator2\Output\WebWorks Help 5.0\caIntegrator2\images\OnlineHelpBoilerplate.9.1.10.html" />
      <Description path="C:\Documents and Settings\hadfielj\My Documents\ePublisher Pro Projects\caIntegrator2\Output\WebWorks Help 5.0\caIntegrator2\images\OnlineHelpBoilerplate.9.1.10.txt" />
    </Frame>
  </Split>
  <Split groupID="90EF621B7D4D68AA" documentID="50AA8FB8424A6A" id="1069426" position="1" documentstartposition="1" documentendposition="4" title="NCICB Application Support" path="C:\Documents and Settings\hadfielj\My Documents\ePublisher Pro Projects\caIntegrator2\Output\WebWorks Help 5.0\caIntegrator2\Application Support.10.1.html" stylename="" />
</Splits>