<?xml version="1.0" encoding="utf-8"?>
<Behaviors version="1.0" xmlns="urn:WebWorks-Behaviors-Schema">
  <Split id="1070912" documentposition="3">
    <Paragraph id="1070912" documentposition="3" splitpriority="1" />
    <Paragraph id="1073296" documentposition="4" splitpriority="none" />
    <Paragraph id="1073300" documentposition="5" splitpriority="none" />
    <Paragraph id="1073307" documentposition="6" splitpriority="none" />
    <Paragraph id="1091942" documentposition="7" splitpriority="none" />
    <Paragraph id="1073319" documentposition="8" splitpriority="none" />
  </Split>
  <Split id="1073286" documentposition="9">
    <Paragraph id="1073286" documentposition="9" splitpriority="2" />
    <Paragraph id="1077143" documentposition="10" splitpriority="none" />
    <Paragraph id="1083468" documentposition="11" splitpriority="none" />
    <Paragraph id="1083477" documentposition="12" splitpriority="none" />
    <Paragraph id="1083526" documentposition="13" splitpriority="none" />
    <Paragraph id="1083467" documentposition="14" splitpriority="none" />
    <Paragraph id="1118254" documentposition="15" splitpriority="none" relatedtopic="define-no-output" />
    <Paragraph id="1118258" documentposition="16" splitpriority="none" relatedtopic="define-no-output" />
  </Split>
  <Split id="1073216" documentposition="17">
    <Paragraph id="1073216" documentposition="17" splitpriority="2" />
    <Paragraph id="1073218" documentposition="18" splitpriority="none" />
    <Paragraph id="1079473" documentposition="19" splitpriority="none" />
    <Paragraph id="1074670" documentposition="20" splitpriority="none" />
    <Paragraph id="1073772" documentposition="21" splitpriority="none" />
    <Paragraph id="1073782" documentposition="22" splitpriority="none" />
    <Paragraph id="1108185" documentposition="24" splitpriority="none" />
    <Paragraph id="1073982" documentposition="25" splitpriority="none" />
  </Split>
  <Split id="1073921" documentposition="26">
    <Paragraph id="1073921" documentposition="26" splitpriority="3">
      <Marker behavior="topic" id="1082230">
        <Marker id="1082230" name="TopicAlias" xmlns="urn:WebWorks-Document-Schema">
          <TextRun id="tr1082230-1">
            <Text value="edit_study_help" />
          </TextRun>
        </Marker>
      </Marker>
    </Paragraph>
    <Paragraph id="1074101" documentposition="27" splitpriority="none" />
    <Paragraph id="1090873" documentposition="29" splitpriority="none" />
    <Paragraph id="1089145" documentposition="30" splitpriority="none" />
    <Paragraph id="1074785" documentposition="31" splitpriority="none" />
    <Paragraph id="1075119" documentposition="32" splitpriority="none" />
    <Paragraph id="1091005" documentposition="34" splitpriority="none" />
    <Paragraph id="1118282" documentposition="35" splitpriority="none" relatedtopic="define-no-output" />
    <Paragraph id="1118286" documentposition="36" splitpriority="none" relatedtopic="define-no-output" />
    <Paragraph id="1118290" documentposition="37" splitpriority="none" relatedtopic="define-no-output" />
    <Paragraph id="1118294" documentposition="38" splitpriority="none" relatedtopic="define-no-output" />
  </Split>
  <Split id="1075197" documentposition="39">
    <Paragraph id="1075197" documentposition="39" splitpriority="3">
      <Marker behavior="topic" id="1082229">
        <Marker id="1082229" name="TopicAlias" xmlns="urn:WebWorks-Document-Schema">
          <TextRun id="tr1082229-1">
            <Text value="define_fields_help" />
          </TextRun>
        </Marker>
      </Marker>
    </Paragraph>
    <Paragraph id="1075152" documentposition="40" splitpriority="none" />
    <Paragraph id="1083677" documentposition="41" splitpriority="none" />
    <Paragraph id="1076533" documentposition="42" splitpriority="none" />
    <Paragraph id="1076529" documentposition="43" splitpriority="none" />
    <Paragraph id="1076514" documentposition="44" splitpriority="none" />
    <Paragraph id="1091041" documentposition="46" splitpriority="none" />
    <Paragraph id="1091048" documentposition="48" splitpriority="none" />
    <Paragraph id="1083006" documentposition="49" splitpriority="none" />
    <Paragraph id="1083017" documentposition="50" splitpriority="none" />
    <Paragraph id="1081956" documentposition="51" splitpriority="none" />
    <Paragraph id="1082974" documentposition="52" splitpriority="none" />
    <Paragraph id="1118307" documentposition="53" splitpriority="none" relatedtopic="define-no-output" />
    <Paragraph id="1118311" documentposition="54" splitpriority="none" relatedtopic="define-no-output" />
    <Paragraph id="1118315" documentposition="55" splitpriority="none" relatedtopic="define-no-output" />
    <Paragraph id="1118319" documentposition="56" splitpriority="none" relatedtopic="define-no-output" />
  </Split>
  <Split id="1082187" documentposition="57">
    <Paragraph id="1082187" documentposition="57" splitpriority="4">
      <Marker behavior="topic" id="1082228">
        <Marker id="1082228" name="TopicAlias" xmlns="urn:WebWorks-Document-Schema">
          <TextRun id="tr1082228-1">
            <Text value="assign_annotations_help" />
          </TextRun>
        </Marker>
      </Marker>
    </Paragraph>
    <Paragraph id="1081979" documentposition="58" splitpriority="none" />
    <Paragraph id="1083036" documentposition="59" splitpriority="none" />
    <Paragraph id="1092440" documentposition="60" splitpriority="none" />
    <Paragraph id="1091056" documentposition="62" splitpriority="none" />
    <Paragraph id="1081993" documentposition="63" splitpriority="none" />
    <Paragraph id="1081963" documentposition="64" splitpriority="none" />
    <Paragraph id="1081978" documentposition="65" splitpriority="none" />
    <Paragraph id="1076087" documentposition="66" splitpriority="none" />
    <Paragraph id="1076088" documentposition="67" splitpriority="none" />
    <Paragraph id="1076089" documentposition="68" splitpriority="none" />
    <Paragraph id="1076090" documentposition="69" splitpriority="none" />
    <Paragraph id="1076097" documentposition="70" splitpriority="none" />
    <Paragraph id="1075389" documentposition="71" splitpriority="none" />
    <Paragraph id="1075611" documentposition="72" splitpriority="none" />
    <Paragraph id="1091072" documentposition="74" splitpriority="none" />
    <Table id="1076628" documentposition="75" splitpriority="none">
      <TableCell>
        <Paragraph id="1076630" />
      </TableCell>
      <TableCell>
        <Paragraph id="1076632" />
      </TableCell>
      <TableCell>
        <Paragraph id="1089402" />
      </TableCell>
      <TableCell>
        <Paragraph id="1089404" />
      </TableCell>
      <TableCell>
        <Paragraph id="1076634" />
      </TableCell>
      <TableCell>
        <Paragraph id="1076636" />
      </TableCell>
      <TableCell>
        <Paragraph id="1076638" />
      </TableCell>
      <TableCell>
        <Paragraph id="1076640" />
      </TableCell>
      <TableCell>
        <Paragraph id="1076642" />
      </TableCell>
      <TableCell>
        <Paragraph id="1076644" />
      </TableCell>
      <TableCell>
        <Paragraph id="1076646" />
      </TableCell>
      <TableCell>
        <Paragraph id="1077221" />
        <Paragraph id="1080311" />
        <Paragraph id="1084485" />
        <Paragraph id="1084490" />
        <Paragraph id="1082981" />
      </TableCell>
    </Table>
    <Paragraph id="1118332" documentposition="76" splitpriority="none" relatedtopic="define-no-output" />
    <Paragraph id="1118336" documentposition="77" splitpriority="none" relatedtopic="define-no-output" />
    <Paragraph id="1118340" documentposition="78" splitpriority="none" relatedtopic="define-no-output" />
    <Paragraph id="1118344" documentposition="79" splitpriority="none" relatedtopic="define-no-output" />
    <Paragraph id="1118348" documentposition="80" splitpriority="none" relatedtopic="define-no-output" />
  </Split>
  <Split id="1082197" documentposition="81">
    <Paragraph id="1082197" documentposition="81" splitpriority="4">
      <Marker behavior="topic" id="1082227">
        <Marker id="1082227" name="TopicAlias" xmlns="urn:WebWorks-Document-Schema">
          <TextRun id="tr1082227-1">
            <Text value="search_annotation_definitions_help" />
          </TextRun>
        </Marker>
      </Marker>
    </Paragraph>
    <Paragraph id="1074853" documentposition="82" splitpriority="none" />
    <Paragraph id="1092124" documentposition="83" splitpriority="none" />
    <Paragraph id="1091084" documentposition="85" splitpriority="none" />
    <Paragraph id="1090756" documentposition="86" splitpriority="none" />
    <Paragraph id="1090767" documentposition="87" splitpriority="none" />
    <Paragraph id="1075682" documentposition="88" splitpriority="none" />
    <Paragraph id="1076180" documentposition="89" splitpriority="none" />
    <Paragraph id="1075717" documentposition="90" splitpriority="none" />
    <Paragraph id="1077238" documentposition="91" splitpriority="none" />
    <Paragraph id="1076837" documentposition="92" splitpriority="none" />
    <Paragraph id="1075741" documentposition="93" splitpriority="none" />
    <Paragraph id="1076887" documentposition="94" splitpriority="none" />
    <Paragraph id="1083426" documentposition="95" splitpriority="none" />
    <Paragraph id="1091094" documentposition="97" splitpriority="none" />
    <Paragraph id="1077770" documentposition="98" splitpriority="none" />
    <Paragraph id="1081048" documentposition="99" splitpriority="none" />
    <Paragraph id="1084921" documentposition="100" splitpriority="none" />
    <Paragraph id="1083176" documentposition="101" splitpriority="none" />
    <Paragraph id="1085073" documentposition="102" splitpriority="none" />
    <Paragraph id="1085083" documentposition="103" splitpriority="none" />
    <Paragraph id="1085068" documentposition="104" splitpriority="none" />
    <Paragraph id="1118356" documentposition="105" splitpriority="none" relatedtopic="define-no-output" />
    <Paragraph id="1118360" documentposition="106" splitpriority="none" relatedtopic="define-no-output" />
    <Paragraph id="1118364" documentposition="107" splitpriority="none" relatedtopic="define-no-output" />
    <Paragraph id="1118368" documentposition="108" splitpriority="none" relatedtopic="define-no-output" />
    <Paragraph id="1118372" documentposition="109" splitpriority="none" relatedtopic="define-no-output" />
    <Paragraph id="1118376" documentposition="110" splitpriority="none" relatedtopic="define-no-output" />
    <Paragraph id="1118380" documentposition="111" splitpriority="none" relatedtopic="define-no-output" />
    <Paragraph id="1118384" documentposition="112" splitpriority="none" relatedtopic="define-no-output" />
    <Paragraph id="1118388" documentposition="113" splitpriority="none" relatedtopic="define-no-output" />
  </Split>
  <Split id="1077698" documentposition="114">
    <Paragraph id="1077698" documentposition="114" splitpriority="4">
      <Marker behavior="topic" id="1082226">
        <Marker id="1082226" name="TopicAlias" xmlns="urn:WebWorks-Document-Schema">
          <TextRun id="tr1082226-1">
            <Text value="survival_values_help" />
          </TextRun>
        </Marker>
      </Marker>
    </Paragraph>
    <Paragraph id="1077702" documentposition="115" splitpriority="none" />
    <Paragraph id="1085103" documentposition="116" splitpriority="none" />
    <Paragraph id="1085104" documentposition="117" splitpriority="none" />
    <Paragraph id="1085100" documentposition="118" splitpriority="none" />
    <Paragraph id="1080422" documentposition="119" splitpriority="none" />
    <Paragraph id="1085129" documentposition="120" splitpriority="none" />
    <Paragraph id="1077727" documentposition="121" splitpriority="none" />
    <Paragraph id="1078368" documentposition="122" splitpriority="none" />
    <Paragraph id="1091124" documentposition="124" splitpriority="none" />
    <Paragraph id="1079453" documentposition="125" splitpriority="none" />
    <Paragraph id="1079457" documentposition="126" splitpriority="none" />
    <Paragraph id="1078404" documentposition="127" splitpriority="none" />
    <Paragraph id="1091132" documentposition="129" splitpriority="none" />
    <Paragraph id="1078851" documentposition="130" splitpriority="none" />
    <Paragraph id="1080893" documentposition="131" splitpriority="none" />
    <Paragraph id="1080894" documentposition="132" splitpriority="none" />
    <Paragraph id="1080895" documentposition="133" splitpriority="none" />
    <Paragraph id="1092141" documentposition="134" splitpriority="none" />
  </Split>
  <Split id="1076975" documentposition="135">
    <Paragraph id="1076975" documentposition="135" splitpriority="3">
      <Marker behavior="topic" id="1082225">
        <Marker id="1082225" name="TopicAlias" xmlns="urn:WebWorks-Document-Schema">
          <TextRun id="tr1082225-1">
            <Text value="edit_genomic_data_help" />
          </TextRun>
        </Marker>
      </Marker>
    </Paragraph>
    <Paragraph id="1090800" documentposition="136" splitpriority="none" />
    <Paragraph id="1090798" documentposition="137" splitpriority="none" />
    <Paragraph id="1081008" documentposition="138" splitpriority="none" />
    <Paragraph id="1080137" documentposition="139" splitpriority="none" />
    <Paragraph id="1077960" documentposition="140" splitpriority="none" />
    <Paragraph id="1074448" documentposition="141" splitpriority="none" />
    <Paragraph id="1075918" documentposition="142" splitpriority="none" />
    <Paragraph id="1091140" documentposition="144" splitpriority="none" />
    <Paragraph id="1077831" documentposition="145" splitpriority="none" />
    <Paragraph id="1077838" documentposition="146" splitpriority="none" />
    <Paragraph id="1079605" documentposition="147" splitpriority="none" />
    <Paragraph id="1090365" documentposition="148" splitpriority="none" />
    <Paragraph id="1090369" documentposition="149" splitpriority="none" />
    <Paragraph id="1090530" documentposition="150" splitpriority="none" />
    <Paragraph id="1090380" documentposition="151" splitpriority="none" />
    <Paragraph id="1090381" documentposition="152" splitpriority="none" />
    <Paragraph id="1108860" documentposition="153" splitpriority="none" />
    <Paragraph id="1091154" documentposition="155" splitpriority="none" />
    <Paragraph id="1118417" documentposition="156" splitpriority="none" relatedtopic="define-no-output" />
    <Paragraph id="1118421" documentposition="157" splitpriority="none" relatedtopic="define-no-output" />
    <Paragraph id="1118425" documentposition="158" splitpriority="none" relatedtopic="define-no-output" />
  </Split>
  <Split id="1081247" documentposition="159">
    <Paragraph id="1081247" documentposition="159" splitpriority="4">
      <Marker behavior="topic" id="1082224">
        <Marker id="1082224" name="TopicAlias" xmlns="urn:WebWorks-Document-Schema">
          <TextRun id="tr1082224-1">
            <Text value="edit_sample_mappings_help" />
          </TextRun>
        </Marker>
      </Marker>
    </Paragraph>
    <Paragraph id="1082153" documentposition="160" splitpriority="none" />
    <Paragraph id="1089445" documentposition="161" splitpriority="none" />
    <Paragraph id="1082146" documentposition="162" splitpriority="none" />
    <Paragraph id="1091162" documentposition="164" splitpriority="none" />
    <Paragraph id="1081147" documentposition="165" splitpriority="none" />
    <Paragraph id="1081182" documentposition="166" splitpriority="none" />
    <Paragraph id="1085193" documentposition="168" splitpriority="none" />
    <Paragraph id="1081151" documentposition="169" splitpriority="none" />
    <Paragraph id="1118433" documentposition="171" splitpriority="none" relatedtopic="define-no-output" />
    <Paragraph id="1118437" documentposition="172" splitpriority="none" relatedtopic="define-no-output" />
    <Paragraph id="1118441" documentposition="173" splitpriority="none" relatedtopic="define-no-output" />
  </Split>
  <Split id="1080249" documentposition="174">
    <Paragraph id="1080249" documentposition="174" splitpriority="4" />
    <Paragraph id="1081202" documentposition="175" splitpriority="none" />
    <Paragraph id="1081271" documentposition="176" splitpriority="none" />
    <Paragraph id="1081324" documentposition="177" splitpriority="none" />
    <Paragraph id="1091190" documentposition="178" splitpriority="none" />
    <Paragraph id="1091182" documentposition="180" splitpriority="none" />
    <Paragraph id="1079626" documentposition="181" splitpriority="none" />
    <Paragraph id="1118449" documentposition="182" splitpriority="none" relatedtopic="define-no-output" />
    <Paragraph id="1118453" documentposition="183" splitpriority="none" relatedtopic="define-no-output" />
    <Paragraph id="1118457" documentposition="184" splitpriority="none" relatedtopic="define-no-output" />
  </Split>
  <Split id="1089873" documentposition="185">
    <Paragraph id="1089873" documentposition="185" splitpriority="4" />
    <Paragraph id="1089928" documentposition="186" splitpriority="none" />
    <Paragraph id="1090208" documentposition="187" splitpriority="none" />
    <Paragraph id="1089976" documentposition="188" splitpriority="none" />
    <Paragraph id="1094410" documentposition="189" splitpriority="none" />
    <Paragraph id="1094406" documentposition="190" splitpriority="none" />
    <Paragraph id="1089953" documentposition="192" splitpriority="none" />
    <Table id="1090095" documentposition="193" splitpriority="none">
      <TableCell>
        <Paragraph id="1090097" />
      </TableCell>
      <TableCell>
        <Paragraph id="1090099" />
      </TableCell>
      <TableCell>
        <Paragraph id="1090101" />
      </TableCell>
      <TableCell>
        <Paragraph id="1090103" />
      </TableCell>
      <TableCell>
        <Paragraph id="1090105" />
      </TableCell>
      <TableCell>
        <Paragraph id="1090107" />
      </TableCell>
      <TableCell>
        <Paragraph id="1090109" />
      </TableCell>
      <TableCell>
        <Paragraph id="1090111" />
      </TableCell>
      <TableCell>
        <Paragraph id="1090113" />
      </TableCell>
      <TableCell>
        <Paragraph id="1090115" />
      </TableCell>
      <TableCell>
        <Paragraph id="1090117" />
      </TableCell>
      <TableCell>
        <Paragraph id="1090119" />
      </TableCell>
      <TableCell>
        <Paragraph id="1090121" />
      </TableCell>
      <TableCell>
        <Paragraph id="1090123" />
      </TableCell>
    </Table>
    <Paragraph id="1090004" documentposition="194" splitpriority="none" />
    <Paragraph id="1118494" documentposition="195" splitpriority="none" relatedtopic="define-no-output" />
    <Paragraph id="1118498" documentposition="196" splitpriority="none" relatedtopic="define-no-output" />
    <Paragraph id="1118502" documentposition="197" splitpriority="none" relatedtopic="define-no-output" />
  </Split>
  <Split id="1075831" documentposition="198">
    <Paragraph id="1075831" documentposition="198" splitpriority="3">
      <Marker behavior="topic" id="1082223">
        <Marker id="1082223" name="TopicAlias" xmlns="urn:WebWorks-Document-Schema">
          <TextRun id="tr1082223-1">
            <Text value="edit_imaging_data_help" />
          </TextRun>
        </Marker>
      </Marker>
    </Paragraph>
    <Paragraph id="1077974" documentposition="199" splitpriority="none" />
    <Paragraph id="1083440" documentposition="200" splitpriority="none" />
    <Paragraph id="1081340" documentposition="201" splitpriority="none" />
    <Paragraph id="1081374" documentposition="202" splitpriority="none" />
    <Paragraph id="1080129" documentposition="203" splitpriority="none" />
    <Paragraph id="1080167" documentposition="205" splitpriority="none" />
    <Paragraph id="1080168" documentposition="206" splitpriority="none" />
    <Paragraph id="1081393" documentposition="207" splitpriority="none" />
    <Paragraph id="1094418" documentposition="208" splitpriority="none" />
    <Paragraph id="1094422" documentposition="209" splitpriority="none" />
    <Paragraph id="1095465" documentposition="210" splitpriority="none" />
    <Paragraph id="1095474" documentposition="211" splitpriority="none" />
    <Paragraph id="1095490" documentposition="212" splitpriority="none" />
    <Paragraph id="1081403" documentposition="213" splitpriority="none" />
    <Paragraph id="1081453" documentposition="214" splitpriority="none" />
    <Paragraph id="1108908" documentposition="215" splitpriority="none" />
    <Paragraph id="1082278" documentposition="217" splitpriority="none" />
    <Paragraph id="1082287" documentposition="218" splitpriority="none" />
    <Paragraph id="1118510" documentposition="219" splitpriority="none" relatedtopic="define-no-output" />
    <Paragraph id="1118514" documentposition="220" splitpriority="none" relatedtopic="define-no-output" />
    <Paragraph id="1118518" documentposition="221" splitpriority="none" relatedtopic="define-no-output" />
    <Paragraph id="1118522" documentposition="222" splitpriority="none" relatedtopic="define-no-output" />
  </Split>
  <Split id="1075829" documentposition="223">
    <Paragraph id="1075829" documentposition="223" splitpriority="3" />
    <Paragraph id="1081471" documentposition="224" splitpriority="none" />
    <Paragraph id="1089848" documentposition="225" splitpriority="none" />
  </Split>
  <Split id="1076280" documentposition="226">
    <Paragraph id="1076280" documentposition="226" splitpriority="2">
      <Marker behavior="topic" id="1082222">
        <Marker id="1082222" name="TopicAlias" xmlns="urn:WebWorks-Document-Schema">
          <TextRun id="tr1082222-1">
            <Text value="manage_study_help" />
          </TextRun>
        </Marker>
      </Marker>
    </Paragraph>
    <Paragraph id="1082055" documentposition="227" splitpriority="none" />
    <Paragraph id="1085452" documentposition="228" splitpriority="none" />
    <Paragraph id="1082056" documentposition="229" splitpriority="none" />
    <Paragraph id="1110841" documentposition="230" splitpriority="none" />
    <Paragraph id="1095601" documentposition="231" splitpriority="none" />
    <Paragraph id="1082058" documentposition="232" splitpriority="none" />
    <Paragraph id="1082059" documentposition="233" splitpriority="none" />
    <Paragraph id="1081683" documentposition="234" splitpriority="none" />
    <Paragraph id="1081698" documentposition="236" splitpriority="none" />
    <Paragraph id="1090574" documentposition="237" splitpriority="none" />
    <Paragraph id="1098253" documentposition="238" splitpriority="none" />
    <Paragraph id="1081746" documentposition="239" splitpriority="none" />
    <Paragraph id="1118538" documentposition="240" splitpriority="none" />
  </Split>
  <Split id="1078043" documentposition="241">
    <Paragraph id="1078043" documentposition="241" splitpriority="3">
      <Marker behavior="topic" id="1082221">
        <Marker id="1082221" name="TopicAlias" xmlns="urn:WebWorks-Document-Schema">
          <TextRun id="tr1082221-1">
            <Text value="manage_platforms_help" />
          </TextRun>
        </Marker>
      </Marker>
    </Paragraph>
    <Paragraph id="1078047" documentposition="242" splitpriority="none" />
    <Paragraph id="1090575" documentposition="243" splitpriority="none" />
    <Paragraph id="1080932" documentposition="244" splitpriority="none" />
    <Paragraph id="1080973" documentposition="245" splitpriority="none" />
    <Paragraph id="1081852" documentposition="246" splitpriority="none" />
    <Paragraph id="1080952" documentposition="248" splitpriority="none" />
    <Paragraph id="1090590" documentposition="249" splitpriority="none" />
    <Paragraph id="1090773" documentposition="250" splitpriority="none" />
    <Paragraph id="1090592" documentposition="251" splitpriority="none" />
    <Paragraph id="1081915" documentposition="252" splitpriority="none" />
    <Paragraph id="1092271" documentposition="253" splitpriority="none" relatedtopic="define-no-output" />
    <Paragraph id="1073169" documentposition="254" splitpriority="none" />
  </Split>
</Behaviors>