<?xml version="1.0" encoding="utf-8"?>
<SplitPriorities version="1.0" xmlns="urn:WebWorks-Engine-Splits-Schema">
  <SplitPriority id="1070912" documentposition="3" splitpriority="1" outputposition="1" />
  <SplitPriority id="1073286" documentposition="9" splitpriority="2" outputposition="7" />
  <SplitPriority id="1073216" documentposition="17" splitpriority="2" outputposition="15" />
  <SplitPriority id="1073921" documentposition="26" splitpriority="3" outputposition="23" />
  <SplitPriority id="1075197" documentposition="39" splitpriority="3" outputposition="34" />
  <SplitPriority id="1082187" documentposition="57" splitpriority="4" outputposition="50" />
  <SplitPriority id="1082197" documentposition="83" splitpriority="4" outputposition="73" />
  <SplitPriority id="1077698" documentposition="116" splitpriority="4" outputposition="104" />
  <SplitPriority id="1076975" documentposition="137" splitpriority="3" outputposition="123" />
  <SplitPriority id="1081247" documentposition="161" splitpriority="4" outputposition="145" />
  <SplitPriority id="1080249" documentposition="176" splitpriority="4" outputposition="157" />
  <SplitPriority id="1089873" documentposition="187" splitpriority="4" outputposition="167" />
  <SplitPriority id="1075831" documentposition="200" splitpriority="3" outputposition="179" />
  <SplitPriority id="1075829" documentposition="225" splitpriority="3" outputposition="202" />
  <SplitPriority id="1076280" documentposition="228" splitpriority="2" outputposition="205" />
  <SplitPriority id="1078043" documentposition="243" splitpriority="3" outputposition="219" />
</SplitPriorities>