<?xml version="1.0" encoding="utf-8"?>
<Splits version="1.0" xmlns="urn:WebWorks-Engine-Splits-Schema">
  <Split groupID="C90EB13EF3B4B5" documentID="7EA0BBA4CF8F5E88" id="1070912" position="1" documentstartposition="3" documentendposition="8" title="Creating a New Study">
    <Group name="caIntegrator2" id="C90EB13EF3B4B5" position="1" />
    <Document path="C:\Documents and Settings\hadfielj\My Documents\CBIIT Projects\caIntegrator2\CreatingNewStudy.fm" id="7EA0BBA4CF8F5E88" position="3" />
    <PageStyle value="" />
    <Frames />
    <Popups />
  </Split>
  <Split groupID="C90EB13EF3B4B5" documentID="7EA0BBA4CF8F5E88" id="1073286" position="2" documentstartposition="9" documentendposition="16" title="Creating a Study – Overview">
    <Group name="caIntegrator2" id="C90EB13EF3B4B5" position="1" />
    <Document path="C:\Documents and Settings\hadfielj\My Documents\CBIIT Projects\caIntegrator2\CreatingNewStudy.fm" id="7EA0BBA4CF8F5E88" position="3" />
    <PageStyle value="" />
    <Frames />
    <Popups />
  </Split>
  <Split groupID="C90EB13EF3B4B5" documentID="7EA0BBA4CF8F5E88" id="1073216" position="3" documentstartposition="17" documentendposition="25" title="Configuring and Deploying a Study">
    <Group name="caIntegrator2" id="C90EB13EF3B4B5" position="1" />
    <Document path="C:\Documents and Settings\hadfielj\My Documents\CBIIT Projects\caIntegrator2\CreatingNewStudy.fm" id="7EA0BBA4CF8F5E88" position="3" />
    <PageStyle value="" />
    <Frames />
    <Popups />
  </Split>
  <Split groupID="C90EB13EF3B4B5" documentID="7EA0BBA4CF8F5E88" id="1073921" position="4" documentstartposition="26" documentendposition="38" title="Creating/Editing a Study">
    <Group name="caIntegrator2" id="C90EB13EF3B4B5" position="1" />
    <Document path="C:\Documents and Settings\hadfielj\My Documents\CBIIT Projects\caIntegrator2\CreatingNewStudy.fm" id="7EA0BBA4CF8F5E88" position="3" />
    <PageStyle value="" />
    <Frames />
    <Popups />
  </Split>
  <Split groupID="C90EB13EF3B4B5" documentID="7EA0BBA4CF8F5E88" id="1075197" position="5" documentstartposition="39" documentendposition="56" title="Adding Clinical Data">
    <Group name="caIntegrator2" id="C90EB13EF3B4B5" position="1" />
    <Document path="C:\Documents and Settings\hadfielj\My Documents\CBIIT Projects\caIntegrator2\CreatingNewStudy.fm" id="7EA0BBA4CF8F5E88" position="3" />
    <PageStyle value="" />
    <Frames />
    <Popups />
  </Split>
  <Split groupID="C90EB13EF3B4B5" documentID="7EA0BBA4CF8F5E88" id="1082187" position="6" documentstartposition="57" documentendposition="80" title="Assigning An Identifier or Annotation">
    <Group name="caIntegrator2" id="C90EB13EF3B4B5" position="1" />
    <Document path="C:\Documents and Settings\hadfielj\My Documents\CBIIT Projects\caIntegrator2\CreatingNewStudy.fm" id="7EA0BBA4CF8F5E88" position="3" />
    <PageStyle value="" />
    <Frames />
    <Popups />
  </Split>
  <Split groupID="C90EB13EF3B4B5" documentID="7EA0BBA4CF8F5E88" id="1082197" position="7" documentstartposition="81" documentendposition="113" title="Searching for Annotation Definitions">
    <Group name="caIntegrator2" id="C90EB13EF3B4B5" position="1" />
    <Document path="C:\Documents and Settings\hadfielj\My Documents\CBIIT Projects\caIntegrator2\CreatingNewStudy.fm" id="7EA0BBA4CF8F5E88" position="3" />
    <PageStyle value="" />
    <Frames />
    <Popups />
  </Split>
  <Split groupID="C90EB13EF3B4B5" documentID="7EA0BBA4CF8F5E88" id="1077698" position="8" documentstartposition="114" documentendposition="134" title="Defining Survival Values">
    <Group name="caIntegrator2" id="C90EB13EF3B4B5" position="1" />
    <Document path="C:\Documents and Settings\hadfielj\My Documents\CBIIT Projects\caIntegrator2\CreatingNewStudy.fm" id="7EA0BBA4CF8F5E88" position="3" />
    <PageStyle value="" />
    <Frames />
    <Popups />
  </Split>
  <Split groupID="C90EB13EF3B4B5" documentID="7EA0BBA4CF8F5E88" id="1076975" position="9" documentstartposition="135" documentendposition="158" title="Adding/Editing Genomic Data">
    <Group name="caIntegrator2" id="C90EB13EF3B4B5" position="1" />
    <Document path="C:\Documents and Settings\hadfielj\My Documents\CBIIT Projects\caIntegrator2\CreatingNewStudy.fm" id="7EA0BBA4CF8F5E88" position="3" />
    <PageStyle value="" />
    <Frames />
    <Popups />
  </Split>
  <Split groupID="C90EB13EF3B4B5" documentID="7EA0BBA4CF8F5E88" id="1081247" position="10" documentstartposition="159" documentendposition="173" title="Mapping Genomic Data to Clinical Data">
    <Group name="caIntegrator2" id="C90EB13EF3B4B5" position="1" />
    <Document path="C:\Documents and Settings\hadfielj\My Documents\CBIIT Projects\caIntegrator2\CreatingNewStudy.fm" id="7EA0BBA4CF8F5E88" position="3" />
    <PageStyle value="" />
    <Frames />
    <Popups />
  </Split>
  <Split groupID="C90EB13EF3B4B5" documentID="7EA0BBA4CF8F5E88" id="1080249" position="11" documentstartposition="174" documentendposition="184" title="Uploading Control Samples ">
    <Group name="caIntegrator2" id="C90EB13EF3B4B5" position="1" />
    <Document path="C:\Documents and Settings\hadfielj\My Documents\CBIIT Projects\caIntegrator2\CreatingNewStudy.fm" id="7EA0BBA4CF8F5E88" position="3" />
    <PageStyle value="" />
    <Frames />
    <Popups />
  </Split>
  <Split groupID="C90EB13EF3B4B5" documentID="7EA0BBA4CF8F5E88" id="1089873" position="12" documentstartposition="185" documentendposition="197" title="Configuring Copy Number Data">
    <Group name="caIntegrator2" id="C90EB13EF3B4B5" position="1" />
    <Document path="C:\Documents and Settings\hadfielj\My Documents\CBIIT Projects\caIntegrator2\CreatingNewStudy.fm" id="7EA0BBA4CF8F5E88" position="3" />
    <PageStyle value="" />
    <Frames />
    <Popups />
  </Split>
  <Split groupID="C90EB13EF3B4B5" documentID="7EA0BBA4CF8F5E88" id="1075831" position="13" documentstartposition="198" documentendposition="222" title="Adding Imaging Data">
    <Group name="caIntegrator2" id="C90EB13EF3B4B5" position="1" />
    <Document path="C:\Documents and Settings\hadfielj\My Documents\CBIIT Projects\caIntegrator2\CreatingNewStudy.fm" id="7EA0BBA4CF8F5E88" position="3" />
    <PageStyle value="" />
    <Frames />
    <Popups />
  </Split>
  <Split groupID="C90EB13EF3B4B5" documentID="7EA0BBA4CF8F5E88" id="1075829" position="14" documentstartposition="223" documentendposition="225" title="Deploying the Study">
    <Group name="caIntegrator2" id="C90EB13EF3B4B5" position="1" />
    <Document path="C:\Documents and Settings\hadfielj\My Documents\CBIIT Projects\caIntegrator2\CreatingNewStudy.fm" id="7EA0BBA4CF8F5E88" position="3" />
    <PageStyle value="" />
    <Frames />
    <Popups />
  </Split>
  <Split groupID="C90EB13EF3B4B5" documentID="7EA0BBA4CF8F5E88" id="1076280" position="15" documentstartposition="226" documentendposition="240" title="Managing a Study">
    <Group name="caIntegrator2" id="C90EB13EF3B4B5" position="1" />
    <Document path="C:\Documents and Settings\hadfielj\My Documents\CBIIT Projects\caIntegrator2\CreatingNewStudy.fm" id="7EA0BBA4CF8F5E88" position="3" />
    <PageStyle value="" />
    <Frames />
    <Popups />
  </Split>
  <Split groupID="C90EB13EF3B4B5" documentID="7EA0BBA4CF8F5E88" id="1078043" position="16" documentstartposition="241" documentendposition="254" title="Managing Platforms">
    <Group name="caIntegrator2" id="C90EB13EF3B4B5" position="1" />
    <Document path="C:\Documents and Settings\hadfielj\My Documents\CBIIT Projects\caIntegrator2\CreatingNewStudy.fm" id="7EA0BBA4CF8F5E88" position="3" />
    <PageStyle value="" />
    <Frames />
    <Popups />
  </Split>
</Splits>