<?xml version="1.0" encoding="utf-8"?>
<Splits version="1.0" xmlns="urn:WebWorks-Engine-Splits-Schema">
  <Split id="1070912" documentposition="3" />
  <Split id="1073286" documentposition="9" />
  <Split id="1073216" documentposition="17" />
  <Split id="1073921" documentposition="26" />
  <Split id="1075197" documentposition="39" />
  <Split id="1082187" documentposition="57" />
  <Split id="1082197" documentposition="81" />
  <Split id="1077698" documentposition="114" />
  <Split id="1076975" documentposition="135" />
  <Split id="1081247" documentposition="159" />
  <Split id="1080249" documentposition="174" />
  <Split id="1089873" documentposition="185" />
  <Split id="1075831" documentposition="198" />
  <Split id="1075829" documentposition="223" />
  <Split id="1076280" documentposition="226" />
  <Split id="1078043" documentposition="241" />
</Splits>