<security-config>
    <upt-context-name>
        security
    </upt-context-name>
    <application-list>
        <!-- For every application using the security api an entry should be made here -->
        <application>
            <context-name>
                security
            </context-name>
            <authentication>
                <authentication-provider-class>
                    <!-- Fully qualified class name-->
                </authentication-provider-class>
				<lockout-time>
					60000
				</lockout-time>
				<allowed-login-time>
					60000
				</allowed-login-time>
				<allowed-attempts>
					3
				</allowed-attempts>
				
            </authentication>
            <authorization>
                <authorization-provider-class>
                    <!-- Fully qualified class name-->
                </authorization-provider-class>
                <hibernate-config-file>
                    <!-- Fully qualified file path -->
                    c:/securityconfig/csmupt.hibernate.cfg.xml
                </hibernate-config-file>
            </authorization>
        </application>
        <application>
            <context-name>CLM</context-name>
            <authentication>
                <authentication-provider-class>
                    <!-- Fully qualified class name-->
                </authentication-provider-class>
				<lockout-time>
					60000
				</lockout-time>
				<allowed-login-time>
					60000
				</allowed-login-time>
				<allowed-attempts>
					3
				</allowed-attempts>
				
            </authentication>
            <authorization>
                <authorization-provider-class>
                </authorization-provider-class>
                <hibernate-config-file>
                    c:/securityconfig/csmupt.hibernate.cfg.xml
                </hibernate-config-file>
            </authorization>
        </application>
       
        <application>
            <context-name>
                EDirectory
            </context-name>
            <authentication>
                <authentication-provider-class>
                    <!-- Fully qualified class name-->
                </authentication-provider-class>
				<lockout-time>
					60000
				</lockout-time>
				<allowed-login-time>
					60000
				</allowed-login-time>
				<allowed-attempts>
					3
				</allowed-attempts>
            </authentication>
            <authorization>
                <authorization-provider-class>
                    <!-- Fully qualified class name-->
                </authorization-provider-class>
                <hibernate-config-file>
                    <!-- Fully qualified file path -->
                    c:/securityconfig/csmupt.hibernate.cfg.xml
                </hibernate-config-file>
            </authorization>
        </application>
        <application>
            <context-name>
                OpenLDAP
            </context-name>
            <authentication>
                <authentication-provider-class>
                    <!-- Fully qualified class name-->
                </authentication-provider-class>
				<lockout-time>
					60000
				</lockout-time>
				<allowed-login-time>
					60000
				</allowed-login-time>
				<allowed-attempts>
					3
				</allowed-attempts>
            </authentication>
            <authorization>
                <authorization-provider-class>
                    <!-- Fully qualified class name-->
                </authorization-provider-class>
                <hibernate-config-file>
                    <!-- Fully qualified file path -->
                    c:/securityconfig/csmupt.hibernate.cfg.xml
                </hibernate-config-file>
            </authorization>
        </application>
    </application-list>
</security-config>
