<?xml version="1.0" encoding="utf-8"?>
<Behaviors version="1.0" xmlns="urn:WebWorks-Behaviors-Schema">
  <Split id="1070912" documentposition="3">
    <Paragraph id="1070912" documentposition="3" splitpriority="1" />
    <Paragraph id="1073213" documentposition="4" splitpriority="none" />
    <Paragraph id="1073214" documentposition="5" splitpriority="none" />
    <Paragraph id="1107568" documentposition="6" splitpriority="none" />
    <Paragraph id="1098882" documentposition="7" splitpriority="none" />
    <Paragraph id="1077391" documentposition="8" splitpriority="none" />
  </Split>
  <Split id="1074226" documentposition="9">
    <Paragraph id="1074226" documentposition="9" splitpriority="2" />
    <Paragraph id="1077420" documentposition="10" splitpriority="none" />
    <Paragraph id="1076900" documentposition="11" splitpriority="none" />
    <Paragraph id="1076905" documentposition="12" splitpriority="none" />
    <Paragraph id="1076933" documentposition="13" splitpriority="none" />
    <Paragraph id="1076934" documentposition="14" splitpriority="none" />
    <Paragraph id="1095346" documentposition="15" splitpriority="none" />
    <Paragraph id="1076938" documentposition="16" splitpriority="none" />
    <Paragraph id="1076939" documentposition="17" splitpriority="none" />
    <Paragraph id="1077007" documentposition="18" splitpriority="none" />
    <Paragraph id="1077033" documentposition="19" splitpriority="none" />
    <Paragraph id="1077034" documentposition="20" splitpriority="none" />
    <Paragraph id="1077013" documentposition="21" splitpriority="none" />
    <Paragraph id="1077023" documentposition="22" splitpriority="none" />
    <Paragraph id="1077028" documentposition="23" splitpriority="none" />
    <Paragraph id="1077032" documentposition="24" splitpriority="none" />
    <Paragraph id="1107073" documentposition="25" splitpriority="none" relatedtopic="define-no-output" />
    <Paragraph id="1107077" documentposition="26" splitpriority="none" relatedtopic="define-no-output" />
  </Split>
  <Split id="1074305" documentposition="27">
    <Paragraph id="1074305" documentposition="27" splitpriority="2">
      <Marker behavior="topic" id="1081613">
        <Marker id="1081613" name="TopicAlias" xmlns="urn:WebWorks-Document-Schema">
          <TextRun id="tr1081613-1">
            <Text value="search_criteria_help" />
          </TextRun>
        </Marker>
      </Marker>
    </Paragraph>
    <Paragraph id="1073200" documentposition="28" splitpriority="none" />
    <Paragraph id="1073264" documentposition="29" splitpriority="none" />
    <Paragraph id="1074371" documentposition="31" splitpriority="none" />
    <Paragraph id="1094022" documentposition="33" splitpriority="none" />
    <Paragraph id="1076800" documentposition="34" splitpriority="none" />
    <Paragraph id="1076801" documentposition="35" splitpriority="none" />
    <Paragraph id="1076802" documentposition="36" splitpriority="none" />
    <Paragraph id="1074378" documentposition="37" splitpriority="none" />
    <Paragraph id="1082662" documentposition="38" splitpriority="none" />
    <Paragraph id="1082682" documentposition="39" splitpriority="none" />
    <Paragraph id="1082697" documentposition="40" splitpriority="none" />
    <Paragraph id="1093881" documentposition="41" splitpriority="none" />
    <Paragraph id="1083129" documentposition="42" splitpriority="none" />
    <Paragraph id="1083130" documentposition="43" splitpriority="none" />
    <Paragraph id="1083131" documentposition="44" splitpriority="none" />
    <Paragraph id="1083132" documentposition="45" splitpriority="none" />
    <Paragraph id="1083133" documentposition="46" splitpriority="none" />
    <Paragraph id="1083134" documentposition="47" splitpriority="none" />
    <Paragraph id="1083144" documentposition="48" splitpriority="none" />
    <Paragraph id="1083146" documentposition="49" splitpriority="none" />
    <Paragraph id="1083150" documentposition="50" splitpriority="none" />
    <Paragraph id="1107149" documentposition="51" splitpriority="none" relatedtopic="define-no-output" />
    <Paragraph id="1107153" documentposition="52" splitpriority="none" relatedtopic="define-no-output" />
    <Paragraph id="1107157" documentposition="53" splitpriority="none" relatedtopic="define-no-output" />
  </Split>
  <Split id="1094071" documentposition="54">
    <Paragraph id="1094071" documentposition="54" splitpriority="3" />
    <Paragraph id="1094072" documentposition="55" splitpriority="none" />
    <Paragraph id="1094074" documentposition="56" splitpriority="none" />
    <Paragraph id="1093966" documentposition="58" splitpriority="none" />
    <Paragraph id="1092653" documentposition="59" splitpriority="none" />
    <Paragraph id="1092638" documentposition="60" splitpriority="none" />
    <Paragraph id="1074474" documentposition="62" splitpriority="none" />
    <Paragraph id="1077043" documentposition="63" splitpriority="none" />
    <Paragraph id="1077059" documentposition="64" splitpriority="none" />
    <Paragraph id="1083210" documentposition="66" splitpriority="none" />
    <Paragraph id="1083217" documentposition="67" splitpriority="none" />
  </Split>
  <Split id="1083219" documentposition="68">
    <Paragraph id="1083219" documentposition="68" splitpriority="3" />
    <Paragraph id="1076346" documentposition="69" splitpriority="none" />
    <Paragraph id="1081653" documentposition="70" splitpriority="none" />
    <Paragraph id="1091133" documentposition="71" splitpriority="none" />
    <Paragraph id="1090463" documentposition="72" splitpriority="none" />
    <Paragraph id="1105410" documentposition="73" splitpriority="none" />
    <Paragraph id="1105415" documentposition="74" splitpriority="none" />
    <Paragraph id="1105416" documentposition="75" splitpriority="none" />
    <Paragraph id="1105420" documentposition="76" splitpriority="none" />
    <Paragraph id="1105431" documentposition="77" splitpriority="none" />
    <Paragraph id="1105432" documentposition="78" splitpriority="none" />
    <Paragraph id="1105433" documentposition="79" splitpriority="none" />
    <Paragraph id="1108423" documentposition="80" splitpriority="none" />
    <Paragraph id="1105449" documentposition="81" splitpriority="none" />
    <Paragraph id="1108413" documentposition="82" splitpriority="none" />
    <Paragraph id="1078286" documentposition="83" splitpriority="none" />
    <Paragraph id="1083277" documentposition="84" splitpriority="none" />
    <Paragraph id="1083308" documentposition="85" splitpriority="none" />
    <Paragraph id="1083411" documentposition="87" splitpriority="none" />
    <Paragraph id="1083436" documentposition="88" splitpriority="none" />
    <Paragraph id="1083452" documentposition="89" splitpriority="none" />
    <Paragraph id="1087109" documentposition="90" splitpriority="none" />
    <Paragraph id="1087129" documentposition="91" splitpriority="none" />
    <Paragraph id="1087130" documentposition="92" splitpriority="none" />
    <Paragraph id="1087137" documentposition="93" splitpriority="none" />
    <Paragraph id="1092450" documentposition="94" splitpriority="none" />
    <Paragraph id="1098997" documentposition="95" splitpriority="none" />
  </Split>
  <Split id="1093877" documentposition="96">
    <Paragraph id="1093877" documentposition="96" splitpriority="3" />
    <Paragraph id="1095835" documentposition="97" splitpriority="none" />
    <Paragraph id="1095978" documentposition="98" splitpriority="none" />
    <Paragraph id="1094493" documentposition="99" splitpriority="none" />
    <Paragraph id="1094494" documentposition="100" splitpriority="none" />
    <Paragraph id="1094495" documentposition="101" splitpriority="none" />
    <Paragraph id="1094496" documentposition="102" splitpriority="none" />
    <Paragraph id="1094503" documentposition="103" splitpriority="none" />
    <Paragraph id="1094546" documentposition="104" splitpriority="none" />
    <Paragraph id="1094706" documentposition="106" splitpriority="none" />
    <Paragraph id="1095780" documentposition="107" splitpriority="none" />
    <Paragraph id="1094710" documentposition="108" splitpriority="none" />
    <Paragraph id="1094731" documentposition="109" splitpriority="none" />
    <Paragraph id="1094739" documentposition="110" splitpriority="none" />
    <Paragraph id="1094747" documentposition="111" splitpriority="none" />
    <Paragraph id="1094812" documentposition="112" splitpriority="none" />
    <Paragraph id="1096046" documentposition="113" splitpriority="none" />
    <Paragraph id="1096074" documentposition="115" splitpriority="none" />
    <Paragraph id="1099021" documentposition="116" splitpriority="none" />
  </Split>
  <Split id="1094688" documentposition="117">
    <Paragraph id="1094688" documentposition="117" splitpriority="3" />
    <Paragraph id="1094287" documentposition="118" splitpriority="none" />
    <Paragraph id="1094292" documentposition="119" splitpriority="none" />
    <Paragraph id="1094296" documentposition="120" splitpriority="none">
      <Frame id="1094294">
        <Paragraph id="" />
      </Frame>
    </Paragraph>
    <Paragraph id="1094297" documentposition="121" splitpriority="none" />
    <Paragraph id="1094298" documentposition="122" splitpriority="none" />
    <Paragraph id="1094299" documentposition="123" splitpriority="none" />
    <Paragraph id="1094300" documentposition="124" splitpriority="none" />
    <Paragraph id="1094301" documentposition="125" splitpriority="none" />
    <Paragraph id="1094302" documentposition="126" splitpriority="none" />
    <Paragraph id="1094303" documentposition="127" splitpriority="none" />
    <Paragraph id="1094304" documentposition="128" splitpriority="none" />
    <Paragraph id="1094305" documentposition="129" splitpriority="none" />
    <Paragraph id="1094313" documentposition="131" splitpriority="none" />
    <Paragraph id="1094314" documentposition="132" splitpriority="none" />
    <Paragraph id="1094322" documentposition="134" splitpriority="none" />
    <Paragraph id="1094327" documentposition="135" splitpriority="none">
      <Frame id="1094325">
        <Paragraph id="" />
      </Frame>
    </Paragraph>
    <Paragraph id="1096354" documentposition="136" splitpriority="none" />
    <Paragraph id="1096352" documentposition="137" splitpriority="none" />
    <Paragraph id="1094331" documentposition="138" splitpriority="none" />
    <Paragraph id="1094332" documentposition="139" splitpriority="none" />
    <Paragraph id="1094333" documentposition="140" splitpriority="none" />
  </Split>
  <Split id="1094276" documentposition="141">
    <Paragraph id="1094276" documentposition="141" splitpriority="3" />
    <Paragraph id="1095156" documentposition="142" splitpriority="none" />
    <Paragraph id="1095180" documentposition="143" splitpriority="none" />
  </Split>
  <Split id="1089375" documentposition="144">
    <Paragraph id="1089375" documentposition="144" splitpriority="3">
      <Marker behavior="topic" id="1089374">
        <Marker id="1089374" name="TopicAlias" xmlns="urn:WebWorks-Document-Schema">
          <TextRun id="tr1089374-1">
            <Text value="results_type_tab_help" />
          </TextRun>
        </Marker>
      </Marker>
    </Paragraph>
    <Paragraph id="1074612" documentposition="145" splitpriority="none" />
    <Paragraph id="1076120" documentposition="147" splitpriority="none" />
    <Paragraph id="1077265" documentposition="148" splitpriority="none" />
    <Paragraph id="1077371" documentposition="149" splitpriority="none" />
    <Paragraph id="1095185" documentposition="150" splitpriority="none" />
    <Paragraph id="1077266" documentposition="151" splitpriority="none" />
    <Paragraph id="1078171" documentposition="152" splitpriority="none" />
    <Paragraph id="1078172" documentposition="153" splitpriority="none" />
    <Paragraph id="1091110" documentposition="154" splitpriority="none" />
    <Paragraph id="1078173" documentposition="155" splitpriority="none" />
    <Paragraph id="1076732" documentposition="156" splitpriority="none" />
    <Paragraph id="1077279" documentposition="157" splitpriority="none" />
    <Paragraph id="1077377" documentposition="158" splitpriority="none" />
    <Paragraph id="1074616" documentposition="159" splitpriority="none" />
    <Paragraph id="1090102" documentposition="160" splitpriority="none" />
    <Paragraph id="1107363" documentposition="161" splitpriority="none" relatedtopic="define-no-output" />
    <Paragraph id="1107367" documentposition="162" splitpriority="none" relatedtopic="define-no-output" />
    <Paragraph id="1107371" documentposition="163" splitpriority="none" relatedtopic="define-no-output" />
    <Paragraph id="1107375" documentposition="164" splitpriority="none" relatedtopic="define-no-output" />
    <Paragraph id="1107379" documentposition="165" splitpriority="none" relatedtopic="define-no-output" />
  </Split>
  <Split id="1089355" documentposition="166">
    <Paragraph id="1089355" documentposition="166" splitpriority="3">
      <Marker behavior="topic" id="1089386">
        <Marker id="1089386" name="TopicAlias" xmlns="urn:WebWorks-Document-Schema">
          <TextRun id="tr1089386-1">
            <Text value="sorting_tab_help" />
          </TextRun>
        </Marker>
      </Marker>
    </Paragraph>
    <Paragraph id="1074619" documentposition="167" splitpriority="none" />
    <Paragraph id="1089832" documentposition="168" splitpriority="none" />
    <Paragraph id="1095230" documentposition="169" splitpriority="none" />
    <Paragraph id="1089382" documentposition="170" splitpriority="none" />
    <Paragraph id="1074620" documentposition="172" splitpriority="none" />
    <Paragraph id="1089440" documentposition="173" splitpriority="none" />
    <Paragraph id="1089441" documentposition="174" splitpriority="none" />
    <Paragraph id="1090063" documentposition="175" splitpriority="none" />
    <Paragraph id="1077739" documentposition="176" splitpriority="none" />
    <Paragraph id="1107419" documentposition="177" splitpriority="none" relatedtopic="define-no-output" />
    <Paragraph id="1107423" documentposition="178" splitpriority="none" relatedtopic="define-no-output" />
    <Paragraph id="1107427" documentposition="179" splitpriority="none" relatedtopic="define-no-output" />
  </Split>
  <Split id="1077751" documentposition="180">
    <Paragraph id="1077751" documentposition="180" splitpriority="2" />
    <Paragraph id="1077949" documentposition="181" splitpriority="none" />
    <Paragraph id="1095031" documentposition="182" splitpriority="none" />
    <Paragraph id="1095035" documentposition="183" splitpriority="none" />
    <Paragraph id="1095039" documentposition="184" splitpriority="none" />
    <Paragraph id="1088128" documentposition="185" splitpriority="none" />
  </Split>
  <Split id="1075754" documentposition="186">
    <Paragraph id="1075754" documentposition="186" splitpriority="3">
      <Marker behavior="topic" id="1081614">
        <Marker id="1081614" name="TopicAlias" xmlns="urn:WebWorks-Document-Schema">
          <TextRun id="tr1081614-1">
            <Text value="save_query_help" />
          </TextRun>
        </Marker>
      </Marker>
    </Paragraph>
    <Paragraph id="1075755" documentposition="187" splitpriority="none" />
    <Paragraph id="1081970" documentposition="188" splitpriority="none" />
    <Paragraph id="1075757" documentposition="189" splitpriority="none" />
    <Paragraph id="1075758" documentposition="190" splitpriority="none" />
    <Paragraph id="1107435" documentposition="191" splitpriority="none" relatedtopic="define-no-output" />
    <Paragraph id="1107439" documentposition="192" splitpriority="none" relatedtopic="define-no-output" />
    <Paragraph id="1107443" documentposition="193" splitpriority="none" relatedtopic="define-no-output" />
    <Paragraph id="1107447" documentposition="194" splitpriority="none" relatedtopic="define-no-output" />
  </Split>
  <Split id="1075748" documentposition="195">
    <Paragraph id="1075748" documentposition="195" splitpriority="3" />
    <Paragraph id="1073533" documentposition="196" splitpriority="none" />
    <Paragraph id="1081975" documentposition="197" splitpriority="none" />
    <Paragraph id="1077997" documentposition="198" splitpriority="none">
      <Frame id="1081420">
        <Paragraph id="" />
      </Frame>
    </Paragraph>
    <Paragraph id="1081414" documentposition="199" splitpriority="none" />
    <Paragraph id="1077998" documentposition="200" splitpriority="none" />
    <Paragraph id="1107455" documentposition="201" splitpriority="none" relatedtopic="define-no-output" />
    <Paragraph id="1107459" documentposition="202" splitpriority="none" relatedtopic="define-no-output" />
    <Paragraph id="1107463" documentposition="203" splitpriority="none" relatedtopic="define-no-output" />
    <Paragraph id="1107467" documentposition="204" splitpriority="none" relatedtopic="define-no-output" />
  </Split>
  <Split id="1073510" documentposition="205">
    <Paragraph id="1073510" documentposition="205" splitpriority="3" />
    <Paragraph id="1073522" documentposition="206" splitpriority="none" />
    <Paragraph id="1085185" documentposition="207" splitpriority="none" />
  </Split>
</Behaviors>