<?xml version="1.0" encoding="utf-8"?>
<Index version="1.0" xmlns="urn:WebWorks-Index-Schema">
  <Entry name="searching" sort="searching" sectionposition="2">
    <Content xmlns="urn:WebWorks-Document-Schema">
      <TextRun>
        <Text value="searching" />
      </TextRun>
    </Content>
    <Entry name="overview" sort="overview">
      <Content xmlns="urn:WebWorks-Document-Schema">
        <TextRun>
          <Text value="overview" />
        </TextRun>
      </Content>
      <Link href="C:\Documents and Settings\hadfielj\My Documents\ePublisher Pro Projects\caIntegrator2\Output\WebWorks Help 5.0\caIntegrator2\SearchingWithinAStudy.5.2.html" anchor="1077420" fileposition="42" first="false" />
    </Entry>
  </Entry>
  <Entry name="searching" sort="searching" sectionposition="2">
    <Content xmlns="urn:WebWorks-Document-Schema">
      <TextRun>
        <Text value="searching" />
      </TextRun>
    </Content>
    <Entry name="study" sort="study">
      <Content xmlns="urn:WebWorks-Document-Schema">
        <TextRun>
          <Text value="study" />
        </TextRun>
      </Content>
      <Link href="C:\Documents and Settings\hadfielj\My Documents\ePublisher Pro Projects\caIntegrator2\Output\WebWorks Help 5.0\caIntegrator2\SearchingWithinAStudy.5.3.html" anchor="1073200" fileposition="43" first="false" />
    </Entry>
  </Entry>
  <Entry name="study" sort="study" sectionposition="2">
    <Content xmlns="urn:WebWorks-Document-Schema">
      <TextRun>
        <Text value="study" />
      </TextRun>
    </Content>
    <Entry name="searching" sort="searching">
      <Content xmlns="urn:WebWorks-Document-Schema">
        <TextRun>
          <Text value="searching" />
        </TextRun>
      </Content>
      <Link href="C:\Documents and Settings\hadfielj\My Documents\ePublisher Pro Projects\caIntegrator2\Output\WebWorks Help 5.0\caIntegrator2\SearchingWithinAStudy.5.3.html" anchor="1073200" fileposition="43" first="false" />
    </Entry>
  </Entry>
  <Entry name="searching" sort="searching" sectionposition="2">
    <Content xmlns="urn:WebWorks-Document-Schema">
      <TextRun>
        <Text value="searching" />
      </TextRun>
    </Content>
    <Entry name="annotations" sort="annotations">
      <Content xmlns="urn:WebWorks-Document-Schema">
        <TextRun>
          <Text value="annotations" />
        </TextRun>
      </Content>
      <Link href="C:\Documents and Settings\hadfielj\My Documents\ePublisher Pro Projects\caIntegrator2\Output\WebWorks Help 5.0\caIntegrator2\SearchingWithinAStudy.5.4.html" anchor="1094074" fileposition="44" first="false" />
    </Entry>
  </Entry>
  <Entry name="annotation" sort="annotation" sectionposition="2">
    <Content xmlns="urn:WebWorks-Document-Schema">
      <TextRun>
        <Text value="annotation" />
      </TextRun>
    </Content>
    <Entry name="searching for patients/samples" sort="searching for patients/samples">
      <Content xmlns="urn:WebWorks-Document-Schema">
        <TextRun>
          <Text value="searching for patients/samples" />
        </TextRun>
      </Content>
      <Link href="C:\Documents and Settings\hadfielj\My Documents\ePublisher Pro Projects\caIntegrator2\Output\WebWorks Help 5.0\caIntegrator2\SearchingWithinAStudy.5.4.html" anchor="1094074" fileposition="44" first="false" />
    </Entry>
  </Entry>
  <Entry name="searching" sort="searching" sectionposition="2">
    <Content xmlns="urn:WebWorks-Document-Schema">
      <TextRun>
        <Text value="searching" />
      </TextRun>
    </Content>
    <Entry name="images" sort="images">
      <Content xmlns="urn:WebWorks-Document-Schema">
        <TextRun>
          <Text value="images" />
        </TextRun>
      </Content>
      <Link href="C:\Documents and Settings\hadfielj\My Documents\ePublisher Pro Projects\caIntegrator2\Output\WebWorks Help 5.0\caIntegrator2\SearchingWithinAStudy.5.4.html" anchor="1094074" fileposition="44" first="false" />
    </Entry>
  </Entry>
  <Entry name="images" sort="images" sectionposition="2">
    <Content xmlns="urn:WebWorks-Document-Schema">
      <TextRun>
        <Text value="images" />
      </TextRun>
    </Content>
    <Entry name="searching" sort="searching">
      <Content xmlns="urn:WebWorks-Document-Schema">
        <TextRun>
          <Text value="searching" />
        </TextRun>
      </Content>
      <Link href="C:\Documents and Settings\hadfielj\My Documents\ePublisher Pro Projects\caIntegrator2\Output\WebWorks Help 5.0\caIntegrator2\SearchingWithinAStudy.5.4.html" anchor="1094074" fileposition="44" first="false" />
    </Entry>
  </Entry>
  <Entry name="searching" sort="searching" sectionposition="2">
    <Content xmlns="urn:WebWorks-Document-Schema">
      <TextRun>
        <Text value="searching" />
      </TextRun>
    </Content>
    <Entry name="gene expression data" sort="gene expression data">
      <Content xmlns="urn:WebWorks-Document-Schema">
        <TextRun>
          <Text value="gene expression data" />
        </TextRun>
      </Content>
      <Link href="C:\Documents and Settings\hadfielj\My Documents\ePublisher Pro Projects\caIntegrator2\Output\WebWorks Help 5.0\caIntegrator2\SearchingWithinAStudy.5.5.html" anchor="1083219" fileposition="45" first="true" />
    </Entry>
  </Entry>
  <Entry name="gene expression" sort="gene expression" sectionposition="2">
    <Content xmlns="urn:WebWorks-Document-Schema">
      <TextRun>
        <Text value="gene expression" />
      </TextRun>
    </Content>
    <Entry name="searching data" sort="searching data">
      <Content xmlns="urn:WebWorks-Document-Schema">
        <TextRun>
          <Text value="searching data" />
        </TextRun>
      </Content>
      <Link href="C:\Documents and Settings\hadfielj\My Documents\ePublisher Pro Projects\caIntegrator2\Output\WebWorks Help 5.0\caIntegrator2\SearchingWithinAStudy.5.5.html" anchor="1083219" fileposition="45" first="true" />
    </Entry>
  </Entry>
  <Entry name="fold change" sort="fold change" sectionposition="2">
    <Content xmlns="urn:WebWorks-Document-Schema">
      <TextRun>
        <Text value="fold change" />
      </TextRun>
    </Content>
    <Entry name="search" sort="search">
      <Content xmlns="urn:WebWorks-Document-Schema">
        <TextRun>
          <Text value="search" />
        </TextRun>
      </Content>
      <Link href="C:\Documents and Settings\hadfielj\My Documents\ePublisher Pro Projects\caIntegrator2\Output\WebWorks Help 5.0\caIntegrator2\SearchingWithinAStudy.5.5.html" anchor="1083277" fileposition="45" first="false" />
    </Entry>
  </Entry>
  <Entry name="searching" sort="searching" sectionposition="2">
    <Content xmlns="urn:WebWorks-Document-Schema">
      <TextRun>
        <Text value="searching" />
      </TextRun>
    </Content>
    <Entry name="fold change" sort="fold change">
      <Content xmlns="urn:WebWorks-Document-Schema">
        <TextRun>
          <Text value="fold change" />
        </TextRun>
      </Content>
      <Link href="C:\Documents and Settings\hadfielj\My Documents\ePublisher Pro Projects\caIntegrator2\Output\WebWorks Help 5.0\caIntegrator2\SearchingWithinAStudy.5.5.html" anchor="1083277" fileposition="45" first="false" />
    </Entry>
  </Entry>
  <Entry name="searching" sort="searching" sectionposition="2">
    <Content xmlns="urn:WebWorks-Document-Schema">
      <TextRun>
        <Text value="searching" />
      </TextRun>
    </Content>
    <Entry name="copy number data" sort="copy number data">
      <Content xmlns="urn:WebWorks-Document-Schema">
        <TextRun>
          <Text value="copy number data" />
        </TextRun>
      </Content>
      <Link href="C:\Documents and Settings\hadfielj\My Documents\ePublisher Pro Projects\caIntegrator2\Output\WebWorks Help 5.0\caIntegrator2\SearchingWithinAStudy.5.6.html" anchor="1095835" fileposition="46" first="false" />
    </Entry>
  </Entry>
  <Entry name="copy number" sort="copy number" sectionposition="2">
    <Content xmlns="urn:WebWorks-Document-Schema">
      <TextRun>
        <Text value="copy number" />
      </TextRun>
    </Content>
    <Entry name="searching data," sort="searching data,">
      <Content xmlns="urn:WebWorks-Document-Schema">
        <TextRun>
          <Text value="searching data," />
        </TextRun>
      </Content>
      <Link href="C:\Documents and Settings\hadfielj\My Documents\ePublisher Pro Projects\caIntegrator2\Output\WebWorks Help 5.0\caIntegrator2\SearchingWithinAStudy.5.6.html" anchor="1095835" fileposition="46" first="false" />
    </Entry>
  </Entry>
  <Entry name="CGHCalls" sort="CGHCalls" sectionposition="2">
    <Content xmlns="urn:WebWorks-Document-Schema">
      <TextRun>
        <Text value="CGHCalls" />
      </TextRun>
    </Content>
    <Link href="C:\Documents and Settings\hadfielj\My Documents\ePublisher Pro Projects\caIntegrator2\Output\WebWorks Help 5.0\caIntegrator2\SearchingWithinAStudy.5.6.html" anchor="1109905" fileposition="46" first="false" />
  </Entry>
  <Entry name="choosing genes" sort="choosing genes" sectionposition="2">
    <Content xmlns="urn:WebWorks-Document-Schema">
      <TextRun>
        <Text value="choosing genes" />
      </TextRun>
    </Content>
    <Link href="C:\Documents and Settings\hadfielj\My Documents\ePublisher Pro Projects\caIntegrator2\Output\WebWorks Help 5.0\caIntegrator2\SearchingWithinAStudy.5.7.html" anchor="1094287" fileposition="47" first="false" />
  </Entry>
  <Entry name="genes" sort="genes" sectionposition="2">
    <Content xmlns="urn:WebWorks-Document-Schema">
      <TextRun>
        <Text value="genes" />
      </TextRun>
    </Content>
    <Entry name="finding" sort="finding">
      <Content xmlns="urn:WebWorks-Document-Schema">
        <TextRun>
          <Text value="finding" />
        </TextRun>
      </Content>
      <Link href="C:\Documents and Settings\hadfielj\My Documents\ePublisher Pro Projects\caIntegrator2\Output\WebWorks Help 5.0\caIntegrator2\SearchingWithinAStudy.5.7.html" anchor="1094287" fileposition="47" first="false" />
    </Entry>
  </Entry>
  <Entry name="searching" sort="searching" sectionposition="2">
    <Content xmlns="urn:WebWorks-Document-Schema">
      <TextRun>
        <Text value="searching" />
      </TextRun>
    </Content>
    <Entry name="for genes" sort="for genes">
      <Content xmlns="urn:WebWorks-Document-Schema">
        <TextRun>
          <Text value="for genes" />
        </TextRun>
      </Content>
      <Link href="C:\Documents and Settings\hadfielj\My Documents\ePublisher Pro Projects\caIntegrator2\Output\WebWorks Help 5.0\caIntegrator2\SearchingWithinAStudy.5.7.html" anchor="1094287" fileposition="47" first="false" />
    </Entry>
  </Entry>
  <Entry name="caBIO" sort="caBIO" sectionposition="2">
    <Content xmlns="urn:WebWorks-Document-Schema">
      <TextRun>
        <Text value="caBIO" />
      </TextRun>
    </Content>
    <Entry name="genes search" sort="genes search">
      <Content xmlns="urn:WebWorks-Document-Schema">
        <TextRun>
          <Text value="genes search" />
        </TextRun>
      </Content>
      <Link href="C:\Documents and Settings\hadfielj\My Documents\ePublisher Pro Projects\caIntegrator2\Output\WebWorks Help 5.0\caIntegrator2\SearchingWithinAStudy.5.7.html" anchor="1094292" fileposition="47" first="false" />
    </Entry>
  </Entry>
  <Entry name="searching" sort="searching" sectionposition="2">
    <Content xmlns="urn:WebWorks-Document-Schema">
      <TextRun>
        <Text value="searching" />
      </TextRun>
    </Content>
    <Entry name="caBIO" sort="caBIO">
      <Content xmlns="urn:WebWorks-Document-Schema">
        <TextRun>
          <Text value="caBIO" />
        </TextRun>
      </Content>
      <Link href="C:\Documents and Settings\hadfielj\My Documents\ePublisher Pro Projects\caIntegrator2\Output\WebWorks Help 5.0\caIntegrator2\SearchingWithinAStudy.5.7.html" anchor="1094292" fileposition="47" first="false" />
    </Entry>
  </Entry>
  <Entry name="genes" sort="genes" sectionposition="2">
    <Content xmlns="urn:WebWorks-Document-Schema">
      <TextRun>
        <Text value="genes" />
      </TextRun>
    </Content>
    <Entry name="searching caBIO" sort="searching caBIO">
      <Content xmlns="urn:WebWorks-Document-Schema">
        <TextRun>
          <Text value="searching caBIO" />
        </TextRun>
      </Content>
      <Link href="C:\Documents and Settings\hadfielj\My Documents\ePublisher Pro Projects\caIntegrator2\Output\WebWorks Help 5.0\caIntegrator2\SearchingWithinAStudy.5.7.html" anchor="1094292" fileposition="47" first="false" />
    </Entry>
  </Entry>
  <Entry name="gene list" sort="gene list" sectionposition="2">
    <Content xmlns="urn:WebWorks-Document-Schema">
      <TextRun>
        <Text value="gene list" />
      </TextRun>
    </Content>
    <Entry name="search" sort="search">
      <Content xmlns="urn:WebWorks-Document-Schema">
        <TextRun>
          <Text value="search" />
        </TextRun>
      </Content>
      <Link href="C:\Documents and Settings\hadfielj\My Documents\ePublisher Pro Projects\caIntegrator2\Output\WebWorks Help 5.0\caIntegrator2\SearchingWithinAStudy.5.7.html" anchor="1094327" fileposition="47" first="false" />
    </Entry>
  </Entry>
  <Entry name="searching" sort="searching" sectionposition="2">
    <Content xmlns="urn:WebWorks-Document-Schema">
      <TextRun>
        <Text value="searching" />
      </TextRun>
    </Content>
    <Entry name="gene list" sort="gene list">
      <Content xmlns="urn:WebWorks-Document-Schema">
        <TextRun>
          <Text value="gene list" />
        </TextRun>
      </Content>
      <Link href="C:\Documents and Settings\hadfielj\My Documents\ePublisher Pro Projects\caIntegrator2\Output\WebWorks Help 5.0\caIntegrator2\SearchingWithinAStudy.5.7.html" anchor="1094327" fileposition="47" first="false" />
    </Entry>
  </Entry>
  <Entry name="list" sort="list" sectionposition="2">
    <Content xmlns="urn:WebWorks-Document-Schema">
      <TextRun>
        <Text value="list" />
      </TextRun>
    </Content>
    <Entry name="searching gene" sort="searching gene">
      <Content xmlns="urn:WebWorks-Document-Schema">
        <TextRun>
          <Text value="searching gene" />
        </TextRun>
      </Content>
      <Link href="C:\Documents and Settings\hadfielj\My Documents\ePublisher Pro Projects\caIntegrator2\Output\WebWorks Help 5.0\caIntegrator2\SearchingWithinAStudy.5.7.html" anchor="1094327" fileposition="47" first="false" />
    </Entry>
  </Entry>
  <Entry name="genes" sort="genes" sectionposition="2">
    <Content xmlns="urn:WebWorks-Document-Schema">
      <TextRun>
        <Text value="genes" />
      </TextRun>
    </Content>
    <Entry name="searching gene list" sort="searching gene list">
      <Content xmlns="urn:WebWorks-Document-Schema">
        <TextRun>
          <Text value="searching gene list" />
        </TextRun>
      </Content>
      <Link href="C:\Documents and Settings\hadfielj\My Documents\ePublisher Pro Projects\caIntegrator2\Output\WebWorks Help 5.0\caIntegrator2\SearchingWithinAStudy.5.7.html" anchor="1094327" fileposition="47" first="false" />
    </Entry>
  </Entry>
  <Entry name="CGAP, genes search" sort="CGAP, genes search" sectionposition="2">
    <Content xmlns="urn:WebWorks-Document-Schema">
      <TextRun>
        <Text value="CGAP, genes search" />
      </TextRun>
    </Content>
    <Link href="C:\Documents and Settings\hadfielj\My Documents\ePublisher Pro Projects\caIntegrator2\Output\WebWorks Help 5.0\caIntegrator2\SearchingWithinAStudy.5.7.html" anchor="1094333" fileposition="47" first="false" />
  </Entry>
  <Entry name="searching" sort="searching" sectionposition="2">
    <Content xmlns="urn:WebWorks-Document-Schema">
      <TextRun>
        <Text value="searching" />
      </TextRun>
    </Content>
    <Entry name="CGAP" sort="CGAP">
      <Content xmlns="urn:WebWorks-Document-Schema">
        <TextRun>
          <Text value="CGAP" />
        </TextRun>
      </Content>
      <Link href="C:\Documents and Settings\hadfielj\My Documents\ePublisher Pro Projects\caIntegrator2\Output\WebWorks Help 5.0\caIntegrator2\SearchingWithinAStudy.5.7.html" anchor="1094333" fileposition="47" first="false" />
    </Entry>
  </Entry>
  <Entry name="genes" sort="genes" sectionposition="2">
    <Content xmlns="urn:WebWorks-Document-Schema">
      <TextRun>
        <Text value="genes" />
      </TextRun>
    </Content>
    <Entry name="searching CGAP" sort="searching CGAP">
      <Content xmlns="urn:WebWorks-Document-Schema">
        <TextRun>
          <Text value="searching CGAP" />
        </TextRun>
      </Content>
      <Link href="C:\Documents and Settings\hadfielj\My Documents\ePublisher Pro Projects\caIntegrator2\Output\WebWorks Help 5.0\caIntegrator2\SearchingWithinAStudy.5.7.html" anchor="1094333" fileposition="47" first="false" />
    </Entry>
  </Entry>
  <Entry name="columns, defining display" sort="columns, defining display" sectionposition="2">
    <Content xmlns="urn:WebWorks-Document-Schema">
      <TextRun>
        <Text value="columns, defining display" />
      </TextRun>
    </Content>
    <Link href="C:\Documents and Settings\hadfielj\My Documents\ePublisher Pro Projects\caIntegrator2\Output\WebWorks Help 5.0\caIntegrator2\SearchingWithinAStudy.5.8.html" anchor="1095156" fileposition="48" first="false" />
  </Entry>
  <Entry name="Results Type tab" sort="Results Type tab" sectionposition="2">
    <Content xmlns="urn:WebWorks-Document-Schema">
      <TextRun>
        <Text value="Results Type tab" />
      </TextRun>
    </Content>
    <Link href="C:\Documents and Settings\hadfielj\My Documents\ePublisher Pro Projects\caIntegrator2\Output\WebWorks Help 5.0\caIntegrator2\SearchingWithinAStudy.5.8.html" anchor="1095156" fileposition="48" first="false" />
  </Entry>
  <Entry name="searching" sort="searching" sectionposition="2">
    <Content xmlns="urn:WebWorks-Document-Schema">
      <TextRun>
        <Text value="searching" />
      </TextRun>
    </Content>
    <Entry name="Results Type tab" sort="Results Type tab">
      <Content xmlns="urn:WebWorks-Document-Schema">
        <TextRun>
          <Text value="Results Type tab" />
        </TextRun>
      </Content>
      <Link href="C:\Documents and Settings\hadfielj\My Documents\ePublisher Pro Projects\caIntegrator2\Output\WebWorks Help 5.0\caIntegrator2\SearchingWithinAStudy.5.8.html" anchor="1095156" fileposition="48" first="false" />
    </Entry>
  </Entry>
  <Entry name="query" sort="query" sectionposition="2">
    <Content xmlns="urn:WebWorks-Document-Schema">
      <TextRun>
        <Text value="query" />
      </TextRun>
    </Content>
    <Entry name="results" sort="results">
      <Content xmlns="urn:WebWorks-Document-Schema">
        <TextRun>
          <Text value="results" />
        </TextRun>
      </Content>
      <Link href="C:\Documents and Settings\hadfielj\My Documents\ePublisher Pro Projects\caIntegrator2\Output\WebWorks Help 5.0\caIntegrator2\SearchingWithinAStudy.5.8.html" anchor="1095156" fileposition="48" first="false" />
    </Entry>
  </Entry>
  <Entry name="columns, defining display" sort="columns, defining display" sectionposition="2">
    <Content xmlns="urn:WebWorks-Document-Schema">
      <TextRun>
        <Text value="columns, defining display" />
      </TextRun>
    </Content>
    <Link href="C:\Documents and Settings\hadfielj\My Documents\ePublisher Pro Projects\caIntegrator2\Output\WebWorks Help 5.0\caIntegrator2\SearchingWithinAStudy.5.10.html" anchor="1074619" fileposition="50" first="false" />
  </Entry>
  <Entry name="Sorting tab" sort="Sorting tab" sectionposition="2">
    <Content xmlns="urn:WebWorks-Document-Schema">
      <TextRun>
        <Text value="Sorting tab" />
      </TextRun>
    </Content>
    <Link href="C:\Documents and Settings\hadfielj\My Documents\ePublisher Pro Projects\caIntegrator2\Output\WebWorks Help 5.0\caIntegrator2\SearchingWithinAStudy.5.10.html" anchor="1074619" fileposition="50" first="false" />
  </Entry>
  <Entry name="sorting copy number results" sort="sorting copy number results" sectionposition="2">
    <Content xmlns="urn:WebWorks-Document-Schema">
      <TextRun>
        <Text value="sorting copy number results" />
      </TextRun>
    </Content>
    <Link href="C:\Documents and Settings\hadfielj\My Documents\ePublisher Pro Projects\caIntegrator2\Output\WebWorks Help 5.0\caIntegrator2\SearchingWithinAStudy.5.10.html" anchor="1074619" fileposition="50" first="false" />
  </Entry>
  <Entry name="managing" sort="managing" sectionposition="2">
    <Content xmlns="urn:WebWorks-Document-Schema">
      <TextRun>
        <Text value="managing" />
      </TextRun>
    </Content>
    <Entry name="queries" sort="queries">
      <Content xmlns="urn:WebWorks-Document-Schema">
        <TextRun>
          <Text value="queries" />
        </TextRun>
      </Content>
      <Link href="C:\Documents and Settings\hadfielj\My Documents\ePublisher Pro Projects\caIntegrator2\Output\WebWorks Help 5.0\caIntegrator2\SearchingWithinAStudy.5.11.html" anchor="1077949" fileposition="51" first="false" />
    </Entry>
  </Entry>
  <Entry name="query" sort="query" sectionposition="2">
    <Content xmlns="urn:WebWorks-Document-Schema">
      <TextRun>
        <Text value="query" />
      </TextRun>
    </Content>
    <Entry name="managing" sort="managing">
      <Content xmlns="urn:WebWorks-Document-Schema">
        <TextRun>
          <Text value="managing" />
        </TextRun>
      </Content>
      <Link href="C:\Documents and Settings\hadfielj\My Documents\ePublisher Pro Projects\caIntegrator2\Output\WebWorks Help 5.0\caIntegrator2\SearchingWithinAStudy.5.11.html" anchor="1077949" fileposition="51" first="false" />
    </Entry>
  </Entry>
  <Entry name="query" sort="query" sectionposition="2">
    <Content xmlns="urn:WebWorks-Document-Schema">
      <TextRun>
        <Text value="query" />
      </TextRun>
    </Content>
    <Entry name="saving" sort="saving">
      <Content xmlns="urn:WebWorks-Document-Schema">
        <TextRun>
          <Text value="saving" />
        </TextRun>
      </Content>
      <Link href="C:\Documents and Settings\hadfielj\My Documents\ePublisher Pro Projects\caIntegrator2\Output\WebWorks Help 5.0\caIntegrator2\SearchingWithinAStudy.5.12.html" anchor="1075755" fileposition="52" first="false" />
    </Entry>
  </Entry>
  <Entry name="saving query" sort="saving query" sectionposition="2">
    <Content xmlns="urn:WebWorks-Document-Schema">
      <TextRun>
        <Text value="saving query" />
      </TextRun>
    </Content>
    <Link href="C:\Documents and Settings\hadfielj\My Documents\ePublisher Pro Projects\caIntegrator2\Output\WebWorks Help 5.0\caIntegrator2\SearchingWithinAStudy.5.12.html" anchor="1075755" fileposition="52" first="false" />
  </Entry>
  <Entry name="query" sort="query" sectionposition="2">
    <Content xmlns="urn:WebWorks-Document-Schema">
      <TextRun>
        <Text value="query" />
      </TextRun>
    </Content>
    <Entry name="editing" sort="editing">
      <Content xmlns="urn:WebWorks-Document-Schema">
        <TextRun>
          <Text value="editing" />
        </TextRun>
      </Content>
      <Link href="C:\Documents and Settings\hadfielj\My Documents\ePublisher Pro Projects\caIntegrator2\Output\WebWorks Help 5.0\caIntegrator2\SearchingWithinAStudy.5.13.html" anchor="1073533" fileposition="53" first="false" />
    </Entry>
  </Entry>
  <Entry name="editing" sort="editing" sectionposition="2">
    <Content xmlns="urn:WebWorks-Document-Schema">
      <TextRun>
        <Text value="editing" />
      </TextRun>
    </Content>
    <Entry name="query" sort="query">
      <Content xmlns="urn:WebWorks-Document-Schema">
        <TextRun>
          <Text value="query" />
        </TextRun>
      </Content>
      <Link href="C:\Documents and Settings\hadfielj\My Documents\ePublisher Pro Projects\caIntegrator2\Output\WebWorks Help 5.0\caIntegrator2\SearchingWithinAStudy.5.13.html" anchor="1073533" fileposition="53" first="false" />
    </Entry>
  </Entry>
  <Entry name="query  See also searching" sort="query  See also searching" sectionposition="2">
    <Content xmlns="urn:WebWorks-Document-Schema">
      <TextRun>
        <Text value="query  See also searching" />
      </TextRun>
    </Content>
  </Entry>
  <Entry name="query" sort="query" sectionposition="2">
    <Content xmlns="urn:WebWorks-Document-Schema">
      <TextRun>
        <Text value="query" />
      </TextRun>
    </Content>
    <Entry name="exporting results" sort="exporting results">
      <Content xmlns="urn:WebWorks-Document-Schema">
        <TextRun>
          <Text value="exporting results" />
        </TextRun>
      </Content>
      <Link href="C:\Documents and Settings\hadfielj\My Documents\ePublisher Pro Projects\caIntegrator2\Output\WebWorks Help 5.0\caIntegrator2\SearchingWithinAStudy.5.14.html" anchor="1073522" fileposition="54" first="false" />
    </Entry>
  </Entry>
  <Entry name="exporting" sort="exporting" sectionposition="2">
    <Content xmlns="urn:WebWorks-Document-Schema">
      <TextRun>
        <Text value="exporting" />
      </TextRun>
    </Content>
    <Entry name="query results" sort="query results">
      <Content xmlns="urn:WebWorks-Document-Schema">
        <TextRun>
          <Text value="query results" />
        </TextRun>
      </Content>
      <Link href="C:\Documents and Settings\hadfielj\My Documents\ePublisher Pro Projects\caIntegrator2\Output\WebWorks Help 5.0\caIntegrator2\SearchingWithinAStudy.5.14.html" anchor="1073522" fileposition="54" first="false" />
    </Entry>
  </Entry>
</Index>