<?xml version="1.0" encoding="utf-8"?>
<Splits version="1.0" xmlns="urn:WebWorks-Engine-Splits-Schema">
  <Split id="1070912" documentposition="3" />
  <Split id="1074226" documentposition="9" />
  <Split id="1074305" documentposition="27" />
  <Split id="1094071" documentposition="54" />
  <Split id="1083219" documentposition="68" />
  <Split id="1093877" documentposition="96" />
  <Split id="1094688" documentposition="128" />
  <Split id="1094276" documentposition="153" />
  <Split id="1089375" documentposition="156" />
  <Split id="1089355" documentposition="178" />
  <Split id="1077751" documentposition="192" />
  <Split id="1075754" documentposition="198" />
  <Split id="1075748" documentposition="207" />
  <Split id="1073510" documentposition="217" />
</Splits>