<?xml version="1.0" encoding="utf-8"?>
<SplitPriorities version="1.0" xmlns="urn:WebWorks-Engine-Splits-Schema">
  <SplitPriority id="1070912" documentposition="3" splitpriority="1" outputposition="1" />
  <SplitPriority id="1074226" documentposition="9" splitpriority="2" outputposition="7" />
  <SplitPriority id="1074305" documentposition="27" splitpriority="2" outputposition="25" />
  <SplitPriority id="1094071" documentposition="54" splitpriority="3" outputposition="50" />
  <SplitPriority id="1083219" documentposition="68" splitpriority="3" outputposition="61" />
  <SplitPriority id="1093877" documentposition="96" splitpriority="3" outputposition="88" />
  <SplitPriority id="1094688" documentposition="128" splitpriority="3" outputposition="117" />
  <SplitPriority id="1094276" documentposition="153" splitpriority="3" outputposition="140" />
  <SplitPriority id="1089375" documentposition="156" splitpriority="3" outputposition="143" />
  <SplitPriority id="1089355" documentposition="178" splitpriority="3" outputposition="164" />
  <SplitPriority id="1077751" documentposition="192" splitpriority="2" outputposition="177" />
  <SplitPriority id="1075754" documentposition="198" splitpriority="3" outputposition="183" />
  <SplitPriority id="1075748" documentposition="207" splitpriority="3" outputposition="192" />
  <SplitPriority id="1073510" documentposition="217" splitpriority="3" outputposition="202" />
</SplitPriorities>