<?xml version="1.0" encoding="utf-8"?>
<Splits version="1.0" xmlns="urn:WebWorks-Engine-Splits-Schema">
  <Split groupID="8A8D9FCC116430EA" documentID="B9F181EF6E971012" id="1070912" position="1" documentstartposition="3" documentendposition="8" title="Searching a caIntegrator Study">
    <Group name="caIntegrator2" id="8A8D9FCC116430EA" position="1" />
    <Document path="C:\Documents and Settings\hadfielj\My Documents\CBIIT Projects\caIntegrator2\caI 1.3\SearchingWithinAStudy.fm" id="B9F181EF6E971012" position="5" />
    <PageStyle value="" />
    <Frames />
    <Popups />
  </Split>
  <Split groupID="8A8D9FCC116430EA" documentID="B9F181EF6E971012" id="1074226" position="2" documentstartposition="9" documentendposition="26" title="Search Overview">
    <Group name="caIntegrator2" id="8A8D9FCC116430EA" position="1" />
    <Document path="C:\Documents and Settings\hadfielj\My Documents\CBIIT Projects\caIntegrator2\caI 1.3\SearchingWithinAStudy.fm" id="B9F181EF6E971012" position="5" />
    <PageStyle value="" />
    <Frames />
    <Popups />
  </Split>
  <Split groupID="8A8D9FCC116430EA" documentID="B9F181EF6E971012" id="1074305" position="3" documentstartposition="27" documentendposition="53" title="Searching a Study">
    <Group name="caIntegrator2" id="8A8D9FCC116430EA" position="1" />
    <Document path="C:\Documents and Settings\hadfielj\My Documents\CBIIT Projects\caIntegrator2\caI 1.3\SearchingWithinAStudy.fm" id="B9F181EF6E971012" position="5" />
    <PageStyle value="" />
    <Frames />
    <Popups />
  </Split>
  <Split groupID="8A8D9FCC116430EA" documentID="B9F181EF6E971012" id="1094071" position="4" documentstartposition="54" documentendposition="67" title="Annotation and Image Data Searches">
    <Group name="caIntegrator2" id="8A8D9FCC116430EA" position="1" />
    <Document path="C:\Documents and Settings\hadfielj\My Documents\CBIIT Projects\caIntegrator2\caI 1.3\SearchingWithinAStudy.fm" id="B9F181EF6E971012" position="5" />
    <PageStyle value="" />
    <Frames />
    <Popups />
  </Split>
  <Split groupID="8A8D9FCC116430EA" documentID="B9F181EF6E971012" id="1083219" position="5" documentstartposition="68" documentendposition="93" title="Gene Expression Data Searches">
    <Group name="caIntegrator2" id="8A8D9FCC116430EA" position="1" />
    <Document path="C:\Documents and Settings\hadfielj\My Documents\CBIIT Projects\caIntegrator2\caI 1.3\SearchingWithinAStudy.fm" id="B9F181EF6E971012" position="5" />
    <PageStyle value="" />
    <Frames />
    <Popups />
  </Split>
  <Split groupID="8A8D9FCC116430EA" documentID="B9F181EF6E971012" id="1093877" position="6" documentstartposition="94" documentendposition="114" title="Copy Number Searches">
    <Group name="caIntegrator2" id="8A8D9FCC116430EA" position="1" />
    <Document path="C:\Documents and Settings\hadfielj\My Documents\CBIIT Projects\caIntegrator2\caI 1.3\SearchingWithinAStudy.fm" id="B9F181EF6E971012" position="5" />
    <PageStyle value="" />
    <Frames />
    <Popups />
  </Split>
  <Split groupID="8A8D9FCC116430EA" documentID="B9F181EF6E971012" id="1094688" position="7" documentstartposition="115" documentendposition="138" title="Choosing Genes">
    <Group name="caIntegrator2" id="8A8D9FCC116430EA" position="1" />
    <Document path="C:\Documents and Settings\hadfielj\My Documents\CBIIT Projects\caIntegrator2\caI 1.3\SearchingWithinAStudy.fm" id="B9F181EF6E971012" position="5" />
    <PageStyle value="" />
    <Frames>
      <Frame position="1" title="caBIO icon">
        <Frame id="1094294" stylename="Default" xmlns="urn:WebWorks-Document-Schema">
          <Attribute name="display" value="inline" />
          <Attribute name="float" value="none" />
          <Attribute name="text-align" value="left" />
          <Attribute name="left" value="0.0" />
          <Attribute name="top" value="0.0" />
          <Attribute name="width" value="28.50624" />
          <Attribute name="height" value="27.73224" />
          <Description>
            <Paragraph>
              <TextRun>
                <Text value="caBIO icon" />
              </TextRun>
            </Paragraph>
          </Description>
          <Facets>
            <Facet type="document">
              <Attribute name="adapter" value="Adobe FrameMaker" />
              <Attribute name="path" value="C:\Documents and Settings\hadfielj\My Documents\ePublisher Pro Projects\caIntegrator2\Data\61DD7DDB65736B3\8A8D9FCC116430EA\B9F181EF6E971012\SearchingWithinAStudy.fmwif" />
              <Attribute name="id" value="1094294" />
            </Facet>
          </Facets>
          <Content />
        </Frame>
      </Frame>
      <Frame position="2" title="gene list icon">
        <Frame id="1094325" stylename="Default" xmlns="urn:WebWorks-Document-Schema">
          <Attribute name="display" value="inline" />
          <Attribute name="float" value="none" />
          <Attribute name="text-align" value="left" />
          <Attribute name="left" value="0.0" />
          <Attribute name="top" value="0.0" />
          <Attribute name="width" value="15.75" />
          <Attribute name="height" value="13.5" />
          <Description>
            <Paragraph>
              <TextRun>
                <Text value="gene list icon" />
              </TextRun>
            </Paragraph>
          </Description>
          <Facets>
            <Facet type="document">
              <Attribute name="adapter" value="Adobe FrameMaker" />
              <Attribute name="path" value="C:\Documents and Settings\hadfielj\My Documents\ePublisher Pro Projects\caIntegrator2\Data\61DD7DDB65736B3\8A8D9FCC116430EA\B9F181EF6E971012\SearchingWithinAStudy.fmwif" />
              <Attribute name="id" value="1094325" />
            </Facet>
          </Facets>
          <Content />
        </Frame>
      </Frame>
    </Frames>
    <Popups />
  </Split>
  <Split groupID="8A8D9FCC116430EA" documentID="B9F181EF6E971012" id="1094276" position="8" documentstartposition="139" documentendposition="141" title="Query Results">
    <Group name="caIntegrator2" id="8A8D9FCC116430EA" position="1" />
    <Document path="C:\Documents and Settings\hadfielj\My Documents\CBIIT Projects\caIntegrator2\caI 1.3\SearchingWithinAStudy.fm" id="B9F181EF6E971012" position="5" />
    <PageStyle value="" />
    <Frames />
    <Popups />
  </Split>
  <Split groupID="8A8D9FCC116430EA" documentID="B9F181EF6E971012" id="1089375" position="9" documentstartposition="142" documentendposition="163" title="Results Type Tab">
    <Group name="caIntegrator2" id="8A8D9FCC116430EA" position="1" />
    <Document path="C:\Documents and Settings\hadfielj\My Documents\CBIIT Projects\caIntegrator2\caI 1.3\SearchingWithinAStudy.fm" id="B9F181EF6E971012" position="5" />
    <PageStyle value="" />
    <Frames />
    <Popups />
  </Split>
  <Split groupID="8A8D9FCC116430EA" documentID="B9F181EF6E971012" id="1089355" position="10" documentstartposition="164" documentendposition="177" title="Sorting Tab">
    <Group name="caIntegrator2" id="8A8D9FCC116430EA" position="1" />
    <Document path="C:\Documents and Settings\hadfielj\My Documents\CBIIT Projects\caIntegrator2\caI 1.3\SearchingWithinAStudy.fm" id="B9F181EF6E971012" position="5" />
    <PageStyle value="" />
    <Frames />
    <Popups />
  </Split>
  <Split groupID="8A8D9FCC116430EA" documentID="B9F181EF6E971012" id="1077751" position="11" documentstartposition="178" documentendposition="183" title="Managing Queries">
    <Group name="caIntegrator2" id="8A8D9FCC116430EA" position="1" />
    <Document path="C:\Documents and Settings\hadfielj\My Documents\CBIIT Projects\caIntegrator2\caI 1.3\SearchingWithinAStudy.fm" id="B9F181EF6E971012" position="5" />
    <PageStyle value="" />
    <Frames />
    <Popups />
  </Split>
  <Split groupID="8A8D9FCC116430EA" documentID="B9F181EF6E971012" id="1075754" position="12" documentstartposition="184" documentendposition="192" title="Saving a Query ">
    <Group name="caIntegrator2" id="8A8D9FCC116430EA" position="1" />
    <Document path="C:\Documents and Settings\hadfielj\My Documents\CBIIT Projects\caIntegrator2\caI 1.3\SearchingWithinAStudy.fm" id="B9F181EF6E971012" position="5" />
    <PageStyle value="" />
    <Frames />
    <Popups />
  </Split>
  <Split groupID="8A8D9FCC116430EA" documentID="B9F181EF6E971012" id="1075748" position="13" documentstartposition="193" documentendposition="202" title="Editing a Query">
    <Group name="caIntegrator2" id="8A8D9FCC116430EA" position="1" />
    <Document path="C:\Documents and Settings\hadfielj\My Documents\CBIIT Projects\caIntegrator2\caI 1.3\SearchingWithinAStudy.fm" id="B9F181EF6E971012" position="5" />
    <PageStyle value="" />
    <Frames>
      <Frame position="1" title="Edit icon">
        <Frame id="1081420" stylename="Default" xmlns="urn:WebWorks-Document-Schema">
          <Attribute name="display" value="inline" />
          <Attribute name="float" value="none" />
          <Attribute name="text-align" value="left" />
          <Attribute name="left" value="0.0" />
          <Attribute name="top" value="0.0" />
          <Attribute name="width" value="22.46976" />
          <Attribute name="height" value="21.02976" />
          <Description>
            <Paragraph>
              <TextRun>
                <Text value="Edit icon" />
              </TextRun>
            </Paragraph>
          </Description>
          <Facets>
            <Facet type="document">
              <Attribute name="adapter" value="Adobe FrameMaker" />
              <Attribute name="path" value="C:\Documents and Settings\hadfielj\My Documents\ePublisher Pro Projects\caIntegrator2\Data\61DD7DDB65736B3\8A8D9FCC116430EA\B9F181EF6E971012\SearchingWithinAStudy.fmwif" />
              <Attribute name="id" value="1081420" />
            </Facet>
          </Facets>
          <Content />
        </Frame>
      </Frame>
    </Frames>
    <Popups />
  </Split>
  <Split groupID="8A8D9FCC116430EA" documentID="B9F181EF6E971012" id="1073510" position="14" documentstartposition="203" documentendposition="205" title="Exporting Query Results">
    <Group name="caIntegrator2" id="8A8D9FCC116430EA" position="1" />
    <Document path="C:\Documents and Settings\hadfielj\My Documents\CBIIT Projects\caIntegrator2\caI 1.3\SearchingWithinAStudy.fm" id="B9F181EF6E971012" position="5" />
    <PageStyle value="" />
    <Frames />
    <Popups />
  </Split>
</Splits>