<?xml version="1.0" encoding="utf-8"?>
<SplitPriorities version="1.0" xmlns="urn:WebWorks-Engine-Splits-Schema">
  <SplitPriority id="1070912" documentposition="3" splitpriority="1" outputposition="1" />
  <SplitPriority id="1074226" documentposition="9" splitpriority="2" outputposition="7" />
  <SplitPriority id="1074305" documentposition="27" splitpriority="2" outputposition="25" />
  <SplitPriority id="1094071" documentposition="54" splitpriority="3" outputposition="50" />
  <SplitPriority id="1083219" documentposition="68" splitpriority="3" outputposition="61" />
  <SplitPriority id="1093877" documentposition="94" splitpriority="3" outputposition="86" />
  <SplitPriority id="1094688" documentposition="115" splitpriority="3" outputposition="105" />
  <SplitPriority id="1094276" documentposition="139" splitpriority="3" outputposition="127" />
  <SplitPriority id="1089375" documentposition="142" splitpriority="3" outputposition="130" />
  <SplitPriority id="1089355" documentposition="164" splitpriority="3" outputposition="151" />
  <SplitPriority id="1077751" documentposition="178" splitpriority="2" outputposition="164" />
  <SplitPriority id="1075754" documentposition="184" splitpriority="3" outputposition="170" />
  <SplitPriority id="1075748" documentposition="193" splitpriority="3" outputposition="179" />
  <SplitPriority id="1073510" documentposition="203" splitpriority="3" outputposition="189" />
</SplitPriorities>