<?xml version="1.0" encoding="utf-8"?>
<Splits version="1.0" xmlns="urn:WebWorks-Engine-Splits-Schema">
  <Split groupID="8A8D9FCC116430EA" documentID="A02917214FF8C6F" id="1052621" position="1" documentstartposition="3" documentendposition="11" title="Getting Started with caIntegrator">
    <Group name="caIntegrator2" id="8A8D9FCC116430EA" position="1" />
    <Document path="C:\Documents and Settings\hadfielj\My Documents\CBIIT Projects\caIntegrator2\caI 1.3\Getting_Started.fm" id="A02917214FF8C6F" position="3" />
    <PageStyle value="" />
    <Frames />
    <Popups />
  </Split>
  <Split groupID="8A8D9FCC116430EA" documentID="A02917214FF8C6F" id="1135030" position="2" documentstartposition="12" documentendposition="18" title="About caIntegrator">
    <Group name="caIntegrator2" id="8A8D9FCC116430EA" position="1" />
    <Document path="C:\Documents and Settings\hadfielj\My Documents\CBIIT Projects\caIntegrator2\caI 1.3\Getting_Started.fm" id="A02917214FF8C6F" position="3" />
    <PageStyle value="" />
    <Frames />
    <Popups />
  </Split>
  <Split groupID="8A8D9FCC116430EA" documentID="A02917214FF8C6F" id="1141097" position="3" documentstartposition="19" documentendposition="50" title="Registering as a New caIntegrator User ">
    <Group name="caIntegrator2" id="8A8D9FCC116430EA" position="1" />
    <Document path="C:\Documents and Settings\hadfielj\My Documents\CBIIT Projects\caIntegrator2\caI 1.3\Getting_Started.fm" id="A02917214FF8C6F" position="3" />
    <PageStyle value="" />
    <Frames />
    <Popups />
  </Split>
  <Split groupID="8A8D9FCC116430EA" documentID="A02917214FF8C6F" id="1127723" position="4" documentstartposition="51" documentendposition="63" title="Welcome to the caIntegrator  Workspace">
    <Group name="caIntegrator2" id="8A8D9FCC116430EA" position="1" />
    <Document path="C:\Documents and Settings\hadfielj\My Documents\CBIIT Projects\caIntegrator2\caI 1.3\Getting_Started.fm" id="A02917214FF8C6F" position="3" />
    <PageStyle value="" />
    <Frames />
    <Popups />
  </Split>
  <Split groupID="8A8D9FCC116430EA" documentID="A02917214FF8C6F" id="1136890" position="5" documentstartposition="64" documentendposition="71" title="caIntegrator Functions">
    <Group name="caIntegrator2" id="8A8D9FCC116430EA" position="1" />
    <Document path="C:\Documents and Settings\hadfielj\My Documents\CBIIT Projects\caIntegrator2\caI 1.3\Getting_Started.fm" id="A02917214FF8C6F" position="3" />
    <PageStyle value="" />
    <Frames />
    <Popups />
  </Split>
  <Split groupID="8A8D9FCC116430EA" documentID="A02917214FF8C6F" id="1151722" position="6" documentstartposition="72" documentendposition="79" title="Viewing Existing Studies">
    <Group name="caIntegrator2" id="8A8D9FCC116430EA" position="1" />
    <Document path="C:\Documents and Settings\hadfielj\My Documents\CBIIT Projects\caIntegrator2\caI 1.3\Getting_Started.fm" id="A02917214FF8C6F" position="3" />
    <PageStyle value="" />
    <Frames />
    <Popups />
  </Split>
  <Split groupID="8A8D9FCC116430EA" documentID="A02917214FF8C6F" id="1152306" position="7" documentstartposition="80" documentendposition="85" title="Data Dictionary">
    <Group name="caIntegrator2" id="8A8D9FCC116430EA" position="1" />
    <Document path="C:\Documents and Settings\hadfielj\My Documents\CBIIT Projects\caIntegrator2\caI 1.3\Getting_Started.fm" id="A02917214FF8C6F" position="3" />
    <PageStyle value="" />
    <Frames />
    <Popups />
  </Split>
  <Split groupID="8A8D9FCC116430EA" documentID="A02917214FF8C6F" id="1159007" position="8" documentstartposition="86" documentendposition="87" title="Study Log">
    <Group name="caIntegrator2" id="8A8D9FCC116430EA" position="1" />
    <Document path="C:\Documents and Settings\hadfielj\My Documents\CBIIT Projects\caIntegrator2\caI 1.3\Getting_Started.fm" id="A02917214FF8C6F" position="3" />
    <PageStyle value="" />
    <Frames />
    <Popups />
  </Split>
  <Split groupID="8A8D9FCC116430EA" documentID="A02917214FF8C6F" id="1136527" position="9" documentstartposition="88" documentendposition="93" title="Using Online Help">
    <Group name="caIntegrator2" id="8A8D9FCC116430EA" position="1" />
    <Document path="C:\Documents and Settings\hadfielj\My Documents\CBIIT Projects\caIntegrator2\caI 1.3\Getting_Started.fm" id="A02917214FF8C6F" position="3" />
    <PageStyle value="" />
    <Frames>
      <Frame position="1" title="screen shot of help icon that identifies your current topic in the table of contents">
        <Frame id="1141035" stylename="Default" xmlns="urn:WebWorks-Document-Schema">
          <Attribute name="display" value="block" />
          <Attribute name="float" value="none" />
          <Attribute name="text-align" value="left" />
          <Attribute name="left" value="0.0" />
          <Attribute name="top" value="0.0" />
          <Attribute name="width" value="20.376" />
          <Attribute name="height" value="17.856" />
          <Description>
            <Paragraph>
              <TextRun>
                <Text value="screen shot of help icon that identifies your current topic in the table of contents" />
              </TextRun>
            </Paragraph>
          </Description>
          <Facets>
            <Facet type="document">
              <Attribute name="adapter" value="Adobe FrameMaker" />
              <Attribute name="path" value="C:\Documents and Settings\hadfielj\My Documents\ePublisher Pro Projects\caIntegrator2\Data\61DD7DDB65736B3\8A8D9FCC116430EA\A02917214FF8C6F\Getting_Started.fmwif" />
              <Attribute name="id" value="1141035" />
            </Facet>
          </Facets>
          <Content />
        </Frame>
      </Frame>
      <Frame position="2" title="Contents button which allows you to select a topic form the online help table of contents">
        <Frame id="1136555" stylename="Default" xmlns="urn:WebWorks-Document-Schema">
          <Attribute name="display" value="block" />
          <Attribute name="float" value="none" />
          <Attribute name="text-align" value="left" />
          <Attribute name="left" value="0.0" />
          <Attribute name="top" value="0.0" />
          <Attribute name="width" value="41.472" />
          <Attribute name="height" value="15.12" />
          <Description>
            <Paragraph>
              <TextRun>
                <Text value="Contents button which allows you to select a topic form the online help table of contents" />
              </TextRun>
            </Paragraph>
          </Description>
          <Facets>
            <Facet type="document">
              <Attribute name="adapter" value="Adobe FrameMaker" />
              <Attribute name="path" value="C:\Documents and Settings\hadfielj\My Documents\ePublisher Pro Projects\caIntegrator2\Data\61DD7DDB65736B3\8A8D9FCC116430EA\A02917214FF8C6F\Getting_Started.fmwif" />
              <Attribute name="id" value="1136555" />
            </Facet>
          </Facets>
          <Content />
        </Frame>
      </Frame>
      <Frame position="3" title="Index button which you click to select a topic from the online help index.">
        <Frame id="1136562" stylename="Default" xmlns="urn:WebWorks-Document-Schema">
          <Attribute name="display" value="block" />
          <Attribute name="float" value="none" />
          <Attribute name="text-align" value="left" />
          <Attribute name="left" value="0.0" />
          <Attribute name="top" value="0.0" />
          <Attribute name="width" value="42.624" />
          <Attribute name="height" value="14.256" />
          <Description>
            <Paragraph>
              <TextRun>
                <Text value="Index button which you click to select a topic from the online help index." />
              </TextRun>
            </Paragraph>
          </Description>
          <Facets>
            <Facet type="document">
              <Attribute name="adapter" value="Adobe FrameMaker" />
              <Attribute name="path" value="C:\Documents and Settings\hadfielj\My Documents\ePublisher Pro Projects\caIntegrator2\Data\61DD7DDB65736B3\8A8D9FCC116430EA\A02917214FF8C6F\Getting_Started.fmwif" />
              <Attribute name="id" value="1136562" />
            </Facet>
          </Facets>
          <Content />
        </Frame>
      </Frame>
      <Frame position="4" title="Search button you click to launch a query text search of online help.">
        <Frame id="1136569" stylename="Default" xmlns="urn:WebWorks-Document-Schema">
          <Attribute name="display" value="block" />
          <Attribute name="float" value="none" />
          <Attribute name="text-align" value="left" />
          <Attribute name="left" value="0.0" />
          <Attribute name="top" value="0.0" />
          <Attribute name="width" value="43.92" />
          <Attribute name="height" value="15.048" />
          <Description>
            <Paragraph>
              <TextRun>
                <Text value="Search button you click to launch a query text search of online help." />
              </TextRun>
            </Paragraph>
          </Description>
          <Facets>
            <Facet type="document">
              <Attribute name="adapter" value="Adobe FrameMaker" />
              <Attribute name="path" value="C:\Documents and Settings\hadfielj\My Documents\ePublisher Pro Projects\caIntegrator2\Data\61DD7DDB65736B3\8A8D9FCC116430EA\A02917214FF8C6F\Getting_Started.fmwif" />
              <Attribute name="id" value="1136569" />
            </Facet>
          </Facets>
          <Content />
        </Frame>
      </Frame>
      <Frame position="5" title="Favorites button that allows you to create a list of frequently-accessed topics.">
        <Frame id="1136576" stylename="Default" xmlns="urn:WebWorks-Document-Schema">
          <Attribute name="display" value="block" />
          <Attribute name="float" value="none" />
          <Attribute name="text-align" value="left" />
          <Attribute name="left" value="0.0" />
          <Attribute name="top" value="0.0" />
          <Attribute name="width" value="41.184" />
          <Attribute name="height" value="15.768" />
          <Description>
            <Paragraph>
              <TextRun>
                <Text value="Favorites button that allows you to create a list of frequently-accessed topics." />
              </TextRun>
            </Paragraph>
          </Description>
          <Facets>
            <Facet type="document">
              <Attribute name="adapter" value="Adobe FrameMaker" />
              <Attribute name="path" value="C:\Documents and Settings\hadfielj\My Documents\ePublisher Pro Projects\caIntegrator2\Data\61DD7DDB65736B3\8A8D9FCC116430EA\A02917214FF8C6F\Getting_Started.fmwif" />
              <Attribute name="id" value="1136576" />
            </Facet>
          </Facets>
          <Content />
        </Frame>
      </Frame>
      <Frame position="6" title="Icon that you click to open closely related topics in online help.">
        <Frame id="1136583" stylename="Default" xmlns="urn:WebWorks-Document-Schema">
          <Attribute name="display" value="block" />
          <Attribute name="float" value="none" />
          <Attribute name="text-align" value="left" />
          <Attribute name="left" value="0.0" />
          <Attribute name="top" value="0.0" />
          <Attribute name="width" value="21.6" />
          <Attribute name="height" value="22.35024" />
          <Description>
            <Paragraph>
              <TextRun>
                <Text value="Icon that you click to open closely related topics in online help." />
              </TextRun>
            </Paragraph>
          </Description>
          <Facets>
            <Facet type="document">
              <Attribute name="adapter" value="Adobe FrameMaker" />
              <Attribute name="path" value="C:\Documents and Settings\hadfielj\My Documents\ePublisher Pro Projects\caIntegrator2\Data\61DD7DDB65736B3\8A8D9FCC116430EA\A02917214FF8C6F\Getting_Started.fmwif" />
              <Attribute name="id" value="1136583" />
            </Facet>
          </Facets>
          <Content />
        </Frame>
      </Frame>
      <Frame position="7" title="Related Topics button that you click to open closely related topics in online help.">
        <Frame id="1136587" stylename="Default" xmlns="urn:WebWorks-Document-Schema">
          <Attribute name="display" value="block" />
          <Attribute name="float" value="none" />
          <Attribute name="text-align" value="left" />
          <Attribute name="left" value="0.0" />
          <Attribute name="top" value="0.0" />
          <Attribute name="width" value="87.88752" />
          <Attribute name="height" value="15.264" />
          <Description>
            <Paragraph>
              <TextRun>
                <Text value="Related Topics button that you click to open closely related topics in online help." />
              </TextRun>
            </Paragraph>
          </Description>
          <Facets>
            <Facet type="document">
              <Attribute name="adapter" value="Adobe FrameMaker" />
              <Attribute name="path" value="C:\Documents and Settings\hadfielj\My Documents\ePublisher Pro Projects\caIntegrator2\Data\61DD7DDB65736B3\8A8D9FCC116430EA\A02917214FF8C6F\Getting_Started.fmwif" />
              <Attribute name="id" value="1136587" />
            </Facet>
          </Facets>
          <Content />
        </Frame>
      </Frame>
      <Frame position="8" title="Print icon that you click to print the open online help topic.">
        <Frame id="1136594" stylename="Default" xmlns="urn:WebWorks-Document-Schema">
          <Attribute name="display" value="block" />
          <Attribute name="float" value="none" />
          <Attribute name="text-align" value="left" />
          <Attribute name="left" value="0.0" />
          <Attribute name="top" value="0.0" />
          <Attribute name="width" value="18.59976" />
          <Attribute name="height" value="18.78624" />
          <Description>
            <Paragraph>
              <TextRun>
                <Text value="Print icon that you click to print the open online help topic." />
              </TextRun>
            </Paragraph>
          </Description>
          <Facets>
            <Facet type="document">
              <Attribute name="adapter" value="Adobe FrameMaker" />
              <Attribute name="path" value="C:\Documents and Settings\hadfielj\My Documents\ePublisher Pro Projects\caIntegrator2\Data\61DD7DDB65736B3\8A8D9FCC116430EA\A02917214FF8C6F\Getting_Started.fmwif" />
              <Attribute name="id" value="1136594" />
            </Facet>
          </Facets>
          <Content />
        </Frame>
      </Frame>
      <Frame position="9" title="A Back/Forward button that you click to navigate through previously viewed topics.">
        <Frame id="1136605" stylename="Default" xmlns="urn:WebWorks-Document-Schema">
          <Attribute name="display" value="block" />
          <Attribute name="float" value="none" />
          <Attribute name="text-align" value="left" />
          <Attribute name="left" value="0.0" />
          <Attribute name="top" value="0.0" />
          <Attribute name="width" value="66.888" />
          <Attribute name="height" value="13.896" />
          <Description>
            <Paragraph>
              <TextRun>
                <Text value="A Back/Forward button that you click to navigate through previously viewed topics." />
              </TextRun>
            </Paragraph>
          </Description>
          <Facets>
            <Facet type="document">
              <Attribute name="adapter" value="Adobe FrameMaker" />
              <Attribute name="path" value="C:\Documents and Settings\hadfielj\My Documents\ePublisher Pro Projects\caIntegrator2\Data\61DD7DDB65736B3\8A8D9FCC116430EA\A02917214FF8C6F\Getting_Started.fmwif" />
              <Attribute name="id" value="1136605" />
            </Facet>
          </Facets>
          <Content />
        </Frame>
      </Frame>
    </Frames>
    <Popups />
  </Split>
  <Split groupID="8A8D9FCC116430EA" documentID="A02917214FF8C6F" id="1128246" position="10" documentstartposition="94" documentendposition="99" title="Logging Out">
    <Group name="caIntegrator2" id="8A8D9FCC116430EA" position="1" />
    <Document path="C:\Documents and Settings\hadfielj\My Documents\CBIIT Projects\caIntegrator2\caI 1.3\Getting_Started.fm" id="A02917214FF8C6F" position="3" />
    <PageStyle value="" />
    <Frames />
    <Popups />
  </Split>
  <Split groupID="8A8D9FCC116430EA" documentID="A02917214FF8C6F" id="1136640" position="11" documentstartposition="100" documentendposition="104" title="Application Support">
    <Group name="caIntegrator2" id="8A8D9FCC116430EA" position="1" />
    <Document path="C:\Documents and Settings\hadfielj\My Documents\CBIIT Projects\caIntegrator2\caI 1.3\Getting_Started.fm" id="A02917214FF8C6F" position="3" />
    <PageStyle value="" />
    <Frames />
    <Popups />
  </Split>
</Splits>