<?xml version="1.0" encoding="utf-8"?>
<Behaviors version="1.0" xmlns="urn:WebWorks-Behaviors-Schema">
  <Split id="1052621" documentposition="3">
    <Paragraph id="1052621" documentposition="3" splitpriority="1" dropdown="continue" popup="none" popup-page-rule="" />
    <Paragraph id="1158618" documentposition="4" splitpriority="none" dropdown="continue" popup="none" popup-page-rule="" />
    <Paragraph id="1167805" documentposition="5" splitpriority="none" dropdown="continue" popup="none" popup-page-rule="" />
    <Paragraph id="1167809" documentposition="6" splitpriority="none" dropdown="continue" popup="none" popup-page-rule="" />
    <Paragraph id="1167819" documentposition="7" splitpriority="none" popup="none" popup-page-rule="" dropdown="end" />
  </Split>
  <Split id="1167812" documentposition="8">
    <Paragraph id="1167812" documentposition="8" splitpriority="2" dropdown="continue" popup="none" popup-page-rule="">
      <Marker behavior="topic" id="1167811">
        <Marker id="1167811" name="TopicAlias" xmlns="urn:WebWorks-Document-Schema">
          <TextRun id="tr1167811-1">
            <Text value="query_results_help" />
          </TextRun>
        </Marker>
      </Marker>
    </Paragraph>
    <Paragraph id="1163460" documentposition="9" splitpriority="none" dropdown="continue" popup="none" popup-page-rule="" />
    <Paragraph id="1163519" documentposition="10" splitpriority="none" dropdown="continue" popup="none" popup-page-rule="" />
    <Paragraph id="1161115" documentposition="11" splitpriority="none" dropdown="continue" popup="none" popup-page-rule="" />
    <Paragraph id="1163603" documentposition="12" splitpriority="none" dropdown="continue" popup="none" popup-page-rule="" />
    <Paragraph id="1163721" documentposition="13" splitpriority="none" dropdown="continue" popup="none" popup-page-rule="" />
    <Paragraph id="1192266" documentposition="14" splitpriority="none" dropdown="continue" popup="none" popup-page-rule="" />
    <Paragraph id="1171515" documentposition="15" splitpriority="none" popup="none" popup-page-rule="" dropdown="end" />
  </Split>
  <Split id="1159038" documentposition="16">
    <Paragraph id="1159038" documentposition="16" splitpriority="2" dropdown="continue" popup="none" popup-page-rule="" />
    <Paragraph id="1168460" documentposition="17" splitpriority="none" dropdown="continue" popup="none" popup-page-rule="" />
    <Paragraph id="1168490" documentposition="18" splitpriority="none" relatedtopic="define-no-output" dropdown="continue" popup="none" popup-page-rule="" />
    <Paragraph id="1168494" documentposition="19" splitpriority="none" relatedtopic="define-no-output" dropdown="continue" popup="none" popup-page-rule="" />
    <Paragraph id="1168498" documentposition="20" splitpriority="none" relatedtopic="define-no-output" popup="none" popup-page-rule="" dropdown="end" />
  </Split>
  <Split id="1163763" documentposition="21">
    <Paragraph id="1163763" documentposition="21" splitpriority="3" dropdown="continue" popup="none" popup-page-rule="" />
    <Paragraph id="1170153" documentposition="23" splitpriority="none" dropdown="continue" popup="none" popup-page-rule="" />
    <Paragraph id="1192274" documentposition="24" splitpriority="none" relatedtopic="define-no-output" dropdown="continue" popup="none" popup-page-rule="" />
    <Paragraph id="1192278" documentposition="25" splitpriority="none" relatedtopic="define-no-output" dropdown="continue" popup="none" popup-page-rule="" />
    <Paragraph id="1192282" documentposition="26" splitpriority="none" relatedtopic="define-no-output" popup="none" popup-page-rule="" dropdown="end" />
  </Split>
  <Split id="1163775" documentposition="27">
    <Paragraph id="1163775" documentposition="27" splitpriority="3" dropdown="continue" popup="none" popup-page-rule="" />
    <Paragraph id="1159226" documentposition="28" splitpriority="none" dropdown="continue" popup="none" popup-page-rule="" />
    <Paragraph id="1185318" documentposition="29" splitpriority="none" dropdown="continue" popup="none" popup-page-rule="" />
    <Paragraph id="1185618" documentposition="30" splitpriority="none" dropdown="continue" popup="none" popup-page-rule="">
      <Frame id="1187887" />
    </Paragraph>
    <Paragraph id="1185925" documentposition="32" splitpriority="none" dropdown="continue" popup="none" popup-page-rule="" />
    <Paragraph id="1187976" documentposition="33" splitpriority="none" dropdown="continue" popup="none" popup-page-rule="" />
    <Paragraph id="1163900" documentposition="35" splitpriority="none" dropdown="continue" popup="none" popup-page-rule="" />
    <Paragraph id="1159043" documentposition="37" splitpriority="none" dropdown="continue" popup="none" popup-page-rule="" />
    <Paragraph id="1164902" documentposition="38" splitpriority="none" dropdown="continue" popup="none" popup-page-rule="" />
    <Paragraph id="1185338" documentposition="39" splitpriority="none" dropdown="continue" popup="none" popup-page-rule="" />
    <Paragraph id="1192298" documentposition="40" splitpriority="none" relatedtopic="define-no-output" dropdown="continue" popup="none" popup-page-rule="" />
    <Paragraph id="1192302" documentposition="41" splitpriority="none" relatedtopic="define-no-output" popup="none" popup-page-rule="" dropdown="end" />
  </Split>
  <Split id="1182721" documentposition="42">
    <Paragraph id="1182721" documentposition="42" splitpriority="4" dropdown="continue" popup="none" popup-page-rule="">
      <Marker behavior="topic" id="1183172">
        <Marker id="1183172" name="TopicAlias" xmlns="urn:WebWorks-Document-Schema">
          <TextRun id="tr1183172-1">
            <Text value="create_gene_list_help" />
          </TextRun>
        </Marker>
      </Marker>
    </Paragraph>
    <Paragraph id="1182736" documentposition="43" splitpriority="none" dropdown="continue" popup="none" popup-page-rule="" />
    <Paragraph id="1182777" documentposition="44" splitpriority="none" dropdown="continue" popup="none" popup-page-rule="" />
    <Paragraph id="1182796" documentposition="46" splitpriority="none" dropdown="continue" popup="none" popup-page-rule="" />
    <Paragraph id="1182812" documentposition="47" splitpriority="none" dropdown="continue" popup="none" popup-page-rule="" />
    <Paragraph id="1188686" documentposition="48" splitpriority="none" dropdown="continue" popup="none" popup-page-rule="" />
    <Paragraph id="1188687" documentposition="49" splitpriority="none" dropdown="continue" popup="none" popup-page-rule="" />
    <Paragraph id="1182816" documentposition="50" splitpriority="none" dropdown="continue" popup="none" popup-page-rule="" />
    <Paragraph id="1183092" documentposition="51" splitpriority="none" dropdown="continue" popup="none" popup-page-rule="" />
    <Paragraph id="1183093" documentposition="52" splitpriority="none" dropdown="continue" popup="none" popup-page-rule="" />
    <Paragraph id="1192338" documentposition="53" splitpriority="none" popup="none" popup-page-rule="" dropdown="end" />
  </Split>
  <Split id="1183103" documentposition="54">
    <Paragraph id="1183103" documentposition="54" splitpriority="4" dropdown="continue" popup="none" popup-page-rule="">
      <Marker behavior="topic" id="1183163">
        <Marker id="1183163" name="TopicAlias" xmlns="urn:WebWorks-Document-Schema">
          <TextRun id="tr1183163-1">
            <Text value="edit_gene_list_help" />
          </TextRun>
        </Marker>
      </Marker>
    </Paragraph>
    <Paragraph id="1183107" documentposition="55" splitpriority="none" dropdown="continue" popup="none" popup-page-rule="" />
    <Paragraph id="1190582" documentposition="57" splitpriority="none" dropdown="continue" popup="none" popup-page-rule="" />
    <Paragraph id="1187775" documentposition="58" splitpriority="none" dropdown="continue" popup="none" popup-page-rule="">
      <Frame id="1187791" />
      <Frame id="1187777" />
    </Paragraph>
    <Paragraph id="1187796" documentposition="59" splitpriority="none" dropdown="continue" popup="none" popup-page-rule="">
      <Frame id="1187799" />
    </Paragraph>
    <Paragraph id="1183182" documentposition="60" splitpriority="none" dropdown="continue" popup="none" popup-page-rule="" />
    <Paragraph id="1183185" documentposition="61" splitpriority="none" dropdown="continue" popup="none" popup-page-rule="" />
    <Paragraph id="1183206" documentposition="62" splitpriority="none" popup="none" popup-page-rule="" dropdown="end" />
  </Split>
  <Split id="1182738" documentposition="63">
    <Paragraph id="1182738" documentposition="63" splitpriority="3" dropdown="continue" popup="none" popup-page-rule="" />
    <Paragraph id="1164407" documentposition="64" splitpriority="none" dropdown="continue" popup="none" popup-page-rule="" />
    <Paragraph id="1190605" documentposition="65" splitpriority="none" dropdown="continue" popup="none" popup-page-rule="" />
    <Paragraph id="1169716" documentposition="66" splitpriority="none" dropdown="continue" popup="none" popup-page-rule="" />
    <Paragraph id="1169275" documentposition="68" splitpriority="none" dropdown="continue" popup="none" popup-page-rule="" />
    <Paragraph id="1168727" documentposition="70" splitpriority="none" dropdown="continue" popup="none" popup-page-rule="" />
    <Paragraph id="1168555" documentposition="71" splitpriority="none" dropdown="continue" popup="none" popup-page-rule="" />
    <Paragraph id="1168556" documentposition="72" splitpriority="none" dropdown="continue" popup="none" popup-page-rule="" />
    <Paragraph id="1168557" documentposition="73" splitpriority="none" dropdown="continue" popup="none" popup-page-rule="" />
    <Paragraph id="1168558" documentposition="74" splitpriority="none" dropdown="continue" popup="none" popup-page-rule="" />
    <Paragraph id="1163999" documentposition="75" splitpriority="none" dropdown="continue" popup="none" popup-page-rule="" />
    <Paragraph id="1171635" documentposition="76" splitpriority="none" popup="none" popup-page-rule="" dropdown="end" />
  </Split>
  <Split id="1164464" documentposition="77">
    <Paragraph id="1164464" documentposition="77" splitpriority="4" dropdown="continue" popup="none" popup-page-rule="" />
    <Paragraph id="1171620" documentposition="78" splitpriority="none" dropdown="continue" popup="none" popup-page-rule="" />
    <Paragraph id="1164465" documentposition="79" splitpriority="none" dropdown="continue" popup="none" popup-page-rule="" />
    <Paragraph id="1161874" documentposition="81" splitpriority="none" dropdown="continue" popup="none" popup-page-rule="" />
    <Paragraph id="1192362" documentposition="82" splitpriority="none" popup="none" popup-page-rule="" dropdown="end" />
  </Split>
  <Split id="1170682" documentposition="83">
    <Paragraph id="1170682" documentposition="83" splitpriority="4" dropdown="continue" popup="none" popup-page-rule="">
      <Marker behavior="topic" id="1170680">
        <Marker id="1170680" name="TopicAlias" xmlns="urn:WebWorks-Document-Schema">
          <TextRun id="tr1170680-1">
            <Text value="DICOM_retrieval_help" />
          </TextRun>
        </Marker>
      </Marker>
    </Paragraph>
    <Paragraph id="1168799" documentposition="85" splitpriority="none" dropdown="continue" popup="none" popup-page-rule="" />
    <Paragraph id="1164775" documentposition="86" splitpriority="none" dropdown="continue" popup="none" popup-page-rule="" />
    <Paragraph id="1163616" documentposition="87" splitpriority="none" dropdown="continue" popup="none" popup-page-rule="" />
    <Paragraph id="1164876" documentposition="88" splitpriority="none" dropdown="continue" popup="none" popup-page-rule="" />
    <Paragraph id="1169891" documentposition="89" splitpriority="none" dropdown="continue" popup="none" popup-page-rule="" />
    <Paragraph id="1192379" documentposition="90" splitpriority="none" relatedtopic="define-no-output" popup="none" popup-page-rule="" dropdown="end" />
  </Split>
  <Split id="1171479" documentposition="91">
    <Paragraph id="1171479" documentposition="91" splitpriority="4" dropdown="continue" popup="none" popup-page-rule="" />
    <Paragraph id="1169876" documentposition="92" splitpriority="none" dropdown="continue" popup="none" popup-page-rule="" />
    <Paragraph id="1159706" documentposition="93" splitpriority="none" dropdown="continue" popup="none" popup-page-rule="" />
    <Paragraph id="1162559" documentposition="94" splitpriority="none" dropdown="continue" popup="none" popup-page-rule="" />
    <Paragraph id="1162560" documentposition="95" splitpriority="none" dropdown="continue" popup="none" popup-page-rule="" />
    <Paragraph id="1162563" documentposition="96" splitpriority="none" dropdown="continue" popup="none" popup-page-rule="" />
    <Paragraph id="1162567" documentposition="97" splitpriority="none" dropdown="continue" popup="none" popup-page-rule="" />
    <Paragraph id="1162574" documentposition="98" splitpriority="none" dropdown="continue" popup="none" popup-page-rule="" />
    <Paragraph id="1162575" documentposition="99" splitpriority="none" dropdown="continue" popup="none" popup-page-rule="" />
    <Paragraph id="1162579" documentposition="100" splitpriority="none" dropdown="continue" popup="none" popup-page-rule="" />
    <Paragraph id="1170802" documentposition="101" splitpriority="none" dropdown="continue" popup="none" popup-page-rule="" />
    <Paragraph id="1170803" documentposition="102" splitpriority="none" dropdown="continue" popup="none" popup-page-rule="" />
    <Paragraph id="1162595" documentposition="103" splitpriority="none" dropdown="continue" popup="none" popup-page-rule="" />
    <Paragraph id="1192387" documentposition="104" splitpriority="none" relatedtopic="define-no-output" dropdown="continue" popup="none" popup-page-rule="" />
    <Paragraph id="1192391" documentposition="105" splitpriority="none" relatedtopic="define-no-output" dropdown="continue" popup="none" popup-page-rule="" />
    <Paragraph id="1192395" documentposition="106" splitpriority="none" relatedtopic="define-no-output" popup="none" popup-page-rule="" dropdown="end" />
  </Split>
  <Split id="1168577" documentposition="107">
    <Paragraph id="1168577" documentposition="107" splitpriority="3" dropdown="continue" popup="none" popup-page-rule="" />
    <Paragraph id="1168597" documentposition="108" splitpriority="none" dropdown="continue" popup="none" popup-page-rule="" />
    <Table id="1168573" documentposition="109" splitpriority="none">
      <TableCell>
        <Paragraph id="1168576" dropdown="continue" popup="none" popup-page-rule="" />
      </TableCell>
    </Table>
    <Paragraph id="1168578" documentposition="110" splitpriority="none" dropdown="continue" popup="none" popup-page-rule="" />
    <Paragraph id="1168579" documentposition="111" splitpriority="none" dropdown="continue" popup="none" popup-page-rule="" />
    <Paragraph id="1168580" documentposition="112" splitpriority="none" dropdown="continue" popup="none" popup-page-rule="" />
    <Paragraph id="1168581" documentposition="113" splitpriority="none" dropdown="continue" popup="none" popup-page-rule="" />
    <Paragraph id="1168582" documentposition="114" splitpriority="none" dropdown="continue" popup="none" popup-page-rule="" />
    <Paragraph id="1168583" documentposition="115" splitpriority="none" dropdown="continue" popup="none" popup-page-rule="" />
    <Paragraph id="1168584" documentposition="116" splitpriority="none" dropdown="continue" popup="none" popup-page-rule="" />
    <Paragraph id="1168585" documentposition="117" splitpriority="none" dropdown="continue" popup="none" popup-page-rule="" />
    <Paragraph id="1168586" documentposition="118" splitpriority="none" dropdown="continue" popup="none" popup-page-rule="" />
    <Paragraph id="1168587" documentposition="119" splitpriority="none" dropdown="continue" popup="none" popup-page-rule="" />
    <Paragraph id="1168588" documentposition="120" splitpriority="none" dropdown="continue" popup="none" popup-page-rule="" />
    <Paragraph id="1168589" documentposition="121" splitpriority="none" dropdown="continue" popup="none" popup-page-rule="" />
    <Paragraph id="1168590" documentposition="122" splitpriority="none" dropdown="continue" popup="none" popup-page-rule="" />
    <Paragraph id="1168591" documentposition="123" splitpriority="none" dropdown="continue" popup="none" popup-page-rule="" />
    <Paragraph id="1168592" documentposition="124" splitpriority="none" dropdown="continue" popup="none" popup-page-rule="" />
    <Paragraph id="1192403" documentposition="125" splitpriority="none" popup="none" popup-page-rule="" dropdown="end" />
  </Split>
  <Split id="1162538" documentposition="126">
    <Paragraph id="1162538" documentposition="126" splitpriority="3" dropdown="continue" popup="none" popup-page-rule="" />
    <Paragraph id="1164508" documentposition="127" splitpriority="none" dropdown="continue" popup="none" popup-page-rule="" />
    <Paragraph id="1166606" documentposition="128" splitpriority="none" dropdown="continue" popup="none" popup-page-rule="" />
    <Paragraph id="1159398" documentposition="129" splitpriority="none" popup="none" popup-page-rule="" dropdown="end" />
  </Split>
</Behaviors>