<?xml version="1.0" encoding="utf-8"?>
<Splits version="1.0" xmlns="urn:WebWorks-Engine-Splits-Schema">
  <Split id="1052621" documentposition="3" />
  <Split id="1167812" documentposition="8" />
  <Split id="1159038" documentposition="16" />
  <Split id="1163763" documentposition="21" />
  <Split id="1163775" documentposition="27" />
  <Split id="1182721" documentposition="42" />
  <Split id="1183103" documentposition="54" />
  <Split id="1182738" documentposition="63" />
  <Split id="1164464" documentposition="77" />
  <Split id="1170682" documentposition="83" />
  <Split id="1171479" documentposition="91" />
  <Split id="1168577" documentposition="107" />
  <Split id="1162538" documentposition="126" />
</Splits>