<?xml version="1.0" encoding="utf-8"?>
<SplitPriorities version="1.0" xmlns="urn:WebWorks-Engine-Splits-Schema">
  <SplitPriority id="1052621" documentposition="3" splitpriority="1" outputposition="1" />
  <SplitPriority id="1167812" documentposition="8" splitpriority="2" outputposition="6" />
  <SplitPriority id="1159038" documentposition="16" splitpriority="2" outputposition="14" />
  <SplitPriority id="1163763" documentposition="21" splitpriority="3" outputposition="19" />
  <SplitPriority id="1163775" documentposition="27" splitpriority="3" outputposition="24" />
  <SplitPriority id="1182721" documentposition="42" splitpriority="4" outputposition="36" />
  <SplitPriority id="1183103" documentposition="70" splitpriority="4" outputposition="62" />
  <SplitPriority id="1182738" documentposition="77" splitpriority="3" outputposition="69" />
  <SplitPriority id="1164464" documentposition="90" splitpriority="4" outputposition="80" />
  <SplitPriority id="1170682" documentposition="96" splitpriority="4" outputposition="85" />
  <SplitPriority id="1171479" documentposition="104" splitpriority="4" outputposition="92" />
  <SplitPriority id="1168577" documentposition="120" splitpriority="3" outputposition="108" />
  <SplitPriority id="1162538" documentposition="139" splitpriority="3" outputposition="127" />
</SplitPriorities>