<?xml version="1.0" encoding="utf-8"?>
<Index version="1.0" xmlns="urn:WebWorks-Index-Schema">
  <Entry name="caIntegrator2" sort="caIntegrator2" sectionposition="2">
    <Content xmlns="urn:WebWorks-Document-Schema">
      <TextRun>
        <Text value="caIntegrator2" />
      </TextRun>
    </Content>
    <Entry name="requesting user account" sort="requesting user account">
      <Content xmlns="urn:WebWorks-Document-Schema">
        <TextRun>
          <Text value="requesting user account" />
        </TextRun>
      </Content>
      <Link href="C:\Documents and Settings\hadfielj\My Documents\ePublisher Pro Projects\caIntegrator2\Output\WebWorks Help 5.0\caIntegrator2\Getting_Started.3.3.html" anchor="1141099" fileposition="5" first="false" />
    </Entry>
  </Entry>
  <Entry name="account, requesting new user" sort="account, requesting new user" sectionposition="2">
    <Content xmlns="urn:WebWorks-Document-Schema">
      <TextRun>
        <Text value="account, requesting new user" />
      </TextRun>
    </Content>
    <Link href="C:\Documents and Settings\hadfielj\My Documents\ePublisher Pro Projects\caIntegrator2\Output\WebWorks Help 5.0\caIntegrator2\Getting_Started.3.3.html" anchor="1141099" fileposition="5" first="false" />
  </Entry>
  <Entry name="registering new user" sort="registering new user" sectionposition="2">
    <Content xmlns="urn:WebWorks-Document-Schema">
      <TextRun>
        <Text value="registering new user" />
      </TextRun>
    </Content>
    <Link href="C:\Documents and Settings\hadfielj\My Documents\ePublisher Pro Projects\caIntegrator2\Output\WebWorks Help 5.0\caIntegrator2\Getting_Started.3.3.html" anchor="1141099" fileposition="5" first="false" />
  </Entry>
  <Entry name="caIntegrator2" sort="caIntegrator2" sectionposition="2">
    <Content xmlns="urn:WebWorks-Document-Schema">
      <TextRun>
        <Text value="caIntegrator2" />
      </TextRun>
    </Content>
    <Entry name="workspace" sort="workspace">
      <Content xmlns="urn:WebWorks-Document-Schema">
        <TextRun>
          <Text value="workspace" />
        </TextRun>
      </Content>
      <Link href="C:\Documents and Settings\hadfielj\My Documents\ePublisher Pro Projects\caIntegrator2\Output\WebWorks Help 5.0\caIntegrator2\Getting_Started.3.4.html" anchor="1122586" fileposition="6" first="false" />
    </Entry>
  </Entry>
  <Entry name="caIntegrator2" sort="caIntegrator2" sectionposition="2">
    <Content xmlns="urn:WebWorks-Document-Schema">
      <TextRun>
        <Text value="caIntegrator2" />
      </TextRun>
    </Content>
    <Entry name="using workspace" sort="using workspace">
      <Content xmlns="urn:WebWorks-Document-Schema">
        <TextRun>
          <Text value="using workspace" />
        </TextRun>
      </Content>
      <Link href="C:\Documents and Settings\hadfielj\My Documents\ePublisher Pro Projects\caIntegrator2\Output\WebWorks Help 5.0\caIntegrator2\Getting_Started.3.4.html" anchor="1122586" fileposition="6" first="false" />
    </Entry>
  </Entry>
  <Entry name="caIntegrator2" sort="caIntegrator2" sectionposition="2">
    <Content xmlns="urn:WebWorks-Document-Schema">
      <TextRun>
        <Text value="caIntegrator2" />
      </TextRun>
    </Content>
    <Entry name="logging in" sort="logging in">
      <Content xmlns="urn:WebWorks-Document-Schema">
        <TextRun>
          <Text value="logging in" />
        </TextRun>
      </Content>
      <Link href="C:\Documents and Settings\hadfielj\My Documents\ePublisher Pro Projects\caIntegrator2\Output\WebWorks Help 5.0\caIntegrator2\Getting_Started.3.4.html" anchor="1155818" fileposition="6" first="false" />
    </Entry>
  </Entry>
  <Entry name="caIntegrator2" sort="caIntegrator2" sectionposition="2">
    <Content xmlns="urn:WebWorks-Document-Schema">
      <TextRun>
        <Text value="caIntegrator2" />
      </TextRun>
    </Content>
    <Entry name="browser-based functions" sort="browser-based functions">
      <Content xmlns="urn:WebWorks-Document-Schema">
        <TextRun>
          <Text value="browser-based functions" />
        </TextRun>
      </Content>
      <Link href="C:\Documents and Settings\hadfielj\My Documents\ePublisher Pro Projects\caIntegrator2\Output\WebWorks Help 5.0\caIntegrator2\Getting_Started.3.5.html" anchor="1122024" fileposition="7" first="false" />
    </Entry>
  </Entry>
  <Entry name="caIntegrator2" sort="caIntegrator2" sectionposition="2">
    <Content xmlns="urn:WebWorks-Document-Schema">
      <TextRun>
        <Text value="caIntegrator2" />
      </TextRun>
    </Content>
    <Entry name="viewing existing studies" sort="viewing existing studies">
      <Content xmlns="urn:WebWorks-Document-Schema">
        <TextRun>
          <Text value="viewing existing studies" />
        </TextRun>
      </Content>
      <Link href="C:\Documents and Settings\hadfielj\My Documents\ePublisher Pro Projects\caIntegrator2\Output\WebWorks Help 5.0\caIntegrator2\Getting_Started.3.6.html" anchor="1151723" fileposition="8" first="false" />
    </Entry>
  </Entry>
  <Entry name="study" sort="study" sectionposition="2">
    <Content xmlns="urn:WebWorks-Document-Schema">
      <TextRun>
        <Text value="study" />
      </TextRun>
    </Content>
    <Entry name="viewing an existing" sort="viewing an existing">
      <Content xmlns="urn:WebWorks-Document-Schema">
        <TextRun>
          <Text value="viewing an existing" />
        </TextRun>
      </Content>
      <Link href="C:\Documents and Settings\hadfielj\My Documents\ePublisher Pro Projects\caIntegrator2\Output\WebWorks Help 5.0\caIntegrator2\Getting_Started.3.6.html" anchor="1151723" fileposition="8" first="false" />
    </Entry>
  </Entry>
  <Entry name="study" sort="study" sectionposition="2">
    <Content xmlns="urn:WebWorks-Document-Schema">
      <TextRun>
        <Text value="study" />
      </TextRun>
    </Content>
    <Entry name="log view" sort="log view">
      <Content xmlns="urn:WebWorks-Document-Schema">
        <TextRun>
          <Text value="log view" />
        </TextRun>
      </Content>
      <Link href="C:\Documents and Settings\hadfielj\My Documents\ePublisher Pro Projects\caIntegrator2\Output\WebWorks Help 5.0\caIntegrator2\Getting_Started.3.6.html" anchor="1157241" fileposition="8" first="false" />
    </Entry>
  </Entry>
  <Entry name="log view of study" sort="log view of study" sectionposition="2">
    <Content xmlns="urn:WebWorks-Document-Schema">
      <TextRun>
        <Text value="log view of study" />
      </TextRun>
    </Content>
    <Link href="C:\Documents and Settings\hadfielj\My Documents\ePublisher Pro Projects\caIntegrator2\Output\WebWorks Help 5.0\caIntegrator2\Getting_Started.3.6.html" anchor="1157241" fileposition="8" first="false" />
  </Entry>
  <Entry name="data dictionary" sort="data dictionary" sectionposition="2">
    <Content xmlns="urn:WebWorks-Document-Schema">
      <TextRun>
        <Text value="data dictionary" />
      </TextRun>
    </Content>
    <Link href="C:\Documents and Settings\hadfielj\My Documents\ePublisher Pro Projects\caIntegrator2\Output\WebWorks Help 5.0\caIntegrator2\Getting_Started.3.7.html" anchor="1151824" fileposition="9" first="false" />
  </Entry>
  <Entry name="caIntegrator2" sort="caIntegrator2" sectionposition="2">
    <Content xmlns="urn:WebWorks-Document-Schema">
      <TextRun>
        <Text value="caIntegrator2" />
      </TextRun>
    </Content>
    <Entry name="online help" sort="online help">
      <Content xmlns="urn:WebWorks-Document-Schema">
        <TextRun>
          <Text value="online help" />
        </TextRun>
      </Content>
      <Link href="C:\Documents and Settings\hadfielj\My Documents\ePublisher Pro Projects\caIntegrator2\Output\WebWorks Help 5.0\caIntegrator2\Getting_Started.3.9.html" anchor="1136529" fileposition="11" first="false" />
    </Entry>
  </Entry>
  <Entry name="online help, using" sort="online help, using" sectionposition="2">
    <Content xmlns="urn:WebWorks-Document-Schema">
      <TextRun>
        <Text value="online help, using" />
      </TextRun>
    </Content>
    <Link href="C:\Documents and Settings\hadfielj\My Documents\ePublisher Pro Projects\caIntegrator2\Output\WebWorks Help 5.0\caIntegrator2\Getting_Started.3.9.html" anchor="1136529" fileposition="11" first="false" />
  </Entry>
  <Entry name="caIntegrator2" sort="caIntegrator2" sectionposition="2">
    <Content xmlns="urn:WebWorks-Document-Schema">
      <TextRun>
        <Text value="caIntegrator2" />
      </TextRun>
    </Content>
    <Entry name="logging out" sort="logging out">
      <Content xmlns="urn:WebWorks-Document-Schema">
        <TextRun>
          <Text value="logging out" />
        </TextRun>
      </Content>
      <Link href="C:\Documents and Settings\hadfielj\My Documents\ePublisher Pro Projects\caIntegrator2\Output\WebWorks Help 5.0\caIntegrator2\Getting_Started.3.10.html" anchor="1141079" fileposition="12" first="false" />
    </Entry>
  </Entry>
  <Entry name="logout link" sort="logout link" sectionposition="2">
    <Content xmlns="urn:WebWorks-Document-Schema">
      <TextRun>
        <Text value="logout link" />
      </TextRun>
    </Content>
    <Link href="C:\Documents and Settings\hadfielj\My Documents\ePublisher Pro Projects\caIntegrator2\Output\WebWorks Help 5.0\caIntegrator2\Getting_Started.3.10.html" anchor="1141079" fileposition="12" first="false" />
  </Entry>
  <Entry name="NCICB Application Support" sort="NCICB Application Support" sectionposition="2">
    <Content xmlns="urn:WebWorks-Document-Schema">
      <TextRun>
        <Text value="NCICB Application Support" />
      </TextRun>
    </Content>
    <Link href="C:\Documents and Settings\hadfielj\My Documents\ePublisher Pro Projects\caIntegrator2\Output\WebWorks Help 5.0\caIntegrator2\Getting_Started.3.11.html" anchor="1136641" fileposition="13" first="false" />
  </Entry>
  <Entry name="Application Support" sort="Application Support" sectionposition="2">
    <Content xmlns="urn:WebWorks-Document-Schema">
      <TextRun>
        <Text value="Application Support" />
      </TextRun>
    </Content>
    <Link href="C:\Documents and Settings\hadfielj\My Documents\ePublisher Pro Projects\caIntegrator2\Output\WebWorks Help 5.0\caIntegrator2\Getting_Started.3.11.html" anchor="1136641" fileposition="13" first="false" />
  </Entry>
</Index>