<?xml version="1.0" encoding="utf-8"?>
<Behaviors version="1.0" xmlns="urn:WebWorks-Behaviors-Schema">
  <Split id="1070912" documentposition="3">
    <Paragraph id="1070912" documentposition="3" splitpriority="1" />
    <Paragraph id="1078313" documentposition="4" splitpriority="none" />
    <Paragraph id="1078314" documentposition="5" splitpriority="none" />
    <Paragraph id="1078318" documentposition="6" splitpriority="none" />
    <Paragraph id="1073170" documentposition="7" splitpriority="none" />
    <Paragraph id="1091731" documentposition="8" splitpriority="none" />
    <Paragraph id="1120887" documentposition="9" splitpriority="none" />
  </Split>
  <Split id="1120890" documentposition="10">
    <Paragraph id="1120890" documentposition="10" splitpriority="2" />
    <Paragraph id="1073194" documentposition="11" splitpriority="none" />
    <Paragraph id="1089703" documentposition="12" splitpriority="none" />
    <Paragraph id="1079606" documentposition="13" splitpriority="none" />
    <Paragraph id="1079472" documentposition="14" splitpriority="none" />
    <Paragraph id="1079518" documentposition="15" splitpriority="none" />
    <Paragraph id="1079547" documentposition="16" splitpriority="none" />
    <Paragraph id="1084091" documentposition="17" splitpriority="none" />
  </Split>
  <Split id="1084273" documentposition="18">
    <Paragraph id="1084273" documentposition="18" splitpriority="2">
      <Marker behavior="topic" id="1105780">
        <Marker id="1105780" name="TopicAlias" xmlns="urn:WebWorks-Document-Schema">
          <TextRun id="tr1105780-1">
            <Text value="K-M_plot_help" />
          </TextRun>
        </Marker>
      </Marker>
    </Paragraph>
    <Paragraph id="1125705" documentposition="19" splitpriority="none" />
    <Paragraph id="1125709" documentposition="20" splitpriority="none" />
    <Paragraph id="1125713" documentposition="21" splitpriority="none" />
    <Paragraph id="1125717" documentposition="22" splitpriority="none" />
    <Paragraph id="1105761" documentposition="23" splitpriority="none" />
    <Paragraph id="1080025" documentposition="24" splitpriority="none" />
    <Paragraph id="1120791" documentposition="25" splitpriority="none" />
    <Paragraph id="1080206" documentposition="26" splitpriority="none" />
  </Split>
  <Split id="1073490" documentposition="27">
    <Paragraph id="1073490" documentposition="27" splitpriority="3">
      <Marker behavior="topic" id="1073537">
        <Marker id="1073537" name="TopicAlias" xmlns="urn:WebWorks-Document-Schema">
          <TextRun id="tr1073537-1">
            <Text value="KM_annotation_help" />
          </TextRun>
        </Marker>
      </Marker>
    </Paragraph>
    <Paragraph id="1089381" documentposition="28" splitpriority="none" />
    <Paragraph id="1080134" documentposition="29" splitpriority="none" />
    <Paragraph id="1080294" documentposition="30" splitpriority="none" />
    <Paragraph id="1080298" documentposition="31" splitpriority="none" />
    <Paragraph id="1083702" documentposition="33" splitpriority="none" />
    <Paragraph id="1115153" documentposition="34" splitpriority="none" />
    <Paragraph id="1115154" documentposition="35" splitpriority="none" />
    <Paragraph id="1115147" documentposition="36" splitpriority="none" />
    <Paragraph id="1115237" documentposition="37" splitpriority="none" />
    <Paragraph id="1079936" documentposition="38" splitpriority="none" />
    <Paragraph id="1080247" documentposition="40" splitpriority="none" />
    <Paragraph id="1080246" documentposition="41" splitpriority="none" />
    <Paragraph id="1120799" documentposition="42" splitpriority="none" />
    <Paragraph id="1125725" documentposition="43" splitpriority="none" relatedtopic="define-no-output" />
    <Paragraph id="1125729" documentposition="44" splitpriority="none" relatedtopic="define-no-output" />
    <Paragraph id="1125733" documentposition="45" splitpriority="none" relatedtopic="define-no-output" />
  </Split>
  <Split id="1080238" documentposition="46">
    <Paragraph id="1080238" documentposition="46" splitpriority="3" />
    <Paragraph id="1080255" documentposition="47" splitpriority="none" />
    <Paragraph id="1080253" documentposition="48" splitpriority="none" />
    <Paragraph id="1080320" documentposition="49" splitpriority="none" />
    <Paragraph id="1113386" documentposition="50" splitpriority="none" />
    <Paragraph id="1113393" documentposition="51" splitpriority="none" />
    <Paragraph id="1113404" documentposition="53" splitpriority="none" />
    <Paragraph id="1113499" documentposition="54" splitpriority="none" />
    <Paragraph id="1113491" documentposition="55" splitpriority="none" />
    <Paragraph id="1117947" documentposition="56" splitpriority="none">
      <Frame id="1113406">
        <Paragraph id="" />
      </Frame>
    </Paragraph>
    <Paragraph id="1113409" documentposition="57" splitpriority="none" />
    <Paragraph id="1113410" documentposition="58" splitpriority="none" />
    <Paragraph id="1117954" documentposition="59" splitpriority="none" />
    <Paragraph id="1117958" documentposition="60" splitpriority="none" />
    <Paragraph id="1117959" documentposition="61" splitpriority="none" />
    <Paragraph id="1113411" documentposition="62" splitpriority="none" />
    <Paragraph id="1113412" documentposition="63" splitpriority="none" />
    <Paragraph id="1113421" documentposition="65" splitpriority="none" />
    <Paragraph id="1113422" documentposition="66" splitpriority="none" />
    <Paragraph id="1113431" documentposition="68" splitpriority="none" />
    <Paragraph id="1113436" documentposition="69" splitpriority="none">
      <Frame id="1113434">
        <Paragraph id="" />
      </Frame>
    </Paragraph>
    <Paragraph id="1113437" documentposition="70" splitpriority="none" />
    <Paragraph id="1113438" documentposition="71" splitpriority="none" />
    <Paragraph id="1113439" documentposition="72" splitpriority="none" />
    <Paragraph id="1113398" documentposition="73" splitpriority="none" />
    <Paragraph id="1113629" documentposition="74" splitpriority="none" />
    <Paragraph id="1113638" documentposition="75" splitpriority="none" />
    <Paragraph id="1080552" documentposition="76" splitpriority="none">
      <Marker behavior="topic" id="1080553">
        <Marker id="1080553" name="TopicAlias" xmlns="urn:WebWorks-Document-Schema">
          <TextRun id="tr1080553-1">
            <Text value="KM_gene-expression_help" />
          </TextRun>
        </Marker>
      </Marker>
    </Paragraph>
    <Paragraph id="1125741" documentposition="77" splitpriority="none" />
  </Split>
  <Split id="1125743" documentposition="78">
    <Paragraph id="1125743" documentposition="78" splitpriority="4" />
    <Paragraph id="1080631" documentposition="80" splitpriority="none" />
    <Paragraph id="1120305" documentposition="81" splitpriority="none" />
    <Paragraph id="1084066" documentposition="82" splitpriority="none" />
    <Paragraph id="1080627" documentposition="83" splitpriority="none" />
    <Paragraph id="1120814" documentposition="84" splitpriority="none" />
    <Paragraph id="1125779" documentposition="85" splitpriority="none" relatedtopic="define-no-output" />
    <Paragraph id="1125783" documentposition="86" splitpriority="none" relatedtopic="define-no-output" />
    <Paragraph id="1125787" documentposition="87" splitpriority="none" relatedtopic="define-no-output" />
  </Split>
  <Split id="1073776" documentposition="88">
    <Paragraph id="1073776" documentposition="88" splitpriority="3">
      <Marker behavior="topic" id="1073688">
        <Marker id="1073688" name="TopicAlias" xmlns="urn:WebWorks-Document-Schema">
          <TextRun id="tr1073688-1">
            <Text value="KM_queries_help" />
          </TextRun>
        </Marker>
      </Marker>
    </Paragraph>
    <Paragraph id="1073748" documentposition="89" splitpriority="none" />
    <Paragraph id="1082735" documentposition="90" splitpriority="none" />
    <Paragraph id="1082736" documentposition="91" splitpriority="none" />
    <Paragraph id="1082737" documentposition="92" splitpriority="none" />
    <Paragraph id="1114790" documentposition="94" splitpriority="none" />
    <Paragraph id="1114875" documentposition="95" splitpriority="none" />
    <Paragraph id="1114853" documentposition="96" splitpriority="none" />
    <Paragraph id="1114865" documentposition="97" splitpriority="none" />
    <Paragraph id="1114885" documentposition="98" splitpriority="none" />
    <Paragraph id="1114782" documentposition="99" splitpriority="none" />
    <Paragraph id="1125795" documentposition="100" splitpriority="none" />
  </Split>
  <Split id="1125797" documentposition="101">
    <Paragraph id="1125797" documentposition="101" splitpriority="4" />
    <Paragraph id="1115074" documentposition="102" splitpriority="none" />
    <Paragraph id="1082796" documentposition="104" splitpriority="none" />
    <Paragraph id="1082794" documentposition="105" splitpriority="none" />
    <Paragraph id="1120825" documentposition="106" splitpriority="none" />
    <Paragraph id="1125814" documentposition="107" splitpriority="none" relatedtopic="define-no-output" />
    <Paragraph id="1125818" documentposition="108" splitpriority="none" relatedtopic="define-no-output" />
    <Paragraph id="1125822" documentposition="109" splitpriority="none" relatedtopic="define-no-output" />
  </Split>
  <Split id="1082800" documentposition="110">
    <Paragraph id="1082800" documentposition="110" splitpriority="2" />
    <Paragraph id="1084199" documentposition="111" splitpriority="none" />
    <Paragraph id="1087122" documentposition="112" splitpriority="none" />
    <Paragraph id="1087123" documentposition="113" splitpriority="none" />
    <Paragraph id="1087128" documentposition="114" splitpriority="none" />
    <Paragraph id="1087133" documentposition="115" splitpriority="none" />
    <Paragraph id="1089440" documentposition="116" splitpriority="none" />
  </Split>
  <Split id="1084201" documentposition="117">
    <Paragraph id="1084201" documentposition="117" splitpriority="3">
      <Marker behavior="topic" id="1084200">
        <Marker id="1084200" name="TopicAlias" xmlns="urn:WebWorks-Document-Schema">
          <TextRun id="tr1084200-1">
            <Text value="GE_plot_annotation_help" />
          </TextRun>
        </Marker>
      </Marker>
    </Paragraph>
    <Paragraph id="1083002" documentposition="118" splitpriority="none" />
    <Paragraph id="1082983" documentposition="119" splitpriority="none" />
    <Paragraph id="1083861" documentposition="120" splitpriority="none" />
    <Paragraph id="1083865" documentposition="121" splitpriority="none" />
    <Paragraph id="1114080" documentposition="123" splitpriority="none" />
    <Paragraph id="1114081" documentposition="124" splitpriority="none" />
    <Paragraph id="1114083" documentposition="125" splitpriority="none" />
    <Paragraph id="1117992" documentposition="126" splitpriority="none">
      <Frame id="1114085">
        <Paragraph id="" />
      </Frame>
    </Paragraph>
    <Paragraph id="1114088" documentposition="127" splitpriority="none" />
    <Paragraph id="1114089" documentposition="128" splitpriority="none" />
    <Paragraph id="1117999" documentposition="129" splitpriority="none" />
    <Paragraph id="1118003" documentposition="130" splitpriority="none" />
    <Paragraph id="1118004" documentposition="131" splitpriority="none" />
    <Paragraph id="1114090" documentposition="132" splitpriority="none" />
    <Paragraph id="1114091" documentposition="133" splitpriority="none" />
    <Paragraph id="1114100" documentposition="135" splitpriority="none" />
    <Paragraph id="1114101" documentposition="136" splitpriority="none" />
    <Paragraph id="1114110" documentposition="138" splitpriority="none" />
    <Paragraph id="1114115" documentposition="139" splitpriority="none">
      <Frame id="1114113">
        <Paragraph id="" />
      </Frame>
    </Paragraph>
    <Paragraph id="1114116" documentposition="140" splitpriority="none" />
    <Paragraph id="1114117" documentposition="141" splitpriority="none" />
    <Paragraph id="1114118" documentposition="142" splitpriority="none" />
    <Paragraph id="1114270" documentposition="143" splitpriority="none" />
    <Paragraph id="1114271" documentposition="144" splitpriority="none" />
    <Paragraph id="1114119" documentposition="145" splitpriority="none" />
    <Paragraph id="1114289" documentposition="146" splitpriority="none" />
    <Paragraph id="1114305" documentposition="147" splitpriority="none" />
    <Paragraph id="1114290" documentposition="148" splitpriority="none" />
    <Paragraph id="1114120" documentposition="149" splitpriority="none" />
    <Paragraph id="1114347" documentposition="150" splitpriority="none" />
    <Paragraph id="1114352" documentposition="151" splitpriority="none" />
    <Paragraph id="1114359" documentposition="152" splitpriority="none" />
    <Paragraph id="1114122" documentposition="153" splitpriority="none">
      <Marker behavior="topic" id="1114126">
        <Marker id="1114126" name="TopicAlias" xmlns="urn:WebWorks-Document-Schema">
          <TextRun id="tr1114126-1">
            <Text value="KM_gene-expression_help" />
          </TextRun>
        </Marker>
      </Marker>
    </Paragraph>
    <Paragraph id="1125830" documentposition="154" splitpriority="none" />
  </Split>
  <Split id="1125832" documentposition="155">
    <Paragraph id="1125832" documentposition="155" splitpriority="4" />
    <Paragraph id="1125835" documentposition="156" splitpriority="none" />
    <Paragraph id="1115666" documentposition="157" splitpriority="none" />
    <Paragraph id="1115571" documentposition="159" splitpriority="none" />
    <Paragraph id="1083894" documentposition="160" splitpriority="none" />
    <Paragraph id="1125844" documentposition="161" splitpriority="none" relatedtopic="define-no-output" />
    <Paragraph id="1125848" documentposition="162" splitpriority="none" relatedtopic="define-no-output" />
    <Paragraph id="1125852" documentposition="163" splitpriority="none" relatedtopic="define-no-output" />
    <Paragraph id="1125856" documentposition="164" splitpriority="none" relatedtopic="define-no-output" />
  </Split>
  <Split id="1083368" documentposition="165">
    <Paragraph id="1083368" documentposition="165" splitpriority="3">
      <Marker behavior="topic" id="1083367">
        <Marker id="1083367" name="TopicAlias" xmlns="urn:WebWorks-Document-Schema">
          <TextRun id="tr1083367-1">
            <Text value="GE_plot_gen_queries_help" />
          </TextRun>
        </Marker>
      </Marker>
    </Paragraph>
    <Paragraph id="1083381" documentposition="166" splitpriority="none" />
    <Paragraph id="1084246" documentposition="167" splitpriority="none" />
    <Paragraph id="1083382" documentposition="168" splitpriority="none" />
    <Paragraph id="1083383" documentposition="169" splitpriority="none" />
    <Paragraph id="1083372" documentposition="170" splitpriority="none" />
    <Paragraph id="1083428" documentposition="172" splitpriority="none" />
    <Paragraph id="1115533" documentposition="173" splitpriority="none" />
    <Paragraph id="1115534" documentposition="174" splitpriority="none" />
    <Paragraph id="1115531" documentposition="175" splitpriority="none" />
    <Paragraph id="1083393" documentposition="176" splitpriority="none" />
    <Paragraph id="1083944" documentposition="178" splitpriority="none" />
    <Paragraph id="1083948" documentposition="179" splitpriority="none" />
    <Paragraph id="1125864" documentposition="180" splitpriority="none" relatedtopic="define-no-output" />
    <Paragraph id="1125868" documentposition="181" splitpriority="none" relatedtopic="define-no-output" />
    <Paragraph id="1125872" documentposition="182" splitpriority="none" relatedtopic="define-no-output" />
    <Paragraph id="1125876" documentposition="183" splitpriority="none" relatedtopic="define-no-output" />
  </Split>
  <Split id="1077378" documentposition="184">
    <Paragraph id="1077378" documentposition="184" splitpriority="3">
      <Marker behavior="topic" id="1077414">
        <Marker id="1077414" name="TopicAlias" xmlns="urn:WebWorks-Document-Schema">
          <TextRun id="tr1077414-1">
            <Text value="GE_plot_clin_queries_help" />
          </TextRun>
        </Marker>
      </Marker>
    </Paragraph>
    <Paragraph id="1083443" documentposition="185" splitpriority="none" />
    <Paragraph id="1084261" documentposition="186" splitpriority="none" />
    <Paragraph id="1083444" documentposition="187" splitpriority="none" />
    <Paragraph id="1083445" documentposition="188" splitpriority="none" />
    <Paragraph id="1077409" documentposition="189" splitpriority="none" />
    <Paragraph id="1114537" documentposition="191" splitpriority="none" />
    <Paragraph id="1114538" documentposition="192" splitpriority="none" />
    <Paragraph id="1114540" documentposition="193" splitpriority="none" />
    <Paragraph id="1118005" documentposition="194" splitpriority="none">
      <Frame id="1114542">
        <Paragraph id="" />
      </Frame>
    </Paragraph>
    <Paragraph id="1114545" documentposition="195" splitpriority="none" />
    <Paragraph id="1114546" documentposition="196" splitpriority="none" />
    <Paragraph id="1118012" documentposition="197" splitpriority="none" />
    <Paragraph id="1118016" documentposition="198" splitpriority="none" />
    <Paragraph id="1118017" documentposition="199" splitpriority="none" />
    <Paragraph id="1114547" documentposition="200" splitpriority="none" />
    <Paragraph id="1114548" documentposition="201" splitpriority="none" />
    <Paragraph id="1114556" documentposition="203" splitpriority="none" />
    <Paragraph id="1114557" documentposition="204" splitpriority="none" />
    <Paragraph id="1114565" documentposition="206" splitpriority="none" />
    <Paragraph id="1114570" documentposition="207" splitpriority="none">
      <Frame id="1114568">
        <Paragraph id="" />
      </Frame>
    </Paragraph>
    <Paragraph id="1114571" documentposition="208" splitpriority="none" />
    <Paragraph id="1114572" documentposition="209" splitpriority="none" />
    <Paragraph id="1114573" documentposition="210" splitpriority="none" />
    <Paragraph id="1114574" documentposition="211" splitpriority="none" />
    <Paragraph id="1114575" documentposition="212" splitpriority="none" />
    <Paragraph id="1114576" documentposition="213" splitpriority="none" />
    <Paragraph id="1114577" documentposition="214" splitpriority="none" />
    <Paragraph id="1114578" documentposition="215" splitpriority="none" />
    <Paragraph id="1114579" documentposition="216" splitpriority="none" />
    <Paragraph id="1114580" documentposition="217" splitpriority="none" />
    <Paragraph id="1114581" documentposition="218" splitpriority="none" />
    <Paragraph id="1114582" documentposition="219" splitpriority="none" />
    <Paragraph id="1114583" documentposition="220" splitpriority="none" />
    <Paragraph id="1114584" documentposition="221" splitpriority="none">
      <Marker behavior="topic" id="1114588">
        <Marker id="1114588" name="TopicAlias" xmlns="urn:WebWorks-Document-Schema">
          <TextRun id="tr1114588-1">
            <Text value="KM_gene-expression_help" />
          </TextRun>
        </Marker>
      </Marker>
    </Paragraph>
    <Paragraph id="1125884" documentposition="222" splitpriority="none" />
  </Split>
  <Split id="1125886" documentposition="223">
    <Paragraph id="1125886" documentposition="223" splitpriority="4" />
    <Paragraph id="1114715" documentposition="224" splitpriority="none" />
    <Paragraph id="1114717" documentposition="225" splitpriority="none" />
    <Paragraph id="1089489" documentposition="227" splitpriority="none" />
    <Paragraph id="1083461" documentposition="228" splitpriority="none" />
    <Paragraph id="1125898" documentposition="229" splitpriority="none" relatedtopic="define-no-output" />
    <Paragraph id="1125902" documentposition="230" splitpriority="none" relatedtopic="define-no-output" />
    <Paragraph id="1125906" documentposition="231" splitpriority="none" relatedtopic="define-no-output" />
    <Paragraph id="1125910" documentposition="232" splitpriority="none" relatedtopic="define-no-output" />
  </Split>
  <Split id="1088652" documentposition="233">
    <Paragraph id="1088652" documentposition="233" splitpriority="3" />
    <Paragraph id="1089063" documentposition="234" splitpriority="none" />
    <Paragraph id="1091490" documentposition="235" splitpriority="none">
      <Frame id="1088670">
        <Paragraph id="" />
        <Frame id="1092558" />
      </Frame>
    </Paragraph>
    <Paragraph id="1088726" documentposition="237" splitpriority="none" />
    <Paragraph id="1088789" documentposition="238" splitpriority="none">
      <Frame id="1088793">
        <Paragraph id="" />
        <Frame id="1088910" />
      </Frame>
    </Paragraph>
    <Paragraph id="1089102" documentposition="240" splitpriority="none">
      <Frame id="1088850">
        <Paragraph id="" />
        <Frame id="1088876" />
      </Frame>
    </Paragraph>
    <Paragraph id="1089283" documentposition="242" splitpriority="none" />
    <Paragraph id="1089165" documentposition="243" splitpriority="none" />
    <Paragraph id="1089166" documentposition="244" splitpriority="none" />
    <Paragraph id="1089167" documentposition="245" splitpriority="none" />
    <Paragraph id="1089168" documentposition="246" splitpriority="none">
      <Frame id="1089190">
        <Paragraph id="" />
        <Frame id="1089198" />
      </Frame>
    </Paragraph>
    <Paragraph id="1091147" documentposition="248" splitpriority="none" />
    <Paragraph id="1091370" documentposition="249" splitpriority="none">
      <Frame id="1091406">
        <Paragraph id="" />
        <Frame id="1091410" />
      </Frame>
    </Paragraph>
    <Paragraph id="1091415" documentposition="251" splitpriority="none" />
  </Split>
  <Split id="1077363" documentposition="252">
    <Paragraph id="1077363" documentposition="252" splitpriority="2">
      <Marker behavior="topic" id="1073540">
        <Marker id="1073540" name="TopicAlias" xmlns="urn:WebWorks-Document-Schema">
          <TextRun id="tr1073540-1">
            <Text value="gene_pattern_help" />
          </TextRun>
        </Marker>
      </Marker>
    </Paragraph>
    <Paragraph id="1073260" documentposition="253" splitpriority="none" />
    <Paragraph id="1084352" documentposition="254" splitpriority="none" />
    <Paragraph id="1084386" documentposition="255" splitpriority="none" />
    <Paragraph id="1120209" documentposition="256" splitpriority="none" />
    <Paragraph id="1120250" documentposition="257" splitpriority="none" />
    <Paragraph id="1120254" documentposition="258" splitpriority="none" />
    <Paragraph id="1084384" documentposition="259" splitpriority="none" />
    <Paragraph id="1094181" documentposition="260" splitpriority="none" />
    <Paragraph id="1084332" documentposition="261" splitpriority="none" />
    <Paragraph id="1094031" documentposition="263" splitpriority="none" />
    <Paragraph id="1085079" documentposition="264" splitpriority="none" />
    <Paragraph id="1087958" documentposition="265" splitpriority="none" />
    <Paragraph id="1087963" documentposition="266" splitpriority="none" />
    <Paragraph id="1087964" documentposition="267" splitpriority="none" />
    <Paragraph id="1084420" documentposition="268" splitpriority="none" />
  </Split>
  <Split id="1084841" documentposition="269">
    <Paragraph id="1084841" documentposition="269" splitpriority="3" />
    <Paragraph id="1085979" documentposition="270" splitpriority="none" />
    <Paragraph id="1088526" documentposition="271" splitpriority="none" />
    <Paragraph id="1093908" documentposition="272" splitpriority="none" />
    <Paragraph id="1087984" documentposition="273" splitpriority="none" />
    <Paragraph id="1093927" documentposition="274" splitpriority="none" />
    <Paragraph id="1093906" documentposition="275" splitpriority="none" />
    <Table id="1086004" documentposition="277" splitpriority="none">
      <TableCell>
        <Paragraph id="1086006" />
      </TableCell>
      <TableCell>
        <Paragraph id="1086008" />
      </TableCell>
      <TableCell>
        <Paragraph id="1086010" />
      </TableCell>
      <TableCell>
        <Paragraph id="1086012" />
      </TableCell>
      <TableCell>
        <Paragraph id="1086014" />
      </TableCell>
      <TableCell>
        <Paragraph id="1086016" />
      </TableCell>
      <TableCell>
        <Paragraph id="1086018" />
      </TableCell>
      <TableCell>
        <Paragraph id="1086020" />
      </TableCell>
    </Table>
    <Paragraph id="1086129" documentposition="278" splitpriority="none" />
    <Paragraph id="1119707" documentposition="280" splitpriority="none" />
    <Paragraph id="1119715" documentposition="281" splitpriority="none" />
    <Paragraph id="1119719" documentposition="282" splitpriority="none" />
    <Paragraph id="1119720" documentposition="283" splitpriority="none" />
    <Paragraph id="1120399" documentposition="284" splitpriority="none" />
    <Paragraph id="1120400" documentposition="285" splitpriority="none" />
    <Paragraph id="1120393" documentposition="286" splitpriority="none" />
    <Paragraph id="1120459" documentposition="287" splitpriority="none" />
    <Paragraph id="1120394" documentposition="288" splitpriority="none" />
    <Paragraph id="1120177" documentposition="289" splitpriority="none" />
    <Paragraph id="1119711" documentposition="291" splitpriority="none" />
    <Paragraph id="1088543" documentposition="292" splitpriority="none" />
    <Paragraph id="1096772" documentposition="293" splitpriority="none" />
    <Paragraph id="1125923" documentposition="294" splitpriority="none" relatedtopic="define-no-output" />
    <Paragraph id="1125927" documentposition="295" splitpriority="none" relatedtopic="define-no-output" />
    <Paragraph id="1125931" documentposition="296" splitpriority="none" relatedtopic="define-no-output" />
    <Paragraph id="1125935" documentposition="297" splitpriority="none" relatedtopic="define-no-output" />
  </Split>
  <Split id="1084490" documentposition="298">
    <Paragraph id="1084490" documentposition="298" splitpriority="3" />
    <Paragraph id="1090810" documentposition="299" splitpriority="none" />
    <Paragraph id="1086222" documentposition="300" splitpriority="none" />
    <Paragraph id="1086388" documentposition="301" splitpriority="none" />
    <Paragraph id="1086326" documentposition="302" splitpriority="none" />
    <Paragraph id="1094072" documentposition="303" splitpriority="none" />
    <Paragraph id="1088256" documentposition="304" splitpriority="none" />
    <Paragraph id="1089787" documentposition="306" splitpriority="none" />
    <Table id="1084531" documentposition="307" splitpriority="none">
      <TableCell>
        <Paragraph id="1086771" />
      </TableCell>
      <TableCell>
        <Paragraph id="1086773" />
      </TableCell>
      <TableCell>
        <Paragraph id="1086775" />
      </TableCell>
      <TableCell>
        <Paragraph id="1086777" />
      </TableCell>
      <TableCell>
        <Paragraph id="1086779" />
      </TableCell>
      <TableCell>
        <Paragraph id="1086781" />
      </TableCell>
      <TableCell>
        <Paragraph id="1086783" />
      </TableCell>
      <TableCell>
        <Paragraph id="1086785" />
      </TableCell>
      <TableCell>
        <Paragraph id="1086787" />
      </TableCell>
      <TableCell>
        <Paragraph id="1086789" />
        <Paragraph id="1088111" />
      </TableCell>
      <TableCell>
        <Paragraph id="1086791" />
      </TableCell>
      <TableCell>
        <Paragraph id="1086793" />
      </TableCell>
      <TableCell>
        <Paragraph id="1086795" />
      </TableCell>
      <TableCell>
        <Paragraph id="1086797" />
      </TableCell>
      <TableCell>
        <Paragraph id="1086799" />
      </TableCell>
      <TableCell>
        <Paragraph id="1086801" />
      </TableCell>
      <TableCell>
        <Paragraph id="1086803" />
      </TableCell>
      <TableCell>
        <Paragraph id="1086805" />
      </TableCell>
      <TableCell>
        <Paragraph id="1086807" />
      </TableCell>
      <TableCell>
        <Paragraph id="1086809" />
      </TableCell>
      <TableCell>
        <Paragraph id="1086811" />
      </TableCell>
      <TableCell>
        <Paragraph id="1086813" />
      </TableCell>
      <TableCell>
        <Paragraph id="1086820" />
      </TableCell>
      <TableCell>
        <Paragraph id="1086822" />
      </TableCell>
      <TableCell>
        <Paragraph id="1086824" />
      </TableCell>
      <TableCell>
        <Paragraph id="1086826" />
      </TableCell>
      <TableCell>
        <Paragraph id="1086828" />
      </TableCell>
      <TableCell>
        <Paragraph id="1086830" />
      </TableCell>
      <TableCell>
        <Paragraph id="1086832" />
      </TableCell>
      <TableCell>
        <Paragraph id="1086834" />
      </TableCell>
      <TableCell>
        <Paragraph id="1086836" />
      </TableCell>
      <TableCell>
        <Paragraph id="1086838" />
      </TableCell>
      <TableCell>
        <Paragraph id="1086840" />
      </TableCell>
      <TableCell>
        <Paragraph id="1086842" />
      </TableCell>
      <TableCell>
        <Paragraph id="1086844" />
      </TableCell>
      <TableCell>
        <Paragraph id="1086846" />
      </TableCell>
      <TableCell>
        <Paragraph id="1086848" />
      </TableCell>
      <TableCell>
        <Paragraph id="1086850" />
      </TableCell>
      <TableCell>
        <Paragraph id="1086852" />
      </TableCell>
      <TableCell>
        <Paragraph id="1086854" />
        <Paragraph id="1086855" />
        <Paragraph id="1086856" />
      </TableCell>
      <TableCell>
        <Paragraph id="1086858" />
      </TableCell>
      <TableCell>
        <Paragraph id="1086860" />
      </TableCell>
      <TableCell>
        <Paragraph id="1086862" />
      </TableCell>
      <TableCell>
        <Paragraph id="1086864" />
      </TableCell>
      <TableCell>
        <Paragraph id="1086866" />
      </TableCell>
      <TableCell>
        <Paragraph id="1086868" />
        <Paragraph id="1086978" />
      </TableCell>
    </Table>
    <Paragraph id="1087907" documentposition="308" splitpriority="none" />
    <Paragraph id="1088047" documentposition="309" splitpriority="none" />
    <Paragraph id="1088124" documentposition="311" splitpriority="none" />
    <Paragraph id="1125948" documentposition="312" splitpriority="none" relatedtopic="define-no-output" />
    <Paragraph id="1125952" documentposition="313" splitpriority="none" relatedtopic="define-no-output" />
    <Paragraph id="1125956" documentposition="314" splitpriority="none" relatedtopic="define-no-output" />
    <Paragraph id="1125960" documentposition="315" splitpriority="none" relatedtopic="define-no-output" />
  </Split>
  <Split id="1084723" documentposition="316">
    <Paragraph id="1084723" documentposition="316" splitpriority="3" />
    <Paragraph id="1086355" documentposition="317" splitpriority="none" />
    <Paragraph id="1092498" documentposition="318" splitpriority="none" />
    <Paragraph id="1087844" documentposition="319" splitpriority="none" />
    <Paragraph id="1087842" documentposition="320" splitpriority="none" />
    <Paragraph id="1094077" documentposition="321" splitpriority="none" />
    <Paragraph id="1088264" documentposition="322" splitpriority="none" />
    <Paragraph id="1091217" documentposition="324" splitpriority="none" />
    <Table id="1084757" documentposition="325" splitpriority="none">
      <TableCell>
        <Paragraph id="1084759" />
      </TableCell>
      <TableCell>
        <Paragraph id="1084761" />
      </TableCell>
      <TableCell>
        <Paragraph id="1084763" />
      </TableCell>
      <TableCell>
        <Paragraph id="1084765" />
      </TableCell>
      <TableCell>
        <Paragraph id="1084767" />
      </TableCell>
      <TableCell>
        <Paragraph id="1084769" />
      </TableCell>
      <TableCell>
        <Paragraph id="1084771" />
      </TableCell>
      <TableCell>
        <Paragraph id="1084773" />
      </TableCell>
      <TableCell>
        <Paragraph id="1084775" />
      </TableCell>
      <TableCell>
        <Paragraph id="1084777" />
      </TableCell>
    </Table>
    <Paragraph id="1087916" documentposition="326" splitpriority="none" />
    <Table id="1090871" documentposition="328" splitpriority="none">
      <TableCell>
        <Paragraph id="1090873" />
      </TableCell>
      <TableCell>
        <Paragraph id="1090875" />
      </TableCell>
      <TableCell>
        <Paragraph id="1091052" />
      </TableCell>
      <TableCell>
        <Paragraph id="1091054" />
      </TableCell>
      <TableCell>
        <Paragraph id="1090877" />
      </TableCell>
      <TableCell>
        <Paragraph id="1091019" />
      </TableCell>
      <TableCell>
        <Paragraph id="1090881" />
      </TableCell>
      <TableCell>
        <Paragraph id="1091021" />
      </TableCell>
      <TableCell>
        <Paragraph id="1090885" />
      </TableCell>
      <TableCell>
        <Paragraph id="1091023" />
      </TableCell>
      <TableCell>
        <Paragraph id="1090889" />
      </TableCell>
      <TableCell>
        <Paragraph id="1091025" />
      </TableCell>
      <TableCell>
        <Paragraph id="1090939" />
      </TableCell>
      <TableCell>
        <Paragraph id="1091027" />
      </TableCell>
      <TableCell>
        <Paragraph id="1090935" />
      </TableCell>
      <TableCell>
        <Paragraph id="1091029" />
      </TableCell>
      <TableCell>
        <Paragraph id="1090931" />
      </TableCell>
      <TableCell>
        <Paragraph id="1091031" />
      </TableCell>
      <TableCell>
        <Paragraph id="1090927" />
      </TableCell>
      <TableCell>
        <Paragraph id="1091033" />
      </TableCell>
      <TableCell>
        <Paragraph id="1090923" />
      </TableCell>
      <TableCell>
        <Paragraph id="1091035" />
      </TableCell>
      <TableCell>
        <Paragraph id="1090919" />
      </TableCell>
      <TableCell>
        <Paragraph id="1091037" />
      </TableCell>
      <TableCell>
        <Paragraph id="1090915" />
      </TableCell>
      <TableCell>
        <Paragraph id="1091039" />
      </TableCell>
    </Table>
    <Paragraph id="1090901" documentposition="329" splitpriority="none" />
    <Paragraph id="1108197" documentposition="330" splitpriority="none" />
    <Paragraph id="1126002" documentposition="331" splitpriority="none" relatedtopic="define-no-output" />
    <Paragraph id="1126006" documentposition="332" splitpriority="none" relatedtopic="define-no-output" />
    <Paragraph id="1126010" documentposition="333" splitpriority="none" relatedtopic="define-no-output" />
    <Paragraph id="1126014" documentposition="334" splitpriority="none" relatedtopic="define-no-output" />
  </Split>
  <Split id="1084744" documentposition="335">
    <Paragraph id="1084744" documentposition="335" splitpriority="3" />
    <Paragraph id="1086919" documentposition="336" splitpriority="none" />
    <Paragraph id="1120404" documentposition="337" splitpriority="none" />
    <Paragraph id="1087886" documentposition="338" splitpriority="none" />
    <Paragraph id="1111346" documentposition="339" splitpriority="none" />
    <Paragraph id="1111347" documentposition="340" splitpriority="none" />
    <Paragraph id="1088272" documentposition="341" splitpriority="none" />
    <Paragraph id="1091230" documentposition="343" splitpriority="none" />
    <Table id="1086529" documentposition="344" splitpriority="none">
      <TableCell>
        <Paragraph id="1086531" />
      </TableCell>
      <TableCell>
        <Paragraph id="1086533" />
      </TableCell>
      <TableCell>
        <Paragraph id="1086535" />
      </TableCell>
      <TableCell>
        <Paragraph id="1086537" />
      </TableCell>
      <TableCell>
        <Paragraph id="1086539" />
      </TableCell>
      <TableCell>
        <Paragraph id="1086541" />
      </TableCell>
      <TableCell>
        <Paragraph id="1086543" />
      </TableCell>
      <TableCell>
        <Paragraph id="1086545" />
      </TableCell>
      <TableCell>
        <Paragraph id="1086547" />
      </TableCell>
      <TableCell>
        <Paragraph id="1086549" />
      </TableCell>
      <TableCell>
        <Paragraph id="1086551" />
      </TableCell>
      <TableCell>
        <Paragraph id="1086553" />
      </TableCell>
      <TableCell>
        <Paragraph id="1086555" />
      </TableCell>
      <TableCell>
        <Paragraph id="1086557" />
      </TableCell>
      <TableCell>
        <Paragraph id="1086591" />
      </TableCell>
      <TableCell>
        <Paragraph id="1086593" />
      </TableCell>
      <TableCell>
        <Paragraph id="1086587" />
      </TableCell>
      <TableCell>
        <Paragraph id="1086589" />
      </TableCell>
      <TableCell>
        <Paragraph id="1086583" />
      </TableCell>
      <TableCell>
        <Paragraph id="1086585" />
      </TableCell>
      <TableCell>
        <Paragraph id="1086579" />
      </TableCell>
      <TableCell>
        <Paragraph id="1086581" />
        <Paragraph id="1090734" />
        <Paragraph id="1087072" />
        <Paragraph id="1087053" />
        <Paragraph id="1087054" />
        <Paragraph id="1087050" />
        <Paragraph id="1087080" />
        <Paragraph id="1087096" />
        <Paragraph id="1087081" />
        <Paragraph id="1087082" />
        <Paragraph id="1087083" />
        <Paragraph id="1087084" />
        <Paragraph id="1087085" />
        <Paragraph id="1087051" />
      </TableCell>
    </Table>
    <Paragraph id="1087925" documentposition="345" splitpriority="none" />
    <Paragraph id="1108208" documentposition="346" splitpriority="none" />
    <Paragraph id="1126027" documentposition="347" splitpriority="none" relatedtopic="define-no-output" />
    <Paragraph id="1126031" documentposition="348" splitpriority="none" relatedtopic="define-no-output" />
    <Paragraph id="1126035" documentposition="349" splitpriority="none" relatedtopic="define-no-output" />
    <Paragraph id="1126039" documentposition="350" splitpriority="none" relatedtopic="define-no-output" />
    <Paragraph id="1087000" documentposition="351" splitpriority="none" />
  </Split>
</Behaviors>