<?xml version="1.0" encoding="utf-8"?>
<Splits version="1.0" xmlns="urn:WebWorks-Engine-Splits-Schema">
  <Split groupID="812E41A45F1062D0" documentID="ADA7C94A2261F0A3" id="1070912" position="1" documentstartposition="3" documentendposition="9" title="Analyzing Studies">
    <Group name="caIntegrator2" id="812E41A45F1062D0" position="1" />
    <Document path="C:\Documents and Settings\hadfielj\My Documents\CBIIT Projects\caIntegrator2\caI2 1.1\PerformingAnalysis.fm" id="ADA7C94A2261F0A3" position="6" />
    <PageStyle value="" />
    <Frames />
    <Popups />
  </Split>
  <Split groupID="812E41A45F1062D0" documentID="ADA7C94A2261F0A3" id="1120890" position="2" documentstartposition="10" documentendposition="17" title="Data Analysis Overview">
    <Group name="caIntegrator2" id="812E41A45F1062D0" position="1" />
    <Document path="C:\Documents and Settings\hadfielj\My Documents\CBIIT Projects\caIntegrator2\caI2 1.1\PerformingAnalysis.fm" id="ADA7C94A2261F0A3" position="6" />
    <PageStyle value="" />
    <Frames />
    <Popups />
  </Split>
  <Split groupID="812E41A45F1062D0" documentID="ADA7C94A2261F0A3" id="1084273" position="3" documentstartposition="18" documentendposition="26" title="Creating Kaplan-Meier Plots">
    <Group name="caIntegrator2" id="812E41A45F1062D0" position="1" />
    <Document path="C:\Documents and Settings\hadfielj\My Documents\CBIIT Projects\caIntegrator2\caI2 1.1\PerformingAnalysis.fm" id="ADA7C94A2261F0A3" position="6" />
    <PageStyle value="" />
    <Frames />
    <Popups />
  </Split>
  <Split groupID="812E41A45F1062D0" documentID="ADA7C94A2261F0A3" id="1073490" position="4" documentstartposition="27" documentendposition="45" title="K-M Plot for Annotations">
    <Group name="caIntegrator2" id="812E41A45F1062D0" position="1" />
    <Document path="C:\Documents and Settings\hadfielj\My Documents\CBIIT Projects\caIntegrator2\caI2 1.1\PerformingAnalysis.fm" id="ADA7C94A2261F0A3" position="6" />
    <PageStyle value="" />
    <Frames />
    <Popups />
  </Split>
  <Split groupID="812E41A45F1062D0" documentID="ADA7C94A2261F0A3" id="1080238" position="5" documentstartposition="46" documentendposition="77" title="K-M Plot for Gene Expression">
    <Group name="caIntegrator2" id="812E41A45F1062D0" position="1" />
    <Document path="C:\Documents and Settings\hadfielj\My Documents\CBIIT Projects\caIntegrator2\caI2 1.1\PerformingAnalysis.fm" id="ADA7C94A2261F0A3" position="6" />
    <PageStyle value="" />
    <Frames>
      <Frame position="1" title="caBIO icon">
        <Frame id="1113406" stylename="Default" xmlns="urn:WebWorks-Document-Schema">
          <Attribute name="display" value="inline" />
          <Attribute name="float" value="none" />
          <Attribute name="text-align" value="left" />
          <Attribute name="left" value="0.0" />
          <Attribute name="top" value="0.0" />
          <Attribute name="width" value="28.50624" />
          <Attribute name="height" value="27.73224" />
          <Description>
            <Paragraph>
              <TextRun>
                <Text value="caBIO icon" />
              </TextRun>
            </Paragraph>
          </Description>
          <Facets>
            <Facet type="document">
              <Attribute name="adapter" value="Adobe FrameMaker" />
              <Attribute name="path" value="C:\Documents and Settings\hadfielj\My Documents\ePublisher Pro Projects\caIntegrator2\Data\61DD7DDB65736B3\812E41A45F1062D0\ADA7C94A2261F0A3\PerformingAnalysis.fmwif" />
              <Attribute name="id" value="1113406" />
            </Facet>
          </Facets>
          <Content />
        </Frame>
      </Frame>
      <Frame position="2" title="gene list icon">
        <Frame id="1113434" stylename="Default" xmlns="urn:WebWorks-Document-Schema">
          <Attribute name="display" value="inline" />
          <Attribute name="float" value="none" />
          <Attribute name="text-align" value="left" />
          <Attribute name="left" value="0.0" />
          <Attribute name="top" value="0.0" />
          <Attribute name="width" value="15.75" />
          <Attribute name="height" value="13.5" />
          <Description>
            <Paragraph>
              <TextRun>
                <Text value="gene list icon" />
              </TextRun>
            </Paragraph>
          </Description>
          <Facets>
            <Facet type="document">
              <Attribute name="adapter" value="Adobe FrameMaker" />
              <Attribute name="path" value="C:\Documents and Settings\hadfielj\My Documents\ePublisher Pro Projects\caIntegrator2\Data\61DD7DDB65736B3\812E41A45F1062D0\ADA7C94A2261F0A3\PerformingAnalysis.fmwif" />
              <Attribute name="id" value="1113434" />
            </Facet>
          </Facets>
          <Content />
        </Frame>
      </Frame>
    </Frames>
    <Popups />
  </Split>
  <Split groupID="812E41A45F1062D0" documentID="ADA7C94A2261F0A3" id="1127155" position="6" documentstartposition="78" documentendposition="86" title="KM Plot from Gene Expression Data Display ">
    <Group name="caIntegrator2" id="812E41A45F1062D0" position="1" />
    <Document path="C:\Documents and Settings\hadfielj\My Documents\CBIIT Projects\caIntegrator2\caI2 1.1\PerformingAnalysis.fm" id="ADA7C94A2261F0A3" position="6" />
    <PageStyle value="" />
    <Frames />
    <Popups />
  </Split>
  <Split groupID="812E41A45F1062D0" documentID="ADA7C94A2261F0A3" id="1073776" position="7" documentstartposition="87" documentendposition="99" title="K-M Plot for Queries">
    <Group name="caIntegrator2" id="812E41A45F1062D0" position="1" />
    <Document path="C:\Documents and Settings\hadfielj\My Documents\CBIIT Projects\caIntegrator2\caI2 1.1\PerformingAnalysis.fm" id="ADA7C94A2261F0A3" position="6" />
    <PageStyle value="" />
    <Frames />
    <Popups />
  </Split>
  <Split groupID="812E41A45F1062D0" documentID="ADA7C94A2261F0A3" id="1127209" position="8" documentstartposition="100" documentendposition="108" title="K-M Plot for Queries Display">
    <Group name="caIntegrator2" id="812E41A45F1062D0" position="1" />
    <Document path="C:\Documents and Settings\hadfielj\My Documents\CBIIT Projects\caIntegrator2\caI2 1.1\PerformingAnalysis.fm" id="ADA7C94A2261F0A3" position="6" />
    <PageStyle value="" />
    <Frames />
    <Popups />
  </Split>
  <Split groupID="812E41A45F1062D0" documentID="ADA7C94A2261F0A3" id="1082800" position="9" documentstartposition="109" documentendposition="115" title="Creating Gene Expression Plots">
    <Group name="caIntegrator2" id="812E41A45F1062D0" position="1" />
    <Document path="C:\Documents and Settings\hadfielj\My Documents\CBIIT Projects\caIntegrator2\caI2 1.1\PerformingAnalysis.fm" id="ADA7C94A2261F0A3" position="6" />
    <PageStyle value="" />
    <Frames />
    <Popups />
  </Split>
  <Split groupID="812E41A45F1062D0" documentID="ADA7C94A2261F0A3" id="1084201" position="10" documentstartposition="116" documentendposition="153" title="Gene Expression Value Plot for Annotation">
    <Group name="caIntegrator2" id="812E41A45F1062D0" position="1" />
    <Document path="C:\Documents and Settings\hadfielj\My Documents\CBIIT Projects\caIntegrator2\caI2 1.1\PerformingAnalysis.fm" id="ADA7C94A2261F0A3" position="6" />
    <PageStyle value="" />
    <Frames>
      <Frame position="1" title="caBIO icon">
        <Frame id="1114085" stylename="Default" xmlns="urn:WebWorks-Document-Schema">
          <Attribute name="display" value="inline" />
          <Attribute name="float" value="none" />
          <Attribute name="text-align" value="left" />
          <Attribute name="left" value="0.0" />
          <Attribute name="top" value="0.0" />
          <Attribute name="width" value="28.50624" />
          <Attribute name="height" value="27.73224" />
          <Description>
            <Paragraph>
              <TextRun>
                <Text value="caBIO icon" />
              </TextRun>
            </Paragraph>
          </Description>
          <Facets>
            <Facet type="document">
              <Attribute name="adapter" value="Adobe FrameMaker" />
              <Attribute name="path" value="C:\Documents and Settings\hadfielj\My Documents\ePublisher Pro Projects\caIntegrator2\Data\61DD7DDB65736B3\812E41A45F1062D0\ADA7C94A2261F0A3\PerformingAnalysis.fmwif" />
              <Attribute name="id" value="1114085" />
            </Facet>
          </Facets>
          <Content />
        </Frame>
      </Frame>
      <Frame position="2" title="gene list icon">
        <Frame id="1114113" stylename="Default" xmlns="urn:WebWorks-Document-Schema">
          <Attribute name="display" value="inline" />
          <Attribute name="float" value="none" />
          <Attribute name="text-align" value="left" />
          <Attribute name="left" value="0.0" />
          <Attribute name="top" value="0.0" />
          <Attribute name="width" value="15.75" />
          <Attribute name="height" value="13.5" />
          <Description>
            <Paragraph>
              <TextRun>
                <Text value="gene list icon" />
              </TextRun>
            </Paragraph>
          </Description>
          <Facets>
            <Facet type="document">
              <Attribute name="adapter" value="Adobe FrameMaker" />
              <Attribute name="path" value="C:\Documents and Settings\hadfielj\My Documents\ePublisher Pro Projects\caIntegrator2\Data\61DD7DDB65736B3\812E41A45F1062D0\ADA7C94A2261F0A3\PerformingAnalysis.fmwif" />
              <Attribute name="id" value="1114113" />
            </Facet>
          </Facets>
          <Content />
        </Frame>
      </Frame>
    </Frames>
    <Popups />
  </Split>
  <Split groupID="812E41A45F1062D0" documentID="ADA7C94A2261F0A3" id="1127244" position="11" documentstartposition="154" documentendposition="163" title="Gene Expression Plot for Annotation Display">
    <Group name="caIntegrator2" id="812E41A45F1062D0" position="1" />
    <Document path="C:\Documents and Settings\hadfielj\My Documents\CBIIT Projects\caIntegrator2\caI2 1.1\PerformingAnalysis.fm" id="ADA7C94A2261F0A3" position="6" />
    <PageStyle value="" />
    <Frames />
    <Popups />
  </Split>
  <Split groupID="812E41A45F1062D0" documentID="ADA7C94A2261F0A3" id="1083368" position="12" documentstartposition="164" documentendposition="182" title="Gene Expression Value Plot for Genomic Queries">
    <Group name="caIntegrator2" id="812E41A45F1062D0" position="1" />
    <Document path="C:\Documents and Settings\hadfielj\My Documents\CBIIT Projects\caIntegrator2\caI2 1.1\PerformingAnalysis.fm" id="ADA7C94A2261F0A3" position="6" />
    <PageStyle value="" />
    <Frames />
    <Popups />
  </Split>
  <Split groupID="812E41A45F1062D0" documentID="ADA7C94A2261F0A3" id="1077378" position="13" documentstartposition="183" documentendposition="219" title="Gene Expression Value Plot for Annotation and Saved List Queries">
    <Group name="caIntegrator2" id="812E41A45F1062D0" position="1" />
    <Document path="C:\Documents and Settings\hadfielj\My Documents\CBIIT Projects\caIntegrator2\caI2 1.1\PerformingAnalysis.fm" id="ADA7C94A2261F0A3" position="6" />
    <PageStyle value="" />
    <Frames>
      <Frame position="1" title="caBIO icon">
        <Frame id="1114542" stylename="Default" xmlns="urn:WebWorks-Document-Schema">
          <Attribute name="display" value="inline" />
          <Attribute name="float" value="none" />
          <Attribute name="text-align" value="left" />
          <Attribute name="left" value="0.0" />
          <Attribute name="top" value="0.0" />
          <Attribute name="width" value="28.50624" />
          <Attribute name="height" value="27.73224" />
          <Description>
            <Paragraph>
              <TextRun>
                <Text value="caBIO icon" />
              </TextRun>
            </Paragraph>
          </Description>
          <Facets>
            <Facet type="document">
              <Attribute name="adapter" value="Adobe FrameMaker" />
              <Attribute name="path" value="C:\Documents and Settings\hadfielj\My Documents\ePublisher Pro Projects\caIntegrator2\Data\61DD7DDB65736B3\812E41A45F1062D0\ADA7C94A2261F0A3\PerformingAnalysis.fmwif" />
              <Attribute name="id" value="1114542" />
            </Facet>
          </Facets>
          <Content />
        </Frame>
      </Frame>
      <Frame position="2" title="gene list icon">
        <Frame id="1114568" stylename="Default" xmlns="urn:WebWorks-Document-Schema">
          <Attribute name="display" value="inline" />
          <Attribute name="float" value="none" />
          <Attribute name="text-align" value="left" />
          <Attribute name="left" value="0.0" />
          <Attribute name="top" value="0.0" />
          <Attribute name="width" value="15.75" />
          <Attribute name="height" value="13.5" />
          <Description>
            <Paragraph>
              <TextRun>
                <Text value="gene list icon" />
              </TextRun>
            </Paragraph>
          </Description>
          <Facets>
            <Facet type="document">
              <Attribute name="adapter" value="Adobe FrameMaker" />
              <Attribute name="path" value="C:\Documents and Settings\hadfielj\My Documents\ePublisher Pro Projects\caIntegrator2\Data\61DD7DDB65736B3\812E41A45F1062D0\ADA7C94A2261F0A3\PerformingAnalysis.fmwif" />
              <Attribute name="id" value="1114568" />
            </Facet>
          </Facets>
          <Content />
        </Frame>
      </Frame>
    </Frames>
    <Popups />
  </Split>
  <Split groupID="812E41A45F1062D0" documentID="ADA7C94A2261F0A3" id="1127298" position="14" documentstartposition="220" documentendposition="229" title="Gene Expression Plot for Saved Queries Display">
    <Group name="caIntegrator2" id="812E41A45F1062D0" position="1" />
    <Document path="C:\Documents and Settings\hadfielj\My Documents\CBIIT Projects\caIntegrator2\caI2 1.1\PerformingAnalysis.fm" id="ADA7C94A2261F0A3" position="6" />
    <PageStyle value="" />
    <Frames />
    <Popups />
  </Split>
  <Split groupID="812E41A45F1062D0" documentID="ADA7C94A2261F0A3" id="1088652" position="15" documentstartposition="230" documentendposition="248" title="Understanding a Gene Expression Plot">
    <Group name="caIntegrator2" id="812E41A45F1062D0" position="1" />
    <Document path="C:\Documents and Settings\hadfielj\My Documents\CBIIT Projects\caIntegrator2\caI2 1.1\PerformingAnalysis.fm" id="ADA7C94A2261F0A3" position="6" />
    <PageStyle value="" />
    <Frames>
      <Frame position="1" title="screen shot of a gene expression plot calculating the mean of the data">
        <Frame id="1088670" stylename="Default" xmlns="urn:WebWorks-Document-Schema">
          <Attribute name="display" value="block" />
          <Attribute name="float" value="none" />
          <Attribute name="text-align" value="left" />
          <Attribute name="left" value="0.0" />
          <Attribute name="top" value="0.0" />
          <Attribute name="width" value="211.41504" />
          <Attribute name="height" value="264.00024" />
          <Description>
            <Paragraph>
              <TextRun>
                <Text value="screen shot of a gene expression plot calculating the mean of the data" />
              </TextRun>
            </Paragraph>
          </Description>
          <Facets>
            <Facet type="document">
              <Attribute name="adapter" value="Adobe FrameMaker" />
              <Attribute name="path" value="C:\Documents and Settings\hadfielj\My Documents\ePublisher Pro Projects\caIntegrator2\Data\61DD7DDB65736B3\812E41A45F1062D0\ADA7C94A2261F0A3\PerformingAnalysis.fmwif" />
              <Attribute name="id" value="1088670" />
            </Facet>
          </Facets>
          <Content>
            <Frame id="1092558">
              <Attribute name="left" value="3.94776" />
              <Attribute name="top" value="10.36512" />
              <Attribute name="width" value="203.51952" />
              <Attribute name="height" value="251.51976" />
              <Facets>
                <Facet type="by-reference">
                  <Attribute name="path" value="C:\Documents and Settings\hadfielj\My Documents\CBIIT Projects\caIntegrator2\caI2 1.1\caI2 images\plot type mean.gif" />
                </Facet>
              </Facets>
            </Frame>
          </Content>
        </Frame>
      </Frame>
      <Frame position="2" title="screen shot of a gene expression plot calculating the median of the data">
        <Frame id="1088793" stylename="Default" xmlns="urn:WebWorks-Document-Schema">
          <Attribute name="display" value="block" />
          <Attribute name="float" value="none" />
          <Attribute name="text-align" value="left" />
          <Attribute name="left" value="0.0" />
          <Attribute name="top" value="0.0" />
          <Attribute name="width" value="214.41528" />
          <Attribute name="height" value="272.25072" />
          <Description>
            <Paragraph>
              <TextRun>
                <Text value="screen shot of a gene expression plot calculating the median of the data" />
              </TextRun>
            </Paragraph>
          </Description>
          <Facets>
            <Facet type="document">
              <Attribute name="adapter" value="Adobe FrameMaker" />
              <Attribute name="path" value="C:\Documents and Settings\hadfielj\My Documents\ePublisher Pro Projects\caIntegrator2\Data\61DD7DDB65736B3\812E41A45F1062D0\ADA7C94A2261F0A3\PerformingAnalysis.fmwif" />
              <Attribute name="id" value="1088793" />
            </Facet>
          </Facets>
          <Content>
            <Frame id="1088910">
              <Attribute name="left" value="1.90872" />
              <Attribute name="top" value="6.30072" />
              <Attribute name="width" value="207.54216" />
              <Attribute name="height" value="261.89928" />
              <Facets>
                <Facet type="by-reference">
                  <Attribute name="path" value="C:\Documents and Settings\hadfielj\My Documents\CBIIT Projects\caIntegrator2\caI2 1.1\caI2 images\plot type median.gif" />
                </Facet>
              </Facets>
            </Frame>
          </Content>
        </Frame>
      </Frame>
      <Frame position="3" title="screen shot of a gene expression plot calculating the log2 intensity values of the data">
        <Frame id="1088850" stylename="Default" xmlns="urn:WebWorks-Document-Schema">
          <Attribute name="display" value="block" />
          <Attribute name="float" value="none" />
          <Attribute name="text-align" value="left" />
          <Attribute name="left" value="0.0" />
          <Attribute name="top" value="0.0" />
          <Attribute name="width" value="212.16528" />
          <Attribute name="height" value="264.75048" />
          <Description>
            <Paragraph>
              <TextRun>
                <Text value="screen shot of a gene expression plot calculating the log2 intensity values of the data" />
              </TextRun>
            </Paragraph>
          </Description>
          <Facets>
            <Facet type="document">
              <Attribute name="adapter" value="Adobe FrameMaker" />
              <Attribute name="path" value="C:\Documents and Settings\hadfielj\My Documents\ePublisher Pro Projects\caIntegrator2\Data\61DD7DDB65736B3\812E41A45F1062D0\ADA7C94A2261F0A3\PerformingAnalysis.fmwif" />
              <Attribute name="id" value="1088850" />
            </Facet>
          </Facets>
          <Content>
            <Frame id="1088876">
              <Attribute name="left" value="3.708" />
              <Attribute name="top" value="7.75008" />
              <Attribute name="width" value="203.99976" />
              <Attribute name="height" value="252" />
              <Facets>
                <Facet type="by-reference">
                  <Attribute name="path" value="C:\Documents and Settings\hadfielj\My Documents\CBIIT Projects\caIntegrator2\caI2 1.1\caI2 images\plot type log2 intensity.gif" />
                </Facet>
              </Facets>
            </Frame>
          </Content>
        </Frame>
      </Frame>
      <Frame position="4" title="screen shot of a gene expression plot using box and whisker data display parameters">
        <Frame id="1089190" stylename="Default" xmlns="urn:WebWorks-Document-Schema">
          <Attribute name="display" value="block" />
          <Attribute name="float" value="none" />
          <Attribute name="text-align" value="left" />
          <Attribute name="left" value="0.0" />
          <Attribute name="top" value="0.0" />
          <Attribute name="width" value="212.16528" />
          <Attribute name="height" value="261.00072" />
          <Description>
            <Paragraph>
              <TextRun>
                <Text value="screen shot of a gene expression plot using box and whisker data display parameters" />
              </TextRun>
            </Paragraph>
          </Description>
          <Facets>
            <Facet type="document">
              <Attribute name="adapter" value="Adobe FrameMaker" />
              <Attribute name="path" value="C:\Documents and Settings\hadfielj\My Documents\ePublisher Pro Projects\caIntegrator2\Data\61DD7DDB65736B3\812E41A45F1062D0\ADA7C94A2261F0A3\PerformingAnalysis.fmwif" />
              <Attribute name="id" value="1089190" />
            </Facet>
          </Facets>
          <Content>
            <Frame id="1089198">
              <Attribute name="left" value="4.18824" />
              <Attribute name="top" value="5.28552" />
              <Attribute name="width" value="203.03928" />
              <Attribute name="height" value="247.67928" />
              <Facets>
                <Facet type="by-reference">
                  <Attribute name="path" value="C:\Documents and Settings\hadfielj\My Documents\CBIIT Projects\caIntegrator2\caI2 1.1\caI2 images\plot type box and whisker.gif" />
                </Facet>
              </Facets>
            </Frame>
          </Content>
        </Frame>
      </Frame>
      <Frame position="5" title="screen shot of a gene expression box and whisker plot showing outliers">
        <Frame id="1091406" stylename="Default" xmlns="urn:WebWorks-Document-Schema">
          <Attribute name="display" value="block" />
          <Attribute name="float" value="none" />
          <Attribute name="text-align" value="left" />
          <Attribute name="left" value="0.0" />
          <Attribute name="top" value="0.0" />
          <Attribute name="width" value="244.41552" />
          <Attribute name="height" value="306.00072" />
          <Description>
            <Paragraph>
              <TextRun>
                <Text value="screen shot of a gene expression box and whisker plot showing outliers" />
              </TextRun>
            </Paragraph>
          </Description>
          <Facets>
            <Facet type="document">
              <Attribute name="adapter" value="Adobe FrameMaker" />
              <Attribute name="path" value="C:\Documents and Settings\hadfielj\My Documents\ePublisher Pro Projects\caIntegrator2\Data\61DD7DDB65736B3\812E41A45F1062D0\ADA7C94A2261F0A3\PerformingAnalysis.fmwif" />
              <Attribute name="id" value="1091406" />
            </Facet>
          </Facets>
          <Content>
            <Frame id="1091410">
              <Attribute name="left" value="1.90872" />
              <Attribute name="top" value="6.8652" />
              <Attribute name="width" value="237.66696" />
              <Attribute name="height" value="296.51904" />
              <Facets>
                <Facet type="by-reference">
                  <Attribute name="path" value="C:\Documents and Settings\hadfielj\My Documents\CBIIT Projects\caIntegrator2\caI2 1.1\caI2 images\box and whisker w coins.gif" />
                </Facet>
              </Facets>
            </Frame>
          </Content>
        </Frame>
      </Frame>
    </Frames>
    <Popups />
  </Split>
  <Split groupID="812E41A45F1062D0" documentID="ADA7C94A2261F0A3" id="1077363" position="16" documentstartposition="249" documentendposition="265" title="Analyzing Data with GenePattern">
    <Group name="caIntegrator2" id="812E41A45F1062D0" position="1" />
    <Document path="C:\Documents and Settings\hadfielj\My Documents\CBIIT Projects\caIntegrator2\caI2 1.1\PerformingAnalysis.fm" id="ADA7C94A2261F0A3" position="6" />
    <PageStyle value="" />
    <Frames />
    <Popups />
  </Split>
  <Split groupID="812E41A45F1062D0" documentID="ADA7C94A2261F0A3" id="1084841" position="17" documentstartposition="266" documentendposition="294" title="GenePattern Modules">
    <Group name="caIntegrator2" id="812E41A45F1062D0" position="1" />
    <Document path="C:\Documents and Settings\hadfielj\My Documents\CBIIT Projects\caIntegrator2\caI2 1.1\PerformingAnalysis.fm" id="ADA7C94A2261F0A3" position="6" />
    <PageStyle value="" />
    <Frames />
    <Popups />
  </Split>
  <Split groupID="812E41A45F1062D0" documentID="ADA7C94A2261F0A3" id="1084490" position="18" documentstartposition="295" documentendposition="312" title="Comparative Marker Selection (CMS) Analysis">
    <Group name="caIntegrator2" id="812E41A45F1062D0" position="1" />
    <Document path="C:\Documents and Settings\hadfielj\My Documents\CBIIT Projects\caIntegrator2\caI2 1.1\PerformingAnalysis.fm" id="ADA7C94A2261F0A3" position="6" />
    <PageStyle value="" />
    <Frames />
    <Popups />
  </Split>
  <Split groupID="812E41A45F1062D0" documentID="ADA7C94A2261F0A3" id="1084723" position="19" documentstartposition="313" documentendposition="331" title="Principal Component Analysis (PCA)">
    <Group name="caIntegrator2" id="812E41A45F1062D0" position="1" />
    <Document path="C:\Documents and Settings\hadfielj\My Documents\CBIIT Projects\caIntegrator2\caI2 1.1\PerformingAnalysis.fm" id="ADA7C94A2261F0A3" position="6" />
    <PageStyle value="" />
    <Frames />
    <Popups />
  </Split>
  <Split groupID="812E41A45F1062D0" documentID="ADA7C94A2261F0A3" id="1084744" position="20" documentstartposition="332" documentendposition="348" title="GISTIC-Supported Analysis">
    <Group name="caIntegrator2" id="812E41A45F1062D0" position="1" />
    <Document path="C:\Documents and Settings\hadfielj\My Documents\CBIIT Projects\caIntegrator2\caI2 1.1\PerformingAnalysis.fm" id="ADA7C94A2261F0A3" position="6" />
    <PageStyle value="" />
    <Frames />
    <Popups />
  </Split>
</Splits>