<?xml version="1.0" encoding="utf-8"?>
<SplitPriorities version="1.0" xmlns="urn:WebWorks-Engine-Splits-Schema">
  <SplitPriority id="1070912" documentposition="3" splitpriority="1" outputposition="1" />
  <SplitPriority id="1120890" documentposition="10" splitpriority="2" outputposition="8" />
  <SplitPriority id="1084273" documentposition="18" splitpriority="2" outputposition="16" />
  <SplitPriority id="1073490" documentposition="27" splitpriority="3" outputposition="25" />
  <SplitPriority id="1080238" documentposition="46" splitpriority="3" outputposition="42" />
  <SplitPriority id="1122902" documentposition="78" splitpriority="4" outputposition="71" />
  <SplitPriority id="1073776" documentposition="88" splitpriority="3" outputposition="80" />
  <SplitPriority id="1122956" documentposition="101" splitpriority="4" outputposition="92" />
  <SplitPriority id="1082800" documentposition="110" splitpriority="2" outputposition="100" />
  <SplitPriority id="1084201" documentposition="117" splitpriority="3" outputposition="107" />
  <SplitPriority id="1122991" documentposition="155" splitpriority="4" outputposition="142" />
  <SplitPriority id="1083368" documentposition="165" splitpriority="3" outputposition="151" />
  <SplitPriority id="1077378" documentposition="184" splitpriority="3" outputposition="168" />
  <SplitPriority id="1123045" documentposition="223" splitpriority="4" outputposition="204" />
  <SplitPriority id="1088652" documentposition="233" splitpriority="3" outputposition="213" />
  <SplitPriority id="1077363" documentposition="252" splitpriority="2" outputposition="227" />
  <SplitPriority id="1084841" documentposition="269" splitpriority="3" outputposition="243" />
  <SplitPriority id="1084490" documentposition="298" splitpriority="3" outputposition="269" />
  <SplitPriority id="1084723" documentposition="316" splitpriority="3" outputposition="285" />
  <SplitPriority id="1084744" documentposition="335" splitpriority="3" outputposition="302" />
</SplitPriorities>