<?xml version="1.0" encoding="utf-8"?>
<Behaviors version="1.0" xmlns="urn:WebWorks-Behaviors-Schema">
  <Split id="1070912" documentposition="3">
    <Paragraph id="1070912" documentposition="3" splitpriority="1" />
    <Paragraph id="1073214" documentposition="4" splitpriority="2" />
    <Paragraph id="1073215" documentposition="5" splitpriority="none" />
    <Paragraph id="1073216" documentposition="6" splitpriority="none" />
    <Paragraph id="1073217" documentposition="7" splitpriority="none" />
    <Paragraph id="1073222" documentposition="8" splitpriority="none" />
    <Paragraph id="1073223" documentposition="9" splitpriority="none" />
  </Split>
  <Split id="1073225" documentposition="10">
    <Paragraph id="1073225" documentposition="10" splitpriority="2" />
    <Paragraph id="1073226" documentposition="11" splitpriority="none" />
    <Paragraph id="1073227" documentposition="12" splitpriority="none" />
    <Paragraph id="1073228" documentposition="13" splitpriority="none" />
    <Paragraph id="1073229" documentposition="14" splitpriority="none" />
    <Paragraph id="1073230" documentposition="15" splitpriority="none" />
  </Split>
  <Split id="1073232" documentposition="16">
    <Paragraph id="1073232" documentposition="16" splitpriority="2" />
    <Paragraph id="1073233" documentposition="17" splitpriority="none" />
    <Paragraph id="1073234" documentposition="18" splitpriority="none" />
    <Paragraph id="1073235" documentposition="19" splitpriority="none" />
    <Paragraph id="1073236" documentposition="20" splitpriority="none" />
    <Paragraph id="1073237" documentposition="21" splitpriority="none" />
    <Paragraph id="1073238" documentposition="22" splitpriority="none" />
    <Paragraph id="1073239" documentposition="23" splitpriority="none" />
    <Paragraph id="1073240" documentposition="24" splitpriority="none" />
  </Split>
  <Split id="1073242" documentposition="25">
    <Paragraph id="1073242" documentposition="25" splitpriority="2" />
    <Paragraph id="1073243" documentposition="26" splitpriority="none" />
    <Paragraph id="1073244" documentposition="27" splitpriority="none" />
    <Paragraph id="1073245" documentposition="28" splitpriority="none" />
    <Paragraph id="1073246" documentposition="29" splitpriority="none" />
    <Paragraph id="1073247" documentposition="30" splitpriority="none" />
    <Paragraph id="1073248" documentposition="31" splitpriority="none" />
    <Paragraph id="1073249" documentposition="32" splitpriority="none" />
    <Paragraph id="1073250" documentposition="33" splitpriority="none" />
  </Split>
  <Split id="1073252" documentposition="34">
    <Paragraph id="1073252" documentposition="34" splitpriority="2" />
    <Paragraph id="1073253" documentposition="35" splitpriority="none" />
    <Paragraph id="1073254" documentposition="36" splitpriority="none" />
    <Paragraph id="1073255" documentposition="37" splitpriority="none" />
    <Paragraph id="1073256" documentposition="38" splitpriority="none" />
    <Paragraph id="1073257" documentposition="39" splitpriority="none" />
    <Paragraph id="1073258" documentposition="40" splitpriority="none" />
    <Paragraph id="1073259" documentposition="41" splitpriority="none" />
    <Paragraph id="1073260" documentposition="42" splitpriority="none" />
    <Paragraph id="1073261" documentposition="43" splitpriority="none" />
    <Paragraph id="1073262" documentposition="44" splitpriority="none" />
  </Split>
  <Split id="1073264" documentposition="45">
    <Paragraph id="1073264" documentposition="45" splitpriority="2" />
    <Paragraph id="1073265" documentposition="46" splitpriority="none" />
    <Paragraph id="1073266" documentposition="47" splitpriority="none" />
    <Paragraph id="1073267" documentposition="48" splitpriority="none" />
    <Paragraph id="1073268" documentposition="49" splitpriority="none" />
    <Paragraph id="1073269" documentposition="50" splitpriority="none" />
    <Paragraph id="1073270" documentposition="51" splitpriority="none" />
    <Paragraph id="1073271" documentposition="52" splitpriority="none" />
    <Paragraph id="1073169" documentposition="53" splitpriority="none" />
  </Split>
</Behaviors>