<?xml version="1.0" encoding="utf-8"?>
<Behaviors version="1.0" xmlns="urn:WebWorks-Behaviors-Schema">
  <Split id="1070912" documentposition="3">
    <Paragraph id="1070912" documentposition="3" splitpriority="1" dropdown="continue" popup="none" popup-page-rule="" />
    <Paragraph id="1073213" documentposition="4" splitpriority="none" dropdown="continue" popup="none" popup-page-rule="" />
    <Paragraph id="1073214" documentposition="5" splitpriority="none" dropdown="continue" popup="none" popup-page-rule="" />
    <Paragraph id="1077386" documentposition="6" splitpriority="none" dropdown="continue" popup="none" popup-page-rule="" />
    <Paragraph id="1098882" documentposition="7" splitpriority="none" dropdown="continue" popup="none" popup-page-rule="" />
    <Paragraph id="1077391" documentposition="8" splitpriority="none" popup="none" popup-page-rule="" dropdown="end" />
  </Split>
  <Split id="1074226" documentposition="9">
    <Paragraph id="1074226" documentposition="9" splitpriority="2" dropdown="continue" popup="none" popup-page-rule="" />
    <Paragraph id="1077420" documentposition="10" splitpriority="none" dropdown="continue" popup="none" popup-page-rule="" />
    <Paragraph id="1076900" documentposition="11" splitpriority="none" dropdown="continue" popup="none" popup-page-rule="" />
    <Paragraph id="1076905" documentposition="12" splitpriority="none" dropdown="continue" popup="none" popup-page-rule="" />
    <Paragraph id="1076933" documentposition="13" splitpriority="none" dropdown="continue" popup="none" popup-page-rule="" />
    <Paragraph id="1076934" documentposition="14" splitpriority="none" dropdown="continue" popup="none" popup-page-rule="" />
    <Paragraph id="1095346" documentposition="15" splitpriority="none" dropdown="continue" popup="none" popup-page-rule="" />
    <Paragraph id="1076938" documentposition="16" splitpriority="none" dropdown="continue" popup="none" popup-page-rule="" />
    <Paragraph id="1076939" documentposition="17" splitpriority="none" dropdown="continue" popup="none" popup-page-rule="" />
    <Paragraph id="1077007" documentposition="18" splitpriority="none" dropdown="continue" popup="none" popup-page-rule="" />
    <Paragraph id="1077033" documentposition="19" splitpriority="none" dropdown="continue" popup="none" popup-page-rule="" />
    <Paragraph id="1077034" documentposition="20" splitpriority="none" dropdown="continue" popup="none" popup-page-rule="" />
    <Paragraph id="1077013" documentposition="21" splitpriority="none" dropdown="continue" popup="none" popup-page-rule="" />
    <Paragraph id="1077023" documentposition="22" splitpriority="none" dropdown="continue" popup="none" popup-page-rule="" />
    <Paragraph id="1077028" documentposition="23" splitpriority="none" dropdown="continue" popup="none" popup-page-rule="" />
    <Paragraph id="1077032" documentposition="24" splitpriority="none" dropdown="continue" popup="none" popup-page-rule="" />
    <Paragraph id="1104990" documentposition="25" splitpriority="none" relatedtopic="define-no-output" dropdown="continue" popup="none" popup-page-rule="" />
    <Paragraph id="1104994" documentposition="26" splitpriority="none" relatedtopic="define-no-output" popup="none" popup-page-rule="" dropdown="end" />
  </Split>
  <Split id="1074305" documentposition="27">
    <Paragraph id="1074305" documentposition="27" splitpriority="2" dropdown="continue" popup="none" popup-page-rule="">
      <Marker behavior="topic" id="1081613">
        <Marker id="1081613" name="TopicAlias" xmlns="urn:WebWorks-Document-Schema">
          <TextRun id="tr1081613-1">
            <Text value="search_criteria_help" />
          </TextRun>
        </Marker>
      </Marker>
    </Paragraph>
    <Paragraph id="1073200" documentposition="28" splitpriority="none" dropdown="continue" popup="none" popup-page-rule="" />
    <Paragraph id="1073264" documentposition="29" splitpriority="none" dropdown="continue" popup="none" popup-page-rule="" />
    <Paragraph id="1074371" documentposition="31" splitpriority="none" dropdown="continue" popup="none" popup-page-rule="" />
    <Paragraph id="1094022" documentposition="33" splitpriority="none" dropdown="continue" popup="none" popup-page-rule="" />
    <Paragraph id="1076800" documentposition="34" splitpriority="none" dropdown="continue" popup="none" popup-page-rule="" />
    <Paragraph id="1076801" documentposition="35" splitpriority="none" dropdown="continue" popup="none" popup-page-rule="" />
    <Paragraph id="1076802" documentposition="36" splitpriority="none" dropdown="continue" popup="none" popup-page-rule="" />
    <Paragraph id="1074378" documentposition="37" splitpriority="none" dropdown="continue" popup="none" popup-page-rule="" />
    <Paragraph id="1082662" documentposition="38" splitpriority="none" dropdown="continue" popup="none" popup-page-rule="" />
    <Paragraph id="1082682" documentposition="39" splitpriority="none" dropdown="continue" popup="none" popup-page-rule="" />
    <Paragraph id="1082697" documentposition="40" splitpriority="none" dropdown="continue" popup="none" popup-page-rule="" />
    <Paragraph id="1093881" documentposition="41" splitpriority="none" dropdown="continue" popup="none" popup-page-rule="" />
    <Paragraph id="1083129" documentposition="42" splitpriority="none" dropdown="continue" popup="none" popup-page-rule="" />
    <Paragraph id="1083130" documentposition="43" splitpriority="none" dropdown="continue" popup="none" popup-page-rule="" />
    <Paragraph id="1083131" documentposition="44" splitpriority="none" dropdown="continue" popup="none" popup-page-rule="" />
    <Paragraph id="1083132" documentposition="45" splitpriority="none" dropdown="continue" popup="none" popup-page-rule="" />
    <Paragraph id="1083133" documentposition="46" splitpriority="none" dropdown="continue" popup="none" popup-page-rule="" />
    <Paragraph id="1083134" documentposition="47" splitpriority="none" dropdown="continue" popup="none" popup-page-rule="" />
    <Paragraph id="1083144" documentposition="48" splitpriority="none" dropdown="continue" popup="none" popup-page-rule="" />
    <Paragraph id="1083146" documentposition="49" splitpriority="none" dropdown="continue" popup="none" popup-page-rule="" />
    <Paragraph id="1083150" documentposition="50" splitpriority="none" dropdown="continue" popup="none" popup-page-rule="" />
    <Paragraph id="1105002" documentposition="51" splitpriority="none" relatedtopic="define-no-output" dropdown="continue" popup="none" popup-page-rule="" />
    <Paragraph id="1105006" documentposition="52" splitpriority="none" relatedtopic="define-no-output" dropdown="continue" popup="none" popup-page-rule="" />
    <Paragraph id="1105010" documentposition="53" splitpriority="none" relatedtopic="define-no-output" popup="none" popup-page-rule="" dropdown="end" />
  </Split>
  <Split id="1094071" documentposition="54">
    <Paragraph id="1094071" documentposition="54" splitpriority="3" dropdown="continue" popup="none" popup-page-rule="" />
    <Paragraph id="1094072" documentposition="55" splitpriority="none" dropdown="continue" popup="none" popup-page-rule="" />
    <Paragraph id="1094074" documentposition="56" splitpriority="none" dropdown="continue" popup="none" popup-page-rule="" />
    <Paragraph id="1093966" documentposition="58" splitpriority="none" dropdown="continue" popup="none" popup-page-rule="" />
    <Paragraph id="1092653" documentposition="59" splitpriority="none" dropdown="continue" popup="none" popup-page-rule="" />
    <Paragraph id="1092638" documentposition="60" splitpriority="none" dropdown="continue" popup="none" popup-page-rule="" />
    <Paragraph id="1074474" documentposition="62" splitpriority="none" dropdown="continue" popup="none" popup-page-rule="" />
    <Paragraph id="1077043" documentposition="63" splitpriority="none" dropdown="continue" popup="none" popup-page-rule="" />
    <Paragraph id="1077059" documentposition="64" splitpriority="none" dropdown="continue" popup="none" popup-page-rule="" />
    <Paragraph id="1083210" documentposition="66" splitpriority="none" dropdown="continue" popup="none" popup-page-rule="" />
    <Paragraph id="1083217" documentposition="67" splitpriority="none" popup="none" popup-page-rule="" dropdown="end" />
  </Split>
  <Split id="1083219" documentposition="68">
    <Paragraph id="1083219" documentposition="68" splitpriority="3" dropdown="continue" popup="none" popup-page-rule="" />
    <Paragraph id="1076346" documentposition="69" splitpriority="none" dropdown="continue" popup="none" popup-page-rule="" />
    <Paragraph id="1081653" documentposition="70" splitpriority="none" dropdown="continue" popup="none" popup-page-rule="" />
    <Paragraph id="1091133" documentposition="71" splitpriority="none" dropdown="continue" popup="none" popup-page-rule="" />
    <Paragraph id="1090463" documentposition="72" splitpriority="none" dropdown="continue" popup="none" popup-page-rule="" />
    <Paragraph id="1078286" documentposition="73" splitpriority="none" dropdown="continue" popup="none" popup-page-rule="" />
    <Paragraph id="1083277" documentposition="74" splitpriority="none" dropdown="continue" popup="none" popup-page-rule="" />
    <Paragraph id="1083308" documentposition="75" splitpriority="none" dropdown="continue" popup="none" popup-page-rule="" />
    <Paragraph id="1083411" documentposition="77" splitpriority="none" dropdown="continue" popup="none" popup-page-rule="" />
    <Paragraph id="1083436" documentposition="78" splitpriority="none" dropdown="continue" popup="none" popup-page-rule="" />
    <Paragraph id="1083452" documentposition="79" splitpriority="none" dropdown="continue" popup="none" popup-page-rule="" />
    <Paragraph id="1087109" documentposition="80" splitpriority="none" dropdown="continue" popup="none" popup-page-rule="" />
    <Paragraph id="1087129" documentposition="81" splitpriority="none" dropdown="continue" popup="none" popup-page-rule="" />
    <Paragraph id="1087130" documentposition="82" splitpriority="none" dropdown="continue" popup="none" popup-page-rule="" />
    <Paragraph id="1087137" documentposition="83" splitpriority="none" dropdown="continue" popup="none" popup-page-rule="" />
    <Paragraph id="1092450" documentposition="84" splitpriority="none" dropdown="continue" popup="none" popup-page-rule="" />
    <Paragraph id="1098997" documentposition="85" splitpriority="none" popup="none" popup-page-rule="" dropdown="end" />
  </Split>
  <Split id="1093877" documentposition="86">
    <Paragraph id="1093877" documentposition="86" splitpriority="3" dropdown="continue" popup="none" popup-page-rule="" />
    <Paragraph id="1095835" documentposition="87" splitpriority="none" dropdown="continue" popup="none" popup-page-rule="" />
    <Paragraph id="1095978" documentposition="88" splitpriority="none" dropdown="continue" popup="none" popup-page-rule="" />
    <Paragraph id="1094493" documentposition="89" splitpriority="none" dropdown="continue" popup="none" popup-page-rule="" />
    <Paragraph id="1094494" documentposition="90" splitpriority="none" dropdown="continue" popup="none" popup-page-rule="" />
    <Paragraph id="1094495" documentposition="91" splitpriority="none" dropdown="continue" popup="none" popup-page-rule="" />
    <Paragraph id="1094496" documentposition="92" splitpriority="none" dropdown="continue" popup="none" popup-page-rule="" />
    <Paragraph id="1094503" documentposition="93" splitpriority="none" dropdown="continue" popup="none" popup-page-rule="" />
    <Paragraph id="1094546" documentposition="94" splitpriority="none" dropdown="continue" popup="none" popup-page-rule="" />
    <Paragraph id="1094706" documentposition="96" splitpriority="none" dropdown="continue" popup="none" popup-page-rule="" />
    <Paragraph id="1095780" documentposition="97" splitpriority="none" dropdown="continue" popup="none" popup-page-rule="" />
    <Paragraph id="1094710" documentposition="98" splitpriority="none" dropdown="continue" popup="none" popup-page-rule="" />
    <Paragraph id="1094731" documentposition="99" splitpriority="none" dropdown="continue" popup="none" popup-page-rule="" />
    <Paragraph id="1094739" documentposition="100" splitpriority="none" dropdown="continue" popup="none" popup-page-rule="" />
    <Paragraph id="1094747" documentposition="101" splitpriority="none" dropdown="continue" popup="none" popup-page-rule="" />
    <Paragraph id="1094812" documentposition="102" splitpriority="none" dropdown="continue" popup="none" popup-page-rule="" />
    <Paragraph id="1096046" documentposition="103" splitpriority="none" dropdown="continue" popup="none" popup-page-rule="" />
    <Paragraph id="1096074" documentposition="105" splitpriority="none" dropdown="continue" popup="none" popup-page-rule="" />
    <Paragraph id="1099021" documentposition="106" splitpriority="none" popup="none" popup-page-rule="" dropdown="end" />
  </Split>
  <Split id="1094688" documentposition="107">
    <Paragraph id="1094688" documentposition="107" splitpriority="3" dropdown="continue" popup="none" popup-page-rule="" />
    <Paragraph id="1094287" documentposition="108" splitpriority="none" dropdown="continue" popup="none" popup-page-rule="" />
    <Paragraph id="1094292" documentposition="109" splitpriority="none" dropdown="continue" popup="none" popup-page-rule="" />
    <Paragraph id="1094296" documentposition="110" splitpriority="none" dropdown="continue" popup="none" popup-page-rule="">
      <Frame id="1094294">
        <Paragraph id="" dropdown="continue" popup="none" popup-page-rule="" />
      </Frame>
    </Paragraph>
    <Paragraph id="1094297" documentposition="111" splitpriority="none" dropdown="continue" popup="none" popup-page-rule="" />
    <Paragraph id="1094298" documentposition="112" splitpriority="none" dropdown="continue" popup="none" popup-page-rule="" />
    <Paragraph id="1094299" documentposition="113" splitpriority="none" dropdown="continue" popup="none" popup-page-rule="" />
    <Paragraph id="1094300" documentposition="114" splitpriority="none" dropdown="continue" popup="none" popup-page-rule="" />
    <Paragraph id="1094301" documentposition="115" splitpriority="none" dropdown="continue" popup="none" popup-page-rule="" />
    <Paragraph id="1094302" documentposition="116" splitpriority="none" dropdown="continue" popup="none" popup-page-rule="" />
    <Paragraph id="1094303" documentposition="117" splitpriority="none" dropdown="continue" popup="none" popup-page-rule="" />
    <Paragraph id="1094304" documentposition="118" splitpriority="none" dropdown="continue" popup="none" popup-page-rule="" />
    <Paragraph id="1094305" documentposition="119" splitpriority="none" dropdown="continue" popup="none" popup-page-rule="" />
    <Paragraph id="1094313" documentposition="121" splitpriority="none" dropdown="continue" popup="none" popup-page-rule="" />
    <Paragraph id="1094314" documentposition="122" splitpriority="none" dropdown="continue" popup="none" popup-page-rule="" />
    <Paragraph id="1094322" documentposition="124" splitpriority="none" dropdown="continue" popup="none" popup-page-rule="" />
    <Paragraph id="1094327" documentposition="125" splitpriority="none" dropdown="continue" popup="none" popup-page-rule="">
      <Frame id="1094325">
        <Paragraph id="" dropdown="continue" popup="none" popup-page-rule="" />
      </Frame>
    </Paragraph>
    <Paragraph id="1096354" documentposition="126" splitpriority="none" dropdown="continue" popup="none" popup-page-rule="" />
    <Paragraph id="1096352" documentposition="127" splitpriority="none" dropdown="continue" popup="none" popup-page-rule="" />
    <Paragraph id="1094331" documentposition="128" splitpriority="none" dropdown="continue" popup="none" popup-page-rule="" />
    <Paragraph id="1094332" documentposition="129" splitpriority="none" dropdown="continue" popup="none" popup-page-rule="" />
    <Paragraph id="1094333" documentposition="130" splitpriority="none" popup="none" popup-page-rule="" dropdown="end" />
  </Split>
  <Split id="1094276" documentposition="131">
    <Paragraph id="1094276" documentposition="131" splitpriority="3" dropdown="continue" popup="none" popup-page-rule="" />
    <Paragraph id="1095156" documentposition="132" splitpriority="none" dropdown="continue" popup="none" popup-page-rule="" />
    <Paragraph id="1095180" documentposition="133" splitpriority="none" popup="none" popup-page-rule="" dropdown="end" />
  </Split>
  <Split id="1089375" documentposition="134">
    <Paragraph id="1089375" documentposition="134" splitpriority="3" dropdown="continue" popup="none" popup-page-rule="">
      <Marker behavior="topic" id="1089374">
        <Marker id="1089374" name="TopicAlias" xmlns="urn:WebWorks-Document-Schema">
          <TextRun id="tr1089374-1">
            <Text value="results_type_tab_help" />
          </TextRun>
        </Marker>
      </Marker>
    </Paragraph>
    <Paragraph id="1074612" documentposition="135" splitpriority="none" dropdown="continue" popup="none" popup-page-rule="" />
    <Paragraph id="1076120" documentposition="137" splitpriority="none" dropdown="continue" popup="none" popup-page-rule="" />
    <Paragraph id="1077265" documentposition="138" splitpriority="none" dropdown="continue" popup="none" popup-page-rule="" />
    <Paragraph id="1077371" documentposition="139" splitpriority="none" dropdown="continue" popup="none" popup-page-rule="" />
    <Paragraph id="1095185" documentposition="140" splitpriority="none" dropdown="continue" popup="none" popup-page-rule="" />
    <Paragraph id="1077266" documentposition="141" splitpriority="none" dropdown="continue" popup="none" popup-page-rule="" />
    <Paragraph id="1078171" documentposition="142" splitpriority="none" dropdown="continue" popup="none" popup-page-rule="" />
    <Paragraph id="1078172" documentposition="143" splitpriority="none" dropdown="continue" popup="none" popup-page-rule="" />
    <Paragraph id="1091110" documentposition="144" splitpriority="none" dropdown="continue" popup="none" popup-page-rule="" />
    <Paragraph id="1078173" documentposition="145" splitpriority="none" dropdown="continue" popup="none" popup-page-rule="" />
    <Paragraph id="1076732" documentposition="146" splitpriority="none" dropdown="continue" popup="none" popup-page-rule="" />
    <Paragraph id="1077279" documentposition="147" splitpriority="none" dropdown="continue" popup="none" popup-page-rule="" />
    <Paragraph id="1077377" documentposition="148" splitpriority="none" dropdown="continue" popup="none" popup-page-rule="" />
    <Paragraph id="1074616" documentposition="149" splitpriority="none" dropdown="continue" popup="none" popup-page-rule="" />
    <Paragraph id="1090102" documentposition="150" splitpriority="none" dropdown="continue" popup="none" popup-page-rule="" />
    <Paragraph id="1105018" documentposition="151" splitpriority="none" relatedtopic="define-no-output" dropdown="continue" popup="none" popup-page-rule="" />
    <Paragraph id="1105022" documentposition="152" splitpriority="none" relatedtopic="define-no-output" dropdown="continue" popup="none" popup-page-rule="" />
    <Paragraph id="1105026" documentposition="153" splitpriority="none" relatedtopic="define-no-output" dropdown="continue" popup="none" popup-page-rule="" />
    <Paragraph id="1105030" documentposition="154" splitpriority="none" relatedtopic="define-no-output" dropdown="continue" popup="none" popup-page-rule="" />
    <Paragraph id="1105034" documentposition="155" splitpriority="none" relatedtopic="define-no-output" popup="none" popup-page-rule="" dropdown="end" />
  </Split>
  <Split id="1089355" documentposition="156">
    <Paragraph id="1089355" documentposition="156" splitpriority="3" dropdown="continue" popup="none" popup-page-rule="">
      <Marker behavior="topic" id="1089386">
        <Marker id="1089386" name="TopicAlias" xmlns="urn:WebWorks-Document-Schema">
          <TextRun id="tr1089386-1">
            <Text value="sorting_tab_help" />
          </TextRun>
        </Marker>
      </Marker>
    </Paragraph>
    <Paragraph id="1074619" documentposition="157" splitpriority="none" dropdown="continue" popup="none" popup-page-rule="" />
    <Paragraph id="1089832" documentposition="158" splitpriority="none" dropdown="continue" popup="none" popup-page-rule="" />
    <Paragraph id="1095230" documentposition="159" splitpriority="none" dropdown="continue" popup="none" popup-page-rule="" />
    <Paragraph id="1089382" documentposition="160" splitpriority="none" dropdown="continue" popup="none" popup-page-rule="" />
    <Paragraph id="1074620" documentposition="162" splitpriority="none" dropdown="continue" popup="none" popup-page-rule="" />
    <Paragraph id="1089440" documentposition="163" splitpriority="none" dropdown="continue" popup="none" popup-page-rule="" />
    <Paragraph id="1089441" documentposition="164" splitpriority="none" dropdown="continue" popup="none" popup-page-rule="" />
    <Paragraph id="1090063" documentposition="165" splitpriority="none" dropdown="continue" popup="none" popup-page-rule="" />
    <Paragraph id="1077739" documentposition="166" splitpriority="none" dropdown="continue" popup="none" popup-page-rule="" />
    <Paragraph id="1105042" documentposition="167" splitpriority="none" relatedtopic="define-no-output" dropdown="continue" popup="none" popup-page-rule="" />
    <Paragraph id="1105046" documentposition="168" splitpriority="none" relatedtopic="define-no-output" dropdown="continue" popup="none" popup-page-rule="" />
    <Paragraph id="1105050" documentposition="169" splitpriority="none" relatedtopic="define-no-output" popup="none" popup-page-rule="" dropdown="end" />
  </Split>
  <Split id="1077751" documentposition="170">
    <Paragraph id="1077751" documentposition="170" splitpriority="2" dropdown="continue" popup="none" popup-page-rule="" />
    <Paragraph id="1077949" documentposition="171" splitpriority="none" dropdown="continue" popup="none" popup-page-rule="" />
    <Paragraph id="1095031" documentposition="172" splitpriority="none" dropdown="continue" popup="none" popup-page-rule="" />
    <Paragraph id="1095035" documentposition="173" splitpriority="none" dropdown="continue" popup="none" popup-page-rule="" />
    <Paragraph id="1095039" documentposition="174" splitpriority="none" dropdown="continue" popup="none" popup-page-rule="" />
    <Paragraph id="1088128" documentposition="175" splitpriority="none" popup="none" popup-page-rule="" dropdown="end" />
  </Split>
  <Split id="1075754" documentposition="176">
    <Paragraph id="1075754" documentposition="176" splitpriority="3" dropdown="continue" popup="none" popup-page-rule="">
      <Marker behavior="topic" id="1081614">
        <Marker id="1081614" name="TopicAlias" xmlns="urn:WebWorks-Document-Schema">
          <TextRun id="tr1081614-1">
            <Text value="save_query_help" />
          </TextRun>
        </Marker>
      </Marker>
    </Paragraph>
    <Paragraph id="1075755" documentposition="177" splitpriority="none" dropdown="continue" popup="none" popup-page-rule="" />
    <Paragraph id="1081970" documentposition="178" splitpriority="none" dropdown="continue" popup="none" popup-page-rule="" />
    <Paragraph id="1075757" documentposition="179" splitpriority="none" dropdown="continue" popup="none" popup-page-rule="" />
    <Paragraph id="1075758" documentposition="180" splitpriority="none" dropdown="continue" popup="none" popup-page-rule="" />
    <Paragraph id="1105058" documentposition="181" splitpriority="none" relatedtopic="define-no-output" dropdown="continue" popup="none" popup-page-rule="" />
    <Paragraph id="1105062" documentposition="182" splitpriority="none" relatedtopic="define-no-output" dropdown="continue" popup="none" popup-page-rule="" />
    <Paragraph id="1105066" documentposition="183" splitpriority="none" relatedtopic="define-no-output" dropdown="continue" popup="none" popup-page-rule="" />
    <Paragraph id="1105070" documentposition="184" splitpriority="none" relatedtopic="define-no-output" popup="none" popup-page-rule="" dropdown="end" />
  </Split>
  <Split id="1075748" documentposition="185">
    <Paragraph id="1075748" documentposition="185" splitpriority="3" dropdown="continue" popup="none" popup-page-rule="" />
    <Paragraph id="1073533" documentposition="186" splitpriority="none" dropdown="continue" popup="none" popup-page-rule="" />
    <Paragraph id="1081975" documentposition="187" splitpriority="none" dropdown="continue" popup="none" popup-page-rule="" />
    <Paragraph id="1077997" documentposition="188" splitpriority="none" dropdown="continue" popup="none" popup-page-rule="">
      <Frame id="1081420">
        <Paragraph id="" dropdown="continue" popup="none" popup-page-rule="" />
      </Frame>
    </Paragraph>
    <Paragraph id="1081414" documentposition="189" splitpriority="none" dropdown="continue" popup="none" popup-page-rule="" />
    <Paragraph id="1077998" documentposition="190" splitpriority="none" dropdown="continue" popup="none" popup-page-rule="" />
    <Paragraph id="1105078" documentposition="191" splitpriority="none" relatedtopic="define-no-output" dropdown="continue" popup="none" popup-page-rule="" />
    <Paragraph id="1105082" documentposition="192" splitpriority="none" relatedtopic="define-no-output" dropdown="continue" popup="none" popup-page-rule="" />
    <Paragraph id="1105086" documentposition="193" splitpriority="none" relatedtopic="define-no-output" dropdown="continue" popup="none" popup-page-rule="" />
    <Paragraph id="1105090" documentposition="194" splitpriority="none" relatedtopic="define-no-output" popup="none" popup-page-rule="" dropdown="end" />
  </Split>
  <Split id="1073510" documentposition="195">
    <Paragraph id="1073510" documentposition="195" splitpriority="3" dropdown="continue" popup="none" popup-page-rule="" />
    <Paragraph id="1073522" documentposition="196" splitpriority="none" dropdown="continue" popup="none" popup-page-rule="" />
    <Paragraph id="1073525" documentposition="197" splitpriority="none" dropdown="continue" popup="none" popup-page-rule="" />
    <Paragraph id="1085185" documentposition="198" splitpriority="none" popup="none" popup-page-rule="" dropdown="end" />
  </Split>
</Behaviors>