<?xml version="1.0"?>
<!DOCTYPE hibernate-mapping PUBLIC 
"-//Hibernate/Hibernate Mapping DTD 3.0//EN"
"http://hibernate.sourceforge.net/hibernate-mapping-3.0.dtd"> 
    
<hibernate-mapping default-lazy="false">
<!-- 
    Created by the Middlegen Hibernate plugin 2.1

    http://boss.bekk.no/boss/middlegen/
    http://www.hibernate.org/
-->

<class 
    name="gov.nih.nci.security.dao.hibernate.UserGroup" 
    table="CSM_USER_GROUP"
>
    

    <id
        name="userGroupId"
        type="java.lang.Long"
        column="USER_GROUP_ID"
        unsaved-value="0"
         >
        <generator class="native">
		 <param name="sequence">CSM_USER_GROU_USER_GROUP_I_SEQ</param>
	 </generator>
    </id>


    <!-- Associations -->
  
    <!-- bi-directional many-to-one association to Group -->
    <many-to-one
        name="group"
        class="gov.nih.nci.security.authorization.domainobjects.Group"
        not-null="true"
    >
       
        <column name="GROUP_ID" />
    </many-to-one>
    <!-- bi-directional many-to-one association to User -->
    <many-to-one
        name="user"
        class="gov.nih.nci.security.authorization.domainobjects.User"
        not-null="true"
    >
        
        <column name="USER_ID" />
    </many-to-one>

</class>
</hibernate-mapping>
