<?xml version="1.0" encoding="utf-8"?>
<Behaviors version="1.0" xmlns="urn:WebWorks-Behaviors-Schema">
  <Split id="1052621" documentposition="3">
    <Paragraph id="1052621" documentposition="3" splitpriority="1" />
    <Paragraph id="1067312" documentposition="4" splitpriority="none" />
    <Paragraph id="1067313" documentposition="5" splitpriority="none" />
    <Paragraph id="1146340" documentposition="6" splitpriority="none" />
    <Paragraph id="1141696" documentposition="7" splitpriority="none" />
    <Paragraph id="1137667" documentposition="8" splitpriority="none" />
    <Paragraph id="1137799" documentposition="9" splitpriority="none" />
    <Paragraph id="1137696" documentposition="10" splitpriority="none" />
    <Paragraph id="1137708" documentposition="11" splitpriority="none" />
  </Split>
  <Split id="1135030" documentposition="12">
    <Paragraph id="1135030" documentposition="12" splitpriority="2" />
    <Paragraph id="1135031" documentposition="13" splitpriority="none" />
    <Paragraph id="1135034" documentposition="14" splitpriority="none" />
    <Paragraph id="1146949" documentposition="15" splitpriority="none" />
    <Paragraph id="1146953" documentposition="16" splitpriority="none" />
    <Paragraph id="1146972" documentposition="17" splitpriority="none" />
    <Paragraph id="1147011" documentposition="18" splitpriority="none" />
  </Split>
  <Split id="1141097" documentposition="19">
    <Paragraph id="1141097" documentposition="19" splitpriority="2">
      <Marker behavior="topic" id="1141096">
        <Marker id="1141096" name="TopicAlias" xmlns="urn:WebWorks-Document-Schema">
          <TextRun id="tr1141096-1">
            <Text value="register_user_help" />
          </TextRun>
        </Marker>
      </Marker>
    </Paragraph>
    <Paragraph id="1141099" documentposition="20" splitpriority="none" />
    <Paragraph id="1141101" documentposition="21" splitpriority="none" />
    <Paragraph id="1141102" documentposition="22" splitpriority="none" />
    <Paragraph id="1141114" documentposition="23" splitpriority="none">
      <Paragraph id="1141113" />
    </Paragraph>
    <Paragraph id="1141115" documentposition="24" splitpriority="none" />
    <Paragraph id="1141116" documentposition="25" splitpriority="none" />
    <Paragraph id="1141117" documentposition="26" splitpriority="none" />
    <Paragraph id="1141118" documentposition="27" splitpriority="none" />
    <Paragraph id="1141119" documentposition="28" splitpriority="none" />
    <Paragraph id="1141120" documentposition="29" splitpriority="none" />
    <Paragraph id="1141124" documentposition="30" splitpriority="none" />
    <Paragraph id="1142153" documentposition="31" splitpriority="none" />
    <Table id="1141400" documentposition="32" splitpriority="none">
      <TableCell>
        <Paragraph id="1141402" />
      </TableCell>
      <TableCell>
        <Paragraph id="1141404" />
      </TableCell>
      <TableCell>
        <Paragraph id="1141406" />
      </TableCell>
      <TableCell>
        <Paragraph id="1141415" />
      </TableCell>
      <TableCell>
        <Paragraph id="1141417" />
      </TableCell>
      <TableCell>
        <Paragraph id="1141419" />
        <Paragraph id="1141510" />
        <Paragraph id="1141421" />
        <Paragraph id="1141516" />
        <Paragraph id="1141515" />
      </TableCell>
      <TableCell>
        <Paragraph id="1141424" />
      </TableCell>
      <TableCell>
        <Paragraph id="1141426" />
      </TableCell>
      <TableCell>
        <Paragraph id="1141658" />
        <Paragraph id="1141659" />
        <Paragraph id="1141660" />
        <Paragraph id="1141661" />
        <Paragraph id="1141662" />
      </TableCell>
    </Table>
    <Paragraph id="1141456" documentposition="33" splitpriority="none" />
    <Paragraph id="1155352" documentposition="34" splitpriority="none" />
    <Paragraph id="1141185" documentposition="35" splitpriority="none" />
    <Paragraph id="1141186" documentposition="36" splitpriority="none" />
    <Paragraph id="1141188" documentposition="37" splitpriority="none" />
    <Paragraph id="1141189" documentposition="38" splitpriority="none" />
    <Paragraph id="1141190" documentposition="39" splitpriority="none" />
    <Paragraph id="1141191" documentposition="40" splitpriority="none" />
    <Paragraph id="1141192" documentposition="41" splitpriority="none" />
    <Paragraph id="1141193" documentposition="42" splitpriority="none" />
    <Paragraph id="1141567" documentposition="43" splitpriority="none" />
    <Paragraph id="1141194" documentposition="44" splitpriority="none" />
    <Paragraph id="1141196" documentposition="45" splitpriority="none" />
    <Paragraph id="1141197" documentposition="46" splitpriority="none" />
    <Paragraph id="1141198" documentposition="47" splitpriority="none" />
    <Paragraph id="1141199" documentposition="48" splitpriority="none" />
    <Paragraph id="1141200" documentposition="49" splitpriority="none" />
    <Paragraph id="1141202" documentposition="50" splitpriority="none" />
  </Split>
  <Split id="1146398" documentposition="51">
    <Paragraph id="1146398" documentposition="51" splitpriority="2">
      <Marker behavior="topic" id="1146397">
        <Marker id="1146397" name="TopicAlias" xmlns="urn:WebWorks-Document-Schema">
          <TextRun id="tr1146397-1">
            <Text value="login_help" />
          </TextRun>
        </Marker>
      </Marker>
    </Paragraph>
    <Paragraph id="1146400" documentposition="52" splitpriority="none" />
    <Paragraph id="1146401" documentposition="53" splitpriority="none" />
    <Paragraph id="1146402" documentposition="54" splitpriority="none" />
    <Paragraph id="1155362" documentposition="56" splitpriority="none" />
  </Split>
  <Split id="1127723" documentposition="57">
    <Paragraph id="1127723" documentposition="57" splitpriority="2">
      <Marker behavior="topic" id="1153361">
        <Marker id="1153361" name="TopicAlias" xmlns="urn:WebWorks-Document-Schema">
          <TextRun id="tr1153361-1">
            <Text value="welcome_help" />
          </TextRun>
        </Marker>
      </Marker>
    </Paragraph>
    <Paragraph id="1122586" documentposition="58" splitpriority="none" />
    <Paragraph id="1155368" documentposition="59" splitpriority="none" />
    <Paragraph id="1155372" documentposition="60" splitpriority="none" />
    <Paragraph id="1155376" documentposition="61" splitpriority="none" />
    <Paragraph id="1155380" documentposition="62" splitpriority="none" />
  </Split>
  <Split id="1136890" documentposition="63">
    <Paragraph id="1136890" documentposition="63" splitpriority="3" />
    <Paragraph id="1122024" documentposition="64" splitpriority="none" />
    <Paragraph id="1122043" documentposition="65" splitpriority="none" />
    <Table id="1122047" documentposition="66" splitpriority="none">
      <TableCell>
        <Paragraph id="1122049" />
      </TableCell>
      <TableCell>
        <Paragraph id="1122051" />
      </TableCell>
      <TableCell>
        <Paragraph id="1122708" />
      </TableCell>
      <TableCell>
        <Paragraph id="1122710" />
      </TableCell>
      <TableCell>
        <Paragraph id="1127327" />
      </TableCell>
      <TableCell>
        <Paragraph id="1127329" />
      </TableCell>
      <TableCell>
        <Paragraph id="1122715" />
      </TableCell>
      <TableCell>
        <Paragraph id="1122725" />
      </TableCell>
      <TableCell>
        <Paragraph id="1122060" />
      </TableCell>
      <TableCell>
        <Paragraph id="1122681" />
      </TableCell>
      <TableCell>
        <Paragraph id="1122067" />
      </TableCell>
      <TableCell>
        <Paragraph id="1127345" />
        <Paragraph id="1133811" />
        <Paragraph id="1133836" />
        <Paragraph id="1127344" />
      </TableCell>
      <TableCell>
        <Paragraph id="1122074" />
      </TableCell>
      <TableCell>
        <Paragraph id="1133857" />
        <Paragraph id="1133861" />
        <Paragraph id="1127523" />
      </TableCell>
      <TableCell>
        <Paragraph id="1135856" />
      </TableCell>
      <TableCell>
        <Paragraph id="1135858" />
      </TableCell>
      <TableCell>
        <Paragraph id="1135880" />
      </TableCell>
      <TableCell>
        <Paragraph id="1135882" />
        <Paragraph id="1135893" />
        <Paragraph id="1135894" />
      </TableCell>
    </Table>
    <Paragraph id="1128215" documentposition="67" splitpriority="none" />
    <Paragraph id="1129005" documentposition="68" splitpriority="none" />
    <Paragraph id="1129000" documentposition="69" splitpriority="none" />
    <Paragraph id="1128979" documentposition="70" splitpriority="none" />
  </Split>
  <Split id="1151722" documentposition="71">
    <Paragraph id="1151722" documentposition="71" splitpriority="2">
      <Marker behavior="topic" id="1153362">
        <Marker id="1153362" name="TopicAlias" xmlns="urn:WebWorks-Document-Schema">
          <TextRun id="tr1153362-1">
            <Text value="study_summary_help" />
          </TextRun>
        </Marker>
      </Marker>
    </Paragraph>
    <Paragraph id="1151723" documentposition="72" splitpriority="none" />
    <Paragraph id="1151728" documentposition="74" splitpriority="none" />
    <Paragraph id="1152274" documentposition="75" splitpriority="none" />
    <Paragraph id="1151746" documentposition="76" splitpriority="none" />
  </Split>
  <Split id="1155418" documentposition="77">
    <Paragraph id="1155418" documentposition="77" splitpriority="3">
      <Marker behavior="topic" id="1155417">
        <Marker id="1155417" name="TopicAlias" xmlns="urn:WebWorks-Document-Schema">
          <TextRun id="tr1155417-1">
            <Text value="data_dictionary_help" />
          </TextRun>
        </Marker>
      </Marker>
    </Paragraph>
    <Paragraph id="1152332" documentposition="78" splitpriority="none" />
    <Paragraph id="1151824" documentposition="80" splitpriority="none" />
    <Paragraph id="1151742" documentposition="82" splitpriority="none" />
  </Split>
  <Split id="1136527" documentposition="83">
    <Paragraph id="1136527" documentposition="83" splitpriority="2" />
    <Paragraph id="1136529" documentposition="84" splitpriority="none" />
    <Paragraph id="1136530" documentposition="85" splitpriority="none" />
    <Paragraph id="1141071" documentposition="86" splitpriority="none" />
    <Paragraph id="1136614" documentposition="87" splitpriority="none" />
    <Table id="1136534" documentposition="88" splitpriority="none">
      <TableCell>
        <Paragraph id="1136536" />
      </TableCell>
      <TableCell>
        <Paragraph id="1136538" />
      </TableCell>
      <TableCell>
        <Paragraph id="1136550">
          <Frame id="1141035">
            <Paragraph id="" />
          </Frame>
        </Paragraph>
      </TableCell>
      <TableCell>
        <Paragraph id="1136552" />
      </TableCell>
      <TableCell>
        <Paragraph id="1136557">
          <Frame id="1136555">
            <Paragraph id="" />
          </Frame>
        </Paragraph>
      </TableCell>
      <TableCell>
        <Paragraph id="1136559" />
      </TableCell>
      <TableCell>
        <Paragraph id="1136564">
          <Frame id="1136562">
            <Paragraph id="" />
          </Frame>
        </Paragraph>
      </TableCell>
      <TableCell>
        <Paragraph id="1136566" />
      </TableCell>
      <TableCell>
        <Paragraph id="1136571">
          <Frame id="1136569">
            <Paragraph id="" />
          </Frame>
        </Paragraph>
      </TableCell>
      <TableCell>
        <Paragraph id="1136573" />
      </TableCell>
      <TableCell>
        <Paragraph id="1136578">
          <Frame id="1136576">
            <Paragraph id="" />
          </Frame>
        </Paragraph>
      </TableCell>
      <TableCell>
        <Paragraph id="1136580" />
      </TableCell>
      <TableCell>
        <Paragraph id="1136585">
          <Frame id="1136583">
            <Paragraph id="" />
          </Frame>
        </Paragraph>
        <Paragraph id="1136589">
          <Frame id="1136587">
            <Paragraph id="" />
          </Frame>
        </Paragraph>
      </TableCell>
      <TableCell>
        <Paragraph id="1136591" />
      </TableCell>
      <TableCell>
        <Paragraph id="1136596">
          <Frame id="1136594">
            <Paragraph id="" />
          </Frame>
        </Paragraph>
      </TableCell>
      <TableCell>
        <Paragraph id="1136598" />
      </TableCell>
      <TableCell>
        <Paragraph id="1136600" />
      </TableCell>
      <TableCell>
        <Paragraph id="1136602" />
      </TableCell>
      <TableCell>
        <Paragraph id="1136607">
          <Frame id="1136605">
            <Paragraph id="" />
          </Frame>
        </Paragraph>
      </TableCell>
      <TableCell>
        <Paragraph id="1136609" />
      </TableCell>
    </Table>
  </Split>
  <Split id="1128246" documentposition="89">
    <Paragraph id="1128246" documentposition="89" splitpriority="2">
      <Marker behavior="topic" id="1127586">
        <Marker id="1127586" name="TopicAlias" xmlns="urn:WebWorks-Document-Schema">
          <TextRun id="tr1127586-1">
            <Text value="logging_out" />
          </TextRun>
        </Marker>
      </Marker>
    </Paragraph>
    <Paragraph id="1141079" documentposition="90" splitpriority="none" />
    <Paragraph id="1155426" documentposition="91" splitpriority="none" relatedtopic="define-no-output" />
    <Paragraph id="1155430" documentposition="92" splitpriority="none" relatedtopic="define-no-output" />
    <Paragraph id="1155434" documentposition="93" splitpriority="none" relatedtopic="define-no-output" />
    <Paragraph id="1141081" documentposition="94" splitpriority="none" />
  </Split>
  <Split id="1136640" documentposition="95">
    <Paragraph id="1136640" documentposition="95" splitpriority="2" />
    <Paragraph id="1136641" documentposition="96" splitpriority="none" />
    <Table id="1136643" documentposition="97" splitpriority="none">
      <TableCell>
        <Paragraph id="1136646" />
      </TableCell>
      <TableCell>
        <Paragraph id="1136648" />
        <Paragraph id="1136649" />
        <Paragraph id="1136650" />
        <Paragraph id="1136651" />
        <Paragraph id="1136652" />
        <Paragraph id="1136653" />
      </TableCell>
      <TableCell>
        <Paragraph id="1136655" />
      </TableCell>
      <TableCell>
        <Paragraph id="1136658" />
      </TableCell>
      <TableCell>
        <Paragraph id="1136660" />
      </TableCell>
      <TableCell>
        <Paragraph id="1136662" />
        <Paragraph id="1136663" />
        <Paragraph id="1136664" />
      </TableCell>
    </Table>
    <Paragraph id="1129018" documentposition="98" splitpriority="none" />
    <Paragraph id="1095058" documentposition="99" splitpriority="none" />
  </Split>
</Behaviors>