<?xml version="1.0" encoding="utf-8"?>
<Behaviors version="1.0" xmlns="urn:WebWorks-Behaviors-Schema">
  <Paragraph id="1052621" documentposition="3" splitpriority="1" dropdown="continue" popup="none" popup-page-rule="" />
  <Paragraph id="1067312" documentposition="4" splitpriority="none" dropdown="continue" popup="none" popup-page-rule="" />
  <Paragraph id="1067313" documentposition="5" splitpriority="none" dropdown="continue" popup="none" popup-page-rule="" />
  <Paragraph id="1146340" documentposition="6" splitpriority="none" dropdown="continue" popup="none" popup-page-rule="" />
  <Paragraph id="1141696" documentposition="7" splitpriority="none" dropdown="continue" popup="none" popup-page-rule="" />
  <Paragraph id="1137667" documentposition="8" splitpriority="none" dropdown="continue" popup="none" popup-page-rule="" />
  <Paragraph id="1137799" documentposition="9" splitpriority="none" dropdown="continue" popup="none" popup-page-rule="" />
  <Paragraph id="1137696" documentposition="10" splitpriority="none" dropdown="continue" popup="none" popup-page-rule="" />
  <Paragraph id="1137708" documentposition="11" splitpriority="none" dropdown="continue" popup="none" popup-page-rule="" />
  <Paragraph id="1135030" documentposition="12" splitpriority="2" dropdown="continue" popup="none" popup-page-rule="" />
  <Paragraph id="1135031" documentposition="13" splitpriority="none" dropdown="continue" popup="none" popup-page-rule="" />
  <Paragraph id="1135034" documentposition="14" splitpriority="none" dropdown="continue" popup="none" popup-page-rule="" />
  <Paragraph id="1146949" documentposition="15" splitpriority="none" dropdown="continue" popup="none" popup-page-rule="" />
  <Paragraph id="1146953" documentposition="16" splitpriority="none" dropdown="continue" popup="none" popup-page-rule="" />
  <Paragraph id="1146972" documentposition="17" splitpriority="none" dropdown="continue" popup="none" popup-page-rule="" />
  <Paragraph id="1147011" documentposition="18" splitpriority="none" dropdown="continue" popup="none" popup-page-rule="" />
  <Paragraph id="1141097" documentposition="19" splitpriority="2" dropdown="continue" popup="none" popup-page-rule="">
    <Marker behavior="topic" id="1141096">
      <Marker id="1141096" name="TopicAlias" xmlns="urn:WebWorks-Document-Schema">
        <TextRun id="tr1141096-1">
          <Text value="register_user_help" />
        </TextRun>
      </Marker>
    </Marker>
  </Paragraph>
  <Paragraph id="1141099" documentposition="20" splitpriority="none" dropdown="continue" popup="none" popup-page-rule="" />
  <Paragraph id="1141101" documentposition="21" splitpriority="none" dropdown="continue" popup="none" popup-page-rule="" />
  <Paragraph id="1141102" documentposition="22" splitpriority="none" dropdown="continue" popup="none" popup-page-rule="" />
  <Paragraph id="1141114" documentposition="23" splitpriority="none" dropdown="continue" popup="none" popup-page-rule="">
    <Paragraph id="1141113" dropdown="continue" popup="none" popup-page-rule="" />
  </Paragraph>
  <Paragraph id="1141115" documentposition="24" splitpriority="none" dropdown="continue" popup="none" popup-page-rule="" />
  <Paragraph id="1141116" documentposition="25" splitpriority="none" dropdown="continue" popup="none" popup-page-rule="" />
  <Paragraph id="1141117" documentposition="26" splitpriority="none" dropdown="continue" popup="none" popup-page-rule="" />
  <Paragraph id="1141118" documentposition="27" splitpriority="none" dropdown="continue" popup="none" popup-page-rule="" />
  <Paragraph id="1141119" documentposition="28" splitpriority="none" dropdown="continue" popup="none" popup-page-rule="" />
  <Paragraph id="1141120" documentposition="29" splitpriority="none" dropdown="continue" popup="none" popup-page-rule="" />
  <Paragraph id="1141124" documentposition="30" splitpriority="none" dropdown="continue" popup="none" popup-page-rule="" />
  <Paragraph id="1142153" documentposition="31" splitpriority="none" dropdown="continue" popup="none" popup-page-rule="" />
  <Table id="1141400" documentposition="32" splitpriority="none">
    <TableCell>
      <Paragraph id="1141402" dropdown="continue" popup="none" popup-page-rule="" />
    </TableCell>
    <TableCell>
      <Paragraph id="1141404" dropdown="continue" popup="none" popup-page-rule="" />
    </TableCell>
    <TableCell>
      <Paragraph id="1141406" dropdown="continue" popup="none" popup-page-rule="" />
    </TableCell>
    <TableCell>
      <Paragraph id="1141415" dropdown="continue" popup="none" popup-page-rule="" />
    </TableCell>
    <TableCell>
      <Paragraph id="1141417" dropdown="continue" popup="none" popup-page-rule="" />
    </TableCell>
    <TableCell>
      <Paragraph id="1141419" dropdown="continue" popup="none" popup-page-rule="" />
      <Paragraph id="1141510" dropdown="continue" popup="none" popup-page-rule="" />
      <Paragraph id="1141421" dropdown="continue" popup="none" popup-page-rule="" />
      <Paragraph id="1141516" dropdown="continue" popup="none" popup-page-rule="" />
      <Paragraph id="1141515" dropdown="continue" popup="none" popup-page-rule="" />
    </TableCell>
    <TableCell>
      <Paragraph id="1141424" dropdown="continue" popup="none" popup-page-rule="" />
    </TableCell>
    <TableCell>
      <Paragraph id="1141426" dropdown="continue" popup="none" popup-page-rule="" />
    </TableCell>
    <TableCell>
      <Paragraph id="1141658" dropdown="continue" popup="none" popup-page-rule="" />
      <Paragraph id="1141659" dropdown="continue" popup="none" popup-page-rule="" />
      <Paragraph id="1141660" dropdown="continue" popup="none" popup-page-rule="" />
      <Paragraph id="1141661" dropdown="continue" popup="none" popup-page-rule="" />
      <Paragraph id="1141662" dropdown="continue" popup="none" popup-page-rule="" />
    </TableCell>
  </Table>
  <Paragraph id="1141456" documentposition="33" splitpriority="none" dropdown="end" popup="none" popup-page-rule="" />
  <Paragraph id="1155063" documentposition="34" splitpriority="none" dropdown="end" popup="none" popup-page-rule="" />
  <Paragraph id="1141185" documentposition="35" splitpriority="none" dropdown="continue" popup="none" popup-page-rule="" />
  <Paragraph id="1141186" documentposition="36" splitpriority="none" dropdown="continue" popup="none" popup-page-rule="" />
  <Paragraph id="1141188" documentposition="37" splitpriority="none" dropdown="continue" popup="none" popup-page-rule="" />
  <Paragraph id="1141189" documentposition="38" splitpriority="none" dropdown="continue" popup="none" popup-page-rule="" />
  <Paragraph id="1141190" documentposition="39" splitpriority="none" dropdown="continue" popup="none" popup-page-rule="" />
  <Paragraph id="1141191" documentposition="40" splitpriority="none" dropdown="continue" popup="none" popup-page-rule="" />
  <Paragraph id="1141192" documentposition="41" splitpriority="none" dropdown="continue" popup="none" popup-page-rule="" />
  <Paragraph id="1141193" documentposition="42" splitpriority="none" dropdown="continue" popup="none" popup-page-rule="" />
  <Paragraph id="1141567" documentposition="43" splitpriority="none" dropdown="continue" popup="none" popup-page-rule="" />
  <Paragraph id="1141194" documentposition="44" splitpriority="none" dropdown="continue" popup="none" popup-page-rule="" />
  <Paragraph id="1141196" documentposition="45" splitpriority="none" dropdown="continue" popup="none" popup-page-rule="" />
  <Paragraph id="1141197" documentposition="46" splitpriority="none" dropdown="continue" popup="none" popup-page-rule="" />
  <Paragraph id="1141198" documentposition="47" splitpriority="none" dropdown="continue" popup="none" popup-page-rule="" />
  <Paragraph id="1141199" documentposition="48" splitpriority="none" dropdown="continue" popup="none" popup-page-rule="" />
  <Paragraph id="1141200" documentposition="49" splitpriority="none" dropdown="continue" popup="none" popup-page-rule="" />
  <Paragraph id="1141202" documentposition="50" splitpriority="none" dropdown="continue" popup="none" popup-page-rule="" />
  <Paragraph id="1146398" documentposition="51" splitpriority="2" dropdown="continue" popup="none" popup-page-rule="">
    <Marker behavior="topic" id="1146397">
      <Marker id="1146397" name="TopicAlias" xmlns="urn:WebWorks-Document-Schema">
        <TextRun id="tr1146397-1">
          <Text value="login_help" />
        </TextRun>
      </Marker>
    </Marker>
  </Paragraph>
  <Paragraph id="1146400" documentposition="52" splitpriority="none" dropdown="continue" popup="none" popup-page-rule="" />
  <Paragraph id="1146401" documentposition="53" splitpriority="none" dropdown="continue" popup="none" popup-page-rule="" />
  <Paragraph id="1146402" documentposition="54" splitpriority="none" dropdown="continue" popup="none" popup-page-rule="" />
  <Paragraph id="1155073" documentposition="56" splitpriority="none" dropdown="continue" popup="none" popup-page-rule="" />
  <Paragraph id="1127723" documentposition="57" splitpriority="2" dropdown="continue" popup="none" popup-page-rule="">
    <Marker behavior="topic" id="1153361">
      <Marker id="1153361" name="TopicAlias" xmlns="urn:WebWorks-Document-Schema">
        <TextRun id="tr1153361-1">
          <Text value="welcome_help" />
        </TextRun>
      </Marker>
    </Marker>
  </Paragraph>
  <Paragraph id="1122586" documentposition="58" splitpriority="none" dropdown="continue" popup="none" popup-page-rule="" />
  <Paragraph id="1155079" documentposition="59" splitpriority="none" dropdown="continue" popup="none" popup-page-rule="" />
  <Paragraph id="1155083" documentposition="60" splitpriority="none" dropdown="continue" popup="none" popup-page-rule="" />
  <Paragraph id="1155087" documentposition="61" splitpriority="none" dropdown="continue" popup="none" popup-page-rule="" />
  <Paragraph id="1155091" documentposition="62" splitpriority="none" dropdown="continue" popup="none" popup-page-rule="" />
  <Paragraph id="1136890" documentposition="63" splitpriority="3" dropdown="continue" popup="none" popup-page-rule="" />
  <Paragraph id="1122024" documentposition="64" splitpriority="none" dropdown="continue" popup="none" popup-page-rule="" />
  <Paragraph id="1122043" documentposition="65" splitpriority="none" dropdown="continue" popup="none" popup-page-rule="" />
  <Table id="1122047" documentposition="66" splitpriority="none">
    <TableCell>
      <Paragraph id="1122049" dropdown="continue" popup="none" popup-page-rule="" />
    </TableCell>
    <TableCell>
      <Paragraph id="1122051" dropdown="continue" popup="none" popup-page-rule="" />
    </TableCell>
    <TableCell>
      <Paragraph id="1122708" dropdown="continue" popup="none" popup-page-rule="" />
    </TableCell>
    <TableCell>
      <Paragraph id="1122710" dropdown="continue" popup="none" popup-page-rule="" />
    </TableCell>
    <TableCell>
      <Paragraph id="1127327" dropdown="continue" popup="none" popup-page-rule="" />
    </TableCell>
    <TableCell>
      <Paragraph id="1127329" dropdown="continue" popup="none" popup-page-rule="" />
    </TableCell>
    <TableCell>
      <Paragraph id="1122715" dropdown="continue" popup="none" popup-page-rule="" />
    </TableCell>
    <TableCell>
      <Paragraph id="1122725" dropdown="continue" popup="none" popup-page-rule="" />
    </TableCell>
    <TableCell>
      <Paragraph id="1122060" dropdown="continue" popup="none" popup-page-rule="" />
    </TableCell>
    <TableCell>
      <Paragraph id="1122681" dropdown="continue" popup="none" popup-page-rule="" />
    </TableCell>
    <TableCell>
      <Paragraph id="1122067" dropdown="continue" popup="none" popup-page-rule="" />
    </TableCell>
    <TableCell>
      <Paragraph id="1127345" dropdown="continue" popup="none" popup-page-rule="" />
      <Paragraph id="1133811" dropdown="continue" popup="none" popup-page-rule="" />
      <Paragraph id="1133836" dropdown="continue" popup="none" popup-page-rule="" />
      <Paragraph id="1127344" dropdown="continue" popup="none" popup-page-rule="" />
    </TableCell>
    <TableCell>
      <Paragraph id="1122074" dropdown="continue" popup="none" popup-page-rule="" />
    </TableCell>
    <TableCell>
      <Paragraph id="1133857" dropdown="continue" popup="none" popup-page-rule="" />
      <Paragraph id="1133861" dropdown="continue" popup="none" popup-page-rule="" />
      <Paragraph id="1127523" dropdown="continue" popup="none" popup-page-rule="" />
    </TableCell>
    <TableCell>
      <Paragraph id="1135856" dropdown="continue" popup="none" popup-page-rule="" />
    </TableCell>
    <TableCell>
      <Paragraph id="1135858" dropdown="continue" popup="none" popup-page-rule="" />
    </TableCell>
    <TableCell>
      <Paragraph id="1135880" dropdown="continue" popup="none" popup-page-rule="" />
    </TableCell>
    <TableCell>
      <Paragraph id="1135882" dropdown="continue" popup="none" popup-page-rule="" />
      <Paragraph id="1135893" dropdown="continue" popup="none" popup-page-rule="" />
      <Paragraph id="1135894" dropdown="continue" popup="none" popup-page-rule="" />
    </TableCell>
  </Table>
  <Paragraph id="1128215" documentposition="67" splitpriority="none" dropdown="continue" popup="none" popup-page-rule="" />
  <Paragraph id="1129005" documentposition="68" splitpriority="none" dropdown="continue" popup="none" popup-page-rule="" />
  <Paragraph id="1129000" documentposition="69" splitpriority="none" dropdown="continue" popup="none" popup-page-rule="" />
  <Paragraph id="1128979" documentposition="70" splitpriority="none" dropdown="continue" popup="none" popup-page-rule="" />
  <Paragraph id="1151722" documentposition="71" splitpriority="2" dropdown="continue" popup="none" popup-page-rule="">
    <Marker behavior="topic" id="1153362">
      <Marker id="1153362" name="TopicAlias" xmlns="urn:WebWorks-Document-Schema">
        <TextRun id="tr1153362-1">
          <Text value="study_summary_help" />
        </TextRun>
      </Marker>
    </Marker>
  </Paragraph>
  <Paragraph id="1151723" documentposition="72" splitpriority="none" dropdown="continue" popup="none" popup-page-rule="" />
  <Paragraph id="1151728" documentposition="74" splitpriority="none" dropdown="continue" popup="none" popup-page-rule="" />
  <Paragraph id="1152274" documentposition="75" splitpriority="none" dropdown="continue" popup="none" popup-page-rule="" />
  <Paragraph id="1151746" documentposition="76" splitpriority="none" dropdown="continue" popup="none" popup-page-rule="" />
  <Paragraph id="1155129" documentposition="77" splitpriority="3" dropdown="continue" popup="none" popup-page-rule="">
    <Marker behavior="topic" id="1155128">
      <Marker id="1155128" name="TopicAlias" xmlns="urn:WebWorks-Document-Schema">
        <TextRun id="tr1155128-1">
          <Text value="data_dictionary_help" />
        </TextRun>
      </Marker>
    </Marker>
  </Paragraph>
  <Paragraph id="1152332" documentposition="78" splitpriority="none" dropdown="continue" popup="none" popup-page-rule="" />
  <Paragraph id="1151824" documentposition="80" splitpriority="none" dropdown="continue" popup="none" popup-page-rule="" />
  <Paragraph id="1151742" documentposition="82" splitpriority="none" dropdown="continue" popup="none" popup-page-rule="" />
  <Paragraph id="1136527" documentposition="83" splitpriority="2" dropdown="continue" popup="none" popup-page-rule="" />
  <Paragraph id="1136529" documentposition="84" splitpriority="none" dropdown="continue" popup="none" popup-page-rule="" />
  <Paragraph id="1136530" documentposition="85" splitpriority="none" dropdown="continue" popup="none" popup-page-rule="" />
  <Paragraph id="1141071" documentposition="86" splitpriority="none" dropdown="continue" popup="none" popup-page-rule="" />
  <Paragraph id="1136614" documentposition="87" splitpriority="none" dropdown="continue" popup="none" popup-page-rule="" />
  <Table id="1136534" documentposition="88" splitpriority="none">
    <TableCell>
      <Paragraph id="1136536" dropdown="continue" popup="none" popup-page-rule="" />
    </TableCell>
    <TableCell>
      <Paragraph id="1136538" dropdown="continue" popup="none" popup-page-rule="" />
    </TableCell>
    <TableCell>
      <Paragraph id="1136550" dropdown="continue" popup="none" popup-page-rule="">
        <Frame id="1141035">
          <Paragraph id="" dropdown="continue" popup="none" popup-page-rule="" />
        </Frame>
      </Paragraph>
    </TableCell>
    <TableCell>
      <Paragraph id="1136552" dropdown="continue" popup="none" popup-page-rule="" />
    </TableCell>
    <TableCell>
      <Paragraph id="1136557" dropdown="continue" popup="none" popup-page-rule="">
        <Frame id="1136555">
          <Paragraph id="" dropdown="continue" popup="none" popup-page-rule="" />
        </Frame>
      </Paragraph>
    </TableCell>
    <TableCell>
      <Paragraph id="1136559" dropdown="continue" popup="none" popup-page-rule="" />
    </TableCell>
    <TableCell>
      <Paragraph id="1136564" dropdown="continue" popup="none" popup-page-rule="">
        <Frame id="1136562">
          <Paragraph id="" dropdown="continue" popup="none" popup-page-rule="" />
        </Frame>
      </Paragraph>
    </TableCell>
    <TableCell>
      <Paragraph id="1136566" dropdown="continue" popup="none" popup-page-rule="" />
    </TableCell>
    <TableCell>
      <Paragraph id="1136571" dropdown="continue" popup="none" popup-page-rule="">
        <Frame id="1136569">
          <Paragraph id="" dropdown="continue" popup="none" popup-page-rule="" />
        </Frame>
      </Paragraph>
    </TableCell>
    <TableCell>
      <Paragraph id="1136573" dropdown="continue" popup="none" popup-page-rule="" />
    </TableCell>
    <TableCell>
      <Paragraph id="1136578" dropdown="continue" popup="none" popup-page-rule="">
        <Frame id="1136576">
          <Paragraph id="" dropdown="continue" popup="none" popup-page-rule="" />
        </Frame>
      </Paragraph>
    </TableCell>
    <TableCell>
      <Paragraph id="1136580" dropdown="continue" popup="none" popup-page-rule="" />
    </TableCell>
    <TableCell>
      <Paragraph id="1136585" dropdown="continue" popup="none" popup-page-rule="">
        <Frame id="1136583">
          <Paragraph id="" dropdown="continue" popup="none" popup-page-rule="" />
        </Frame>
      </Paragraph>
      <Paragraph id="1136589" dropdown="continue" popup="none" popup-page-rule="">
        <Frame id="1136587">
          <Paragraph id="" dropdown="continue" popup="none" popup-page-rule="" />
        </Frame>
      </Paragraph>
    </TableCell>
    <TableCell>
      <Paragraph id="1136591" dropdown="continue" popup="none" popup-page-rule="" />
    </TableCell>
    <TableCell>
      <Paragraph id="1136596" dropdown="continue" popup="none" popup-page-rule="">
        <Frame id="1136594">
          <Paragraph id="" dropdown="continue" popup="none" popup-page-rule="" />
        </Frame>
      </Paragraph>
    </TableCell>
    <TableCell>
      <Paragraph id="1136598" dropdown="continue" popup="none" popup-page-rule="" />
    </TableCell>
    <TableCell>
      <Paragraph id="1136600" dropdown="continue" popup="none" popup-page-rule="" />
    </TableCell>
    <TableCell>
      <Paragraph id="1136602" dropdown="continue" popup="none" popup-page-rule="" />
    </TableCell>
    <TableCell>
      <Paragraph id="1136607" dropdown="continue" popup="none" popup-page-rule="">
        <Frame id="1136605">
          <Paragraph id="" dropdown="continue" popup="none" popup-page-rule="" />
        </Frame>
      </Paragraph>
    </TableCell>
    <TableCell>
      <Paragraph id="1136609" dropdown="continue" popup="none" popup-page-rule="" />
    </TableCell>
  </Table>
  <Paragraph id="1128246" documentposition="89" splitpriority="2" dropdown="continue" popup="none" popup-page-rule="">
    <Marker behavior="topic" id="1127586">
      <Marker id="1127586" name="TopicAlias" xmlns="urn:WebWorks-Document-Schema">
        <TextRun id="tr1127586-1">
          <Text value="logging_out" />
        </TextRun>
      </Marker>
    </Marker>
  </Paragraph>
  <Paragraph id="1141079" documentposition="90" splitpriority="none" dropdown="continue" popup="none" popup-page-rule="" />
  <Paragraph id="1155137" documentposition="91" splitpriority="none" relatedtopic="define-no-output" dropdown="continue" popup="none" popup-page-rule="" />
  <Paragraph id="1155141" documentposition="92" splitpriority="none" relatedtopic="define-no-output" dropdown="continue" popup="none" popup-page-rule="" />
  <Paragraph id="1155145" documentposition="93" splitpriority="none" relatedtopic="define-no-output" dropdown="continue" popup="none" popup-page-rule="" />
  <Paragraph id="1141081" documentposition="94" splitpriority="none" dropdown="continue" popup="none" popup-page-rule="" />
  <Paragraph id="1136640" documentposition="95" splitpriority="2" dropdown="continue" popup="none" popup-page-rule="" />
  <Paragraph id="1136641" documentposition="96" splitpriority="none" dropdown="continue" popup="none" popup-page-rule="" />
  <Table id="1136643" documentposition="97" splitpriority="none">
    <TableCell>
      <Paragraph id="1136646" dropdown="continue" popup="none" popup-page-rule="" />
    </TableCell>
    <TableCell>
      <Paragraph id="1136648" dropdown="continue" popup="none" popup-page-rule="" />
      <Paragraph id="1136649" dropdown="continue" popup="none" popup-page-rule="" />
      <Paragraph id="1136650" dropdown="continue" popup="none" popup-page-rule="" />
      <Paragraph id="1136651" dropdown="continue" popup="none" popup-page-rule="" />
      <Paragraph id="1136652" dropdown="continue" popup="none" popup-page-rule="" />
      <Paragraph id="1136653" dropdown="continue" popup="none" popup-page-rule="" />
    </TableCell>
    <TableCell>
      <Paragraph id="1136655" dropdown="continue" popup="none" popup-page-rule="" />
    </TableCell>
    <TableCell>
      <Paragraph id="1136658" dropdown="continue" popup="none" popup-page-rule="" />
    </TableCell>
    <TableCell>
      <Paragraph id="1136660" dropdown="continue" popup="none" popup-page-rule="" />
    </TableCell>
    <TableCell>
      <Paragraph id="1136662" dropdown="continue" popup="none" popup-page-rule="" />
      <Paragraph id="1136663" dropdown="continue" popup="none" popup-page-rule="" />
      <Paragraph id="1136664" dropdown="continue" popup="none" popup-page-rule="" />
    </TableCell>
  </Table>
  <Paragraph id="1129018" documentposition="98" splitpriority="none" dropdown="continue" popup="none" popup-page-rule="" />
  <Paragraph id="1095058" documentposition="99" splitpriority="none" dropdown="continue" popup="none" popup-page-rule="" />
</Behaviors>