<?xml version="1.0" encoding="utf-8"?>
<SplitPriorities version="1.0" xmlns="urn:WebWorks-Engine-Splits-Schema">
  <SplitPriority id="1052621" documentposition="3" splitpriority="1" outputposition="1" />
  <SplitPriority id="1135030" documentposition="12" splitpriority="2" outputposition="10" />
  <SplitPriority id="1141097" documentposition="19" splitpriority="2" outputposition="17" />
  <SplitPriority id="1146398" documentposition="51" splitpriority="2" outputposition="49" />
  <SplitPriority id="1127723" documentposition="57" splitpriority="2" outputposition="54" />
  <SplitPriority id="1136890" documentposition="63" splitpriority="3" outputposition="60" />
  <SplitPriority id="1151722" documentposition="71" splitpriority="2" outputposition="68" />
  <SplitPriority id="1155418" documentposition="77" splitpriority="3" outputposition="73" />
  <SplitPriority id="1136527" documentposition="83" splitpriority="2" outputposition="77" />
  <SplitPriority id="1128246" documentposition="89" splitpriority="2" outputposition="83" />
  <SplitPriority id="1136640" documentposition="95" splitpriority="2" outputposition="89" />
</SplitPriorities>