<?xml version="1.0" encoding="utf-8"?>
<Splits version="1.0" xmlns="urn:WebWorks-Engine-Splits-Schema">
  <Split id="1052621" documentposition="3" />
  <Split id="1135030" documentposition="12" />
  <Split id="1141097" documentposition="19" />
  <Split id="1127723" documentposition="51" />
  <Split id="1136890" documentposition="63" />
  <Split id="1151722" documentposition="71" />
  <Split id="1152306" documentposition="77" />
  <Split id="1136527" documentposition="83" />
  <Split id="1128246" documentposition="89" />
  <Split id="1136640" documentposition="95" />
</Splits>