<?xml version="1.0" encoding="utf-8"?>
<Behaviors version="1.0" xmlns="urn:WebWorks-Behaviors-Schema">
  <Split id="1070912" documentposition="3">
    <Paragraph id="1070912" documentposition="3" splitpriority="1" />
    <Paragraph id="1073214" documentposition="4" splitpriority="none" />
    <Paragraph id="1075810" documentposition="5" splitpriority="none" />
    <Paragraph id="1075816" documentposition="6" splitpriority="none" />
    <Paragraph id="1075820" documentposition="7" splitpriority="none" />
    <Paragraph id="1075824" documentposition="8" splitpriority="none" />
    <Paragraph id="1075828" documentposition="9" splitpriority="none" />
    <Paragraph id="1075832" documentposition="10" splitpriority="none" />
  </Split>
  <Split id="1075801" documentposition="11">
    <Paragraph id="1075801" documentposition="11" splitpriority="2" />
    <Paragraph id="1073215" documentposition="12" splitpriority="none" />
    <Paragraph id="1073216" documentposition="13" splitpriority="none" />
    <Paragraph id="1073217" documentposition="14" splitpriority="none" />
    <Paragraph id="1073222" documentposition="15" splitpriority="none" />
    <Paragraph id="1073223" documentposition="16" splitpriority="none" />
    <Paragraph id="1078398" documentposition="17" splitpriority="none" relatedtopic="define-no-output" />
    <Paragraph id="1078402" documentposition="18" splitpriority="none" relatedtopic="define-no-output" />
    <Paragraph id="1078406" documentposition="19" splitpriority="none" relatedtopic="define-no-output" />
  </Split>
  <Split id="1073225" documentposition="20">
    <Paragraph id="1073225" documentposition="20" splitpriority="2" />
    <Paragraph id="1073226" documentposition="21" splitpriority="none" />
    <Paragraph id="1073227" documentposition="22" splitpriority="none" />
    <Paragraph id="1073228" documentposition="23" splitpriority="none" />
    <Paragraph id="1073229" documentposition="24" splitpriority="none" />
    <Paragraph id="1073230" documentposition="25" splitpriority="none" />
    <Paragraph id="1078414" documentposition="26" splitpriority="none" relatedtopic="define-no-output" />
    <Paragraph id="1078418" documentposition="27" splitpriority="none" relatedtopic="define-no-output" />
    <Paragraph id="1078422" documentposition="28" splitpriority="none" relatedtopic="define-no-output" />
    <Paragraph id="1078426" documentposition="29" splitpriority="none" relatedtopic="define-no-output" />
  </Split>
  <Split id="1073232" documentposition="30">
    <Paragraph id="1073232" documentposition="30" splitpriority="2" />
    <Paragraph id="1073233" documentposition="31" splitpriority="none" />
    <Paragraph id="1073234" documentposition="32" splitpriority="none" />
    <Paragraph id="1073235" documentposition="33" splitpriority="none" />
    <Paragraph id="1073236" documentposition="34" splitpriority="none" />
    <Paragraph id="1073237" documentposition="35" splitpriority="none" />
    <Paragraph id="1073238" documentposition="36" splitpriority="none" />
    <Paragraph id="1073239" documentposition="37" splitpriority="none" />
    <Paragraph id="1073240" documentposition="38" splitpriority="none" />
    <Paragraph id="1078434" documentposition="39" splitpriority="none" relatedtopic="define-no-output" />
    <Paragraph id="1078438" documentposition="40" splitpriority="none" relatedtopic="define-no-output" />
    <Paragraph id="1078442" documentposition="41" splitpriority="none" relatedtopic="define-no-output" />
    <Paragraph id="1078446" documentposition="42" splitpriority="none" relatedtopic="define-no-output" />
  </Split>
  <Split id="1073242" documentposition="43">
    <Paragraph id="1073242" documentposition="43" splitpriority="2" />
    <Paragraph id="1073243" documentposition="44" splitpriority="none" />
    <Paragraph id="1073244" documentposition="45" splitpriority="none" />
    <Paragraph id="1073245" documentposition="46" splitpriority="none" />
    <Paragraph id="1073246" documentposition="47" splitpriority="none" />
    <Paragraph id="1073247" documentposition="48" splitpriority="none" />
    <Paragraph id="1073248" documentposition="49" splitpriority="none" />
    <Paragraph id="1073249" documentposition="50" splitpriority="none" />
    <Paragraph id="1073250" documentposition="51" splitpriority="none" />
    <Paragraph id="1078454" documentposition="52" splitpriority="none" relatedtopic="define-no-output" />
    <Paragraph id="1078458" documentposition="53" splitpriority="none" relatedtopic="define-no-output" />
    <Paragraph id="1078462" documentposition="54" splitpriority="none" relatedtopic="define-no-output" />
    <Paragraph id="1078466" documentposition="55" splitpriority="none" relatedtopic="define-no-output" />
  </Split>
  <Split id="1073252" documentposition="56">
    <Paragraph id="1073252" documentposition="56" splitpriority="2" />
    <Paragraph id="1073253" documentposition="57" splitpriority="none" />
    <Paragraph id="1073254" documentposition="58" splitpriority="none" />
    <Paragraph id="1073255" documentposition="59" splitpriority="none" />
    <Paragraph id="1073256" documentposition="60" splitpriority="none" />
    <Paragraph id="1073257" documentposition="61" splitpriority="none" />
    <Paragraph id="1073258" documentposition="62" splitpriority="none" />
    <Paragraph id="1073259" documentposition="63" splitpriority="none" />
    <Paragraph id="1073260" documentposition="64" splitpriority="none" />
    <Paragraph id="1073261" documentposition="65" splitpriority="none" />
    <Paragraph id="1073262" documentposition="66" splitpriority="none" />
    <Paragraph id="1078474" documentposition="67" splitpriority="none" relatedtopic="define-no-output" />
    <Paragraph id="1078478" documentposition="68" splitpriority="none" relatedtopic="define-no-output" />
    <Paragraph id="1078482" documentposition="69" splitpriority="none" relatedtopic="define-no-output" />
    <Paragraph id="1078486" documentposition="70" splitpriority="none" relatedtopic="define-no-output" />
  </Split>
  <Split id="1073264" documentposition="71">
    <Paragraph id="1073264" documentposition="71" splitpriority="2" />
    <Paragraph id="1073265" documentposition="72" splitpriority="none" />
    <Paragraph id="1073266" documentposition="73" splitpriority="none" />
    <Paragraph id="1073267" documentposition="74" splitpriority="none" />
    <Paragraph id="1073268" documentposition="75" splitpriority="none" />
    <Paragraph id="1073269" documentposition="76" splitpriority="none" />
    <Paragraph id="1073270" documentposition="77" splitpriority="none" />
    <Paragraph id="1073271" documentposition="78" splitpriority="none" />
    <Paragraph id="1073169" documentposition="79" splitpriority="none" />
    <Paragraph id="1078494" documentposition="80" splitpriority="none" relatedtopic="define-no-output" />
    <Paragraph id="1078498" documentposition="81" splitpriority="none" relatedtopic="define-no-output" />
    <Paragraph id="1078502" documentposition="82" splitpriority="none" relatedtopic="define-no-output" />
    <Paragraph id="1078506" documentposition="83" splitpriority="none" relatedtopic="define-no-output" />
    <Paragraph id="1075580" documentposition="84" splitpriority="none" />
  </Split>
</Behaviors>