<?xml version="1.0" encoding="utf-8"?>
<Index version="1.0" xmlns="urn:WebWorks-Index-Schema">
  <Entry name="subject clinical data, configuring for import" sort="subject clinical data, configuring for import" sectionposition="2">
    <Content xmlns="urn:WebWorks-Document-Schema">
      <TextRun>
        <Text value="subject clinical data, configuring for import" />
      </TextRun>
    </Content>
    <Link href="C:\Documents and Settings\hadfielj\My Documents\ePublisher Pro Projects\caIntegrator2\Output\WebWorks Help 5.0\caIntegrator2\appdx data import.9.2.html" anchor="1073215" fileposition="87" first="false" />
  </Entry>
  <Entry name="configuring" sort="configuring" sectionposition="2">
    <Content xmlns="urn:WebWorks-Document-Schema">
      <TextRun>
        <Text value="configuring" />
      </TextRun>
    </Content>
    <Entry name="subject clinical data for import" sort="subject clinical data for import">
      <Content xmlns="urn:WebWorks-Document-Schema">
        <TextRun>
          <Text value="subject clinical data for import" />
        </TextRun>
      </Content>
      <Link href="C:\Documents and Settings\hadfielj\My Documents\ePublisher Pro Projects\caIntegrator2\Output\WebWorks Help 5.0\caIntegrator2\appdx data import.9.2.html" anchor="1073215" fileposition="87" first="false" />
    </Entry>
  </Entry>
  <Entry name="delimited text annotation import" sort="delimited text annotation import" sectionposition="2">
    <Content xmlns="urn:WebWorks-Document-Schema">
      <TextRun>
        <Text value="delimited text annotation import" />
      </TextRun>
    </Content>
    <Link href="C:\Documents and Settings\hadfielj\My Documents\ePublisher Pro Projects\caIntegrator2\Output\WebWorks Help 5.0\caIntegrator2\appdx data import.9.3.html" anchor="1073226" fileposition="88" first="false" />
  </Entry>
  <Entry name="importing delimited text annotations" sort="importing delimited text annotations" sectionposition="2">
    <Content xmlns="urn:WebWorks-Document-Schema">
      <TextRun>
        <Text value="importing delimited text annotations" />
      </TextRun>
    </Content>
    <Link href="C:\Documents and Settings\hadfielj\My Documents\ePublisher Pro Projects\caIntegrator2\Output\WebWorks Help 5.0\caIntegrator2\appdx data import.9.3.html" anchor="1073226" fileposition="88" first="false" />
  </Entry>
  <Entry name="annotation" sort="annotation" sectionposition="2">
    <Content xmlns="urn:WebWorks-Document-Schema">
      <TextRun>
        <Text value="annotation" />
      </TextRun>
    </Content>
    <Entry name="importing delimited text" sort="importing delimited text">
      <Content xmlns="urn:WebWorks-Document-Schema">
        <TextRun>
          <Text value="importing delimited text" />
        </TextRun>
      </Content>
      <Link href="C:\Documents and Settings\hadfielj\My Documents\ePublisher Pro Projects\caIntegrator2\Output\WebWorks Help 5.0\caIntegrator2\appdx data import.9.3.html" anchor="1073226" fileposition="88" first="false" />
    </Entry>
  </Entry>
  <Entry name="annotation" sort="annotation" sectionposition="2">
    <Content xmlns="urn:WebWorks-Document-Schema">
      <TextRun>
        <Text value="annotation" />
      </TextRun>
    </Content>
    <Entry name="configuring field" sort="configuring field">
      <Content xmlns="urn:WebWorks-Document-Schema">
        <TextRun>
          <Text value="configuring field" />
        </TextRun>
      </Content>
      <Link href="C:\Documents and Settings\hadfielj\My Documents\ePublisher Pro Projects\caIntegrator2\Output\WebWorks Help 5.0\caIntegrator2\appdx data import.9.4.html" anchor="1073233" fileposition="89" first="false" />
    </Entry>
  </Entry>
  <Entry name="configuring" sort="configuring" sectionposition="2">
    <Content xmlns="urn:WebWorks-Document-Schema">
      <TextRun>
        <Text value="configuring" />
      </TextRun>
    </Content>
    <Entry name="annotation fields for import" sort="annotation fields for import">
      <Content xmlns="urn:WebWorks-Document-Schema">
        <TextRun>
          <Text value="annotation fields for import" />
        </TextRun>
      </Content>
      <Link href="C:\Documents and Settings\hadfielj\My Documents\ePublisher Pro Projects\caIntegrator2\Output\WebWorks Help 5.0\caIntegrator2\appdx data import.9.4.html" anchor="1073233" fileposition="89" first="false" />
    </Entry>
  </Entry>
  <Entry name="sample data, configuring for import" sort="sample data, configuring for import" sectionposition="2">
    <Content xmlns="urn:WebWorks-Document-Schema">
      <TextRun>
        <Text value="sample data, configuring for import" />
      </TextRun>
    </Content>
    <Link href="C:\Documents and Settings\hadfielj\My Documents\ePublisher Pro Projects\caIntegrator2\Output\WebWorks Help 5.0\caIntegrator2\appdx data import.9.5.html" anchor="1073243" fileposition="90" first="false" />
  </Entry>
  <Entry name="configuring" sort="configuring" sectionposition="2">
    <Content xmlns="urn:WebWorks-Document-Schema">
      <TextRun>
        <Text value="configuring" />
      </TextRun>
    </Content>
    <Entry name="sample data for import" sort="sample data for import">
      <Content xmlns="urn:WebWorks-Document-Schema">
        <TextRun>
          <Text value="sample data for import" />
        </TextRun>
      </Content>
      <Link href="C:\Documents and Settings\hadfielj\My Documents\ePublisher Pro Projects\caIntegrator2\Output\WebWorks Help 5.0\caIntegrator2\appdx data import.9.5.html" anchor="1073243" fileposition="90" first="false" />
    </Entry>
  </Entry>
  <Entry name="genomic data" sort="genomic data" sectionposition="2">
    <Content xmlns="urn:WebWorks-Document-Schema">
      <TextRun>
        <Text value="genomic data" />
      </TextRun>
    </Content>
    <Entry name="configuring for import" sort="configuring for import">
      <Content xmlns="urn:WebWorks-Document-Schema">
        <TextRun>
          <Text value="configuring for import" />
        </TextRun>
      </Content>
      <Link href="C:\Documents and Settings\hadfielj\My Documents\ePublisher Pro Projects\caIntegrator2\Output\WebWorks Help 5.0\caIntegrator2\appdx data import.9.6.html" anchor="1073253" fileposition="91" first="false" />
    </Entry>
  </Entry>
  <Entry name="configuring" sort="configuring" sectionposition="2">
    <Content xmlns="urn:WebWorks-Document-Schema">
      <TextRun>
        <Text value="configuring" />
      </TextRun>
    </Content>
    <Entry name="genomic data for import" sort="genomic data for import">
      <Content xmlns="urn:WebWorks-Document-Schema">
        <TextRun>
          <Text value="genomic data for import" />
        </TextRun>
      </Content>
      <Link href="C:\Documents and Settings\hadfielj\My Documents\ePublisher Pro Projects\caIntegrator2\Output\WebWorks Help 5.0\caIntegrator2\appdx data import.9.6.html" anchor="1073253" fileposition="91" first="false" />
    </Entry>
  </Entry>
  <Entry name="imaging data" sort="imaging data" sectionposition="2">
    <Content xmlns="urn:WebWorks-Document-Schema">
      <TextRun>
        <Text value="imaging data" />
      </TextRun>
    </Content>
    <Entry name="configuring for import" sort="configuring for import">
      <Content xmlns="urn:WebWorks-Document-Schema">
        <TextRun>
          <Text value="configuring for import" />
        </TextRun>
      </Content>
      <Link href="C:\Documents and Settings\hadfielj\My Documents\ePublisher Pro Projects\caIntegrator2\Output\WebWorks Help 5.0\caIntegrator2\appdx data import.9.7.html" anchor="1073265" fileposition="92" first="false" />
    </Entry>
  </Entry>
  <Entry name="configuring" sort="configuring" sectionposition="2">
    <Content xmlns="urn:WebWorks-Document-Schema">
      <TextRun>
        <Text value="configuring" />
      </TextRun>
    </Content>
    <Entry name="imaging data for import" sort="imaging data for import">
      <Content xmlns="urn:WebWorks-Document-Schema">
        <TextRun>
          <Text value="imaging data for import" />
        </TextRun>
      </Content>
      <Link href="C:\Documents and Settings\hadfielj\My Documents\ePublisher Pro Projects\caIntegrator2\Output\WebWorks Help 5.0\caIntegrator2\appdx data import.9.7.html" anchor="1073265" fileposition="92" first="false" />
    </Entry>
  </Entry>
</Index>