<?xml version="1.0" encoding="utf-8"?>
<Behaviors version="1.0" xmlns="urn:WebWorks-Behaviors-Schema">
  <Split id="1052621" documentposition="3">
    <Paragraph id="1052621" documentposition="3" splitpriority="1" />
    <Paragraph id="1067312" documentposition="4" splitpriority="none" />
    <Paragraph id="1067313" documentposition="5" splitpriority="none" />
    <Paragraph id="1114573" documentposition="6" splitpriority="none" />
    <Paragraph id="1101079" documentposition="7" splitpriority="none" />
    <Paragraph id="1085443" documentposition="8" splitpriority="none" />
    <Paragraph id="1092596" documentposition="9" splitpriority="none" />
    <Paragraph id="1127939" documentposition="10" splitpriority="none" />
  </Split>
  <Split id="1127656" documentposition="11">
    <Paragraph id="1127656" documentposition="11" splitpriority="2" />
    <Paragraph id="1128252" documentposition="12" splitpriority="none" />
    <Paragraph id="1133538" documentposition="13" splitpriority="none" relatedtopic="define-no-output" />
    <Paragraph id="1133542" documentposition="14" splitpriority="none" relatedtopic="define-no-output" />
    <Paragraph id="1133546" documentposition="15" splitpriority="none" relatedtopic="define-no-output" />
    <Paragraph id="1133550" documentposition="16" splitpriority="none" relatedtopic="define-no-output" />
    <Paragraph id="1133554" documentposition="17" splitpriority="none" relatedtopic="define-no-output" />
  </Split>
  <Split id="1127730" documentposition="18">
    <Paragraph id="1127730" documentposition="18" splitpriority="2" />
    <Paragraph id="1127731" documentposition="19" splitpriority="none" />
    <Paragraph id="1127732" documentposition="20" splitpriority="none" />
    <Paragraph id="1127733" documentposition="21" splitpriority="none" />
    <Paragraph id="1127734" documentposition="22" splitpriority="none" />
    <Paragraph id="1127735" documentposition="23" splitpriority="none" />
    <Paragraph id="1127816" documentposition="24" splitpriority="none" />
    <Table id="1127736" documentposition="25" splitpriority="none">
      <TableCell>
        <Paragraph id="1127738" />
      </TableCell>
      <TableCell>
        <Paragraph id="1127740" />
      </TableCell>
      <TableCell>
        <Paragraph id="1127745">
          <Frame id="1127743" />
        </Paragraph>
      </TableCell>
      <TableCell>
        <Paragraph id="1127747" />
      </TableCell>
      <TableCell>
        <Paragraph id="1127759">
          <Frame id="1127757" />
        </Paragraph>
      </TableCell>
      <TableCell>
        <Paragraph id="1127761" />
      </TableCell>
      <TableCell>
        <Paragraph id="1127766">
          <Frame id="1127764" />
        </Paragraph>
      </TableCell>
      <TableCell>
        <Paragraph id="1127768" />
      </TableCell>
      <TableCell>
        <Paragraph id="1127773">
          <Frame id="1127771" />
        </Paragraph>
      </TableCell>
      <TableCell>
        <Paragraph id="1127775" />
      </TableCell>
      <TableCell>
        <Paragraph id="1127780">
          <Frame id="1127778" />
        </Paragraph>
      </TableCell>
      <TableCell>
        <Paragraph id="1127782" />
      </TableCell>
      <TableCell>
        <Paragraph id="1127787">
          <Frame id="1127785" />
        </Paragraph>
        <Paragraph id="1127791">
          <Frame id="1127789" />
        </Paragraph>
      </TableCell>
      <TableCell>
        <Paragraph id="1127793" />
      </TableCell>
      <TableCell>
        <Paragraph id="1127798">
          <Frame id="1127796" />
        </Paragraph>
      </TableCell>
      <TableCell>
        <Paragraph id="1127800" />
      </TableCell>
      <TableCell>
        <Paragraph id="1127802" />
      </TableCell>
      <TableCell>
        <Paragraph id="1127804" />
      </TableCell>
      <TableCell>
        <Paragraph id="1127809">
          <Frame id="1127807" />
        </Paragraph>
      </TableCell>
      <TableCell>
        <Paragraph id="1127811" />
      </TableCell>
    </Table>
    <Paragraph id="1133562" documentposition="26" splitpriority="none" relatedtopic="define-no-output" />
    <Paragraph id="1133566" documentposition="27" splitpriority="none" relatedtopic="define-no-output" />
    <Paragraph id="1133570" documentposition="28" splitpriority="none" relatedtopic="define-no-output" />
    <Paragraph id="1133574" documentposition="29" splitpriority="none" relatedtopic="define-no-output" />
  </Split>
  <Split id="1115560" documentposition="30">
    <Paragraph id="1115560" documentposition="30" splitpriority="2">
      <Marker behavior="topic" id="1111505">
        <Marker id="1111505" name="TopicAlias" xmlns="urn:WebWorks-Document-Schema">
          <TextRun id="tr1111505-1">
            <Text value="login_help" />
          </TextRun>
        </Marker>
      </Marker>
    </Paragraph>
    <Paragraph id="1129115" documentposition="31" splitpriority="none" />
    <Paragraph id="1133591" documentposition="32" splitpriority="none" relatedtopic="define-no-output" />
    <Paragraph id="1133595" documentposition="33" splitpriority="none" relatedtopic="define-no-output" />
  </Split>
  <Split id="1127723" documentposition="34">
    <Paragraph id="1127723" documentposition="34" splitpriority="2">
      <Marker behavior="topic" id="1128385">
        <Marker id="1128385" name="TopicAlias" xmlns="urn:WebWorks-Document-Schema">
          <TextRun id="tr1128385-1">
            <Text value="welcome_help" />
          </TextRun>
        </Marker>
      </Marker>
    </Paragraph>
    <Paragraph id="1122586" documentposition="35" splitpriority="none" />
    <Paragraph id="1133621" documentposition="36" splitpriority="none" />
    <Paragraph id="1133625" documentposition="37" splitpriority="none" />
    <Paragraph id="1133629" documentposition="38" splitpriority="none" />
  </Split>
  <Split id="1133634" documentposition="39">
    <Paragraph id="1133634" documentposition="39" splitpriority="3" />
    <Paragraph id="1122024" documentposition="40" splitpriority="none" />
    <Paragraph id="1133647" documentposition="41" splitpriority="none" />
    <Paragraph id="1122043" documentposition="42" splitpriority="none" />
    <Table id="1122047" documentposition="43" splitpriority="none">
      <TableCell>
        <Paragraph id="1122049" />
      </TableCell>
      <TableCell>
        <Paragraph id="1122051" />
      </TableCell>
      <TableCell>
        <Paragraph id="1122708" />
      </TableCell>
      <TableCell>
        <Paragraph id="1122710" />
      </TableCell>
      <TableCell>
        <Paragraph id="1127327" />
      </TableCell>
      <TableCell>
        <Paragraph id="1127329" />
      </TableCell>
      <TableCell>
        <Paragraph id="1122715" />
      </TableCell>
      <TableCell>
        <Paragraph id="1122725" />
      </TableCell>
      <TableCell>
        <Paragraph id="1122060" />
      </TableCell>
      <TableCell>
        <Paragraph id="1122681" />
      </TableCell>
      <TableCell>
        <Paragraph id="1122067" />
      </TableCell>
      <TableCell>
        <Paragraph id="1127345" />
        <Paragraph id="1127348" />
        <Paragraph id="1127344" />
      </TableCell>
      <TableCell>
        <Paragraph id="1122074" />
      </TableCell>
      <TableCell>
        <Paragraph id="1122647" />
        <Paragraph id="1127522" />
        <Paragraph id="1127523" />
      </TableCell>
    </Table>
    <Paragraph id="1128215" documentposition="44" splitpriority="none" />
    <Paragraph id="1129005" documentposition="45" splitpriority="none" />
    <Paragraph id="1129000" documentposition="46" splitpriority="none" />
    <Paragraph id="1128979" documentposition="47" splitpriority="none" />
    <Paragraph id="1129351" documentposition="48" splitpriority="none" />
  </Split>
  <Split id="1128246" documentposition="49">
    <Paragraph id="1128246" documentposition="49" splitpriority="2">
      <Marker behavior="topic" id="1127586">
        <Marker id="1127586" name="TopicAlias" xmlns="urn:WebWorks-Document-Schema">
          <TextRun id="tr1127586-1">
            <Text value="logging_out" />
          </TextRun>
        </Marker>
      </Marker>
    </Paragraph>
    <Paragraph id="1111569" documentposition="50" splitpriority="none" />
    <Paragraph id="1133675" documentposition="51" splitpriority="none" relatedtopic="define-no-output" />
    <Paragraph id="1133679" documentposition="52" splitpriority="none" relatedtopic="define-no-output" />
    <Paragraph id="1133683" documentposition="53" splitpriority="none" relatedtopic="define-no-output" />
  </Split>
  <Split id="1128943" documentposition="54">
    <Paragraph id="1128943" documentposition="54" splitpriority="2" />
    <Paragraph id="1122280" documentposition="55" splitpriority="none" />
    <Table id="1122282" documentposition="56" splitpriority="none">
      <TableCell>
        <Paragraph id="1122285" />
      </TableCell>
      <TableCell>
        <Paragraph id="1122287" />
        <Paragraph id="1122288" />
        <Paragraph id="1122289" />
        <Paragraph id="1122290" />
        <Paragraph id="1122291" />
        <Paragraph id="1122292" />
      </TableCell>
      <TableCell>
        <Paragraph id="1122294" />
      </TableCell>
      <TableCell>
        <Paragraph id="1122297" />
      </TableCell>
      <TableCell>
        <Paragraph id="1122299" />
      </TableCell>
      <TableCell>
        <Paragraph id="1122301" />
        <Paragraph id="1122302" />
        <Paragraph id="1122303" />
      </TableCell>
    </Table>
    <Paragraph id="1133691" documentposition="57" splitpriority="none" relatedtopic="define-no-output" />
    <Paragraph id="1133695" documentposition="58" splitpriority="none" relatedtopic="define-no-output" />
    <Paragraph id="1133699" documentposition="59" splitpriority="none" relatedtopic="define-no-output" />
    <Paragraph id="1129018" documentposition="60" splitpriority="none" />
    <Paragraph id="1095058" documentposition="61" splitpriority="none" />
  </Split>
</Behaviors>