<?xml version="1.0" encoding="utf-8"?>
<Index version="1.0" xmlns="urn:WebWorks-Index-Schema">
  <Entry name="caIntegrator2" sort="caIntegrator2" sectionposition="2">
    <Content xmlns="urn:WebWorks-Document-Schema">
      <TextRun>
        <Text value="caIntegrator2" />
      </TextRun>
    </Content>
    <Entry name="workspace" sort="workspace">
      <Content xmlns="urn:WebWorks-Document-Schema">
        <TextRun>
          <Text value="workspace" />
        </TextRun>
      </Content>
      <Link href="C:\Documents and Settings\hadfielj\My Documents\ePublisher Pro Projects\caIntegrator2\Output\WebWorks Help 5.0\caIntegrator2\Getting_Started.2.5.html" anchor="1122586" fileposition="6" first="false" />
    </Entry>
  </Entry>
  <Entry name="I-SPY" sort="I-SPY" sectionposition="2">
    <Content xmlns="urn:WebWorks-Document-Schema">
      <TextRun>
        <Text value="I-SPY" />
      </TextRun>
    </Content>
    <Entry name="tabs" sort="tabs">
      <Content xmlns="urn:WebWorks-Document-Schema">
        <TextRun>
          <Text value="tabs" />
        </TextRun>
      </Content>
      <Link href="C:\Documents and Settings\hadfielj\My Documents\ePublisher Pro Projects\caIntegrator2\Output\WebWorks Help 5.0\caIntegrator2\Getting_Started.2.6.html" anchor="1122024" fileposition="7" first="false" />
    </Entry>
  </Entry>
  <Entry name="tabs, shown" sort="tabs, shown" sectionposition="2">
    <Content xmlns="urn:WebWorks-Document-Schema">
      <TextRun>
        <Text value="tabs, shown" />
      </TextRun>
    </Content>
    <Link href="C:\Documents and Settings\hadfielj\My Documents\ePublisher Pro Projects\caIntegrator2\Output\WebWorks Help 5.0\caIntegrator2\Getting_Started.2.6.html" anchor="1122024" fileposition="7" first="false" />
  </Entry>
  <Entry name="logging out" sort="logging out" sectionposition="2">
    <Content xmlns="urn:WebWorks-Document-Schema">
      <TextRun>
        <Text value="logging out" />
      </TextRun>
    </Content>
    <Entry name="I-SPY" sort="I-SPY">
      <Content xmlns="urn:WebWorks-Document-Schema">
        <TextRun>
          <Text value="I-SPY" />
        </TextRun>
      </Content>
      <Link href="C:\Documents and Settings\hadfielj\My Documents\ePublisher Pro Projects\caIntegrator2\Output\WebWorks Help 5.0\caIntegrator2\Getting_Started.2.7.html" anchor="1111569" fileposition="8" first="false" />
    </Entry>
  </Entry>
  <Entry name="I-SPY" sort="I-SPY" sectionposition="2">
    <Content xmlns="urn:WebWorks-Document-Schema">
      <TextRun>
        <Text value="I-SPY" />
      </TextRun>
    </Content>
    <Entry name="logging out" sort="logging out">
      <Content xmlns="urn:WebWorks-Document-Schema">
        <TextRun>
          <Text value="logging out" />
        </TextRun>
      </Content>
      <Link href="C:\Documents and Settings\hadfielj\My Documents\ePublisher Pro Projects\caIntegrator2\Output\WebWorks Help 5.0\caIntegrator2\Getting_Started.2.7.html" anchor="1111569" fileposition="8" first="false" />
    </Entry>
  </Entry>
  <Entry name="logout link" sort="logout link" sectionposition="2">
    <Content xmlns="urn:WebWorks-Document-Schema">
      <TextRun>
        <Text value="logout link" />
      </TextRun>
    </Content>
    <Link href="C:\Documents and Settings\hadfielj\My Documents\ePublisher Pro Projects\caIntegrator2\Output\WebWorks Help 5.0\caIntegrator2\Getting_Started.2.7.html" anchor="1111569" fileposition="8" first="false" />
  </Entry>
  <Entry name="NCICB Application Support" sort="NCICB Application Support" sectionposition="2">
    <Content xmlns="urn:WebWorks-Document-Schema">
      <TextRun>
        <Text value="NCICB Application Support" />
      </TextRun>
    </Content>
    <Link href="C:\Documents and Settings\hadfielj\My Documents\ePublisher Pro Projects\caIntegrator2\Output\WebWorks Help 5.0\caIntegrator2\Getting_Started.2.8.html" anchor="1122280" fileposition="9" first="false" />
  </Entry>
  <Entry name="Application Support" sort="Application Support" sectionposition="2">
    <Content xmlns="urn:WebWorks-Document-Schema">
      <TextRun>
        <Text value="Application Support" />
      </TextRun>
    </Content>
    <Link href="C:\Documents and Settings\hadfielj\My Documents\ePublisher Pro Projects\caIntegrator2\Output\WebWorks Help 5.0\caIntegrator2\Getting_Started.2.8.html" anchor="1122280" fileposition="9" first="false" />
  </Entry>
</Index>