<?xml version="1.0" encoding="utf-8"?>
<Splits version="1.0" xmlns="urn:WebWorks-Engine-Splits-Schema">
  <Split groupID="F16E294B39BB5A9" documentID="67C8C35618899CF2" id="1052621" position="1" documentstartposition="3" documentendposition="10" title="Getting Started with caIntegrator2">
    <Group name="caIntegrator2" id="F16E294B39BB5A9" position="1" />
    <Document path="C:\Documents and Settings\hadfielj\My Documents\CBIIT Projects\caIntegrator2\Getting_Started.fm" id="67C8C35618899CF2" position="2" />
    <PageStyle value="" />
    <Frames />
    <Popups />
  </Split>
  <Split groupID="F16E294B39BB5A9" documentID="67C8C35618899CF2" id="1127656" position="2" documentstartposition="11" documentendposition="17" title="About caIntegrator2">
    <Group name="caIntegrator2" id="F16E294B39BB5A9" position="1" />
    <Document path="C:\Documents and Settings\hadfielj\My Documents\CBIIT Projects\caIntegrator2\Getting_Started.fm" id="67C8C35618899CF2" position="2" />
    <PageStyle value="" />
    <Frames />
    <Popups />
  </Split>
  <Split groupID="F16E294B39BB5A9" documentID="67C8C35618899CF2" id="1127730" position="3" documentstartposition="18" documentendposition="29" title="Using Online Help">
    <Group name="caIntegrator2" id="F16E294B39BB5A9" position="1" />
    <Document path="C:\Documents and Settings\hadfielj\My Documents\CBIIT Projects\caIntegrator2\Getting_Started.fm" id="67C8C35618899CF2" position="2" />
    <PageStyle value="" />
    <Frames>
      <Frame position="1" title="">
        <Frame id="1127743" stylename="Default" xmlns="urn:WebWorks-Document-Schema">
          <Attribute name="display" value="block" />
          <Attribute name="float" value="none" />
          <Attribute name="text-align" value="left" />
          <Attribute name="left" value="0.0" />
          <Attribute name="top" value="0.0" />
          <Attribute name="width" value="20.39976" />
          <Attribute name="height" value="18.14976" />
          <Facets>
            <Facet type="document">
              <Attribute name="adapter" value="Adobe FrameMaker" />
              <Attribute name="path" value="C:\Documents and Settings\hadfielj\My Documents\ePublisher Pro Projects\caIntegrator2\Data\61DD7DDB65736B3\F16E294B39BB5A9\67C8C35618899CF2\Getting_Started.fmwif" />
              <Attribute name="id" value="1127743" />
            </Facet>
          </Facets>
          <Content />
        </Frame>
      </Frame>
      <Frame position="2" title="">
        <Frame id="1127757" stylename="Default" xmlns="urn:WebWorks-Document-Schema">
          <Attribute name="display" value="block" />
          <Attribute name="float" value="none" />
          <Attribute name="text-align" value="left" />
          <Attribute name="left" value="0.0" />
          <Attribute name="top" value="0.0" />
          <Attribute name="width" value="41.472" />
          <Attribute name="height" value="15.12" />
          <Facets>
            <Facet type="document">
              <Attribute name="adapter" value="Adobe FrameMaker" />
              <Attribute name="path" value="C:\Documents and Settings\hadfielj\My Documents\ePublisher Pro Projects\caIntegrator2\Data\61DD7DDB65736B3\F16E294B39BB5A9\67C8C35618899CF2\Getting_Started.fmwif" />
              <Attribute name="id" value="1127757" />
            </Facet>
          </Facets>
          <Content />
        </Frame>
      </Frame>
      <Frame position="3" title="">
        <Frame id="1127764" stylename="Default" xmlns="urn:WebWorks-Document-Schema">
          <Attribute name="display" value="block" />
          <Attribute name="float" value="none" />
          <Attribute name="text-align" value="left" />
          <Attribute name="left" value="0.0" />
          <Attribute name="top" value="0.0" />
          <Attribute name="width" value="42.624" />
          <Attribute name="height" value="14.256" />
          <Facets>
            <Facet type="document">
              <Attribute name="adapter" value="Adobe FrameMaker" />
              <Attribute name="path" value="C:\Documents and Settings\hadfielj\My Documents\ePublisher Pro Projects\caIntegrator2\Data\61DD7DDB65736B3\F16E294B39BB5A9\67C8C35618899CF2\Getting_Started.fmwif" />
              <Attribute name="id" value="1127764" />
            </Facet>
          </Facets>
          <Content />
        </Frame>
      </Frame>
      <Frame position="4" title="">
        <Frame id="1127771" stylename="Default" xmlns="urn:WebWorks-Document-Schema">
          <Attribute name="display" value="block" />
          <Attribute name="float" value="none" />
          <Attribute name="text-align" value="left" />
          <Attribute name="left" value="0.0" />
          <Attribute name="top" value="0.0" />
          <Attribute name="width" value="43.92" />
          <Attribute name="height" value="15.048" />
          <Facets>
            <Facet type="document">
              <Attribute name="adapter" value="Adobe FrameMaker" />
              <Attribute name="path" value="C:\Documents and Settings\hadfielj\My Documents\ePublisher Pro Projects\caIntegrator2\Data\61DD7DDB65736B3\F16E294B39BB5A9\67C8C35618899CF2\Getting_Started.fmwif" />
              <Attribute name="id" value="1127771" />
            </Facet>
          </Facets>
          <Content />
        </Frame>
      </Frame>
      <Frame position="5" title="">
        <Frame id="1127778" stylename="Default" xmlns="urn:WebWorks-Document-Schema">
          <Attribute name="display" value="block" />
          <Attribute name="float" value="none" />
          <Attribute name="text-align" value="left" />
          <Attribute name="left" value="0.0" />
          <Attribute name="top" value="0.0" />
          <Attribute name="width" value="41.184" />
          <Attribute name="height" value="15.768" />
          <Facets>
            <Facet type="document">
              <Attribute name="adapter" value="Adobe FrameMaker" />
              <Attribute name="path" value="C:\Documents and Settings\hadfielj\My Documents\ePublisher Pro Projects\caIntegrator2\Data\61DD7DDB65736B3\F16E294B39BB5A9\67C8C35618899CF2\Getting_Started.fmwif" />
              <Attribute name="id" value="1127778" />
            </Facet>
          </Facets>
          <Content />
        </Frame>
      </Frame>
      <Frame position="6" title="">
        <Frame id="1127785" stylename="Default" xmlns="urn:WebWorks-Document-Schema">
          <Attribute name="display" value="block" />
          <Attribute name="float" value="none" />
          <Attribute name="text-align" value="left" />
          <Attribute name="left" value="0.0" />
          <Attribute name="top" value="0.0" />
          <Attribute name="width" value="21.6" />
          <Attribute name="height" value="22.35024" />
          <Facets>
            <Facet type="document">
              <Attribute name="adapter" value="Adobe FrameMaker" />
              <Attribute name="path" value="C:\Documents and Settings\hadfielj\My Documents\ePublisher Pro Projects\caIntegrator2\Data\61DD7DDB65736B3\F16E294B39BB5A9\67C8C35618899CF2\Getting_Started.fmwif" />
              <Attribute name="id" value="1127785" />
            </Facet>
          </Facets>
          <Content />
        </Frame>
      </Frame>
      <Frame position="7" title="">
        <Frame id="1127789" stylename="Default" xmlns="urn:WebWorks-Document-Schema">
          <Attribute name="display" value="block" />
          <Attribute name="float" value="none" />
          <Attribute name="text-align" value="left" />
          <Attribute name="left" value="0.0" />
          <Attribute name="top" value="0.0" />
          <Attribute name="width" value="87.88752" />
          <Attribute name="height" value="15.264" />
          <Facets>
            <Facet type="document">
              <Attribute name="adapter" value="Adobe FrameMaker" />
              <Attribute name="path" value="C:\Documents and Settings\hadfielj\My Documents\ePublisher Pro Projects\caIntegrator2\Data\61DD7DDB65736B3\F16E294B39BB5A9\67C8C35618899CF2\Getting_Started.fmwif" />
              <Attribute name="id" value="1127789" />
            </Facet>
          </Facets>
          <Content />
        </Frame>
      </Frame>
      <Frame position="8" title="">
        <Frame id="1127796" stylename="Default" xmlns="urn:WebWorks-Document-Schema">
          <Attribute name="display" value="block" />
          <Attribute name="float" value="none" />
          <Attribute name="text-align" value="left" />
          <Attribute name="left" value="0.0" />
          <Attribute name="top" value="0.0" />
          <Attribute name="width" value="18.59976" />
          <Attribute name="height" value="18.78624" />
          <Facets>
            <Facet type="document">
              <Attribute name="adapter" value="Adobe FrameMaker" />
              <Attribute name="path" value="C:\Documents and Settings\hadfielj\My Documents\ePublisher Pro Projects\caIntegrator2\Data\61DD7DDB65736B3\F16E294B39BB5A9\67C8C35618899CF2\Getting_Started.fmwif" />
              <Attribute name="id" value="1127796" />
            </Facet>
          </Facets>
          <Content />
        </Frame>
      </Frame>
      <Frame position="9" title="">
        <Frame id="1127807" stylename="Default" xmlns="urn:WebWorks-Document-Schema">
          <Attribute name="display" value="block" />
          <Attribute name="float" value="none" />
          <Attribute name="text-align" value="left" />
          <Attribute name="left" value="0.0" />
          <Attribute name="top" value="0.0" />
          <Attribute name="width" value="66.888" />
          <Attribute name="height" value="13.896" />
          <Facets>
            <Facet type="document">
              <Attribute name="adapter" value="Adobe FrameMaker" />
              <Attribute name="path" value="C:\Documents and Settings\hadfielj\My Documents\ePublisher Pro Projects\caIntegrator2\Data\61DD7DDB65736B3\F16E294B39BB5A9\67C8C35618899CF2\Getting_Started.fmwif" />
              <Attribute name="id" value="1127807" />
            </Facet>
          </Facets>
          <Content />
        </Frame>
      </Frame>
    </Frames>
    <Popups />
  </Split>
  <Split groupID="F16E294B39BB5A9" documentID="67C8C35618899CF2" id="1115560" position="4" documentstartposition="30" documentendposition="32" title="Logging In">
    <Group name="caIntegrator2" id="F16E294B39BB5A9" position="1" />
    <Document path="C:\Documents and Settings\hadfielj\My Documents\CBIIT Projects\caIntegrator2\Getting_Started.fm" id="67C8C35618899CF2" position="2" />
    <PageStyle value="" />
    <Frames />
    <Popups />
  </Split>
  <Split groupID="F16E294B39BB5A9" documentID="67C8C35618899CF2" id="1127723" position="5" documentstartposition="33" documentendposition="37" title="Using the caIntegrator2 Workspace">
    <Group name="caIntegrator2" id="F16E294B39BB5A9" position="1" />
    <Document path="C:\Documents and Settings\hadfielj\My Documents\CBIIT Projects\caIntegrator2\Getting_Started.fm" id="67C8C35618899CF2" position="2" />
    <PageStyle value="" />
    <Frames />
    <Popups />
  </Split>
  <Split groupID="F16E294B39BB5A9" documentID="67C8C35618899CF2" id="1127297" position="6" documentstartposition="38" documentendposition="47" title="caIntegrator2 Functions">
    <Group name="caIntegrator2" id="F16E294B39BB5A9" position="1" />
    <Document path="C:\Documents and Settings\hadfielj\My Documents\CBIIT Projects\caIntegrator2\Getting_Started.fm" id="67C8C35618899CF2" position="2" />
    <PageStyle value="" />
    <Frames />
    <Popups />
  </Split>
  <Split groupID="F16E294B39BB5A9" documentID="67C8C35618899CF2" id="1128246" position="7" documentstartposition="48" documentendposition="52" title="Logging Out">
    <Group name="caIntegrator2" id="F16E294B39BB5A9" position="1" />
    <Document path="C:\Documents and Settings\hadfielj\My Documents\CBIIT Projects\caIntegrator2\Getting_Started.fm" id="67C8C35618899CF2" position="2" />
    <PageStyle value="" />
    <Frames />
    <Popups />
  </Split>
  <Split groupID="F16E294B39BB5A9" documentID="67C8C35618899CF2" id="1128943" position="8" documentstartposition="53" documentendposition="60" title="Application Support">
    <Group name="caIntegrator2" id="F16E294B39BB5A9" position="1" />
    <Document path="C:\Documents and Settings\hadfielj\My Documents\CBIIT Projects\caIntegrator2\Getting_Started.fm" id="67C8C35618899CF2" position="2" />
    <PageStyle value="" />
    <Frames />
    <Popups />
  </Split>
</Splits>