<?xml version="1.0" encoding="utf-8"?>
<Behaviors version="1.0" xmlns="urn:WebWorks-Behaviors-Schema">
  <Paragraph id="1070912" documentposition="3" splitpriority="1" dropdown="continue" popup="none" popup-page-rule="" />
  <Paragraph id="1077854" documentposition="4" splitpriority="none" dropdown="continue" popup="none" popup-page-rule="" />
  <Paragraph id="1077855" documentposition="5" splitpriority="none" dropdown="continue" popup="none" popup-page-rule="" />
  <Paragraph id="1081339" documentposition="6" splitpriority="none" dropdown="continue" popup="none" popup-page-rule="" />
  <Paragraph id="1072263" documentposition="7" splitpriority="2" dropdown="continue" popup="none" popup-page-rule="" />
  <Paragraph id="1077503" documentposition="8" splitpriority="none" dropdown="continue" popup="none" popup-page-rule="" />
  <Paragraph id="1077886" documentposition="9" splitpriority="none" dropdown="continue" popup="none" popup-page-rule="" />
  <Paragraph id="1077504" documentposition="10" splitpriority="none" dropdown="continue" popup="none" popup-page-rule="" />
  <Paragraph id="1079068" documentposition="11" splitpriority="none" dropdown="continue" popup="none" popup-page-rule="" />
  <Paragraph id="1077506" documentposition="12" splitpriority="none" dropdown="continue" popup="none" popup-page-rule="" />
  <Paragraph id="1077507" documentposition="13" splitpriority="none" dropdown="continue" popup="none" popup-page-rule="" />
  <Paragraph id="1079023" documentposition="14" splitpriority="none" dropdown="continue" popup="none" popup-page-rule="" />
  <Paragraph id="1081365" documentposition="15" splitpriority="none" relatedtopic="define-no-output" dropdown="continue" popup="none" popup-page-rule="" />
  <Paragraph id="1081369" documentposition="16" splitpriority="none" relatedtopic="define-no-output" dropdown="continue" popup="none" popup-page-rule="" />
  <Paragraph id="1081373" documentposition="17" splitpriority="none" relatedtopic="define-no-output" dropdown="continue" popup="none" popup-page-rule="" />
  <Paragraph id="1081377" documentposition="18" splitpriority="none" relatedtopic="define-no-output" dropdown="continue" popup="none" popup-page-rule="" />
  <Paragraph id="1081381" documentposition="19" splitpriority="none" relatedtopic="define-no-output" dropdown="continue" popup="none" popup-page-rule="" />
  <Paragraph id="1081385" documentposition="20" splitpriority="none" relatedtopic="define-no-output" dropdown="continue" popup="none" popup-page-rule="" />
  <Paragraph id="1081389" documentposition="21" splitpriority="none" relatedtopic="define-no-output" dropdown="continue" popup="none" popup-page-rule="" />
  <Paragraph id="1077510" documentposition="22" splitpriority="3" dropdown="continue" popup="none" popup-page-rule="" />
  <Paragraph id="1077940" documentposition="23" splitpriority="none" dropdown="continue" popup="none" popup-page-rule="" />
  <Paragraph id="1077511" documentposition="24" splitpriority="none" dropdown="continue" popup="none" popup-page-rule="" />
  <Paragraph id="1080015" documentposition="25" splitpriority="none" dropdown="continue" popup="none" popup-page-rule="" />
  <Paragraph id="1080019" documentposition="26" splitpriority="none" dropdown="continue" popup="none" popup-page-rule="" />
  <Paragraph id="1077513" documentposition="27" splitpriority="none" dropdown="continue" popup="none" popup-page-rule="" />
  <Paragraph id="1080002" documentposition="28" splitpriority="none" dropdown="continue" popup="none" popup-page-rule="" />
  <Paragraph id="1080005" documentposition="29" splitpriority="none" dropdown="continue" popup="none" popup-page-rule="" />
  <Paragraph id="1080009" documentposition="30" splitpriority="none" dropdown="continue" popup="none" popup-page-rule="" />
  <Paragraph id="1077520" documentposition="31" splitpriority="3" dropdown="continue" popup="none" popup-page-rule="" />
  <Paragraph id="1077521" documentposition="32" splitpriority="none" dropdown="continue" popup="none" popup-page-rule="" />
  <Paragraph id="1077523" documentposition="33" splitpriority="none" dropdown="continue" popup="none" popup-page-rule="" />
  <Paragraph id="1076024" documentposition="34" splitpriority="none" dropdown="continue" popup="none" popup-page-rule="" />
  <Paragraph id="1078004" documentposition="35" splitpriority="none" dropdown="continue" popup="none" popup-page-rule="" />
  <Paragraph id="1077542" documentposition="36" splitpriority="none" dropdown="continue" popup="none" popup-page-rule="" />
  <Paragraph id="1078029" documentposition="38" splitpriority="none" dropdown="continue" popup="none" popup-page-rule="" />
  <Paragraph id="1078037" documentposition="39" splitpriority="none" dropdown="continue" popup="none" popup-page-rule="" />
  <Paragraph id="1078607" documentposition="41" splitpriority="none" dropdown="continue" popup="none" popup-page-rule="" />
  <Paragraph id="1078044" documentposition="42" splitpriority="none" dropdown="continue" popup="none" popup-page-rule="" />
  <Paragraph id="1078045" documentposition="43" splitpriority="none" dropdown="continue" popup="none" popup-page-rule="" />
  <Paragraph id="1078046" documentposition="44" splitpriority="none" dropdown="continue" popup="none" popup-page-rule="" />
  <Paragraph id="1078047" documentposition="45" splitpriority="none" dropdown="continue" popup="none" popup-page-rule="" />
  <Paragraph id="1079214" documentposition="46" splitpriority="none" dropdown="continue" popup="none" popup-page-rule="" />
  <Paragraph id="1078057" documentposition="47" splitpriority="none" dropdown="continue" popup="none" popup-page-rule="" />
  <Paragraph id="1078058" documentposition="48" splitpriority="none" dropdown="continue" popup="none" popup-page-rule="" />
  <Paragraph id="1077573" documentposition="49" splitpriority="none" dropdown="continue" popup="none" popup-page-rule="" />
  <Paragraph id="1081445" documentposition="50" splitpriority="none" relatedtopic="define-no-output" dropdown="continue" popup="none" popup-page-rule="" />
  <Paragraph id="1081449" documentposition="51" splitpriority="none" relatedtopic="define-no-output" dropdown="continue" popup="none" popup-page-rule="" />
  <Paragraph id="1081453" documentposition="52" splitpriority="none" relatedtopic="define-no-output" dropdown="continue" popup="none" popup-page-rule="" />
  <Paragraph id="1081457" documentposition="53" splitpriority="none" relatedtopic="define-no-output" dropdown="continue" popup="none" popup-page-rule="" />
  <Paragraph id="1081461" documentposition="54" splitpriority="none" relatedtopic="define-no-output" dropdown="continue" popup="none" popup-page-rule="" />
  <Paragraph id="1081465" documentposition="55" splitpriority="none" relatedtopic="define-no-output" dropdown="continue" popup="none" popup-page-rule="" />
  <Paragraph id="1078089" documentposition="56" splitpriority="3" dropdown="continue" popup="none" popup-page-rule="" />
  <Paragraph id="1079273" documentposition="57" splitpriority="none" dropdown="continue" popup="none" popup-page-rule="" />
  <Paragraph id="1079233" documentposition="58" splitpriority="none" dropdown="continue" popup="none" popup-page-rule="" />
  <Paragraph id="1077578" documentposition="59" splitpriority="none" dropdown="continue" popup="none" popup-page-rule="" />
  <Paragraph id="1077579" documentposition="60" splitpriority="none" dropdown="continue" popup="none" popup-page-rule="" />
  <Paragraph id="1078459" documentposition="61" splitpriority="none" dropdown="continue" popup="none" popup-page-rule="" />
  <Paragraph id="1078457" documentposition="62" splitpriority="none" dropdown="continue" popup="none" popup-page-rule="" />
  <Paragraph id="1078469" documentposition="63" splitpriority="none" dropdown="continue" popup="none" popup-page-rule="" />
  <Paragraph id="1077554" documentposition="64" splitpriority="none" dropdown="continue" popup="none" popup-page-rule="" />
  <Paragraph id="1077584" documentposition="65" splitpriority="none" dropdown="continue" popup="none" popup-page-rule="" />
  <Paragraph id="1081505" documentposition="67" splitpriority="none" relatedtopic="define-no-output" dropdown="continue" popup="none" popup-page-rule="" />
  <Paragraph id="1081509" documentposition="68" splitpriority="none" relatedtopic="define-no-output" dropdown="continue" popup="none" popup-page-rule="" />
  <Paragraph id="1081513" documentposition="69" splitpriority="none" relatedtopic="define-no-output" dropdown="continue" popup="none" popup-page-rule="" />
  <Paragraph id="1081517" documentposition="70" splitpriority="none" relatedtopic="define-no-output" dropdown="continue" popup="none" popup-page-rule="" />
  <Paragraph id="1081521" documentposition="71" splitpriority="none" relatedtopic="define-no-output" dropdown="continue" popup="none" popup-page-rule="" />
  <Paragraph id="1081525" documentposition="72" splitpriority="none" relatedtopic="define-no-output" dropdown="continue" popup="none" popup-page-rule="" />
  <Paragraph id="1078614" documentposition="73" splitpriority="3" dropdown="continue" popup="none" popup-page-rule="" />
  <Paragraph id="1078147" documentposition="74" splitpriority="none" dropdown="continue" popup="none" popup-page-rule="" />
  <Paragraph id="1079357" documentposition="75" splitpriority="none" dropdown="continue" popup="none" popup-page-rule="" />
  <Paragraph id="1077605" documentposition="76" splitpriority="none" dropdown="continue" popup="none" popup-page-rule="" />
  <Paragraph id="1077602" documentposition="77" splitpriority="none" dropdown="continue" popup="none" popup-page-rule="" />
  <Paragraph id="1078503" documentposition="78" splitpriority="none" dropdown="continue" popup="none" popup-page-rule="" />
  <Paragraph id="1078554" documentposition="80" splitpriority="none" dropdown="continue" popup="none" popup-page-rule="" />
  <Paragraph id="1077619" documentposition="81" splitpriority="none" dropdown="continue" popup="none" popup-page-rule="" />
  <Paragraph id="1081565" documentposition="82" splitpriority="none" relatedtopic="define-no-output" dropdown="continue" popup="none" popup-page-rule="" />
  <Paragraph id="1081569" documentposition="83" splitpriority="none" relatedtopic="define-no-output" dropdown="continue" popup="none" popup-page-rule="" />
  <Paragraph id="1081573" documentposition="84" splitpriority="none" relatedtopic="define-no-output" dropdown="continue" popup="none" popup-page-rule="" />
  <Paragraph id="1081577" documentposition="85" splitpriority="none" relatedtopic="define-no-output" dropdown="continue" popup="none" popup-page-rule="" />
  <Paragraph id="1081581" documentposition="86" splitpriority="none" relatedtopic="define-no-output" dropdown="continue" popup="none" popup-page-rule="" />
  <Paragraph id="1081585" documentposition="87" splitpriority="none" relatedtopic="define-no-output" dropdown="continue" popup="none" popup-page-rule="" />
  <Paragraph id="1077620" documentposition="88" splitpriority="3" dropdown="continue" popup="none" popup-page-rule="" />
  <Paragraph id="1077621" documentposition="89" splitpriority="none" dropdown="continue" popup="none" popup-page-rule="" />
  <Paragraph id="1077623" documentposition="90" splitpriority="none" dropdown="continue" popup="none" popup-page-rule="" />
  <Paragraph id="1077616" documentposition="91" splitpriority="none" dropdown="continue" popup="none" popup-page-rule="" />
  <Paragraph id="1078671" documentposition="93" splitpriority="none" dropdown="continue" popup="none" popup-page-rule="" />
  <Paragraph id="1077662" documentposition="95" splitpriority="none" dropdown="continue" popup="none" popup-page-rule="" />
  <Paragraph id="1078693" documentposition="97" splitpriority="none" dropdown="continue" popup="none" popup-page-rule="" />
  <Paragraph id="1077685" documentposition="98" splitpriority="none" dropdown="continue" popup="none" popup-page-rule="" />
  <Paragraph id="1078706" documentposition="100" splitpriority="none" dropdown="continue" popup="none" popup-page-rule="" />
  <Paragraph id="1077705" documentposition="101" splitpriority="none" dropdown="continue" popup="none" popup-page-rule="" />
  <Table id="1078240" documentposition="102" splitpriority="none">
    <TableCell>
      <Paragraph id="1078242" dropdown="continue" popup="none" popup-page-rule="" />
    </TableCell>
    <TableCell>
      <Paragraph id="1078244" dropdown="continue" popup="none" popup-page-rule="" />
    </TableCell>
    <TableCell>
      <Paragraph id="1078246" dropdown="continue" popup="none" popup-page-rule="" />
    </TableCell>
    <TableCell>
      <Paragraph id="1078248" dropdown="continue" popup="none" popup-page-rule="" />
    </TableCell>
    <TableCell>
      <Paragraph id="1078250" dropdown="continue" popup="none" popup-page-rule="" />
    </TableCell>
    <TableCell>
      <Paragraph id="1078252" dropdown="continue" popup="none" popup-page-rule="" />
    </TableCell>
    <TableCell>
      <Paragraph id="1078254" dropdown="continue" popup="none" popup-page-rule="" />
    </TableCell>
    <TableCell>
      <Paragraph id="1078256" dropdown="continue" popup="none" popup-page-rule="" />
    </TableCell>
  </Table>
  <Paragraph id="1077726" documentposition="103" splitpriority="none" dropdown="continue" popup="none" popup-page-rule="" />
  <Paragraph id="1077727" documentposition="104" splitpriority="none" dropdown="continue" popup="none" popup-page-rule="" />
  <Paragraph id="1079796" documentposition="105" splitpriority="none" dropdown="continue" popup="none" popup-page-rule="" />
  <Paragraph id="1081742" documentposition="106" splitpriority="none" relatedtopic="define-no-output" dropdown="continue" popup="none" popup-page-rule="" />
  <Paragraph id="1081746" documentposition="107" splitpriority="none" relatedtopic="define-no-output" dropdown="continue" popup="none" popup-page-rule="" />
  <Paragraph id="1081750" documentposition="108" splitpriority="none" relatedtopic="define-no-output" dropdown="continue" popup="none" popup-page-rule="" />
  <Paragraph id="1081754" documentposition="109" splitpriority="none" relatedtopic="define-no-output" dropdown="continue" popup="none" popup-page-rule="" />
  <Paragraph id="1081758" documentposition="110" splitpriority="none" relatedtopic="define-no-output" dropdown="continue" popup="none" popup-page-rule="" />
  <Paragraph id="1081762" documentposition="111" splitpriority="none" relatedtopic="define-no-output" dropdown="continue" popup="none" popup-page-rule="" />
  <Paragraph id="1079798" documentposition="112" splitpriority="3" dropdown="continue" popup="none" popup-page-rule="" />
  <Paragraph id="1079800" documentposition="113" splitpriority="none" dropdown="continue" popup="none" popup-page-rule="" />
  <Paragraph id="1077733" documentposition="114" splitpriority="none" dropdown="continue" popup="none" popup-page-rule="" />
  <Paragraph id="1077734" documentposition="115" splitpriority="none" dropdown="continue" popup="none" popup-page-rule="" />
  <Paragraph id="1077702" documentposition="116" splitpriority="none" dropdown="continue" popup="none" popup-page-rule="" />
  <Paragraph id="1079441" documentposition="118" splitpriority="none" dropdown="continue" popup="none" popup-page-rule="" />
  <Paragraph id="1078765" documentposition="120" splitpriority="none" dropdown="continue" popup="none" popup-page-rule="" />
  <Paragraph id="1078785" documentposition="122" splitpriority="none" dropdown="continue" popup="none" popup-page-rule="" />
  <Paragraph id="1077786" documentposition="123" splitpriority="none" dropdown="continue" popup="none" popup-page-rule="" />
  <Paragraph id="1077787" documentposition="124" splitpriority="none" dropdown="continue" popup="none" popup-page-rule="" />
  <Paragraph id="1081853" documentposition="125" splitpriority="none" relatedtopic="define-no-output" dropdown="continue" popup="none" popup-page-rule="" />
  <Paragraph id="1081857" documentposition="126" splitpriority="none" relatedtopic="define-no-output" dropdown="continue" popup="none" popup-page-rule="" />
  <Paragraph id="1081861" documentposition="127" splitpriority="none" relatedtopic="define-no-output" dropdown="continue" popup="none" popup-page-rule="" />
  <Paragraph id="1081865" documentposition="128" splitpriority="none" relatedtopic="define-no-output" dropdown="continue" popup="none" popup-page-rule="" />
  <Paragraph id="1081869" documentposition="129" splitpriority="none" relatedtopic="define-no-output" dropdown="continue" popup="none" popup-page-rule="" />
  <Paragraph id="1081873" documentposition="130" splitpriority="none" relatedtopic="define-no-output" dropdown="continue" popup="none" popup-page-rule="" />
  <Paragraph id="1077790" documentposition="131" splitpriority="3" dropdown="continue" popup="none" popup-page-rule="" />
  <Paragraph id="1078390" documentposition="132" splitpriority="none" dropdown="continue" popup="none" popup-page-rule="" />
  <Paragraph id="1077791" documentposition="133" splitpriority="none" dropdown="continue" popup="none" popup-page-rule="" />
  <Paragraph id="1077792" documentposition="134" splitpriority="none" dropdown="continue" popup="none" popup-page-rule="" />
  <Paragraph id="1077793" documentposition="135" splitpriority="none" dropdown="continue" popup="none" popup-page-rule="" />
  <Paragraph id="1077783" documentposition="136" splitpriority="none" dropdown="continue" popup="none" popup-page-rule="" />
  <Paragraph id="1077808" documentposition="137" splitpriority="none" dropdown="continue" popup="none" popup-page-rule="" />
  <Paragraph id="1077806" documentposition="138" splitpriority="none" dropdown="continue" popup="none" popup-page-rule="" />
  <Paragraph id="1078829" documentposition="139" splitpriority="none" dropdown="continue" popup="none" popup-page-rule="" />
  <Paragraph id="1078843" documentposition="141" splitpriority="none" dropdown="continue" popup="none" popup-page-rule="" />
  <Paragraph id="1081913" documentposition="142" splitpriority="none" relatedtopic="define-no-output" dropdown="continue" popup="none" popup-page-rule="" />
  <Paragraph id="1081917" documentposition="143" splitpriority="none" relatedtopic="define-no-output" dropdown="continue" popup="none" popup-page-rule="" />
  <Paragraph id="1081921" documentposition="144" splitpriority="none" relatedtopic="define-no-output" dropdown="continue" popup="none" popup-page-rule="" />
  <Paragraph id="1081925" documentposition="145" splitpriority="none" relatedtopic="define-no-output" dropdown="continue" popup="none" popup-page-rule="" />
  <Paragraph id="1081929" documentposition="146" splitpriority="none" relatedtopic="define-no-output" dropdown="continue" popup="none" popup-page-rule="" />
  <Paragraph id="1081933" documentposition="147" splitpriority="none" relatedtopic="define-no-output" dropdown="continue" popup="none" popup-page-rule="" />
  <Paragraph id="1079905" documentposition="148" splitpriority="none" relatedtopic="define-no-output" dropdown="continue" popup="none" popup-page-rule="" />
</Behaviors>