<?xml version="1.0" encoding="utf-8"?>
<WebWorksHelpIX version="5.0" xmlns="urn:WebWorks-Help-Index-Schema">
  <g t="A" o="002">
    <i t="Application Support">
      <j l="8#1122280" />
    </i>
  </g>
  <g t="C" o="002">
    <i t="caIntegrator2">
      <i t="workspace">
        <j l="5#1122586" />
      </i>
    </i>
  </g>
  <g t="H" o="002">
    <i t="hierarchy of objects, NCIA">
      <j l="27#1076814" />
      <j l="37#1164562" />
    </i>
  </g>
  <g t="I" o="002">
    <i t="I-SPY">
      <i t="logging out">
        <j l="7#1111569" />
      </i>
      <i t="tabs">
        <j l="6#1122024" />
      </i>
    </i>
  </g>
  <g t="K" o="002">
    <i t="Kaplan-Meier for Gene Expression Data">
      <i t="redrawing plot">
        <j l="41#1073592" />
      </i>
      <i t="simple search">
        <j l="41#1073579" />
      </i>
    </i>
  </g>
  <g t="L" o="002">
    <i t="logging out">
      <i t="I-SPY">
        <j l="7#1111569" />
      </i>
    </i>
    <i t="logout link">
      <j l="7#1111569" />
    </i>
  </g>
  <g t="N" o="002">
    <i t="NCICB Application Support">
      <j l="8#1122280" />
    </i>
  </g>
  <g t="O" o="002">
    <i t="objects in NCIA, hierarchy of">
      <j l="27#1076814" />
      <j l="37#1164562" />
    </i>
  </g>
  <g t="R" o="002">
    <i t="redrawing">
      <i t="K-M Gene Expression plot">
        <j l="41#1073592" />
      </i>
    </i>
  </g>
  <g t="S" o="002">
    <i t="simple searches">
      <i t="K-M Gene Expression Data">
        <j l="41#1073579" />
      </i>
    </i>
  </g>
  <g t="T" o="002">
    <i t="tabs, shown">
      <j l="6#1122024" />
    </i>
  </g>
</WebWorksHelpIX>