<?xml version="1.0" encoding="utf-8"?>
<Index version="1.0" xmlns="urn:WebWorks-Index-Schema">
  <Entry name="caIntegrator2" sort="caIntegrator2" sectionposition="2">
    <Content xmlns="urn:WebWorks-Document-Schema">
      <TextRun>
        <Text value="caIntegrator2" />
      </TextRun>
    </Content>
    <Entry name="requesting user account" sort="requesting user account">
      <Content xmlns="urn:WebWorks-Document-Schema">
        <TextRun>
          <Text value="requesting user account" />
        </TextRun>
      </Content>
      <Link href="C:\Documents and Settings\hadfielj\My Documents\ePublisher Pro Projects\caIntegrator2\Output\WebWorks Help 5.0\caIntegrator2\Getting_Started.3.3.html" anchor="1141099" fileposition="5" first="false" />
    </Entry>
  </Entry>
  <Entry name="account, requesting new user" sort="account, requesting new user" sectionposition="2">
    <Content xmlns="urn:WebWorks-Document-Schema">
      <TextRun>
        <Text value="account, requesting new user" />
      </TextRun>
    </Content>
    <Link href="C:\Documents and Settings\hadfielj\My Documents\ePublisher Pro Projects\caIntegrator2\Output\WebWorks Help 5.0\caIntegrator2\Getting_Started.3.3.html" anchor="1141099" fileposition="5" first="false" />
  </Entry>
  <Entry name="registering new user" sort="registering new user" sectionposition="2">
    <Content xmlns="urn:WebWorks-Document-Schema">
      <TextRun>
        <Text value="registering new user" />
      </TextRun>
    </Content>
    <Link href="C:\Documents and Settings\hadfielj\My Documents\ePublisher Pro Projects\caIntegrator2\Output\WebWorks Help 5.0\caIntegrator2\Getting_Started.3.3.html" anchor="1141099" fileposition="5" first="false" />
  </Entry>
  <Entry name="caIntegrator2" sort="caIntegrator2" sectionposition="2">
    <Content xmlns="urn:WebWorks-Document-Schema">
      <TextRun>
        <Text value="caIntegrator2" />
      </TextRun>
    </Content>
    <Entry name="logging in" sort="logging in">
      <Content xmlns="urn:WebWorks-Document-Schema">
        <TextRun>
          <Text value="logging in" />
        </TextRun>
      </Content>
      <Link href="C:\Documents and Settings\hadfielj\My Documents\ePublisher Pro Projects\caIntegrator2\Output\WebWorks Help 5.0\caIntegrator2\Getting_Started.3.4.html" anchor="1146400" fileposition="6" first="false" />
    </Entry>
  </Entry>
  <Entry name="caIntegrator2" sort="caIntegrator2" sectionposition="2">
    <Content xmlns="urn:WebWorks-Document-Schema">
      <TextRun>
        <Text value="caIntegrator2" />
      </TextRun>
    </Content>
    <Entry name="workspace" sort="workspace">
      <Content xmlns="urn:WebWorks-Document-Schema">
        <TextRun>
          <Text value="workspace" />
        </TextRun>
      </Content>
      <Link href="C:\Documents and Settings\hadfielj\My Documents\ePublisher Pro Projects\caIntegrator2\Output\WebWorks Help 5.0\caIntegrator2\Getting_Started.3.5.html" anchor="1122586" fileposition="7" first="false" />
    </Entry>
  </Entry>
  <Entry name="caIntegrator2" sort="caIntegrator2" sectionposition="2">
    <Content xmlns="urn:WebWorks-Document-Schema">
      <TextRun>
        <Text value="caIntegrator2" />
      </TextRun>
    </Content>
    <Entry name="using workspace" sort="using workspace">
      <Content xmlns="urn:WebWorks-Document-Schema">
        <TextRun>
          <Text value="using workspace" />
        </TextRun>
      </Content>
      <Link href="C:\Documents and Settings\hadfielj\My Documents\ePublisher Pro Projects\caIntegrator2\Output\WebWorks Help 5.0\caIntegrator2\Getting_Started.3.5.html" anchor="1122586" fileposition="7" first="false" />
    </Entry>
  </Entry>
  <Entry name="caIntegrator2" sort="caIntegrator2" sectionposition="2">
    <Content xmlns="urn:WebWorks-Document-Schema">
      <TextRun>
        <Text value="caIntegrator2" />
      </TextRun>
    </Content>
    <Entry name="logging out" sort="logging out">
      <Content xmlns="urn:WebWorks-Document-Schema">
        <TextRun>
          <Text value="logging out" />
        </TextRun>
      </Content>
      <Link href="C:\Documents and Settings\hadfielj\My Documents\ePublisher Pro Projects\caIntegrator2\Output\WebWorks Help 5.0\caIntegrator2\Getting_Started.3.8.html" anchor="1141079" fileposition="10" first="false" />
    </Entry>
  </Entry>
  <Entry name="logout link" sort="logout link" sectionposition="2">
    <Content xmlns="urn:WebWorks-Document-Schema">
      <TextRun>
        <Text value="logout link" />
      </TextRun>
    </Content>
    <Link href="C:\Documents and Settings\hadfielj\My Documents\ePublisher Pro Projects\caIntegrator2\Output\WebWorks Help 5.0\caIntegrator2\Getting_Started.3.8.html" anchor="1141079" fileposition="10" first="false" />
  </Entry>
  <Entry name="NCICB Application Support" sort="NCICB Application Support" sectionposition="2">
    <Content xmlns="urn:WebWorks-Document-Schema">
      <TextRun>
        <Text value="NCICB Application Support" />
      </TextRun>
    </Content>
    <Link href="C:\Documents and Settings\hadfielj\My Documents\ePublisher Pro Projects\caIntegrator2\Output\WebWorks Help 5.0\caIntegrator2\Getting_Started.3.9.html" anchor="1136641" fileposition="11" first="false" />
  </Entry>
  <Entry name="Application Support" sort="Application Support" sectionposition="2">
    <Content xmlns="urn:WebWorks-Document-Schema">
      <TextRun>
        <Text value="Application Support" />
      </TextRun>
    </Content>
    <Link href="C:\Documents and Settings\hadfielj\My Documents\ePublisher Pro Projects\caIntegrator2\Output\WebWorks Help 5.0\caIntegrator2\Getting_Started.3.9.html" anchor="1136641" fileposition="11" first="false" />
  </Entry>
</Index>