<?xml version="1.0" encoding="utf-8"?>
<Index version="1.0" xmlns="urn:WebWorks-Index-Schema">
  <Group name="A" sort="A" sectionposition="2" />
  <Group name="B" sort="B" sectionposition="2" />
  <Group name="C" sort="C" sectionposition="2" />
  <Group name="D" sort="D" sectionposition="2" />
  <Group name="E" sort="E" sectionposition="2" />
  <Group name="F" sort="F" sectionposition="2" />
  <Group name="G" sort="G" sectionposition="2" />
  <Group name="H" sort="H" sectionposition="2" />
  <Group name="I" sort="I" sectionposition="2" />
  <Group name="J" sort="J" sectionposition="2" />
  <Group name="K" sort="K" sectionposition="2" />
  <Group name="L" sort="L" sectionposition="2" />
  <Group name="M" sort="M" sectionposition="2" />
  <Group name="N" sort="N" sectionposition="2" />
  <Group name="O" sort="O" sectionposition="2" />
  <Group name="P" sort="P" sectionposition="2" />
  <Group name="Q" sort="Q" sectionposition="2" />
  <Group name="R" sort="R" sectionposition="2" />
  <Group name="S" sort="S" sectionposition="2" />
  <Group name="T" sort="T" sectionposition="2" />
  <Group name="U" sort="U" sectionposition="2" />
  <Group name="V" sort="V" sectionposition="2" />
  <Group name="W" sort="W" sectionposition="2" />
  <Group name="X" sort="X" sectionposition="2" />
  <Group name="Y" sort="Y" sectionposition="2" />
  <Group name="Z" sort="Z" sectionposition="2" />
  <Entry name="Application Support" sort="Application Support" sectionposition="2">
    <Content xmlns="urn:WebWorks-Document-Schema">
      <TextRun>
        <Text value="Application Support" />
      </TextRun>
    </Content>
    <Link href="C:\Documents and Settings\hadfielj\My Documents\ePublisher Pro Projects\caIntegrator2\Output\WebWorks Help 5.0\caIntegrator2\Credits.2.1.html" anchor="1059005" fileposition="2" first="false" />
    <Link href="C:\Documents and Settings\hadfielj\My Documents\ePublisher Pro Projects\caIntegrator2\Output\WebWorks Help 5.0\caIntegrator2\Getting_Started.3.9.html" anchor="1136641" fileposition="11" first="false" />
  </Entry>
  <Entry name="NCICB Application Support" sort="NCICB Application Support" sectionposition="2">
    <Content xmlns="urn:WebWorks-Document-Schema">
      <TextRun>
        <Text value="NCICB Application Support" />
      </TextRun>
    </Content>
    <Link href="C:\Documents and Settings\hadfielj\My Documents\ePublisher Pro Projects\caIntegrator2\Output\WebWorks Help 5.0\caIntegrator2\Credits.2.1.html" anchor="1059005" fileposition="2" first="false" />
    <Link href="C:\Documents and Settings\hadfielj\My Documents\ePublisher Pro Projects\caIntegrator2\Output\WebWorks Help 5.0\caIntegrator2\Getting_Started.3.9.html" anchor="1136641" fileposition="11" first="false" />
  </Entry>
  <Entry name="Technical Support" sort="Technical Support" sectionposition="2">
    <Content xmlns="urn:WebWorks-Document-Schema">
      <TextRun>
        <Text value="Technical Support" />
      </TextRun>
    </Content>
    <Link href="C:\Documents and Settings\hadfielj\My Documents\ePublisher Pro Projects\caIntegrator2\Output\WebWorks Help 5.0\caIntegrator2\Credits.2.1.html" anchor="1059005" fileposition="2" first="false" />
  </Entry>
  <Entry name="caIntegrator2" sort="caIntegrator2" sectionposition="2">
    <Content xmlns="urn:WebWorks-Document-Schema">
      <TextRun>
        <Text value="caIntegrator2" />
      </TextRun>
    </Content>
    <Entry name="requesting user account" sort="requesting user account">
      <Content xmlns="urn:WebWorks-Document-Schema">
        <TextRun>
          <Text value="requesting user account" />
        </TextRun>
      </Content>
      <Link href="C:\Documents and Settings\hadfielj\My Documents\ePublisher Pro Projects\caIntegrator2\Output\WebWorks Help 5.0\caIntegrator2\Getting_Started.3.3.html" anchor="1141099" fileposition="5" first="false" />
    </Entry>
    <Entry name="logging in" sort="logging in">
      <Content xmlns="urn:WebWorks-Document-Schema">
        <TextRun>
          <Text value="logging in" />
        </TextRun>
      </Content>
      <Link href="C:\Documents and Settings\hadfielj\My Documents\ePublisher Pro Projects\caIntegrator2\Output\WebWorks Help 5.0\caIntegrator2\Getting_Started.3.4.html" anchor="1146400" fileposition="6" first="false" />
    </Entry>
    <Entry name="workspace" sort="workspace">
      <Content xmlns="urn:WebWorks-Document-Schema">
        <TextRun>
          <Text value="workspace" />
        </TextRun>
      </Content>
      <Link href="C:\Documents and Settings\hadfielj\My Documents\ePublisher Pro Projects\caIntegrator2\Output\WebWorks Help 5.0\caIntegrator2\Getting_Started.3.5.html" anchor="1122586" fileposition="7" first="false" />
    </Entry>
    <Entry name="using workspace" sort="using workspace">
      <Content xmlns="urn:WebWorks-Document-Schema">
        <TextRun>
          <Text value="using workspace" />
        </TextRun>
      </Content>
      <Link href="C:\Documents and Settings\hadfielj\My Documents\ePublisher Pro Projects\caIntegrator2\Output\WebWorks Help 5.0\caIntegrator2\Getting_Started.3.5.html" anchor="1122586" fileposition="7" first="false" />
    </Entry>
    <Entry name="logging out" sort="logging out">
      <Content xmlns="urn:WebWorks-Document-Schema">
        <TextRun>
          <Text value="logging out" />
        </TextRun>
      </Content>
      <Link href="C:\Documents and Settings\hadfielj\My Documents\ePublisher Pro Projects\caIntegrator2\Output\WebWorks Help 5.0\caIntegrator2\Getting_Started.3.8.html" anchor="1141079" fileposition="10" first="false" />
    </Entry>
  </Entry>
  <Entry name="account, requesting new user" sort="account, requesting new user" sectionposition="2">
    <Content xmlns="urn:WebWorks-Document-Schema">
      <TextRun>
        <Text value="account, requesting new user" />
      </TextRun>
    </Content>
    <Link href="C:\Documents and Settings\hadfielj\My Documents\ePublisher Pro Projects\caIntegrator2\Output\WebWorks Help 5.0\caIntegrator2\Getting_Started.3.3.html" anchor="1141099" fileposition="5" first="false" />
  </Entry>
  <Entry name="registering new user" sort="registering new user" sectionposition="2">
    <Content xmlns="urn:WebWorks-Document-Schema">
      <TextRun>
        <Text value="registering new user" />
      </TextRun>
    </Content>
    <Link href="C:\Documents and Settings\hadfielj\My Documents\ePublisher Pro Projects\caIntegrator2\Output\WebWorks Help 5.0\caIntegrator2\Getting_Started.3.3.html" anchor="1141099" fileposition="5" first="false" />
  </Entry>
  <Entry name="logout link" sort="logout link" sectionposition="2">
    <Content xmlns="urn:WebWorks-Document-Schema">
      <TextRun>
        <Text value="logout link" />
      </TextRun>
    </Content>
    <Link href="C:\Documents and Settings\hadfielj\My Documents\ePublisher Pro Projects\caIntegrator2\Output\WebWorks Help 5.0\caIntegrator2\Getting_Started.3.8.html" anchor="1141079" fileposition="10" first="false" />
  </Entry>
  <Entry name="study" sort="study" sectionposition="2">
    <Content xmlns="urn:WebWorks-Document-Schema">
      <TextRun>
        <Text value="study" />
      </TextRun>
    </Content>
    <Entry name="creating" sort="creating">
      <Content xmlns="urn:WebWorks-Document-Schema">
        <TextRun>
          <Text value="creating" />
        </TextRun>
      </Content>
      <Link href="C:\Documents and Settings\hadfielj\My Documents\ePublisher Pro Projects\caIntegrator2\Output\WebWorks Help 5.0\caIntegrator2\CreatingNewStudy.4.2.html" anchor="1077143" fileposition="12" first="false" />
      <Link href="C:\Documents and Settings\hadfielj\My Documents\ePublisher Pro Projects\caIntegrator2\Output\WebWorks Help 5.0\caIntegrator2\CreatingNewStudy.4.3.html" anchor="1079473" fileposition="13" first="false" />
      <Link href="C:\Documents and Settings\hadfielj\My Documents\ePublisher Pro Projects\caIntegrator2\Output\WebWorks Help 5.0\caIntegrator2\CreatingNewStudy.4.4.html" anchor="1074101" fileposition="14" first="false" />
    </Entry>
    <Entry name="clinical data, description" sort="clinical data, description">
      <Content xmlns="urn:WebWorks-Document-Schema">
        <TextRun>
          <Text value="clinical data, description" />
        </TextRun>
      </Content>
      <Link href="C:\Documents and Settings\hadfielj\My Documents\ePublisher Pro Projects\caIntegrator2\Output\WebWorks Help 5.0\caIntegrator2\CreatingNewStudy.4.2.html" anchor="1083468" fileposition="12" first="false" />
    </Entry>
    <Entry name="genomic data, description" sort="genomic data, description">
      <Content xmlns="urn:WebWorks-Document-Schema">
        <TextRun>
          <Text value="genomic data, description" />
        </TextRun>
      </Content>
      <Link href="C:\Documents and Settings\hadfielj\My Documents\ePublisher Pro Projects\caIntegrator2\Output\WebWorks Help 5.0\caIntegrator2\CreatingNewStudy.4.2.html" anchor="1083477" fileposition="12" first="false" />
    </Entry>
    <Entry name="imaging data, description" sort="imaging data, description">
      <Content xmlns="urn:WebWorks-Document-Schema">
        <TextRun>
          <Text value="imaging data, description" />
        </TextRun>
      </Content>
      <Link href="C:\Documents and Settings\hadfielj\My Documents\ePublisher Pro Projects\caIntegrator2\Output\WebWorks Help 5.0\caIntegrator2\CreatingNewStudy.4.2.html" anchor="1083526" fileposition="12" first="false" />
    </Entry>
    <Entry name="adding clinical data" sort="adding clinical data">
      <Content xmlns="urn:WebWorks-Document-Schema">
        <TextRun>
          <Text value="adding clinical data" />
        </TextRun>
      </Content>
      <Link href="C:\Documents and Settings\hadfielj\My Documents\ePublisher Pro Projects\caIntegrator2\Output\WebWorks Help 5.0\caIntegrator2\CreatingNewStudy.4.5.html" anchor="1075152" fileposition="15" first="false" />
    </Entry>
    <Entry name="adding genomic data" sort="adding genomic data">
      <Content xmlns="urn:WebWorks-Document-Schema">
        <TextRun>
          <Text value="adding genomic data" />
        </TextRun>
      </Content>
      <Link href="C:\Documents and Settings\hadfielj\My Documents\ePublisher Pro Projects\caIntegrator2\Output\WebWorks Help 5.0\caIntegrator2\CreatingNewStudy.4.9.html" anchor="1090798" fileposition="19" first="false" />
    </Entry>
    <Entry name="mapping genomic data to clinical" sort="mapping genomic data to clinical">
      <Content xmlns="urn:WebWorks-Document-Schema">
        <TextRun>
          <Text value="mapping genomic data to clinical" />
        </TextRun>
      </Content>
      <Link href="C:\Documents and Settings\hadfielj\My Documents\ePublisher Pro Projects\caIntegrator2\Output\WebWorks Help 5.0\caIntegrator2\CreatingNewStudy.4.10.html" anchor="1082153" fileposition="20" first="false" />
    </Entry>
    <Entry name="uploading control samples to" sort="uploading control samples to">
      <Content xmlns="urn:WebWorks-Document-Schema">
        <TextRun>
          <Text value="uploading control samples to" />
        </TextRun>
      </Content>
      <Link href="C:\Documents and Settings\hadfielj\My Documents\ePublisher Pro Projects\caIntegrator2\Output\WebWorks Help 5.0\caIntegrator2\CreatingNewStudy.4.11.html" anchor="1081202" fileposition="21" first="false" />
    </Entry>
    <Entry name="configuring copy number data" sort="configuring copy number data">
      <Content xmlns="urn:WebWorks-Document-Schema">
        <TextRun>
          <Text value="configuring copy number data" />
        </TextRun>
      </Content>
      <Link href="C:\Documents and Settings\hadfielj\My Documents\ePublisher Pro Projects\caIntegrator2\Output\WebWorks Help 5.0\caIntegrator2\CreatingNewStudy.4.12.html" anchor="1089928" fileposition="22" first="false" />
    </Entry>
    <Entry name="adding imaging data" sort="adding imaging data">
      <Content xmlns="urn:WebWorks-Document-Schema">
        <TextRun>
          <Text value="adding imaging data" />
        </TextRun>
      </Content>
      <Link href="C:\Documents and Settings\hadfielj\My Documents\ePublisher Pro Projects\caIntegrator2\Output\WebWorks Help 5.0\caIntegrator2\CreatingNewStudy.4.13.html" anchor="1077974" fileposition="23" first="false" />
    </Entry>
    <Entry name="deploying" sort="deploying">
      <Content xmlns="urn:WebWorks-Document-Schema">
        <TextRun>
          <Text value="deploying" />
        </TextRun>
      </Content>
      <Link href="C:\Documents and Settings\hadfielj\My Documents\ePublisher Pro Projects\caIntegrator2\Output\WebWorks Help 5.0\caIntegrator2\CreatingNewStudy.4.14.html" anchor="1081471" fileposition="24" first="false" />
    </Entry>
    <Entry name="managing" sort="managing">
      <Content xmlns="urn:WebWorks-Document-Schema">
        <TextRun>
          <Text value="managing" />
        </TextRun>
      </Content>
      <Link href="C:\Documents and Settings\hadfielj\My Documents\ePublisher Pro Projects\caIntegrator2\Output\WebWorks Help 5.0\caIntegrator2\CreatingNewStudy.4.15.html" anchor="1085452" fileposition="25" first="false" />
    </Entry>
    <Entry name="editing" sort="editing">
      <Content xmlns="urn:WebWorks-Document-Schema">
        <TextRun>
          <Text value="editing" />
        </TextRun>
      </Content>
      <Link href="C:\Documents and Settings\hadfielj\My Documents\ePublisher Pro Projects\caIntegrator2\Output\WebWorks Help 5.0\caIntegrator2\CreatingNewStudy.4.15.html" anchor="1085452" fileposition="25" first="false" />
    </Entry>
    <Entry name="searching" sort="searching">
      <Content xmlns="urn:WebWorks-Document-Schema">
        <TextRun>
          <Text value="searching" />
        </TextRun>
      </Content>
      <Link href="C:\Documents and Settings\hadfielj\My Documents\ePublisher Pro Projects\caIntegrator2\Output\WebWorks Help 5.0\caIntegrator2\SearchingWithinAStudy.5.3.html" anchor="1073200" fileposition="29" first="false" />
    </Entry>
    <Entry name="relationship patient, study, series, images" sort="relationship patient, study, series, images">
      <Content xmlns="urn:WebWorks-Document-Schema">
        <TextRun>
          <Text value="relationship patient, study, series, images" />
        </TextRun>
      </Content>
      <Link href="C:\Documents and Settings\hadfielj\My Documents\ePublisher Pro Projects\caIntegrator2\Output\WebWorks Help 5.0\caIntegrator2\View Search Results.6.10.html" anchor="1168597" fileposition="46" first="false" />
    </Entry>
  </Entry>
  <Entry name="clinical study" sort="clinical study" sectionposition="2">
    <Content xmlns="urn:WebWorks-Document-Schema">
      <TextRun>
        <Text value="clinical study" />
      </TextRun>
    </Content>
    <Entry name="data for" sort="data for">
      <Content xmlns="urn:WebWorks-Document-Schema">
        <TextRun>
          <Text value="data for" />
        </TextRun>
      </Content>
      <Link href="C:\Documents and Settings\hadfielj\My Documents\ePublisher Pro Projects\caIntegrator2\Output\WebWorks Help 5.0\caIntegrator2\CreatingNewStudy.4.2.html" anchor="1083468" fileposition="12" first="false" />
    </Entry>
    <Entry name="adding data" sort="adding data">
      <Content xmlns="urn:WebWorks-Document-Schema">
        <TextRun>
          <Text value="adding data" />
        </TextRun>
      </Content>
      <Link href="C:\Documents and Settings\hadfielj\My Documents\ePublisher Pro Projects\caIntegrator2\Output\WebWorks Help 5.0\caIntegrator2\CreatingNewStudy.4.5.html" anchor="1075152" fileposition="15" first="false" />
    </Entry>
  </Entry>
  <Entry name="genomic data" sort="genomic data" sectionposition="2">
    <Content xmlns="urn:WebWorks-Document-Schema">
      <TextRun>
        <Text value="genomic data" />
      </TextRun>
    </Content>
    <Entry name="for study" sort="for study">
      <Content xmlns="urn:WebWorks-Document-Schema">
        <TextRun>
          <Text value="for study" />
        </TextRun>
      </Content>
      <Link href="C:\Documents and Settings\hadfielj\My Documents\ePublisher Pro Projects\caIntegrator2\Output\WebWorks Help 5.0\caIntegrator2\CreatingNewStudy.4.2.html" anchor="1083477" fileposition="12" first="false" />
    </Entry>
    <Entry name="adding to study" sort="adding to study">
      <Content xmlns="urn:WebWorks-Document-Schema">
        <TextRun>
          <Text value="adding to study" />
        </TextRun>
      </Content>
      <Link href="C:\Documents and Settings\hadfielj\My Documents\ePublisher Pro Projects\caIntegrator2\Output\WebWorks Help 5.0\caIntegrator2\CreatingNewStudy.4.9.html" anchor="1090798" fileposition="19" first="false" />
    </Entry>
    <Entry name="mapping to clinical data" sort="mapping to clinical data">
      <Content xmlns="urn:WebWorks-Document-Schema">
        <TextRun>
          <Text value="mapping to clinical data" />
        </TextRun>
      </Content>
      <Link href="C:\Documents and Settings\hadfielj\My Documents\ePublisher Pro Projects\caIntegrator2\Output\WebWorks Help 5.0\caIntegrator2\CreatingNewStudy.4.10.html" anchor="1082153" fileposition="20" first="false" />
    </Entry>
    <Entry name="adding copy number data to" sort="adding copy number data to">
      <Content xmlns="urn:WebWorks-Document-Schema">
        <TextRun>
          <Text value="adding copy number data to" />
        </TextRun>
      </Content>
      <Link href="C:\Documents and Settings\hadfielj\My Documents\ePublisher Pro Projects\caIntegrator2\Output\WebWorks Help 5.0\caIntegrator2\CreatingNewStudy.4.12.html" anchor="1089928" fileposition="22" first="false" />
    </Entry>
    <Entry name="configuring for import" sort="configuring for import">
      <Content xmlns="urn:WebWorks-Document-Schema">
        <TextRun>
          <Text value="configuring for import" />
        </TextRun>
      </Content>
      <Link href="C:\Documents and Settings\hadfielj\My Documents\ePublisher Pro Projects\caIntegrator2\Output\WebWorks Help 5.0\caIntegrator2\appdx data import.8.6.html" anchor="1073253" fileposition="69" first="false" />
    </Entry>
  </Entry>
  <Entry name="imaging data" sort="imaging data" sectionposition="2">
    <Content xmlns="urn:WebWorks-Document-Schema">
      <TextRun>
        <Text value="imaging data" />
      </TextRun>
    </Content>
    <Entry name="for study" sort="for study">
      <Content xmlns="urn:WebWorks-Document-Schema">
        <TextRun>
          <Text value="for study" />
        </TextRun>
      </Content>
      <Link href="C:\Documents and Settings\hadfielj\My Documents\ePublisher Pro Projects\caIntegrator2\Output\WebWorks Help 5.0\caIntegrator2\CreatingNewStudy.4.2.html" anchor="1083526" fileposition="12" first="false" />
    </Entry>
    <Entry name="adding to study" sort="adding to study">
      <Content xmlns="urn:WebWorks-Document-Schema">
        <TextRun>
          <Text value="adding to study" />
        </TextRun>
      </Content>
      <Link href="C:\Documents and Settings\hadfielj\My Documents\ePublisher Pro Projects\caIntegrator2\Output\WebWorks Help 5.0\caIntegrator2\CreatingNewStudy.4.13.html" anchor="1077974" fileposition="23" first="false" />
    </Entry>
    <Entry name="configuring for import" sort="configuring for import">
      <Content xmlns="urn:WebWorks-Document-Schema">
        <TextRun>
          <Text value="configuring for import" />
        </TextRun>
      </Content>
      <Link href="C:\Documents and Settings\hadfielj\My Documents\ePublisher Pro Projects\caIntegrator2\Output\WebWorks Help 5.0\caIntegrator2\appdx data import.8.7.html" anchor="1073265" fileposition="70" first="false" />
    </Entry>
  </Entry>
  <Entry name="creating" sort="creating" sectionposition="2">
    <Content xmlns="urn:WebWorks-Document-Schema">
      <TextRun>
        <Text value="creating" />
      </TextRun>
    </Content>
    <Entry name="study" sort="study">
      <Content xmlns="urn:WebWorks-Document-Schema">
        <TextRun>
          <Text value="study" />
        </TextRun>
      </Content>
      <Link href="C:\Documents and Settings\hadfielj\My Documents\ePublisher Pro Projects\caIntegrator2\Output\WebWorks Help 5.0\caIntegrator2\CreatingNewStudy.4.3.html" anchor="1079473" fileposition="13" first="false" />
      <Link href="C:\Documents and Settings\hadfielj\My Documents\ePublisher Pro Projects\caIntegrator2\Output\WebWorks Help 5.0\caIntegrator2\CreatingNewStudy.4.4.html" anchor="1074101" fileposition="14" first="false" />
    </Entry>
    <Entry name="K-M plot" sort="K-M plot">
      <Content xmlns="urn:WebWorks-Document-Schema">
        <TextRun>
          <Text value="K-M plot" />
        </TextRun>
      </Content>
      <Link href="C:\Documents and Settings\hadfielj\My Documents\ePublisher Pro Projects\caIntegrator2\Output\WebWorks Help 5.0\caIntegrator2\PerformingAnalysis.7.3.html" anchor="1105761" fileposition="50" first="false" />
    </Entry>
  </Entry>
  <Entry name="adding" sort="adding" sectionposition="2">
    <Content xmlns="urn:WebWorks-Document-Schema">
      <TextRun>
        <Text value="adding" />
      </TextRun>
    </Content>
    <Entry name="clinical data" sort="clinical data">
      <Content xmlns="urn:WebWorks-Document-Schema">
        <TextRun>
          <Text value="clinical data" />
        </TextRun>
      </Content>
      <Link href="C:\Documents and Settings\hadfielj\My Documents\ePublisher Pro Projects\caIntegrator2\Output\WebWorks Help 5.0\caIntegrator2\CreatingNewStudy.4.5.html" anchor="1075152" fileposition="15" first="false" />
    </Entry>
    <Entry name="genomic data" sort="genomic data">
      <Content xmlns="urn:WebWorks-Document-Schema">
        <TextRun>
          <Text value="genomic data" />
        </TextRun>
      </Content>
      <Link href="C:\Documents and Settings\hadfielj\My Documents\ePublisher Pro Projects\caIntegrator2\Output\WebWorks Help 5.0\caIntegrator2\CreatingNewStudy.4.9.html" anchor="1090798" fileposition="19" first="false" />
    </Entry>
    <Entry name="imaging data" sort="imaging data">
      <Content xmlns="urn:WebWorks-Document-Schema">
        <TextRun>
          <Text value="imaging data" />
        </TextRun>
      </Content>
      <Link href="C:\Documents and Settings\hadfielj\My Documents\ePublisher Pro Projects\caIntegrator2\Output\WebWorks Help 5.0\caIntegrator2\CreatingNewStudy.4.13.html" anchor="1077974" fileposition="23" first="false" />
    </Entry>
  </Entry>
  <Entry name="assigning, annotation identifier" sort="assigning, annotation identifier" sectionposition="2">
    <Content xmlns="urn:WebWorks-Document-Schema">
      <TextRun>
        <Text value="assigning, annotation identifier" />
      </TextRun>
    </Content>
    <Link href="C:\Documents and Settings\hadfielj\My Documents\ePublisher Pro Projects\caIntegrator2\Output\WebWorks Help 5.0\caIntegrator2\CreatingNewStudy.4.6.html" anchor="1081979" fileposition="16" first="false" />
  </Entry>
  <Entry name="annotation" sort="annotation" sectionposition="2">
    <Content xmlns="urn:WebWorks-Document-Schema">
      <TextRun>
        <Text value="annotation" />
      </TextRun>
    </Content>
    <Entry name="assigning identifier" sort="assigning identifier">
      <Content xmlns="urn:WebWorks-Document-Schema">
        <TextRun>
          <Text value="assigning identifier" />
        </TextRun>
      </Content>
      <Link href="C:\Documents and Settings\hadfielj\My Documents\ePublisher Pro Projects\caIntegrator2\Output\WebWorks Help 5.0\caIntegrator2\CreatingNewStudy.4.6.html" anchor="1081979" fileposition="16" first="false" />
    </Entry>
    <Entry name="searching for definitions" sort="searching for definitions">
      <Content xmlns="urn:WebWorks-Document-Schema">
        <TextRun>
          <Text value="searching for definitions" />
        </TextRun>
      </Content>
      <Link href="C:\Documents and Settings\hadfielj\My Documents\ePublisher Pro Projects\caIntegrator2\Output\WebWorks Help 5.0\caIntegrator2\CreatingNewStudy.4.7.html" anchor="1074853" fileposition="17" first="false" />
    </Entry>
    <Entry name="K-M plot for" sort="K-M plot for">
      <Content xmlns="urn:WebWorks-Document-Schema">
        <TextRun>
          <Text value="K-M plot for" />
        </TextRun>
      </Content>
      <Link href="C:\Documents and Settings\hadfielj\My Documents\ePublisher Pro Projects\caIntegrator2\Output\WebWorks Help 5.0\caIntegrator2\PerformingAnalysis.7.4.html" anchor="1089381" fileposition="51" first="false" />
    </Entry>
    <Entry name="importing delimited text" sort="importing delimited text">
      <Content xmlns="urn:WebWorks-Document-Schema">
        <TextRun>
          <Text value="importing delimited text" />
        </TextRun>
      </Content>
      <Link href="C:\Documents and Settings\hadfielj\My Documents\ePublisher Pro Projects\caIntegrator2\Output\WebWorks Help 5.0\caIntegrator2\appdx data import.8.3.html" anchor="1073226" fileposition="66" first="false" />
    </Entry>
    <Entry name="configuring field" sort="configuring field">
      <Content xmlns="urn:WebWorks-Document-Schema">
        <TextRun>
          <Text value="configuring field" />
        </TextRun>
      </Content>
      <Link href="C:\Documents and Settings\hadfielj\My Documents\ePublisher Pro Projects\caIntegrator2\Output\WebWorks Help 5.0\caIntegrator2\appdx data import.8.4.html" anchor="1073233" fileposition="67" first="false" />
    </Entry>
  </Entry>
  <Entry name="searching" sort="searching" sectionposition="2">
    <Content xmlns="urn:WebWorks-Document-Schema">
      <TextRun>
        <Text value="searching" />
      </TextRun>
    </Content>
    <Entry name="annotation definitions" sort="annotation definitions">
      <Content xmlns="urn:WebWorks-Document-Schema">
        <TextRun>
          <Text value="annotation definitions" />
        </TextRun>
      </Content>
      <Link href="C:\Documents and Settings\hadfielj\My Documents\ePublisher Pro Projects\caIntegrator2\Output\WebWorks Help 5.0\caIntegrator2\CreatingNewStudy.4.7.html" anchor="1074853" fileposition="17" first="false" />
    </Entry>
    <Entry name="overview" sort="overview">
      <Content xmlns="urn:WebWorks-Document-Schema">
        <TextRun>
          <Text value="overview" />
        </TextRun>
      </Content>
      <Link href="C:\Documents and Settings\hadfielj\My Documents\ePublisher Pro Projects\caIntegrator2\Output\WebWorks Help 5.0\caIntegrator2\SearchingWithinAStudy.5.2.html" anchor="1077420" fileposition="28" first="false" />
    </Entry>
    <Entry name="study" sort="study">
      <Content xmlns="urn:WebWorks-Document-Schema">
        <TextRun>
          <Text value="study" />
        </TextRun>
      </Content>
      <Link href="C:\Documents and Settings\hadfielj\My Documents\ePublisher Pro Projects\caIntegrator2\Output\WebWorks Help 5.0\caIntegrator2\SearchingWithinAStudy.5.3.html" anchor="1073200" fileposition="29" first="false" />
    </Entry>
  </Entry>
  <Entry name="survival values, defining" sort="survival values, defining" sectionposition="2">
    <Content xmlns="urn:WebWorks-Document-Schema">
      <TextRun>
        <Text value="survival values, defining" />
      </TextRun>
    </Content>
    <Link href="C:\Documents and Settings\hadfielj\My Documents\ePublisher Pro Projects\caIntegrator2\Output\WebWorks Help 5.0\caIntegrator2\CreatingNewStudy.4.8.html" anchor="1077702" fileposition="18" first="false" />
  </Entry>
  <Entry name="defining survival values" sort="defining survival values" sectionposition="2">
    <Content xmlns="urn:WebWorks-Document-Schema">
      <TextRun>
        <Text value="defining survival values" />
      </TextRun>
    </Content>
    <Link href="C:\Documents and Settings\hadfielj\My Documents\ePublisher Pro Projects\caIntegrator2\Output\WebWorks Help 5.0\caIntegrator2\CreatingNewStudy.4.8.html" anchor="1077702" fileposition="18" first="false" />
  </Entry>
  <Entry name="mapping genomic to clinical data" sort="mapping genomic to clinical data" sectionposition="2">
    <Content xmlns="urn:WebWorks-Document-Schema">
      <TextRun>
        <Text value="mapping genomic to clinical data" />
      </TextRun>
    </Content>
    <Link href="C:\Documents and Settings\hadfielj\My Documents\ePublisher Pro Projects\caIntegrator2\Output\WebWorks Help 5.0\caIntegrator2\CreatingNewStudy.4.10.html" anchor="1082153" fileposition="20" first="false" />
  </Entry>
  <Entry name="control samples, uploading" sort="control samples, uploading" sectionposition="2">
    <Content xmlns="urn:WebWorks-Document-Schema">
      <TextRun>
        <Text value="control samples, uploading" />
      </TextRun>
    </Content>
    <Link href="C:\Documents and Settings\hadfielj\My Documents\ePublisher Pro Projects\caIntegrator2\Output\WebWorks Help 5.0\caIntegrator2\CreatingNewStudy.4.11.html" anchor="1081202" fileposition="21" first="false" />
  </Entry>
  <Entry name="fold change, control samples file" sort="fold change, control samples file" sectionposition="2">
    <Content xmlns="urn:WebWorks-Document-Schema">
      <TextRun>
        <Text value="fold change, control samples file" />
      </TextRun>
    </Content>
    <Link href="C:\Documents and Settings\hadfielj\My Documents\ePublisher Pro Projects\caIntegrator2\Output\WebWorks Help 5.0\caIntegrator2\CreatingNewStudy.4.11.html" anchor="1081202" fileposition="21" first="false" />
  </Entry>
  <Entry name="copy number data, configuring" sort="copy number data, configuring" sectionposition="2">
    <Content xmlns="urn:WebWorks-Document-Schema">
      <TextRun>
        <Text value="copy number data, configuring" />
      </TextRun>
    </Content>
    <Link href="C:\Documents and Settings\hadfielj\My Documents\ePublisher Pro Projects\caIntegrator2\Output\WebWorks Help 5.0\caIntegrator2\CreatingNewStudy.4.12.html" anchor="1089928" fileposition="22" first="false" />
  </Entry>
  <Entry name="configuring" sort="configuring" sectionposition="2">
    <Content xmlns="urn:WebWorks-Document-Schema">
      <TextRun>
        <Text value="configuring" />
      </TextRun>
    </Content>
    <Entry name="copy number data" sort="copy number data">
      <Content xmlns="urn:WebWorks-Document-Schema">
        <TextRun>
          <Text value="copy number data" />
        </TextRun>
      </Content>
      <Link href="C:\Documents and Settings\hadfielj\My Documents\ePublisher Pro Projects\caIntegrator2\Output\WebWorks Help 5.0\caIntegrator2\CreatingNewStudy.4.12.html" anchor="1089928" fileposition="22" first="false" />
    </Entry>
    <Entry name="subject clinical data for import" sort="subject clinical data for import">
      <Content xmlns="urn:WebWorks-Document-Schema">
        <TextRun>
          <Text value="subject clinical data for import" />
        </TextRun>
      </Content>
      <Link href="C:\Documents and Settings\hadfielj\My Documents\ePublisher Pro Projects\caIntegrator2\Output\WebWorks Help 5.0\caIntegrator2\appdx data import.8.2.html" anchor="1073215" fileposition="65" first="false" />
    </Entry>
    <Entry name="annotation fields for import" sort="annotation fields for import">
      <Content xmlns="urn:WebWorks-Document-Schema">
        <TextRun>
          <Text value="annotation fields for import" />
        </TextRun>
      </Content>
      <Link href="C:\Documents and Settings\hadfielj\My Documents\ePublisher Pro Projects\caIntegrator2\Output\WebWorks Help 5.0\caIntegrator2\appdx data import.8.4.html" anchor="1073233" fileposition="67" first="false" />
    </Entry>
    <Entry name="sample data for import" sort="sample data for import">
      <Content xmlns="urn:WebWorks-Document-Schema">
        <TextRun>
          <Text value="sample data for import" />
        </TextRun>
      </Content>
      <Link href="C:\Documents and Settings\hadfielj\My Documents\ePublisher Pro Projects\caIntegrator2\Output\WebWorks Help 5.0\caIntegrator2\appdx data import.8.5.html" anchor="1073243" fileposition="68" first="false" />
    </Entry>
    <Entry name="genomic data for import" sort="genomic data for import">
      <Content xmlns="urn:WebWorks-Document-Schema">
        <TextRun>
          <Text value="genomic data for import" />
        </TextRun>
      </Content>
      <Link href="C:\Documents and Settings\hadfielj\My Documents\ePublisher Pro Projects\caIntegrator2\Output\WebWorks Help 5.0\caIntegrator2\appdx data import.8.6.html" anchor="1073253" fileposition="69" first="false" />
    </Entry>
    <Entry name="imaging data for import" sort="imaging data for import">
      <Content xmlns="urn:WebWorks-Document-Schema">
        <TextRun>
          <Text value="imaging data for import" />
        </TextRun>
      </Content>
      <Link href="C:\Documents and Settings\hadfielj\My Documents\ePublisher Pro Projects\caIntegrator2\Output\WebWorks Help 5.0\caIntegrator2\appdx data import.8.7.html" anchor="1073265" fileposition="70" first="false" />
    </Entry>
  </Entry>
  <Entry name="managing" sort="managing" sectionposition="2">
    <Content xmlns="urn:WebWorks-Document-Schema">
      <TextRun>
        <Text value="managing" />
      </TextRun>
    </Content>
    <Entry name="study" sort="study">
      <Content xmlns="urn:WebWorks-Document-Schema">
        <TextRun>
          <Text value="study" />
        </TextRun>
      </Content>
      <Link href="C:\Documents and Settings\hadfielj\My Documents\ePublisher Pro Projects\caIntegrator2\Output\WebWorks Help 5.0\caIntegrator2\CreatingNewStudy.4.15.html" anchor="1085452" fileposition="25" first="false" />
    </Entry>
    <Entry name="platforms" sort="platforms">
      <Content xmlns="urn:WebWorks-Document-Schema">
        <TextRun>
          <Text value="platforms" />
        </TextRun>
      </Content>
      <Link href="C:\Documents and Settings\hadfielj\My Documents\ePublisher Pro Projects\caIntegrator2\Output\WebWorks Help 5.0\caIntegrator2\CreatingNewStudy.4.16.html" anchor="1078047" fileposition="26" first="false" />
    </Entry>
    <Entry name="queries" sort="queries">
      <Content xmlns="urn:WebWorks-Document-Schema">
        <TextRun>
          <Text value="queries" />
        </TextRun>
      </Content>
      <Link href="C:\Documents and Settings\hadfielj\My Documents\ePublisher Pro Projects\caIntegrator2\Output\WebWorks Help 5.0\caIntegrator2\SearchingWithinAStudy.5.7.html" anchor="1077949" fileposition="33" first="false" />
    </Entry>
  </Entry>
  <Entry name="platforms, managing" sort="platforms, managing" sectionposition="2">
    <Content xmlns="urn:WebWorks-Document-Schema">
      <TextRun>
        <Text value="platforms, managing" />
      </TextRun>
    </Content>
    <Link href="C:\Documents and Settings\hadfielj\My Documents\ePublisher Pro Projects\caIntegrator2\Output\WebWorks Help 5.0\caIntegrator2\CreatingNewStudy.4.16.html" anchor="1078047" fileposition="26" first="false" />
  </Entry>
  <Entry name="objects in NBIA, hierarchy of" sort="objects in NBIA, hierarchy of" sectionposition="2">
    <Content xmlns="urn:WebWorks-Document-Schema">
      <TextRun>
        <Text value="objects in NBIA, hierarchy of" />
      </TextRun>
    </Content>
    <Link href="C:\Documents and Settings\hadfielj\My Documents\ePublisher Pro Projects\caIntegrator2\Output\WebWorks Help 5.0\caIntegrator2\SearchingWithinAStudy.5.3.html" anchor="1076814" fileposition="29" first="false" />
    <Link href="C:\Documents and Settings\hadfielj\My Documents\ePublisher Pro Projects\caIntegrator2\Output\WebWorks Help 5.0\caIntegrator2\View Search Results.6.10.html" anchor="1168576" fileposition="46" first="false" />
  </Entry>
  <Entry name="hierarchy of objects, NBIA" sort="hierarchy of objects, NBIA" sectionposition="2">
    <Content xmlns="urn:WebWorks-Document-Schema">
      <TextRun>
        <Text value="hierarchy of objects, NBIA" />
      </TextRun>
    </Content>
    <Link href="C:\Documents and Settings\hadfielj\My Documents\ePublisher Pro Projects\caIntegrator2\Output\WebWorks Help 5.0\caIntegrator2\SearchingWithinAStudy.5.3.html" anchor="1076814" fileposition="29" first="false" />
    <Link href="C:\Documents and Settings\hadfielj\My Documents\ePublisher Pro Projects\caIntegrator2\Output\WebWorks Help 5.0\caIntegrator2\View Search Results.6.10.html" anchor="1168576" fileposition="46" first="false" />
  </Entry>
  <Entry name="columns, defining display" sort="columns, defining display" sectionposition="2">
    <Content xmlns="urn:WebWorks-Document-Schema">
      <TextRun>
        <Text value="columns, defining display" />
      </TextRun>
    </Content>
    <Link href="C:\Documents and Settings\hadfielj\My Documents\ePublisher Pro Projects\caIntegrator2\Output\WebWorks Help 5.0\caIntegrator2\SearchingWithinAStudy.5.6.html" anchor="1074611" fileposition="32" first="false" />
  </Entry>
  <Entry name="sorting tab" sort="sorting tab" sectionposition="2">
    <Content xmlns="urn:WebWorks-Document-Schema">
      <TextRun>
        <Text value="sorting tab" />
      </TextRun>
    </Content>
    <Link href="C:\Documents and Settings\hadfielj\My Documents\ePublisher Pro Projects\caIntegrator2\Output\WebWorks Help 5.0\caIntegrator2\SearchingWithinAStudy.5.6.html" anchor="1074611" fileposition="32" first="false" />
  </Entry>
  <Entry name="Results Type tab" sort="Results Type tab" sectionposition="2">
    <Content xmlns="urn:WebWorks-Document-Schema">
      <TextRun>
        <Text value="Results Type tab" />
      </TextRun>
    </Content>
    <Link href="C:\Documents and Settings\hadfielj\My Documents\ePublisher Pro Projects\caIntegrator2\Output\WebWorks Help 5.0\caIntegrator2\SearchingWithinAStudy.5.6.html" anchor="1074611" fileposition="32" first="false" />
  </Entry>
  <Entry name="query" sort="query" sectionposition="2">
    <Content xmlns="urn:WebWorks-Document-Schema">
      <TextRun>
        <Text value="query" />
      </TextRun>
    </Content>
    <Entry name="managing" sort="managing">
      <Content xmlns="urn:WebWorks-Document-Schema">
        <TextRun>
          <Text value="managing" />
        </TextRun>
      </Content>
      <Link href="C:\Documents and Settings\hadfielj\My Documents\ePublisher Pro Projects\caIntegrator2\Output\WebWorks Help 5.0\caIntegrator2\SearchingWithinAStudy.5.7.html" anchor="1077949" fileposition="33" first="false" />
    </Entry>
    <Entry name="saving" sort="saving">
      <Content xmlns="urn:WebWorks-Document-Schema">
        <TextRun>
          <Text value="saving" />
        </TextRun>
      </Content>
      <Link href="C:\Documents and Settings\hadfielj\My Documents\ePublisher Pro Projects\caIntegrator2\Output\WebWorks Help 5.0\caIntegrator2\SearchingWithinAStudy.5.8.html" anchor="1075755" fileposition="34" first="false" />
    </Entry>
    <Entry name="editing" sort="editing">
      <Content xmlns="urn:WebWorks-Document-Schema">
        <TextRun>
          <Text value="editing" />
        </TextRun>
      </Content>
      <Link href="C:\Documents and Settings\hadfielj\My Documents\ePublisher Pro Projects\caIntegrator2\Output\WebWorks Help 5.0\caIntegrator2\SearchingWithinAStudy.5.9.html" anchor="1073533" fileposition="35" first="false" />
    </Entry>
    <Entry name="exporting results" sort="exporting results">
      <Content xmlns="urn:WebWorks-Document-Schema">
        <TextRun>
          <Text value="exporting results" />
        </TextRun>
      </Content>
      <Link href="C:\Documents and Settings\hadfielj\My Documents\ePublisher Pro Projects\caIntegrator2\Output\WebWorks Help 5.0\caIntegrator2\SearchingWithinAStudy.5.10.html" anchor="1073522" fileposition="36" first="false" />
    </Entry>
    <Entry name="K-M plot for" sort="K-M plot for">
      <Content xmlns="urn:WebWorks-Document-Schema">
        <TextRun>
          <Text value="K-M plot for" />
        </TextRun>
      </Content>
      <Link href="C:\Documents and Settings\hadfielj\My Documents\ePublisher Pro Projects\caIntegrator2\Output\WebWorks Help 5.0\caIntegrator2\PerformingAnalysis.7.6.html" anchor="1073748" fileposition="53" first="false" />
    </Entry>
  </Entry>
  <Entry name="saving query" sort="saving query" sectionposition="2">
    <Content xmlns="urn:WebWorks-Document-Schema">
      <TextRun>
        <Text value="saving query" />
      </TextRun>
    </Content>
    <Link href="C:\Documents and Settings\hadfielj\My Documents\ePublisher Pro Projects\caIntegrator2\Output\WebWorks Help 5.0\caIntegrator2\SearchingWithinAStudy.5.8.html" anchor="1075755" fileposition="34" first="false" />
  </Entry>
  <Entry name="editing a query" sort="editing a query" sectionposition="2">
    <Content xmlns="urn:WebWorks-Document-Schema">
      <TextRun>
        <Text value="editing a query" />
      </TextRun>
    </Content>
    <Link href="C:\Documents and Settings\hadfielj\My Documents\ePublisher Pro Projects\caIntegrator2\Output\WebWorks Help 5.0\caIntegrator2\SearchingWithinAStudy.5.9.html" anchor="1073533" fileposition="35" first="false" />
  </Entry>
  <Entry name="exporting" sort="exporting" sectionposition="2">
    <Content xmlns="urn:WebWorks-Document-Schema">
      <TextRun>
        <Text value="exporting" />
      </TextRun>
    </Content>
    <Entry name="query results" sort="query results">
      <Content xmlns="urn:WebWorks-Document-Schema">
        <TextRun>
          <Text value="query results" />
        </TextRun>
      </Content>
      <Link href="C:\Documents and Settings\hadfielj\My Documents\ePublisher Pro Projects\caIntegrator2\Output\WebWorks Help 5.0\caIntegrator2\SearchingWithinAStudy.5.10.html" anchor="1073522" fileposition="36" first="false" />
    </Entry>
    <Entry name="data" sort="data">
      <Content xmlns="urn:WebWorks-Document-Schema">
        <TextRun>
          <Text value="data" />
        </TextRun>
      </Content>
      <Link href="C:\Documents and Settings\hadfielj\My Documents\ePublisher Pro Projects\caIntegrator2\Output\WebWorks Help 5.0\caIntegrator2\View Search Results.6.11.html" anchor="1164508" fileposition="47" first="false" />
    </Entry>
  </Entry>
  <Entry name="search results" sort="search results" sectionposition="2">
    <Content xmlns="urn:WebWorks-Document-Schema">
      <TextRun>
        <Text value="search results" />
      </TextRun>
    </Content>
    <Entry name="overview" sort="overview">
      <Content xmlns="urn:WebWorks-Document-Schema">
        <TextRun>
          <Text value="overview" />
        </TextRun>
      </Content>
      <Link href="C:\Documents and Settings\hadfielj\My Documents\ePublisher Pro Projects\caIntegrator2\Output\WebWorks Help 5.0\caIntegrator2\View Search Results.6.2.html" anchor="1163460" fileposition="38" first="false" />
    </Entry>
    <Entry name="browsing" sort="browsing">
      <Content xmlns="urn:WebWorks-Document-Schema">
        <TextRun>
          <Text value="browsing" />
        </TextRun>
      </Content>
      <Link href="C:\Documents and Settings\hadfielj\My Documents\ePublisher Pro Projects\caIntegrator2\Output\WebWorks Help 5.0\caIntegrator2\View Search Results.6.3.html" anchor="1168460" fileposition="39" first="false" />
    </Entry>
    <Entry name="genomic data" sort="genomic data">
      <Content xmlns="urn:WebWorks-Document-Schema">
        <TextRun>
          <Text value="genomic data" />
        </TextRun>
      </Content>
      <Link href="C:\Documents and Settings\hadfielj\My Documents\ePublisher Pro Projects\caIntegrator2\Output\WebWorks Help 5.0\caIntegrator2\View Search Results.6.5.html" anchor="1159226" fileposition="41" first="false" />
    </Entry>
    <Entry name="imaging data" sort="imaging data">
      <Content xmlns="urn:WebWorks-Document-Schema">
        <TextRun>
          <Text value="imaging data" />
        </TextRun>
      </Content>
      <Link href="C:\Documents and Settings\hadfielj\My Documents\ePublisher Pro Projects\caIntegrator2\Output\WebWorks Help 5.0\caIntegrator2\View Search Results.6.6.html" anchor="1164407" fileposition="42" first="false" />
    </Entry>
    <Entry name="viewing imaging data in NBIA" sort="viewing imaging data in NBIA">
      <Content xmlns="urn:WebWorks-Document-Schema">
        <TextRun>
          <Text value="viewing imaging data in NBIA" />
        </TextRun>
      </Content>
      <Link href="C:\Documents and Settings\hadfielj\My Documents\ePublisher Pro Projects\caIntegrator2\Output\WebWorks Help 5.0\caIntegrator2\View Search Results.6.7.html" anchor="1164465" fileposition="43" first="false" />
    </Entry>
    <Entry name="forwarding imaging results to NBIA" sort="forwarding imaging results to NBIA">
      <Content xmlns="urn:WebWorks-Document-Schema">
        <TextRun>
          <Text value="forwarding imaging results to NBIA" />
        </TextRun>
      </Content>
      <Link href="C:\Documents and Settings\hadfielj\My Documents\ePublisher Pro Projects\caIntegrator2\Output\WebWorks Help 5.0\caIntegrator2\View Search Results.6.7.html" anchor="1161874" fileposition="43" first="false" />
    </Entry>
    <Entry name="retrieving DICOM images" sort="retrieving DICOM images">
      <Content xmlns="urn:WebWorks-Document-Schema">
        <TextRun>
          <Text value="retrieving DICOM images" />
        </TextRun>
      </Content>
      <Link href="C:\Documents and Settings\hadfielj\My Documents\ePublisher Pro Projects\caIntegrator2\Output\WebWorks Help 5.0\caIntegrator2\View Search Results.6.8.html" anchor="1168195" fileposition="44" first="false" />
    </Entry>
    <Entry name="exporting data" sort="exporting data">
      <Content xmlns="urn:WebWorks-Document-Schema">
        <TextRun>
          <Text value="exporting data" />
        </TextRun>
      </Content>
      <Link href="C:\Documents and Settings\hadfielj\My Documents\ePublisher Pro Projects\caIntegrator2\Output\WebWorks Help 5.0\caIntegrator2\View Search Results.6.11.html" anchor="1164508" fileposition="47" first="false" />
    </Entry>
  </Entry>
  <Entry name="NBIA" sort="NBIA" sectionposition="2">
    <Content xmlns="urn:WebWorks-Document-Schema">
      <TextRun>
        <Text value="NBIA" />
      </TextRun>
    </Content>
    <Entry name="viewing imaging results in" sort="viewing imaging results in">
      <Content xmlns="urn:WebWorks-Document-Schema">
        <TextRun>
          <Text value="viewing imaging results in" />
        </TextRun>
      </Content>
      <Link href="C:\Documents and Settings\hadfielj\My Documents\ePublisher Pro Projects\caIntegrator2\Output\WebWorks Help 5.0\caIntegrator2\View Search Results.6.7.html" anchor="1164465" fileposition="43" first="false" />
    </Entry>
    <Entry name="forwarding imaging results to" sort="forwarding imaging results to">
      <Content xmlns="urn:WebWorks-Document-Schema">
        <TextRun>
          <Text value="forwarding imaging results to" />
        </TextRun>
      </Content>
      <Link href="C:\Documents and Settings\hadfielj\My Documents\ePublisher Pro Projects\caIntegrator2\Output\WebWorks Help 5.0\caIntegrator2\View Search Results.6.7.html" anchor="1161874" fileposition="43" first="false" />
    </Entry>
  </Entry>
  <Entry name="DICOM, retrieving images" sort="DICOM, retrieving images" sectionposition="2">
    <Content xmlns="urn:WebWorks-Document-Schema">
      <TextRun>
        <Text value="DICOM, retrieving images" />
      </TextRun>
    </Content>
    <Link href="C:\Documents and Settings\hadfielj\My Documents\ePublisher Pro Projects\caIntegrator2\Output\WebWorks Help 5.0\caIntegrator2\View Search Results.6.8.html" anchor="1168195" fileposition="44" first="false" />
  </Entry>
  <Entry name="patient" sort="patient" sectionposition="2">
    <Content xmlns="urn:WebWorks-Document-Schema">
      <TextRun>
        <Text value="patient" />
      </TextRun>
    </Content>
    <Entry name="relationship to study, series, images" sort="relationship to study, series, images">
      <Content xmlns="urn:WebWorks-Document-Schema">
        <TextRun>
          <Text value="relationship to study, series, images" />
        </TextRun>
      </Content>
      <Link href="C:\Documents and Settings\hadfielj\My Documents\ePublisher Pro Projects\caIntegrator2\Output\WebWorks Help 5.0\caIntegrator2\View Search Results.6.10.html" anchor="1168597" fileposition="46" first="false" />
    </Entry>
  </Entry>
  <Entry name="data analysis, overview" sort="data analysis, overview" sectionposition="2">
    <Content xmlns="urn:WebWorks-Document-Schema">
      <TextRun>
        <Text value="data analysis, overview" />
      </TextRun>
    </Content>
    <Link href="C:\Documents and Settings\hadfielj\My Documents\ePublisher Pro Projects\caIntegrator2\Output\WebWorks Help 5.0\caIntegrator2\PerformingAnalysis.7.2.html" anchor="1073194" fileposition="49" first="false" />
  </Entry>
  <Entry name="K-M plot" sort="K-M plot" sectionposition="2">
    <Content xmlns="urn:WebWorks-Document-Schema">
      <TextRun>
        <Text value="K-M plot" />
      </TextRun>
    </Content>
    <Entry name="description" sort="description">
      <Content xmlns="urn:WebWorks-Document-Schema">
        <TextRun>
          <Text value="description" />
        </TextRun>
      </Content>
      <Link href="C:\Documents and Settings\hadfielj\My Documents\ePublisher Pro Projects\caIntegrator2\Output\WebWorks Help 5.0\caIntegrator2\PerformingAnalysis.7.2.html" anchor="1079472" fileposition="49" first="false" />
      <Link href="C:\Documents and Settings\hadfielj\My Documents\ePublisher Pro Projects\caIntegrator2\Output\WebWorks Help 5.0\caIntegrator2\PerformingAnalysis.7.3.html" anchor="1105761" fileposition="50" first="false" />
    </Entry>
    <Entry name="creating" sort="creating">
      <Content xmlns="urn:WebWorks-Document-Schema">
        <TextRun>
          <Text value="creating" />
        </TextRun>
      </Content>
      <Link href="C:\Documents and Settings\hadfielj\My Documents\ePublisher Pro Projects\caIntegrator2\Output\WebWorks Help 5.0\caIntegrator2\PerformingAnalysis.7.3.html" anchor="1105761" fileposition="50" first="false" />
    </Entry>
    <Entry name="for annotations" sort="for annotations">
      <Content xmlns="urn:WebWorks-Document-Schema">
        <TextRun>
          <Text value="for annotations" />
        </TextRun>
      </Content>
      <Link href="C:\Documents and Settings\hadfielj\My Documents\ePublisher Pro Projects\caIntegrator2\Output\WebWorks Help 5.0\caIntegrator2\PerformingAnalysis.7.4.html" anchor="1089381" fileposition="51" first="false" />
    </Entry>
    <Entry name="for gene expression" sort="for gene expression">
      <Content xmlns="urn:WebWorks-Document-Schema">
        <TextRun>
          <Text value="for gene expression" />
        </TextRun>
      </Content>
      <Link href="C:\Documents and Settings\hadfielj\My Documents\ePublisher Pro Projects\caIntegrator2\Output\WebWorks Help 5.0\caIntegrator2\PerformingAnalysis.7.5.html" anchor="1080255" fileposition="52" first="false" />
    </Entry>
    <Entry name="for queries" sort="for queries">
      <Content xmlns="urn:WebWorks-Document-Schema">
        <TextRun>
          <Text value="for queries" />
        </TextRun>
      </Content>
      <Link href="C:\Documents and Settings\hadfielj\My Documents\ePublisher Pro Projects\caIntegrator2\Output\WebWorks Help 5.0\caIntegrator2\PerformingAnalysis.7.6.html" anchor="1073748" fileposition="53" first="false" />
    </Entry>
  </Entry>
  <Entry name="plot" sort="plot" sectionposition="2">
    <Content xmlns="urn:WebWorks-Document-Schema">
      <TextRun>
        <Text value="plot" />
      </TextRun>
    </Content>
    <Entry name="K-M description" sort="K-M description">
      <Content xmlns="urn:WebWorks-Document-Schema">
        <TextRun>
          <Text value="K-M description" />
        </TextRun>
      </Content>
      <Link href="C:\Documents and Settings\hadfielj\My Documents\ePublisher Pro Projects\caIntegrator2\Output\WebWorks Help 5.0\caIntegrator2\PerformingAnalysis.7.2.html" anchor="1079472" fileposition="49" first="false" />
    </Entry>
    <Entry name="gene expression, description" sort="gene expression, description">
      <Content xmlns="urn:WebWorks-Document-Schema">
        <TextRun>
          <Text value="gene expression, description" />
        </TextRun>
      </Content>
      <Link href="C:\Documents and Settings\hadfielj\My Documents\ePublisher Pro Projects\caIntegrator2\Output\WebWorks Help 5.0\caIntegrator2\PerformingAnalysis.7.2.html" anchor="1079518" fileposition="49" first="false" />
      <Link href="C:\Documents and Settings\hadfielj\My Documents\ePublisher Pro Projects\caIntegrator2\Output\WebWorks Help 5.0\caIntegrator2\PerformingAnalysis.7.7.html" anchor="1084199" fileposition="54" first="false" />
    </Entry>
    <Entry name="GenePattern description" sort="GenePattern description">
      <Content xmlns="urn:WebWorks-Document-Schema">
        <TextRun>
          <Text value="GenePattern description" />
        </TextRun>
      </Content>
      <Link href="C:\Documents and Settings\hadfielj\My Documents\ePublisher Pro Projects\caIntegrator2\Output\WebWorks Help 5.0\caIntegrator2\PerformingAnalysis.7.2.html" anchor="1079547" fileposition="49" first="false" />
    </Entry>
    <Entry name="gene expression description" sort="gene expression description">
      <Content xmlns="urn:WebWorks-Document-Schema">
        <TextRun>
          <Text value="gene expression description" />
        </TextRun>
      </Content>
      <Link href="C:\Documents and Settings\hadfielj\My Documents\ePublisher Pro Projects\caIntegrator2\Output\WebWorks Help 5.0\caIntegrator2\PerformingAnalysis.7.11.html" anchor="1089063" fileposition="58" first="false" />
    </Entry>
  </Entry>
  <Entry name="gene expression plot" sort="gene expression plot" sectionposition="2">
    <Content xmlns="urn:WebWorks-Document-Schema">
      <TextRun>
        <Text value="gene expression plot" />
      </TextRun>
    </Content>
    <Entry name="description" sort="description">
      <Content xmlns="urn:WebWorks-Document-Schema">
        <TextRun>
          <Text value="description" />
        </TextRun>
      </Content>
      <Link href="C:\Documents and Settings\hadfielj\My Documents\ePublisher Pro Projects\caIntegrator2\Output\WebWorks Help 5.0\caIntegrator2\PerformingAnalysis.7.2.html" anchor="1079518" fileposition="49" first="false" />
      <Link href="C:\Documents and Settings\hadfielj\My Documents\ePublisher Pro Projects\caIntegrator2\Output\WebWorks Help 5.0\caIntegrator2\PerformingAnalysis.7.7.html" anchor="1084199" fileposition="54" first="false" />
      <Link href="C:\Documents and Settings\hadfielj\My Documents\ePublisher Pro Projects\caIntegrator2\Output\WebWorks Help 5.0\caIntegrator2\PerformingAnalysis.7.11.html" anchor="1091490" fileposition="58" first="false" />
    </Entry>
    <Entry name="for genomic queries" sort="for genomic queries">
      <Content xmlns="urn:WebWorks-Document-Schema">
        <TextRun>
          <Text value="for genomic queries" />
        </TextRun>
      </Content>
      <Link href="C:\Documents and Settings\hadfielj\My Documents\ePublisher Pro Projects\caIntegrator2\Output\WebWorks Help 5.0\caIntegrator2\PerformingAnalysis.7.9.html" anchor="1083381" fileposition="56" first="false" />
    </Entry>
    <Entry name="for clinical queries" sort="for clinical queries">
      <Content xmlns="urn:WebWorks-Document-Schema">
        <TextRun>
          <Text value="for clinical queries" />
        </TextRun>
      </Content>
      <Link href="C:\Documents and Settings\hadfielj\My Documents\ePublisher Pro Projects\caIntegrator2\Output\WebWorks Help 5.0\caIntegrator2\PerformingAnalysis.7.10.html" anchor="1083443" fileposition="57" first="false" />
    </Entry>
    <Entry name="interpreting" sort="interpreting">
      <Content xmlns="urn:WebWorks-Document-Schema">
        <TextRun>
          <Text value="interpreting" />
        </TextRun>
      </Content>
      <Link href="C:\Documents and Settings\hadfielj\My Documents\ePublisher Pro Projects\caIntegrator2\Output\WebWorks Help 5.0\caIntegrator2\PerformingAnalysis.7.11.html" anchor="1089063" fileposition="58" first="false" />
    </Entry>
    <Entry name="plot display, mean" sort="plot display, mean">
      <Content xmlns="urn:WebWorks-Document-Schema">
        <TextRun>
          <Text value="plot display, mean" />
        </TextRun>
      </Content>
      <Link href="C:\Documents and Settings\hadfielj\My Documents\ePublisher Pro Projects\caIntegrator2\Output\WebWorks Help 5.0\caIntegrator2\PerformingAnalysis.7.11.html" anchor="1088726" fileposition="58" first="false" />
    </Entry>
    <Entry name="plot display, median" sort="plot display, median">
      <Content xmlns="urn:WebWorks-Document-Schema">
        <TextRun>
          <Text value="plot display, median" />
        </TextRun>
      </Content>
      <Link href="C:\Documents and Settings\hadfielj\My Documents\ePublisher Pro Projects\caIntegrator2\Output\WebWorks Help 5.0\caIntegrator2\PerformingAnalysis.7.11.html" anchor="1088789" fileposition="58" first="false" />
    </Entry>
    <Entry name="plot display, log2 intensity" sort="plot display, log2 intensity">
      <Content xmlns="urn:WebWorks-Document-Schema">
        <TextRun>
          <Text value="plot display, log2 intensity" />
        </TextRun>
      </Content>
      <Link href="C:\Documents and Settings\hadfielj\My Documents\ePublisher Pro Projects\caIntegrator2\Output\WebWorks Help 5.0\caIntegrator2\PerformingAnalysis.7.11.html" anchor="1089102" fileposition="58" first="false" />
    </Entry>
    <Entry name="plot display, box &amp; whisker" sort="plot display, box &amp; whisker">
      <Content xmlns="urn:WebWorks-Document-Schema">
        <TextRun>
          <Text value="plot display, box &amp; whisker" />
        </TextRun>
      </Content>
      <Link href="C:\Documents and Settings\hadfielj\My Documents\ePublisher Pro Projects\caIntegrator2\Output\WebWorks Help 5.0\caIntegrator2\PerformingAnalysis.7.11.html" anchor="1089283" fileposition="58" first="false" />
    </Entry>
  </Entry>
  <Entry name="GenePattern" sort="GenePattern" sectionposition="2">
    <Content xmlns="urn:WebWorks-Document-Schema">
      <TextRun>
        <Text value="GenePattern" />
      </TextRun>
    </Content>
    <Entry name="plot description" sort="plot description">
      <Content xmlns="urn:WebWorks-Document-Schema">
        <TextRun>
          <Text value="plot description" />
        </TextRun>
      </Content>
      <Link href="C:\Documents and Settings\hadfielj\My Documents\ePublisher Pro Projects\caIntegrator2\Output\WebWorks Help 5.0\caIntegrator2\PerformingAnalysis.7.2.html" anchor="1079547" fileposition="49" first="false" />
    </Entry>
    <Entry name="analyses, description" sort="analyses, description">
      <Content xmlns="urn:WebWorks-Document-Schema">
        <TextRun>
          <Text value="analyses, description" />
        </TextRun>
      </Content>
      <Link href="C:\Documents and Settings\hadfielj\My Documents\ePublisher Pro Projects\caIntegrator2\Output\WebWorks Help 5.0\caIntegrator2\PerformingAnalysis.7.12.html" anchor="1073260" fileposition="59" first="false" />
    </Entry>
    <Entry name="analyses, in caIntegrator2" sort="analyses, in caIntegrator2">
      <Content xmlns="urn:WebWorks-Document-Schema">
        <TextRun>
          <Text value="analyses, in caIntegrator2" />
        </TextRun>
      </Content>
      <Link href="C:\Documents and Settings\hadfielj\My Documents\ePublisher Pro Projects\caIntegrator2\Output\WebWorks Help 5.0\caIntegrator2\PerformingAnalysis.7.12.html" anchor="1084384" fileposition="59" first="false" />
    </Entry>
    <Entry name="analyses, modules" sort="analyses, modules">
      <Content xmlns="urn:WebWorks-Document-Schema">
        <TextRun>
          <Text value="analyses, modules" />
        </TextRun>
      </Content>
      <Link href="C:\Documents and Settings\hadfielj\My Documents\ePublisher Pro Projects\caIntegrator2\Output\WebWorks Help 5.0\caIntegrator2\PerformingAnalysis.7.13.html" anchor="1085979" fileposition="60" first="false" />
    </Entry>
    <Entry name="CMS analysis" sort="CMS analysis">
      <Content xmlns="urn:WebWorks-Document-Schema">
        <TextRun>
          <Text value="CMS analysis" />
        </TextRun>
      </Content>
      <Link href="C:\Documents and Settings\hadfielj\My Documents\ePublisher Pro Projects\caIntegrator2\Output\WebWorks Help 5.0\caIntegrator2\PerformingAnalysis.7.14.html" anchor="1090810" fileposition="61" first="false" />
    </Entry>
    <Entry name="PCA" sort="PCA">
      <Content xmlns="urn:WebWorks-Document-Schema">
        <TextRun>
          <Text value="PCA" />
        </TextRun>
      </Content>
      <Link href="C:\Documents and Settings\hadfielj\My Documents\ePublisher Pro Projects\caIntegrator2\Output\WebWorks Help 5.0\caIntegrator2\PerformingAnalysis.7.15.html" anchor="1086355" fileposition="62" first="false" />
    </Entry>
    <Entry name="GISTIC analysis" sort="GISTIC analysis">
      <Content xmlns="urn:WebWorks-Document-Schema">
        <TextRun>
          <Text value="GISTIC analysis" />
        </TextRun>
      </Content>
      <Link href="C:\Documents and Settings\hadfielj\My Documents\ePublisher Pro Projects\caIntegrator2\Output\WebWorks Help 5.0\caIntegrator2\PerformingAnalysis.7.16.html" anchor="1086919" fileposition="63" first="false" />
    </Entry>
  </Entry>
  <Entry name="Kaplan_Meier plot see K-M plot" sort="Kaplan_Meier plot see K-M plot" sectionposition="2">
    <Content xmlns="urn:WebWorks-Document-Schema">
      <TextRun>
        <Text value="Kaplan_Meier plot see K-M plot" />
      </TextRun>
    </Content>
  </Entry>
  <Entry name="gene expression, K-M plot for" sort="gene expression, K-M plot for" sectionposition="2">
    <Content xmlns="urn:WebWorks-Document-Schema">
      <TextRun>
        <Text value="gene expression, K-M plot for" />
      </TextRun>
    </Content>
    <Link href="C:\Documents and Settings\hadfielj\My Documents\ePublisher Pro Projects\caIntegrator2\Output\WebWorks Help 5.0\caIntegrator2\PerformingAnalysis.7.5.html" anchor="1080255" fileposition="52" first="false" />
  </Entry>
  <Entry name="box and whisker plot" sort="box and whisker plot" sectionposition="2">
    <Content xmlns="urn:WebWorks-Document-Schema">
      <TextRun>
        <Text value="box and whisker plot" />
      </TextRun>
    </Content>
    <Entry name="interpretation" sort="interpretation">
      <Content xmlns="urn:WebWorks-Document-Schema">
        <TextRun>
          <Text value="interpretation" />
        </TextRun>
      </Content>
      <Link href="C:\Documents and Settings\hadfielj\My Documents\ePublisher Pro Projects\caIntegrator2\Output\WebWorks Help 5.0\caIntegrator2\PerformingAnalysis.7.11.html" anchor="1089283" fileposition="58" first="false" />
    </Entry>
    <Entry name="uses for" sort="uses for">
      <Content xmlns="urn:WebWorks-Document-Schema">
        <TextRun>
          <Text value="uses for" />
        </TextRun>
      </Content>
      <Link href="C:\Documents and Settings\hadfielj\My Documents\ePublisher Pro Projects\caIntegrator2\Output\WebWorks Help 5.0\caIntegrator2\PerformingAnalysis.7.11.html" anchor="1089283" fileposition="58" first="false" />
    </Entry>
  </Entry>
  <Entry name="Comparative Marker Selection (CMS)" sort="Comparative Marker Selection (CMS)" sectionposition="2">
    <Content xmlns="urn:WebWorks-Document-Schema">
      <TextRun>
        <Text value="Comparative Marker Selection (CMS)" />
      </TextRun>
    </Content>
    <Entry name="data analysis" sort="data analysis">
      <Content xmlns="urn:WebWorks-Document-Schema">
        <TextRun>
          <Text value="data analysis" />
        </TextRun>
      </Content>
      <Link href="C:\Documents and Settings\hadfielj\My Documents\ePublisher Pro Projects\caIntegrator2\Output\WebWorks Help 5.0\caIntegrator2\PerformingAnalysis.7.14.html" anchor="1090810" fileposition="61" first="false" />
    </Entry>
  </Entry>
  <Entry name="Principal Component Analysis" sort="Principal Component Analysis" sectionposition="2">
    <Content xmlns="urn:WebWorks-Document-Schema">
      <TextRun>
        <Text value="Principal Component Analysis" />
      </TextRun>
    </Content>
    <Entry name="data analysis" sort="data analysis">
      <Content xmlns="urn:WebWorks-Document-Schema">
        <TextRun>
          <Text value="data analysis" />
        </TextRun>
      </Content>
      <Link href="C:\Documents and Settings\hadfielj\My Documents\ePublisher Pro Projects\caIntegrator2\Output\WebWorks Help 5.0\caIntegrator2\PerformingAnalysis.7.15.html" anchor="1086355" fileposition="62" first="false" />
    </Entry>
  </Entry>
  <Entry name="GISTIC-based data analysis" sort="GISTIC-based data analysis" sectionposition="2">
    <Content xmlns="urn:WebWorks-Document-Schema">
      <TextRun>
        <Text value="GISTIC-based data analysis" />
      </TextRun>
    </Content>
    <Link href="C:\Documents and Settings\hadfielj\My Documents\ePublisher Pro Projects\caIntegrator2\Output\WebWorks Help 5.0\caIntegrator2\PerformingAnalysis.7.16.html" anchor="1086919" fileposition="63" first="false" />
  </Entry>
  <Entry name="subject clinical data, configuring for import" sort="subject clinical data, configuring for import" sectionposition="2">
    <Content xmlns="urn:WebWorks-Document-Schema">
      <TextRun>
        <Text value="subject clinical data, configuring for import" />
      </TextRun>
    </Content>
    <Link href="C:\Documents and Settings\hadfielj\My Documents\ePublisher Pro Projects\caIntegrator2\Output\WebWorks Help 5.0\caIntegrator2\appdx data import.8.2.html" anchor="1073215" fileposition="65" first="false" />
  </Entry>
  <Entry name="delimited text annotation import" sort="delimited text annotation import" sectionposition="2">
    <Content xmlns="urn:WebWorks-Document-Schema">
      <TextRun>
        <Text value="delimited text annotation import" />
      </TextRun>
    </Content>
    <Link href="C:\Documents and Settings\hadfielj\My Documents\ePublisher Pro Projects\caIntegrator2\Output\WebWorks Help 5.0\caIntegrator2\appdx data import.8.3.html" anchor="1073226" fileposition="66" first="false" />
  </Entry>
  <Entry name="importing delimited text annotations" sort="importing delimited text annotations" sectionposition="2">
    <Content xmlns="urn:WebWorks-Document-Schema">
      <TextRun>
        <Text value="importing delimited text annotations" />
      </TextRun>
    </Content>
    <Link href="C:\Documents and Settings\hadfielj\My Documents\ePublisher Pro Projects\caIntegrator2\Output\WebWorks Help 5.0\caIntegrator2\appdx data import.8.3.html" anchor="1073226" fileposition="66" first="false" />
  </Entry>
  <Entry name="sample data, configuring for import" sort="sample data, configuring for import" sectionposition="2">
    <Content xmlns="urn:WebWorks-Document-Schema">
      <TextRun>
        <Text value="sample data, configuring for import" />
      </TextRun>
    </Content>
    <Link href="C:\Documents and Settings\hadfielj\My Documents\ePublisher Pro Projects\caIntegrator2\Output\WebWorks Help 5.0\caIntegrator2\appdx data import.8.5.html" anchor="1073243" fileposition="68" first="false" />
  </Entry>
</Index>