<?xml version="1.0" encoding="utf-8"?>
<TableOfContents version="1.0" xmlns="urn:WebWorks-Engine-TOC-Schema">
 <Entry id="1070912" documentID="8B6D36C54CB32B94" level="1" documentposition="3">
 </Entry>
 <Entry id="1052621" documentID="89D6A863CD24779D" level="1" documentposition="3">
  <Entry id="1135030" documentID="89D6A863CD24779D" level="2" documentposition="11">
  </Entry>
  <Entry id="1141097" documentID="89D6A863CD24779D" level="2" documentposition="18">
  </Entry>
  <Entry id="1146398" documentID="89D6A863CD24779D" level="2" documentposition="50">
  </Entry>
  <Entry id="1127723" documentID="89D6A863CD24779D" level="2" documentposition="56">
   <Entry id="1136890" documentID="89D6A863CD24779D" level="3" documentposition="61">
   </Entry>
  </Entry>
  <Entry id="1136527" documentID="89D6A863CD24779D" level="2" documentposition="69">
  </Entry>
  <Entry id="1128246" documentID="89D6A863CD24779D" level="2" documentposition="75">
  </Entry>
  <Entry id="1136640" documentID="89D6A863CD24779D" level="2" documentposition="81">
  </Entry>
 </Entry>
 <Entry id="1070912" documentID="7EA0BBA4CF8F5E88" level="1" documentposition="3">
  <Entry id="1073286" documentID="7EA0BBA4CF8F5E88" level="2" documentposition="9">
  </Entry>
  <Entry id="1073216" documentID="7EA0BBA4CF8F5E88" level="2" documentposition="17">
   <Entry id="1073921" documentID="7EA0BBA4CF8F5E88" level="3" documentposition="26">
   </Entry>
   <Entry id="1075197" documentID="7EA0BBA4CF8F5E88" level="3" documentposition="39">
    <Entry id="1082187" documentID="7EA0BBA4CF8F5E88" level="4" documentposition="57">
    </Entry>
    <Entry id="1082197" documentID="7EA0BBA4CF8F5E88" level="4" documentposition="81">
    </Entry>
    <Entry id="1077698" documentID="7EA0BBA4CF8F5E88" level="4" documentposition="114">
    </Entry>
   </Entry>
   <Entry id="1076975" documentID="7EA0BBA4CF8F5E88" level="3" documentposition="135">
    <Entry id="1081247" documentID="7EA0BBA4CF8F5E88" level="4" documentposition="158">
    </Entry>
    <Entry id="1080249" documentID="7EA0BBA4CF8F5E88" level="4" documentposition="173">
    </Entry>
    <Entry id="1089873" documentID="7EA0BBA4CF8F5E88" level="4" documentposition="184">
    </Entry>
   </Entry>
   <Entry id="1075831" documentID="7EA0BBA4CF8F5E88" level="3" documentposition="200">
   </Entry>
   <Entry id="1075829" documentID="7EA0BBA4CF8F5E88" level="3" documentposition="225">
   </Entry>
  </Entry>
  <Entry id="1076280" documentID="7EA0BBA4CF8F5E88" level="2" documentposition="228">
   <Entry id="1078043" documentID="7EA0BBA4CF8F5E88" level="3" documentposition="243">
   </Entry>
  </Entry>
 </Entry>
 <Entry id="1070912" documentID="4DBE7B0848C3B15" level="1" documentposition="3">
  <Entry id="1074226" documentID="4DBE7B0848C3B15" level="2" documentposition="8">
  </Entry>
  <Entry id="1074305" documentID="4DBE7B0848C3B15" level="2" documentposition="26">
   <Entry>
    <Entry>
     <Entry id="1076339" documentID="4DBE7B0848C3B15" level="5" documentposition="53">
     </Entry>
     <Entry id="1083219" documentID="4DBE7B0848C3B15" level="5" documentposition="62">
     </Entry>
    </Entry>
   </Entry>
   <Entry id="1089375" documentID="4DBE7B0848C3B15" level="3" documentposition="83">
   </Entry>
   <Entry id="1089355" documentID="4DBE7B0848C3B15" level="3" documentposition="104">
   </Entry>
  </Entry>
  <Entry id="1077751" documentID="4DBE7B0848C3B15" level="2" documentposition="118">
   <Entry id="1075754" documentID="4DBE7B0848C3B15" level="3" documentposition="124">
   </Entry>
   <Entry id="1075748" documentID="4DBE7B0848C3B15" level="3" documentposition="133">
   </Entry>
   <Entry id="1073510" documentID="4DBE7B0848C3B15" level="3" documentposition="143">
   </Entry>
  </Entry>
 </Entry>
 <Entry id="1052621" documentID="7BD6382D3AD5D96" level="1" documentposition="3">
  <Entry id="1167812" documentID="7BD6382D3AD5D96" level="2" documentposition="8">
  </Entry>
  <Entry id="1159038" documentID="7BD6382D3AD5D96" level="2" documentposition="16">
   <Entry id="1163763" documentID="7BD6382D3AD5D96" level="3" documentposition="21">
   </Entry>
   <Entry id="1163775" documentID="7BD6382D3AD5D96" level="3" documentposition="27">
   </Entry>
   <Entry id="1161867" documentID="7BD6382D3AD5D96" level="3" documentposition="38">
    <Entry id="1164464" documentID="7BD6382D3AD5D96" level="4" documentposition="51">
    </Entry>
    <Entry id="1170682" documentID="7BD6382D3AD5D96" level="4" documentposition="57">
    </Entry>
    <Entry id="1171479" documentID="7BD6382D3AD5D96" level="4" documentposition="65">
    </Entry>
   </Entry>
   <Entry id="1168577" documentID="7BD6382D3AD5D96" level="3" documentposition="81">
   </Entry>
   <Entry id="1162538" documentID="7BD6382D3AD5D96" level="3" documentposition="100">
   </Entry>
  </Entry>
 </Entry>
 <Entry id="1070912" documentID="72E82CCAD744555D" level="1" documentposition="3">
  <Entry id="1078247" documentID="72E82CCAD744555D" level="2" documentposition="10">
  </Entry>
  <Entry id="1084273" documentID="72E82CCAD744555D" level="2" documentposition="18">
   <Entry id="1073490" documentID="72E82CCAD744555D" level="3" documentposition="26">
   </Entry>
   <Entry id="1080238" documentID="72E82CCAD744555D" level="3" documentposition="43">
   </Entry>
   <Entry id="1073776" documentID="72E82CCAD744555D" level="3" documentposition="61">
   </Entry>
  </Entry>
  <Entry id="1082800" documentID="72E82CCAD744555D" level="2" documentposition="77">
   <Entry id="1084201" documentID="72E82CCAD744555D" level="3" documentposition="84">
   </Entry>
   <Entry id="1083368" documentID="72E82CCAD744555D" level="3" documentposition="100">
   </Entry>
   <Entry id="1077378" documentID="72E82CCAD744555D" level="3" documentposition="117">
   </Entry>
   <Entry id="1088652" documentID="72E82CCAD744555D" level="3" documentposition="134">
   </Entry>
  </Entry>
  <Entry id="1077363" documentID="72E82CCAD744555D" level="2" documentposition="153">
   <Entry id="1084841" documentID="72E82CCAD744555D" level="3" documentposition="171">
   </Entry>
   <Entry id="1084490" documentID="72E82CCAD744555D" level="3" documentposition="187">
   </Entry>
   <Entry id="1084723" documentID="72E82CCAD744555D" level="3" documentposition="205">
   </Entry>
   <Entry id="1084744" documentID="72E82CCAD744555D" level="3" documentposition="224">
   </Entry>
  </Entry>
 </Entry>
 <Entry id="1070912" documentID="786FFFFB1C8CC531" level="1" documentposition="3">
  <Entry id="1072263" documentID="786FFFFB1C8CC531" level="2" documentposition="7">
   <Entry id="1077510" documentID="786FFFFB1C8CC531" level="3" documentposition="22">
   </Entry>
   <Entry id="1077520" documentID="786FFFFB1C8CC531" level="3" documentposition="31">
   </Entry>
   <Entry id="1078089" documentID="786FFFFB1C8CC531" level="3" documentposition="56">
   </Entry>
   <Entry id="1078614" documentID="786FFFFB1C8CC531" level="3" documentposition="73">
   </Entry>
   <Entry id="1077620" documentID="786FFFFB1C8CC531" level="3" documentposition="88">
   </Entry>
   <Entry id="1079798" documentID="786FFFFB1C8CC531" level="3" documentposition="112">
   </Entry>
   <Entry id="1077790" documentID="786FFFFB1C8CC531" level="3" documentposition="131">
   </Entry>
  </Entry>
 </Entry>
 <Entry id="1070912" documentID="2BA42734AA534BF" level="1" documentposition="3">
  <Entry id="1075801" documentID="2BA42734AA534BF" level="2" documentposition="11">
  </Entry>
  <Entry id="1073225" documentID="2BA42734AA534BF" level="2" documentposition="20">
  </Entry>
  <Entry id="1073232" documentID="2BA42734AA534BF" level="2" documentposition="30">
  </Entry>
  <Entry id="1073242" documentID="2BA42734AA534BF" level="2" documentposition="43">
  </Entry>
  <Entry id="1073252" documentID="2BA42734AA534BF" level="2" documentposition="56">
  </Entry>
  <Entry id="1073264" documentID="2BA42734AA534BF" level="2" documentposition="71">
  </Entry>
 </Entry>
 <Entry id="1069426" documentID="5336758D453453" level="1" documentposition="1">
 </Entry>
</TableOfContents>