<?xml version="1.0" encoding="utf-8"?>
<Index version="1.0" xmlns="urn:WebWorks-Index-Schema">
  <Entry name="searching" sort="searching" sectionposition="2">
    <Content xmlns="urn:WebWorks-Document-Schema">
      <TextRun>
        <Text value="searching" />
      </TextRun>
    </Content>
    <Entry name="overview" sort="overview">
      <Content xmlns="urn:WebWorks-Document-Schema">
        <TextRun>
          <Text value="overview" />
        </TextRun>
      </Content>
      <Link href="C:\Documents and Settings\hadfielj\My Documents\ePublisher Pro Projects\caIntegrator2\Output\WebWorks Help 5.0\caIntegrator2\SearchingWithinAStudy.4.2.html" anchor="1077420" fileposition="28" first="false" />
    </Entry>
  </Entry>
  <Entry name="searching" sort="searching" sectionposition="2">
    <Content xmlns="urn:WebWorks-Document-Schema">
      <TextRun>
        <Text value="searching" />
      </TextRun>
    </Content>
    <Entry name="study" sort="study">
      <Content xmlns="urn:WebWorks-Document-Schema">
        <TextRun>
          <Text value="study" />
        </TextRun>
      </Content>
      <Link href="C:\Documents and Settings\hadfielj\My Documents\ePublisher Pro Projects\caIntegrator2\Output\WebWorks Help 5.0\caIntegrator2\SearchingWithinAStudy.4.3.html" anchor="1073200" fileposition="29" first="false" />
    </Entry>
  </Entry>
  <Entry name="study" sort="study" sectionposition="2">
    <Content xmlns="urn:WebWorks-Document-Schema">
      <TextRun>
        <Text value="study" />
      </TextRun>
    </Content>
    <Entry name="searching" sort="searching">
      <Content xmlns="urn:WebWorks-Document-Schema">
        <TextRun>
          <Text value="searching" />
        </TextRun>
      </Content>
      <Link href="C:\Documents and Settings\hadfielj\My Documents\ePublisher Pro Projects\caIntegrator2\Output\WebWorks Help 5.0\caIntegrator2\SearchingWithinAStudy.4.3.html" anchor="1073200" fileposition="29" first="false" />
    </Entry>
  </Entry>
  <Entry name="objects in NBIA, hierarchy of" sort="objects in NBIA, hierarchy of" sectionposition="2">
    <Content xmlns="urn:WebWorks-Document-Schema">
      <TextRun>
        <Text value="objects in NBIA, hierarchy of" />
      </TextRun>
    </Content>
    <Link href="C:\Documents and Settings\hadfielj\My Documents\ePublisher Pro Projects\caIntegrator2\Output\WebWorks Help 5.0\caIntegrator2\SearchingWithinAStudy.4.3.html" anchor="1076814" fileposition="29" first="false" />
  </Entry>
  <Entry name="hierarchy of objects, NBIA" sort="hierarchy of objects, NBIA" sectionposition="2">
    <Content xmlns="urn:WebWorks-Document-Schema">
      <TextRun>
        <Text value="hierarchy of objects, NBIA" />
      </TextRun>
    </Content>
    <Link href="C:\Documents and Settings\hadfielj\My Documents\ePublisher Pro Projects\caIntegrator2\Output\WebWorks Help 5.0\caIntegrator2\SearchingWithinAStudy.4.3.html" anchor="1076814" fileposition="29" first="false" />
  </Entry>
  <Entry name="columns, defining display" sort="columns, defining display" sectionposition="2">
    <Content xmlns="urn:WebWorks-Document-Schema">
      <TextRun>
        <Text value="columns, defining display" />
      </TextRun>
    </Content>
    <Link href="C:\Documents and Settings\hadfielj\My Documents\ePublisher Pro Projects\caIntegrator2\Output\WebWorks Help 5.0\caIntegrator2\SearchingWithinAStudy.4.6.html" anchor="1089377" fileposition="32" first="false" />
  </Entry>
  <Entry name="Results Type tab" sort="Results Type tab" sectionposition="2">
    <Content xmlns="urn:WebWorks-Document-Schema">
      <TextRun>
        <Text value="Results Type tab" />
      </TextRun>
    </Content>
    <Link href="C:\Documents and Settings\hadfielj\My Documents\ePublisher Pro Projects\caIntegrator2\Output\WebWorks Help 5.0\caIntegrator2\SearchingWithinAStudy.4.6.html" anchor="1089377" fileposition="32" first="false" />
  </Entry>
  <Entry name="columns, defining display" sort="columns, defining display" sectionposition="2">
    <Content xmlns="urn:WebWorks-Document-Schema">
      <TextRun>
        <Text value="columns, defining display" />
      </TextRun>
    </Content>
    <Link href="C:\Documents and Settings\hadfielj\My Documents\ePublisher Pro Projects\caIntegrator2\Output\WebWorks Help 5.0\caIntegrator2\SearchingWithinAStudy.4.7.html" anchor="1074619" fileposition="33" first="false" />
  </Entry>
  <Entry name="Sorting tab" sort="Sorting tab" sectionposition="2">
    <Content xmlns="urn:WebWorks-Document-Schema">
      <TextRun>
        <Text value="Sorting tab" />
      </TextRun>
    </Content>
    <Link href="C:\Documents and Settings\hadfielj\My Documents\ePublisher Pro Projects\caIntegrator2\Output\WebWorks Help 5.0\caIntegrator2\SearchingWithinAStudy.4.7.html" anchor="1074619" fileposition="33" first="false" />
  </Entry>
  <Entry name="managing" sort="managing" sectionposition="2">
    <Content xmlns="urn:WebWorks-Document-Schema">
      <TextRun>
        <Text value="managing" />
      </TextRun>
    </Content>
    <Entry name="queries" sort="queries">
      <Content xmlns="urn:WebWorks-Document-Schema">
        <TextRun>
          <Text value="queries" />
        </TextRun>
      </Content>
      <Link href="C:\Documents and Settings\hadfielj\My Documents\ePublisher Pro Projects\caIntegrator2\Output\WebWorks Help 5.0\caIntegrator2\SearchingWithinAStudy.4.8.html" anchor="1077949" fileposition="34" first="false" />
    </Entry>
  </Entry>
  <Entry name="query" sort="query" sectionposition="2">
    <Content xmlns="urn:WebWorks-Document-Schema">
      <TextRun>
        <Text value="query" />
      </TextRun>
    </Content>
    <Entry name="managing" sort="managing">
      <Content xmlns="urn:WebWorks-Document-Schema">
        <TextRun>
          <Text value="managing" />
        </TextRun>
      </Content>
      <Link href="C:\Documents and Settings\hadfielj\My Documents\ePublisher Pro Projects\caIntegrator2\Output\WebWorks Help 5.0\caIntegrator2\SearchingWithinAStudy.4.8.html" anchor="1077949" fileposition="34" first="false" />
    </Entry>
  </Entry>
  <Entry name="query" sort="query" sectionposition="2">
    <Content xmlns="urn:WebWorks-Document-Schema">
      <TextRun>
        <Text value="query" />
      </TextRun>
    </Content>
    <Entry name="saving" sort="saving">
      <Content xmlns="urn:WebWorks-Document-Schema">
        <TextRun>
          <Text value="saving" />
        </TextRun>
      </Content>
      <Link href="C:\Documents and Settings\hadfielj\My Documents\ePublisher Pro Projects\caIntegrator2\Output\WebWorks Help 5.0\caIntegrator2\SearchingWithinAStudy.4.9.html" anchor="1075755" fileposition="35" first="false" />
    </Entry>
  </Entry>
  <Entry name="saving query" sort="saving query" sectionposition="2">
    <Content xmlns="urn:WebWorks-Document-Schema">
      <TextRun>
        <Text value="saving query" />
      </TextRun>
    </Content>
    <Link href="C:\Documents and Settings\hadfielj\My Documents\ePublisher Pro Projects\caIntegrator2\Output\WebWorks Help 5.0\caIntegrator2\SearchingWithinAStudy.4.9.html" anchor="1075755" fileposition="35" first="false" />
  </Entry>
  <Entry name="query" sort="query" sectionposition="2">
    <Content xmlns="urn:WebWorks-Document-Schema">
      <TextRun>
        <Text value="query" />
      </TextRun>
    </Content>
    <Entry name="editing" sort="editing">
      <Content xmlns="urn:WebWorks-Document-Schema">
        <TextRun>
          <Text value="editing" />
        </TextRun>
      </Content>
      <Link href="C:\Documents and Settings\hadfielj\My Documents\ePublisher Pro Projects\caIntegrator2\Output\WebWorks Help 5.0\caIntegrator2\SearchingWithinAStudy.4.10.html" anchor="1073533" fileposition="36" first="false" />
    </Entry>
  </Entry>
  <Entry name="editing a query" sort="editing a query" sectionposition="2">
    <Content xmlns="urn:WebWorks-Document-Schema">
      <TextRun>
        <Text value="editing a query" />
      </TextRun>
    </Content>
    <Link href="C:\Documents and Settings\hadfielj\My Documents\ePublisher Pro Projects\caIntegrator2\Output\WebWorks Help 5.0\caIntegrator2\SearchingWithinAStudy.4.10.html" anchor="1073533" fileposition="36" first="false" />
  </Entry>
  <Entry name="query" sort="query" sectionposition="2">
    <Content xmlns="urn:WebWorks-Document-Schema">
      <TextRun>
        <Text value="query" />
      </TextRun>
    </Content>
    <Entry name="exporting results" sort="exporting results">
      <Content xmlns="urn:WebWorks-Document-Schema">
        <TextRun>
          <Text value="exporting results" />
        </TextRun>
      </Content>
      <Link href="C:\Documents and Settings\hadfielj\My Documents\ePublisher Pro Projects\caIntegrator2\Output\WebWorks Help 5.0\caIntegrator2\SearchingWithinAStudy.4.11.html" anchor="1073522" fileposition="37" first="false" />
    </Entry>
  </Entry>
  <Entry name="exporting" sort="exporting" sectionposition="2">
    <Content xmlns="urn:WebWorks-Document-Schema">
      <TextRun>
        <Text value="exporting" />
      </TextRun>
    </Content>
    <Entry name="query results" sort="query results">
      <Content xmlns="urn:WebWorks-Document-Schema">
        <TextRun>
          <Text value="query results" />
        </TextRun>
      </Content>
      <Link href="C:\Documents and Settings\hadfielj\My Documents\ePublisher Pro Projects\caIntegrator2\Output\WebWorks Help 5.0\caIntegrator2\SearchingWithinAStudy.4.11.html" anchor="1073522" fileposition="37" first="false" />
    </Entry>
  </Entry>
</Index>