<?xml version="1.0" encoding="utf-8"?>
<Behaviors version="1.0" xmlns="urn:WebWorks-Behaviors-Schema">
  <Split id="1070912" documentposition="3">
    <Paragraph id="1070912" documentposition="3" splitpriority="1" />
    <Paragraph id="1073296" documentposition="4" splitpriority="none" />
    <Paragraph id="1073300" documentposition="5" splitpriority="none" />
    <Paragraph id="1073307" documentposition="6" splitpriority="none" />
    <Paragraph id="1091942" documentposition="7" splitpriority="none" />
    <Paragraph id="1073319" documentposition="8" splitpriority="none" />
  </Split>
  <Split id="1073286" documentposition="9">
    <Paragraph id="1073286" documentposition="9" splitpriority="2" />
    <Paragraph id="1077143" documentposition="10" splitpriority="none" />
    <Paragraph id="1083468" documentposition="11" splitpriority="none" />
    <Paragraph id="1126510" documentposition="12" splitpriority="none" />
    <Paragraph id="1083526" documentposition="13" splitpriority="none" />
    <Paragraph id="1083467" documentposition="14" splitpriority="none" />
    <Paragraph id="1167563" documentposition="15" splitpriority="none" relatedtopic="define-no-output" />
    <Paragraph id="1167567" documentposition="16" splitpriority="none" relatedtopic="define-no-output" />
  </Split>
  <Split id="1073216" documentposition="17">
    <Paragraph id="1073216" documentposition="17" splitpriority="2" />
    <Paragraph id="1073218" documentposition="18" splitpriority="none" />
    <Paragraph id="1079473" documentposition="19" splitpriority="none" />
    <Paragraph id="1074670" documentposition="20" splitpriority="none" />
    <Paragraph id="1073772" documentposition="21" splitpriority="none" />
    <Paragraph id="1073782" documentposition="22" splitpriority="none" />
    <Paragraph id="1108185" documentposition="24" splitpriority="none" />
    <Paragraph id="1073982" documentposition="25" splitpriority="none" />
  </Split>
  <Split id="1073921" documentposition="26">
    <Paragraph id="1073921" documentposition="26" splitpriority="3">
      <Marker behavior="topic" id="1082230">
        <Marker id="1082230" name="TopicAlias" xmlns="urn:WebWorks-Document-Schema">
          <TextRun id="tr1082230-1">
            <Text value="edit_study_help" />
          </TextRun>
        </Marker>
      </Marker>
    </Paragraph>
    <Paragraph id="1074101" documentposition="27" splitpriority="none" />
    <Paragraph id="1090873" documentposition="29" splitpriority="none" />
    <Paragraph id="1089145" documentposition="30" splitpriority="none" />
    <Paragraph id="1131925" documentposition="31" splitpriority="none" />
    <Paragraph id="1134356" documentposition="32" splitpriority="none" />
    <Paragraph id="1131930" documentposition="33" splitpriority="none" />
    <Paragraph id="1074785" documentposition="34" splitpriority="none" />
    <Paragraph id="1075119" documentposition="35" splitpriority="none" />
    <Paragraph id="1091005" documentposition="37" splitpriority="none" />
    <Paragraph id="1167591" documentposition="38" splitpriority="none" relatedtopic="define-no-output" />
    <Paragraph id="1167595" documentposition="39" splitpriority="none" relatedtopic="define-no-output" />
    <Paragraph id="1167599" documentposition="40" splitpriority="none" relatedtopic="define-no-output" />
    <Paragraph id="1167603" documentposition="41" splitpriority="none" relatedtopic="define-no-output" />
    <Paragraph id="1167607" documentposition="42" splitpriority="none" relatedtopic="define-no-output" />
    <Paragraph id="1167611" documentposition="43" splitpriority="none" relatedtopic="define-no-output" />
    <Paragraph id="1167615" documentposition="44" splitpriority="none" relatedtopic="define-no-output" />
  </Split>
  <Split id="1134337" documentposition="45">
    <Paragraph id="1134337" documentposition="45" splitpriority="3">
      <Marker behavior="topic" id="1134493">
        <Marker id="1134493" name="TopicAlias" xmlns="urn:WebWorks-Document-Schema">
          <TextRun id="tr1134493-1">
            <Text value="view_log_help" />
          </TextRun>
        </Marker>
      </Marker>
    </Paragraph>
    <Paragraph id="1134344" documentposition="46" splitpriority="none" />
    <Paragraph id="1134367" documentposition="47" splitpriority="none" />
    <Paragraph id="1134439" documentposition="48" splitpriority="none" />
    <Paragraph id="1134436" documentposition="49" splitpriority="none" />
    <Paragraph id="1139423" documentposition="50" splitpriority="none" />
    <Paragraph id="1155980" documentposition="51" splitpriority="none" />
  </Split>
  <Split id="1127623" documentposition="52">
    <Paragraph id="1127623" documentposition="52" splitpriority="2" />
    <Paragraph id="1127643" documentposition="53" splitpriority="none" />
    <Paragraph id="1131093" documentposition="54" splitpriority="none" />
    <Paragraph id="1131094" documentposition="55" splitpriority="none" />
    <Paragraph id="1131105" documentposition="56" splitpriority="none" />
    <Paragraph id="1131110" documentposition="57" splitpriority="none" />
    <Paragraph id="1131123" documentposition="58" splitpriority="none" />
    <Paragraph id="1131124" documentposition="59" splitpriority="none" />
    <Paragraph id="1131190" documentposition="60" splitpriority="none" />
    <Paragraph id="1131191" documentposition="61" splitpriority="none" />
    <Paragraph id="1131192" documentposition="62" splitpriority="none" />
    <Paragraph id="1131202" documentposition="63" splitpriority="none" />
    <Paragraph id="1131209" documentposition="64" splitpriority="none" />
    <Paragraph id="1131210" documentposition="65" splitpriority="none" />
    <Paragraph id="1131211" documentposition="66" splitpriority="none" />
    <Paragraph id="1131244" documentposition="67" splitpriority="none" />
    <Paragraph id="1131270" documentposition="68" splitpriority="none" />
  </Split>
  <Split id="1131246" documentposition="69">
    <Paragraph id="1131246" documentposition="69" splitpriority="3">
      <Marker behavior="topic" id="1133977">
        <Marker id="1133977" name="TopicAlias" xmlns="urn:WebWorks-Document-Schema">
          <TextRun id="tr1133977-1">
            <Text value="add_annotation_group_help" />
          </TextRun>
        </Marker>
      </Marker>
    </Paragraph>
    <Paragraph id="1167620" documentposition="70" splitpriority="none" />
    <Paragraph id="1143163" documentposition="71" splitpriority="none" />
    <Paragraph id="1126876" documentposition="72" splitpriority="none" />
    <Paragraph id="1126930" documentposition="73" splitpriority="none" />
    <Paragraph id="1126936" documentposition="74" splitpriority="none" />
    <Paragraph id="1126937" documentposition="75" splitpriority="none" />
    <Paragraph id="1126938" documentposition="76" splitpriority="none" />
    <Paragraph id="1146272" documentposition="77" splitpriority="none" />
    <Paragraph id="1127179" documentposition="78" splitpriority="none" />
    <Paragraph id="1127269" documentposition="79" splitpriority="none" />
    <Paragraph id="1131766" documentposition="80" splitpriority="none" />
    <Paragraph id="1131768" documentposition="81" splitpriority="none" />
    <Paragraph id="1127259" documentposition="82" splitpriority="none" />
    <Paragraph id="1127188" documentposition="83" splitpriority="none" />
  </Split>
  <Split id="1127752" documentposition="84">
    <Paragraph id="1127752" documentposition="84" splitpriority="3">
      <Marker behavior="topic" id="1127793">
        <Marker id="1127793" name="TopicAlias" xmlns="urn:WebWorks-Document-Schema">
          <TextRun id="tr1127793-1">
            <Text value="edit_annotation_group_help" />
          </TextRun>
        </Marker>
      </Marker>
    </Paragraph>
    <Paragraph id="1167646" documentposition="85" splitpriority="none" />
    <Paragraph id="1149052" documentposition="86" splitpriority="none" />
    <Paragraph id="1134674" documentposition="87" splitpriority="none" />
    <Paragraph id="1134680" documentposition="88" splitpriority="none" />
    <Paragraph id="1134681" documentposition="89" splitpriority="none" />
    <Paragraph id="1134685" documentposition="90" splitpriority="none" />
    <Paragraph id="1134694" documentposition="91" splitpriority="none" />
    <Paragraph id="1134698" documentposition="92" splitpriority="none" />
  </Split>
  <Split id="1150058" documentposition="93">
    <Paragraph id="1150058" documentposition="93" splitpriority="3" />
    <Paragraph id="1150070" documentposition="94" splitpriority="none" />
    <Paragraph id="1150092" documentposition="95" splitpriority="none" />
    <Paragraph id="1150101" documentposition="96" splitpriority="none" />
    <Paragraph id="1150105" documentposition="97" splitpriority="none" />
    <Paragraph id="1150172" documentposition="98" splitpriority="none" />
    <Paragraph id="1150176" documentposition="99" splitpriority="none" />
    <Paragraph id="1150252" documentposition="100" splitpriority="none" />
    <Paragraph id="1151130" documentposition="101" splitpriority="none" />
  </Split>
  <Split id="1134706" documentposition="102">
    <Paragraph id="1134706" documentposition="102" splitpriority="3">
      <Marker behavior="topic" id="1134705">
        <Marker id="1134705" name="TopicAlias" xmlns="urn:WebWorks-Document-Schema">
          <TextRun id="tr1134705-1">
            <Text value="define_fields_help" />
          </TextRun>
        </Marker>
      </Marker>
    </Paragraph>
    <Paragraph id="1150022" documentposition="103" splitpriority="none" />
    <Paragraph id="1151459" documentposition="104" splitpriority="none" />
    <Paragraph id="1150472" documentposition="106" splitpriority="none" />
    <Paragraph id="1150489" documentposition="107" splitpriority="none" />
    <Paragraph id="1126640" documentposition="108" splitpriority="none" />
    <Paragraph id="1126698" documentposition="109" splitpriority="none" />
    <Paragraph id="1126595" documentposition="110" splitpriority="none" />
    <Paragraph id="1126590" documentposition="111" splitpriority="none" />
    <Paragraph id="1091048" documentposition="113" splitpriority="none" />
    <Paragraph id="1083006" documentposition="114" splitpriority="none" />
    <Paragraph id="1083017" documentposition="115" splitpriority="none" />
    <Paragraph id="1127693" documentposition="116" splitpriority="none" />
    <Paragraph id="1081956" documentposition="117" splitpriority="none" />
    <Paragraph id="1127726" documentposition="118" splitpriority="none" />
    <Paragraph id="1127709" documentposition="119" splitpriority="none" />
    <Paragraph id="1125069" documentposition="120" splitpriority="none" />
    <Paragraph id="1167655" documentposition="121" splitpriority="none" relatedtopic="define-no-output" />
    <Paragraph id="1167659" documentposition="122" splitpriority="none" relatedtopic="define-no-output" />
    <Paragraph id="1167663" documentposition="123" splitpriority="none" relatedtopic="define-no-output" />
    <Paragraph id="1167667" documentposition="124" splitpriority="none" relatedtopic="define-no-output" />
  </Split>
  <Split id="1125074" documentposition="125">
    <Paragraph id="1125074" documentposition="125" splitpriority="4">
      <Marker behavior="topic" id="1125073">
        <Marker id="1125073" name="TopicAlias" xmlns="urn:WebWorks-Document-Schema">
          <TextRun id="tr1125073-1">
            <Text value="assign_annotations_help" />
          </TextRun>
        </Marker>
      </Marker>
    </Paragraph>
    <Paragraph id="1081979" documentposition="126" splitpriority="none" />
    <Paragraph id="1083036" documentposition="127" splitpriority="none" />
    <Paragraph id="1092440" documentposition="128" splitpriority="none" />
    <Paragraph id="1091056" documentposition="130" splitpriority="none" />
    <Paragraph id="1081993" documentposition="131" splitpriority="none" />
    <Paragraph id="1127428" documentposition="132" splitpriority="none" />
    <Paragraph id="1127430" documentposition="133" splitpriority="none" />
    <Paragraph id="1076087" documentposition="134" splitpriority="none" />
    <Paragraph id="1076088" documentposition="135" splitpriority="none" />
    <Paragraph id="1076089" documentposition="136" splitpriority="none" />
    <Paragraph id="1076090" documentposition="137" splitpriority="none" />
    <Paragraph id="1076097" documentposition="138" splitpriority="none" />
    <Paragraph id="1126759" documentposition="139" splitpriority="none" />
    <Paragraph id="1126784" documentposition="140" splitpriority="none" />
    <Paragraph id="1091072" documentposition="142" splitpriority="none" />
    <Table id="1076628" documentposition="143" splitpriority="none">
      <TableCell>
        <Paragraph id="1076630" />
      </TableCell>
      <TableCell>
        <Paragraph id="1076632" />
      </TableCell>
      <TableCell>
        <Paragraph id="1089402" />
      </TableCell>
      <TableCell>
        <Paragraph id="1089404" />
      </TableCell>
      <TableCell>
        <Paragraph id="1076634" />
      </TableCell>
      <TableCell>
        <Paragraph id="1076636" />
      </TableCell>
      <TableCell>
        <Paragraph id="1076638" />
      </TableCell>
      <TableCell>
        <Paragraph id="1076640" />
      </TableCell>
      <TableCell>
        <Paragraph id="1076642" />
      </TableCell>
      <TableCell>
        <Paragraph id="1076644" />
      </TableCell>
      <TableCell>
        <Paragraph id="1132206" />
      </TableCell>
      <TableCell>
        <Paragraph id="1132208" />
        <Paragraph id="1132209" />
        <Paragraph id="1132210" />
        <Paragraph id="1132215" />
      </TableCell>
      <TableCell>
        <Paragraph id="1131966" />
      </TableCell>
      <TableCell>
        <Paragraph id="1131968" />
        <Paragraph id="1132162" />
        <Paragraph id="1132204" />
        <Paragraph id="1132219" />
      </TableCell>
      <TableCell>
        <Paragraph id="1076646" />
      </TableCell>
      <TableCell>
        <Paragraph id="1077221" />
        <Paragraph id="1080311" />
        <Paragraph id="1084485" />
        <Paragraph id="1084490" />
        <Paragraph id="1082981" />
        <Paragraph id="1131973" />
      </TableCell>
    </Table>
    <Paragraph id="1167680" documentposition="144" splitpriority="none" relatedtopic="define-no-output" />
    <Paragraph id="1167684" documentposition="145" splitpriority="none" relatedtopic="define-no-output" />
    <Paragraph id="1167688" documentposition="146" splitpriority="none" relatedtopic="define-no-output" />
    <Paragraph id="1167692" documentposition="147" splitpriority="none" relatedtopic="define-no-output" />
    <Paragraph id="1167696" documentposition="148" splitpriority="none" relatedtopic="define-no-output" />
  </Split>
  <Split id="1082197" documentposition="149">
    <Paragraph id="1082197" documentposition="149" splitpriority="4">
      <Marker behavior="topic" id="1082227">
        <Marker id="1082227" name="TopicAlias" xmlns="urn:WebWorks-Document-Schema">
          <TextRun id="tr1082227-1">
            <Text value="search_annotation_definitions_help" />
          </TextRun>
        </Marker>
      </Marker>
    </Paragraph>
    <Paragraph id="1074853" documentposition="150" splitpriority="none" />
    <Paragraph id="1092124" documentposition="151" splitpriority="none" />
    <Paragraph id="1091084" documentposition="153" splitpriority="none" />
    <Paragraph id="1090756" documentposition="154" splitpriority="none" />
    <Paragraph id="1090767" documentposition="155" splitpriority="none" />
    <Paragraph id="1075682" documentposition="156" splitpriority="none" />
    <Paragraph id="1076180" documentposition="157" splitpriority="none" />
    <Paragraph id="1075717" documentposition="158" splitpriority="none" />
    <Paragraph id="1077238" documentposition="159" splitpriority="none" />
    <Paragraph id="1076837" documentposition="160" splitpriority="none" />
    <Paragraph id="1075741" documentposition="161" splitpriority="none" />
    <Paragraph id="1131546" documentposition="162" splitpriority="none" />
    <Paragraph id="1163411" documentposition="163" splitpriority="none" />
    <Paragraph id="1163464" documentposition="165" splitpriority="none" />
    <Paragraph id="1163465" documentposition="166" splitpriority="none" />
    <Paragraph id="1163494" documentposition="167" splitpriority="none" />
    <Paragraph id="1163529" documentposition="168" splitpriority="none" />
    <Paragraph id="1163466" documentposition="169" splitpriority="none" />
    <Paragraph id="1077770" documentposition="170" splitpriority="none" />
    <Paragraph id="1081048" documentposition="171" splitpriority="none" />
    <Paragraph id="1084921" documentposition="172" splitpriority="none" />
    <Paragraph id="1083176" documentposition="173" splitpriority="none" />
    <Paragraph id="1085073" documentposition="174" splitpriority="none" />
    <Paragraph id="1085083" documentposition="175" splitpriority="none" />
    <Paragraph id="1085068" documentposition="176" splitpriority="none" />
    <Paragraph id="1167704" documentposition="177" splitpriority="none" relatedtopic="define-no-output" />
    <Paragraph id="1167708" documentposition="178" splitpriority="none" relatedtopic="define-no-output" />
    <Paragraph id="1167712" documentposition="179" splitpriority="none" relatedtopic="define-no-output" />
    <Paragraph id="1167716" documentposition="180" splitpriority="none" relatedtopic="define-no-output" />
    <Paragraph id="1167720" documentposition="181" splitpriority="none" relatedtopic="define-no-output" />
    <Paragraph id="1167724" documentposition="182" splitpriority="none" relatedtopic="define-no-output" />
    <Paragraph id="1167728" documentposition="183" splitpriority="none" relatedtopic="define-no-output" />
    <Paragraph id="1167732" documentposition="184" splitpriority="none" relatedtopic="define-no-output" />
    <Paragraph id="1167736" documentposition="185" splitpriority="none" relatedtopic="define-no-output" />
  </Split>
  <Split id="1077698" documentposition="186">
    <Paragraph id="1077698" documentposition="186" splitpriority="4">
      <Marker behavior="topic" id="1082226">
        <Marker id="1082226" name="TopicAlias" xmlns="urn:WebWorks-Document-Schema">
          <TextRun id="tr1082226-1">
            <Text value="survival_values_help" />
          </TextRun>
        </Marker>
      </Marker>
    </Paragraph>
    <Paragraph id="1077702" documentposition="187" splitpriority="none" />
    <Paragraph id="1085103" documentposition="188" splitpriority="none" />
    <Paragraph id="1085104" documentposition="189" splitpriority="none" />
    <Paragraph id="1085100" documentposition="190" splitpriority="none" />
    <Paragraph id="1080422" documentposition="191" splitpriority="none" />
    <Paragraph id="1085129" documentposition="192" splitpriority="none" />
    <Paragraph id="1077727" documentposition="193" splitpriority="none" />
    <Paragraph id="1078368" documentposition="194" splitpriority="none" />
    <Paragraph id="1091124" documentposition="196" splitpriority="none" />
    <Paragraph id="1079453" documentposition="197" splitpriority="none" />
    <Paragraph id="1079457" documentposition="198" splitpriority="none" />
    <Paragraph id="1078404" documentposition="199" splitpriority="none" />
    <Paragraph id="1091132" documentposition="201" splitpriority="none" />
    <Paragraph id="1134068" documentposition="202" splitpriority="none" />
    <Paragraph id="1078851" documentposition="203" splitpriority="none" />
    <Paragraph id="1146253" documentposition="204" splitpriority="none" />
    <Paragraph id="1080893" documentposition="205" splitpriority="none" />
    <Paragraph id="1146224" documentposition="206" splitpriority="none" />
    <Paragraph id="1080894" documentposition="207" splitpriority="none" />
    <Paragraph id="1080895" documentposition="208" splitpriority="none" />
    <Paragraph id="1092141" documentposition="209" splitpriority="none" />
    <Paragraph id="1134034" documentposition="210" splitpriority="none" />
  </Split>
  <Split id="1076975" documentposition="211">
    <Paragraph id="1076975" documentposition="211" splitpriority="2">
      <Marker behavior="topic" id="1082225">
        <Marker id="1082225" name="TopicAlias" xmlns="urn:WebWorks-Document-Schema">
          <TextRun id="tr1082225-1">
            <Text value="edit_genomic_data_help" />
          </TextRun>
        </Marker>
      </Marker>
    </Paragraph>
    <Paragraph id="1090800" documentposition="212" splitpriority="none" />
    <Paragraph id="1090798" documentposition="213" splitpriority="none" />
    <Paragraph id="1081008" documentposition="214" splitpriority="none" />
    <Paragraph id="1080137" documentposition="215" splitpriority="none" />
    <Paragraph id="1077960" documentposition="216" splitpriority="none" />
    <Paragraph id="1074448" documentposition="217" splitpriority="none" />
    <Paragraph id="1075918" documentposition="218" splitpriority="none" />
    <Paragraph id="1091140" documentposition="220" splitpriority="none" />
    <Paragraph id="1131932" documentposition="221" splitpriority="none" />
    <Paragraph id="1077831" documentposition="222" splitpriority="none" />
    <Paragraph id="1077838" documentposition="223" splitpriority="none" />
    <Paragraph id="1079605" documentposition="224" splitpriority="none" />
    <Paragraph id="1090365" documentposition="225" splitpriority="none" />
    <Paragraph id="1090369" documentposition="226" splitpriority="none" />
    <Paragraph id="1090380" documentposition="227" splitpriority="none" />
    <Paragraph id="1134079" documentposition="228" splitpriority="none" />
    <Paragraph id="1139581" documentposition="229" splitpriority="none" />
    <Paragraph id="1139583" documentposition="230" splitpriority="none" />
    <Paragraph id="1139519" documentposition="231" splitpriority="none" />
    <Paragraph id="1139872" documentposition="232" splitpriority="none" />
    <Paragraph id="1139890" documentposition="233" splitpriority="none" />
    <Paragraph id="1139466" documentposition="234" splitpriority="none" />
    <Paragraph id="1090381" documentposition="235" splitpriority="none" />
    <Paragraph id="1108860" documentposition="236" splitpriority="none" />
    <Paragraph id="1131936" documentposition="238" splitpriority="none" />
    <Paragraph id="1167765" documentposition="239" splitpriority="none" relatedtopic="define-no-output" />
    <Paragraph id="1167769" documentposition="240" splitpriority="none" relatedtopic="define-no-output" />
    <Paragraph id="1167773" documentposition="241" splitpriority="none" relatedtopic="define-no-output" />
  </Split>
  <Split id="1081247" documentposition="242">
    <Paragraph id="1081247" documentposition="242" splitpriority="3">
      <Marker behavior="topic" id="1082224">
        <Marker id="1082224" name="TopicAlias" xmlns="urn:WebWorks-Document-Schema">
          <TextRun id="tr1082224-1">
            <Text value="edit_sample_mappings_help" />
          </TextRun>
        </Marker>
      </Marker>
    </Paragraph>
    <Paragraph id="1082153" documentposition="243" splitpriority="none" />
    <Paragraph id="1148282" documentposition="244" splitpriority="none" />
    <Paragraph id="1089445" documentposition="245" splitpriority="none" />
    <Paragraph id="1082146" documentposition="246" splitpriority="none" />
    <Paragraph id="1091162" documentposition="248" splitpriority="none" />
    <Paragraph id="1081147" documentposition="249" splitpriority="none" />
    <Paragraph id="1081182" documentposition="250" splitpriority="none" />
    <Paragraph id="1125515" documentposition="251" splitpriority="none" />
    <Paragraph id="1125933" documentposition="253" splitpriority="none" />
    <Paragraph id="1125935" documentposition="254" splitpriority="none" />
    <Paragraph id="1125936" documentposition="255" splitpriority="none" />
    <Paragraph id="1125937" documentposition="256" splitpriority="none" />
    <Paragraph id="1125938" documentposition="257" splitpriority="none" />
    <Paragraph id="1125575" documentposition="258" splitpriority="none" />
    <Paragraph id="1085193" documentposition="259" splitpriority="none" />
    <Paragraph id="1081151" documentposition="260" splitpriority="none" />
    <Paragraph id="1167781" documentposition="262" splitpriority="none" relatedtopic="define-no-output" />
    <Paragraph id="1167785" documentposition="263" splitpriority="none" relatedtopic="define-no-output" />
    <Paragraph id="1167789" documentposition="264" splitpriority="none" relatedtopic="define-no-output" />
  </Split>
  <Split id="1080249" documentposition="265">
    <Paragraph id="1080249" documentposition="265" splitpriority="3" />
    <Paragraph id="1081202" documentposition="266" splitpriority="none" />
    <Paragraph id="1081271" documentposition="267" splitpriority="none" />
    <Paragraph id="1081324" documentposition="268" splitpriority="none" />
    <Paragraph id="1091190" documentposition="269" splitpriority="none" />
    <Paragraph id="1091182" documentposition="271" splitpriority="none" />
    <Paragraph id="1079626" documentposition="272" splitpriority="none" />
    <Paragraph id="1132244" documentposition="273" splitpriority="none" />
    <Paragraph id="1167797" documentposition="274" splitpriority="none" relatedtopic="define-no-output" />
    <Paragraph id="1167801" documentposition="275" splitpriority="none" relatedtopic="define-no-output" />
    <Paragraph id="1167805" documentposition="276" splitpriority="none" relatedtopic="define-no-output" />
  </Split>
  <Split id="1089873" documentposition="277">
    <Paragraph id="1089873" documentposition="277" splitpriority="3">
      <Marker behavior="topic" id="1118346">
        <Marker id="1118346" name="TopicAlias" xmlns="urn:WebWorks-Document-Schema">
          <TextRun id="tr1118346-1">
            <Text value="configure_copy_number_help" />
          </TextRun>
        </Marker>
      </Marker>
    </Paragraph>
    <Paragraph id="1119394" documentposition="278" splitpriority="none" />
    <Paragraph id="1119396" documentposition="279" splitpriority="none" />
    <Paragraph id="1119367" documentposition="280" splitpriority="none" />
    <Paragraph id="1119378" documentposition="281" splitpriority="none" />
    <Paragraph id="1119277" documentposition="282" splitpriority="none" />
    <Paragraph id="1089976" documentposition="283" splitpriority="none" />
    <Paragraph id="1094410" documentposition="284" splitpriority="none" />
    <Paragraph id="1094406" documentposition="285" splitpriority="none" />
    <Paragraph id="1089953" documentposition="287" splitpriority="none" />
    <Table id="1090095" documentposition="288" splitpriority="none">
      <TableCell>
        <Paragraph id="1090097" />
      </TableCell>
      <TableCell>
        <Paragraph id="1090099" />
      </TableCell>
      <TableCell>
        <Paragraph id="1090101" />
      </TableCell>
      <TableCell>
        <Paragraph id="1090103" />
      </TableCell>
      <TableCell>
        <Paragraph id="1090105" />
      </TableCell>
      <TableCell>
        <Paragraph id="1090107" />
      </TableCell>
      <TableCell>
        <Paragraph id="1090109" />
      </TableCell>
      <TableCell>
        <Paragraph id="1090111" />
      </TableCell>
      <TableCell>
        <Paragraph id="1090113" />
      </TableCell>
      <TableCell>
        <Paragraph id="1090115" />
      </TableCell>
      <TableCell>
        <Paragraph id="1090117" />
      </TableCell>
      <TableCell>
        <Paragraph id="1090119" />
      </TableCell>
      <TableCell>
        <Paragraph id="1090121" />
      </TableCell>
      <TableCell>
        <Paragraph id="1090123" />
      </TableCell>
    </Table>
    <Paragraph id="1090004" documentposition="289" splitpriority="none" />
    <Paragraph id="1159691" documentposition="290" splitpriority="none" />
    <Paragraph id="1167842" documentposition="291" splitpriority="none" relatedtopic="define-no-output" />
    <Paragraph id="1167846" documentposition="292" splitpriority="none" relatedtopic="define-no-output" />
  </Split>
  <Split id="1151070" documentposition="293">
    <Paragraph id="1151070" documentposition="293" splitpriority="2" />
    <Paragraph id="1151072" documentposition="294" splitpriority="none" />
    <Paragraph id="1083440" documentposition="295" splitpriority="none" />
    <Paragraph id="1167854" documentposition="296" splitpriority="none" relatedtopic="define-no-output" />
    <Paragraph id="1167858" documentposition="297" splitpriority="none" relatedtopic="define-no-output" />
  </Split>
  <Split id="1150641" documentposition="298">
    <Paragraph id="1150641" documentposition="298" splitpriority="3">
      <Marker behavior="topic" id="1151390">
        <Marker id="1151390" name="TopicAlias" xmlns="urn:WebWorks-Document-Schema">
          <TextRun id="tr1151390-1">
            <Text value="edit_imaging_data_help" />
          </TextRun>
        </Marker>
      </Marker>
    </Paragraph>
    <Paragraph id="1081374" documentposition="299" splitpriority="none" />
    <Paragraph id="1080129" documentposition="300" splitpriority="none" />
    <Paragraph id="1150647" documentposition="301" splitpriority="none" />
    <Paragraph id="1080167" documentposition="303" splitpriority="none" />
    <Paragraph id="1150526" documentposition="304" splitpriority="none" />
    <Paragraph id="1080168" documentposition="305" splitpriority="none" />
    <Paragraph id="1081393" documentposition="306" splitpriority="none" />
    <Paragraph id="1094418" documentposition="307" splitpriority="none" />
    <Paragraph id="1094422" documentposition="308" splitpriority="none" />
    <Paragraph id="1095465" documentposition="309" splitpriority="none" />
    <Paragraph id="1095474" documentposition="310" splitpriority="none" />
    <Paragraph id="1095490" documentposition="311" splitpriority="none" />
    <Paragraph id="1081403" documentposition="312" splitpriority="none" />
    <Paragraph id="1150664" documentposition="313" splitpriority="none" />
    <Paragraph id="1081453" documentposition="314" splitpriority="none" />
    <Paragraph id="1108908" documentposition="315" splitpriority="none" />
    <Paragraph id="1082278" documentposition="317" splitpriority="none" />
  </Split>
  <Split id="1150681" documentposition="318">
    <Paragraph id="1150681" documentposition="318" splitpriority="3" />
    <Paragraph id="1150688" documentposition="319" splitpriority="none" />
    <Paragraph id="1156399" documentposition="320" splitpriority="none" />
    <Paragraph id="1151038" documentposition="321" splitpriority="none" />
    <Paragraph id="1150792" documentposition="323" splitpriority="none" />
    <Paragraph id="1150819" documentposition="324" splitpriority="none" />
    <Paragraph id="1150820" documentposition="325" splitpriority="none" />
    <Paragraph id="1150821" documentposition="327" splitpriority="none" />
    <Paragraph id="1150795" documentposition="328" splitpriority="none" />
    <Paragraph id="1150796" documentposition="329" splitpriority="none" />
    <Paragraph id="1150537" documentposition="330" splitpriority="none" />
    <Paragraph id="1150769" documentposition="331" splitpriority="none" />
    <Paragraph id="1150538" documentposition="332" splitpriority="none" />
    <Paragraph id="1150539" documentposition="333" splitpriority="none" />
    <Paragraph id="1150540" documentposition="334" splitpriority="none" />
    <Paragraph id="1150541" documentposition="335" splitpriority="none" />
    <Paragraph id="1150926" documentposition="336" splitpriority="none" />
  </Split>
  <Split id="1149456" documentposition="337">
    <Paragraph id="1149456" documentposition="337" splitpriority="2" />
    <Paragraph id="1126393" documentposition="338" splitpriority="none" />
    <Paragraph id="1126402" documentposition="339" splitpriority="none" />
    <Paragraph id="1126406" documentposition="340" splitpriority="none" />
    <Paragraph id="1126848" documentposition="341" splitpriority="none" />
    <Paragraph id="1126418" documentposition="342" splitpriority="none" />
    <Paragraph id="1126419" documentposition="343" splitpriority="none" />
    <Paragraph id="1126420" documentposition="344" splitpriority="none" />
    <Paragraph id="1126431" documentposition="345" splitpriority="none" />
    <Paragraph id="1126455" documentposition="346" splitpriority="none" />
    <Paragraph id="1140319" documentposition="348" splitpriority="none" />
  </Split>
  <Split id="1126457" documentposition="350">
    <Paragraph id="1126457" documentposition="350" splitpriority="2" />
    <Paragraph id="1081471" documentposition="351" splitpriority="none" />
    <Paragraph id="1089848" documentposition="352" splitpriority="none" />
  </Split>
  <Split id="1076280" documentposition="353">
    <Paragraph id="1076280" documentposition="353" splitpriority="2">
      <Marker behavior="topic" id="1082222">
        <Marker id="1082222" name="TopicAlias" xmlns="urn:WebWorks-Document-Schema">
          <TextRun id="tr1082222-1">
            <Text value="manage_study_help" />
          </TextRun>
        </Marker>
      </Marker>
    </Paragraph>
    <Paragraph id="1082055" documentposition="354" splitpriority="none" />
    <Paragraph id="1085452" documentposition="355" splitpriority="none" />
    <Paragraph id="1082056" documentposition="356" splitpriority="none" />
    <Paragraph id="1110841" documentposition="357" splitpriority="none" />
    <Paragraph id="1095601" documentposition="358" splitpriority="none" />
    <Paragraph id="1082058" documentposition="359" splitpriority="none" />
    <Paragraph id="1082059" documentposition="360" splitpriority="none" />
    <Paragraph id="1081683" documentposition="361" splitpriority="none" />
    <Paragraph id="1111830" documentposition="362" splitpriority="none" />
    <Paragraph id="1081698" documentposition="364" splitpriority="none" />
    <Paragraph id="1090574" documentposition="365" splitpriority="none" />
    <Paragraph id="1139379" documentposition="367" splitpriority="none" />
    <Paragraph id="1081746" documentposition="368" splitpriority="none" />
    <Paragraph id="1167874" documentposition="369" splitpriority="none" />
  </Split>
  <Split id="1078043" documentposition="370">
    <Paragraph id="1078043" documentposition="370" splitpriority="3">
      <Marker behavior="topic" id="1082221">
        <Marker id="1082221" name="TopicAlias" xmlns="urn:WebWorks-Document-Schema">
          <TextRun id="tr1082221-1">
            <Text value="manage_platforms_help" />
          </TextRun>
        </Marker>
      </Marker>
    </Paragraph>
    <Paragraph id="1078047" documentposition="371" splitpriority="none" />
    <Paragraph id="1090575" documentposition="372" splitpriority="none" />
    <Paragraph id="1080932" documentposition="373" splitpriority="none" />
    <Paragraph id="1080973" documentposition="374" splitpriority="none" />
    <Paragraph id="1081852" documentposition="375" splitpriority="none" />
    <Paragraph id="1080952" documentposition="377" splitpriority="none" />
    <Paragraph id="1139412" documentposition="378" splitpriority="none" />
    <Paragraph id="1163356" documentposition="379" splitpriority="none" />
    <Paragraph id="1090590" documentposition="380" splitpriority="none" />
    <Paragraph id="1090773" documentposition="381" splitpriority="none" />
    <Paragraph id="1125489" documentposition="382" splitpriority="none" />
    <Paragraph id="1125508" documentposition="383" splitpriority="none" />
    <Paragraph id="1125480" documentposition="384" splitpriority="none" />
    <Paragraph id="1126348" documentposition="385" splitpriority="none" />
    <Paragraph id="1092271" documentposition="386" splitpriority="none" relatedtopic="define-no-output" />
    <Paragraph id="1073169" documentposition="387" splitpriority="none" />
  </Split>
</Behaviors>