<?xml version="1.0" encoding="utf-8"?>
<Splits version="1.0" xmlns="urn:WebWorks-Engine-Splits-Schema">
  <Split id="1070912" documentposition="3" />
  <Split id="1073286" documentposition="9" />
  <Split id="1073216" documentposition="17" />
  <Split id="1073921" documentposition="26" />
  <Split id="1134337" documentposition="45" />
  <Split id="1127623" documentposition="52" />
  <Split id="1131246" documentposition="69" />
  <Split id="1127752" documentposition="84" />
  <Split id="1150058" documentposition="93" />
  <Split id="1134706" documentposition="102" />
  <Split id="1125074" documentposition="125" />
  <Split id="1082197" documentposition="149" />
  <Split id="1077698" documentposition="182" />
  <Split id="1076975" documentposition="207" />
  <Split id="1081247" documentposition="239" />
  <Split id="1080249" documentposition="262" />
  <Split id="1089873" documentposition="274" />
  <Split id="1151070" documentposition="289" />
  <Split id="1150641" documentposition="294" />
  <Split id="1150681" documentposition="314" />
  <Split id="1149456" documentposition="333" />
  <Split id="1126457" documentposition="346" />
  <Split id="1076280" documentposition="349" />
  <Split id="1078043" documentposition="366" />
</Splits>