<?xml version="1.0" encoding="utf-8"?>
<Splits version="1.0" xmlns="urn:WebWorks-Engine-Splits-Schema">
  <Split groupID="90EF621B7D4D68AA" documentID="2BA840959DAA1DEC" id="1070912" position="1" documentstartposition="3" documentendposition="8" title="Creating a New Study">
    <Group name="caIntegrator2" id="90EF621B7D4D68AA" position="1" />
    <Document path="C:\Documents and Settings\hadfielj\My Documents\CBIIT Projects\caIntegrator2\caI 1.2\CreatingNewStudy.fm" id="2BA840959DAA1DEC" position="3" />
    <PageStyle value="" />
    <Frames />
    <Popups />
  </Split>
  <Split groupID="90EF621B7D4D68AA" documentID="2BA840959DAA1DEC" id="1073286" position="2" documentstartposition="9" documentendposition="16" title="Creating a Study – Overview">
    <Group name="caIntegrator2" id="90EF621B7D4D68AA" position="1" />
    <Document path="C:\Documents and Settings\hadfielj\My Documents\CBIIT Projects\caIntegrator2\caI 1.2\CreatingNewStudy.fm" id="2BA840959DAA1DEC" position="3" />
    <PageStyle value="" />
    <Frames />
    <Popups />
  </Split>
  <Split groupID="90EF621B7D4D68AA" documentID="2BA840959DAA1DEC" id="1073216" position="3" documentstartposition="17" documentendposition="25" title="Configuring and Deploying a Study">
    <Group name="caIntegrator2" id="90EF621B7D4D68AA" position="1" />
    <Document path="C:\Documents and Settings\hadfielj\My Documents\CBIIT Projects\caIntegrator2\caI 1.2\CreatingNewStudy.fm" id="2BA840959DAA1DEC" position="3" />
    <PageStyle value="" />
    <Frames />
    <Popups />
  </Split>
  <Split groupID="90EF621B7D4D68AA" documentID="2BA840959DAA1DEC" id="1073921" position="4" documentstartposition="26" documentendposition="44" title="Creating/Editing a Study">
    <Group name="caIntegrator2" id="90EF621B7D4D68AA" position="1" />
    <Document path="C:\Documents and Settings\hadfielj\My Documents\CBIIT Projects\caIntegrator2\caI 1.2\CreatingNewStudy.fm" id="2BA840959DAA1DEC" position="3" />
    <PageStyle value="" />
    <Frames />
    <Popups />
  </Split>
  <Split groupID="90EF621B7D4D68AA" documentID="2BA840959DAA1DEC" id="1134337" position="5" documentstartposition="45" documentendposition="51" title="Viewing/Editing a Log">
    <Group name="caIntegrator2" id="90EF621B7D4D68AA" position="1" />
    <Document path="C:\Documents and Settings\hadfielj\My Documents\CBIIT Projects\caIntegrator2\caI 1.2\CreatingNewStudy.fm" id="2BA840959DAA1DEC" position="3" />
    <PageStyle value="" />
    <Frames />
    <Popups />
  </Split>
  <Split groupID="90EF621B7D4D68AA" documentID="2BA840959DAA1DEC" id="1127623" position="6" documentstartposition="52" documentendposition="68" title="Working with Annotations – An Overview">
    <Group name="caIntegrator2" id="90EF621B7D4D68AA" position="1" />
    <Document path="C:\Documents and Settings\hadfielj\My Documents\CBIIT Projects\caIntegrator2\caI 1.2\CreatingNewStudy.fm" id="2BA840959DAA1DEC" position="3" />
    <PageStyle value="" />
    <Frames />
    <Popups />
  </Split>
  <Split groupID="90EF621B7D4D68AA" documentID="2BA840959DAA1DEC" id="1131246" position="7" documentstartposition="69" documentendposition="83" title="Adding An Annotation Group">
    <Group name="caIntegrator2" id="90EF621B7D4D68AA" position="1" />
    <Document path="C:\Documents and Settings\hadfielj\My Documents\CBIIT Projects\caIntegrator2\caI 1.2\CreatingNewStudy.fm" id="2BA840959DAA1DEC" position="3" />
    <PageStyle value="" />
    <Frames />
    <Popups />
  </Split>
  <Split groupID="90EF621B7D4D68AA" documentID="2BA840959DAA1DEC" id="1127752" position="8" documentstartposition="84" documentendposition="92" title="Editing an Annotation Group">
    <Group name="caIntegrator2" id="90EF621B7D4D68AA" position="1" />
    <Document path="C:\Documents and Settings\hadfielj\My Documents\CBIIT Projects\caIntegrator2\caI 1.2\CreatingNewStudy.fm" id="2BA840959DAA1DEC" position="3" />
    <PageStyle value="" />
    <Frames />
    <Popups />
  </Split>
  <Split groupID="90EF621B7D4D68AA" documentID="2BA840959DAA1DEC" id="1150058" position="9" documentstartposition="93" documentendposition="101" title="Adding Subject Annotation Data">
    <Group name="caIntegrator2" id="90EF621B7D4D68AA" position="1" />
    <Document path="C:\Documents and Settings\hadfielj\My Documents\CBIIT Projects\caIntegrator2\caI 1.2\CreatingNewStudy.fm" id="2BA840959DAA1DEC" position="3" />
    <PageStyle value="" />
    <Frames />
    <Popups />
  </Split>
  <Split groupID="90EF621B7D4D68AA" documentID="2BA840959DAA1DEC" id="1134706" position="10" documentstartposition="102" documentendposition="124" title=" Define Fields Page for Editing Annotations">
    <Group name="caIntegrator2" id="90EF621B7D4D68AA" position="1" />
    <Document path="C:\Documents and Settings\hadfielj\My Documents\CBIIT Projects\caIntegrator2\caI 1.2\CreatingNewStudy.fm" id="2BA840959DAA1DEC" position="3" />
    <PageStyle value="" />
    <Frames />
    <Popups />
  </Split>
  <Split groupID="90EF621B7D4D68AA" documentID="2BA840959DAA1DEC" id="1125074" position="11" documentstartposition="125" documentendposition="148" title="Assigning An Identifier or Annotation">
    <Group name="caIntegrator2" id="90EF621B7D4D68AA" position="1" />
    <Document path="C:\Documents and Settings\hadfielj\My Documents\CBIIT Projects\caIntegrator2\caI 1.2\CreatingNewStudy.fm" id="2BA840959DAA1DEC" position="3" />
    <PageStyle value="" />
    <Frames />
    <Popups />
  </Split>
  <Split groupID="90EF621B7D4D68AA" documentID="2BA840959DAA1DEC" id="1082197" position="12" documentstartposition="149" documentendposition="185" title="Searching for Annotation Definitions">
    <Group name="caIntegrator2" id="90EF621B7D4D68AA" position="1" />
    <Document path="C:\Documents and Settings\hadfielj\My Documents\CBIIT Projects\caIntegrator2\caI 1.2\CreatingNewStudy.fm" id="2BA840959DAA1DEC" position="3" />
    <PageStyle value="" />
    <Frames />
    <Popups />
  </Split>
  <Split groupID="90EF621B7D4D68AA" documentID="2BA840959DAA1DEC" id="1077698" position="13" documentstartposition="186" documentendposition="210" title="Defining Survival Values">
    <Group name="caIntegrator2" id="90EF621B7D4D68AA" position="1" />
    <Document path="C:\Documents and Settings\hadfielj\My Documents\CBIIT Projects\caIntegrator2\caI 1.2\CreatingNewStudy.fm" id="2BA840959DAA1DEC" position="3" />
    <PageStyle value="" />
    <Frames />
    <Popups />
  </Split>
  <Split groupID="90EF621B7D4D68AA" documentID="2BA840959DAA1DEC" id="1076975" position="14" documentstartposition="211" documentendposition="241" title="Adding/Editing Genomic Data">
    <Group name="caIntegrator2" id="90EF621B7D4D68AA" position="1" />
    <Document path="C:\Documents and Settings\hadfielj\My Documents\CBIIT Projects\caIntegrator2\caI 1.2\CreatingNewStudy.fm" id="2BA840959DAA1DEC" position="3" />
    <PageStyle value="" />
    <Frames />
    <Popups />
  </Split>
  <Split groupID="90EF621B7D4D68AA" documentID="2BA840959DAA1DEC" id="1081247" position="15" documentstartposition="242" documentendposition="264" title="Mapping Genomic Data to Subject Annotation Data">
    <Group name="caIntegrator2" id="90EF621B7D4D68AA" position="1" />
    <Document path="C:\Documents and Settings\hadfielj\My Documents\CBIIT Projects\caIntegrator2\caI 1.2\CreatingNewStudy.fm" id="2BA840959DAA1DEC" position="3" />
    <PageStyle value="" />
    <Frames />
    <Popups />
  </Split>
  <Split groupID="90EF621B7D4D68AA" documentID="2BA840959DAA1DEC" id="1080249" position="16" documentstartposition="265" documentendposition="276" title="Uploading Control Samples ">
    <Group name="caIntegrator2" id="90EF621B7D4D68AA" position="1" />
    <Document path="C:\Documents and Settings\hadfielj\My Documents\CBIIT Projects\caIntegrator2\caI 1.2\CreatingNewStudy.fm" id="2BA840959DAA1DEC" position="3" />
    <PageStyle value="" />
    <Frames />
    <Popups />
  </Split>
  <Split groupID="90EF621B7D4D68AA" documentID="2BA840959DAA1DEC" id="1089873" position="17" documentstartposition="277" documentendposition="292" title="Configuring Copy Number Data">
    <Group name="caIntegrator2" id="90EF621B7D4D68AA" position="1" />
    <Document path="C:\Documents and Settings\hadfielj\My Documents\CBIIT Projects\caIntegrator2\caI 1.2\CreatingNewStudy.fm" id="2BA840959DAA1DEC" position="3" />
    <PageStyle value="" />
    <Frames />
    <Popups />
  </Split>
  <Split groupID="90EF621B7D4D68AA" documentID="2BA840959DAA1DEC" id="1151070" position="18" documentstartposition="293" documentendposition="297" title="Working with Imaging Data">
    <Group name="caIntegrator2" id="90EF621B7D4D68AA" position="1" />
    <Document path="C:\Documents and Settings\hadfielj\My Documents\CBIIT Projects\caIntegrator2\caI 1.2\CreatingNewStudy.fm" id="2BA840959DAA1DEC" position="3" />
    <PageStyle value="" />
    <Frames />
    <Popups />
  </Split>
  <Split groupID="90EF621B7D4D68AA" documentID="2BA840959DAA1DEC" id="1150641" position="19" documentstartposition="298" documentendposition="317" title="Adding or Editing Imaging Files from NBIA ">
    <Group name="caIntegrator2" id="90EF621B7D4D68AA" position="1" />
    <Document path="C:\Documents and Settings\hadfielj\My Documents\CBIIT Projects\caIntegrator2\caI 1.2\CreatingNewStudy.fm" id="2BA840959DAA1DEC" position="3" />
    <PageStyle value="" />
    <Frames />
    <Popups />
  </Split>
  <Split groupID="90EF621B7D4D68AA" documentID="2BA840959DAA1DEC" id="1150681" position="20" documentstartposition="318" documentendposition="336" title="Adding or Editing Image Annotations">
    <Group name="caIntegrator2" id="90EF621B7D4D68AA" position="1" />
    <Document path="C:\Documents and Settings\hadfielj\My Documents\CBIIT Projects\caIntegrator2\caI 1.2\CreatingNewStudy.fm" id="2BA840959DAA1DEC" position="3" />
    <PageStyle value="" />
    <Frames />
    <Popups />
  </Split>
  <Split groupID="90EF621B7D4D68AA" documentID="2BA840959DAA1DEC" id="1149456" position="21" documentstartposition="337" documentendposition="349" title="Adding External Links">
    <Group name="caIntegrator2" id="90EF621B7D4D68AA" position="1" />
    <Document path="C:\Documents and Settings\hadfielj\My Documents\CBIIT Projects\caIntegrator2\caI 1.2\CreatingNewStudy.fm" id="2BA840959DAA1DEC" position="3" />
    <PageStyle value="" />
    <Frames />
    <Popups />
  </Split>
  <Split groupID="90EF621B7D4D68AA" documentID="2BA840959DAA1DEC" id="1126457" position="22" documentstartposition="350" documentendposition="352" title="Deploying the Study">
    <Group name="caIntegrator2" id="90EF621B7D4D68AA" position="1" />
    <Document path="C:\Documents and Settings\hadfielj\My Documents\CBIIT Projects\caIntegrator2\caI 1.2\CreatingNewStudy.fm" id="2BA840959DAA1DEC" position="3" />
    <PageStyle value="" />
    <Frames />
    <Popups />
  </Split>
  <Split groupID="90EF621B7D4D68AA" documentID="2BA840959DAA1DEC" id="1076280" position="23" documentstartposition="353" documentendposition="369" title="Managing a Study">
    <Group name="caIntegrator2" id="90EF621B7D4D68AA" position="1" />
    <Document path="C:\Documents and Settings\hadfielj\My Documents\CBIIT Projects\caIntegrator2\caI 1.2\CreatingNewStudy.fm" id="2BA840959DAA1DEC" position="3" />
    <PageStyle value="" />
    <Frames />
    <Popups />
  </Split>
  <Split groupID="90EF621B7D4D68AA" documentID="2BA840959DAA1DEC" id="1078043" position="24" documentstartposition="370" documentendposition="387" title="Managing Platforms">
    <Group name="caIntegrator2" id="90EF621B7D4D68AA" position="1" />
    <Document path="C:\Documents and Settings\hadfielj\My Documents\CBIIT Projects\caIntegrator2\caI 1.2\CreatingNewStudy.fm" id="2BA840959DAA1DEC" position="3" />
    <PageStyle value="" />
    <Frames />
    <Popups />
  </Split>
</Splits>