<?xml version="1.0" encoding="utf-8"?>
<Behaviors version="1.0" xmlns="urn:WebWorks-Behaviors-Schema">
  <Split id="1070912" documentposition="3">
    <Paragraph id="1070912" documentposition="3" splitpriority="1" />
    <Paragraph id="1073213" documentposition="4" splitpriority="none" />
    <Paragraph id="1073214" documentposition="5" splitpriority="none" />
    <Paragraph id="1077386" documentposition="6" splitpriority="none" />
    <Paragraph id="1077391" documentposition="7" splitpriority="none" />
  </Split>
  <Split id="1074226" documentposition="8">
    <Paragraph id="1074226" documentposition="8" splitpriority="2" />
    <Paragraph id="1077420" documentposition="9" splitpriority="none" />
    <Paragraph id="1076900" documentposition="10" splitpriority="none" />
    <Paragraph id="1076905" documentposition="11" splitpriority="none" />
    <Paragraph id="1076933" documentposition="12" splitpriority="none" />
    <Paragraph id="1076934" documentposition="13" splitpriority="none" />
    <Paragraph id="1076935" documentposition="14" splitpriority="none" />
    <Paragraph id="1076938" documentposition="15" splitpriority="none" />
    <Paragraph id="1076939" documentposition="16" splitpriority="none" />
    <Paragraph id="1077007" documentposition="17" splitpriority="none" />
    <Paragraph id="1077033" documentposition="18" splitpriority="none" />
    <Paragraph id="1077034" documentposition="19" splitpriority="none" />
    <Paragraph id="1077013" documentposition="20" splitpriority="none" />
    <Paragraph id="1077023" documentposition="21" splitpriority="none" />
    <Paragraph id="1077028" documentposition="22" splitpriority="none" />
    <Paragraph id="1077032" documentposition="23" splitpriority="none" />
    <Paragraph id="1089080" documentposition="24" splitpriority="none" relatedtopic="define-no-output" />
    <Paragraph id="1089084" documentposition="25" splitpriority="none" relatedtopic="define-no-output" />
  </Split>
  <Split id="1074305" documentposition="26">
    <Paragraph id="1074305" documentposition="26" splitpriority="2">
      <Marker behavior="topic" id="1081613">
        <Marker id="1081613" name="TopicAlias" xmlns="urn:WebWorks-Document-Schema">
          <TextRun id="tr1081613-1">
            <Text value="search_criteria_help" />
          </TextRun>
        </Marker>
      </Marker>
    </Paragraph>
    <Paragraph id="1073200" documentposition="27" splitpriority="none" />
    <Paragraph id="1073264" documentposition="28" splitpriority="none" />
    <Paragraph id="1074371" documentposition="30" splitpriority="none" />
    <Paragraph id="1077035" documentposition="31" splitpriority="none" />
    <Paragraph id="1076800" documentposition="32" splitpriority="none" />
    <Paragraph id="1076801" documentposition="33" splitpriority="none" />
    <Paragraph id="1076802" documentposition="34" splitpriority="none" />
    <Paragraph id="1076810" documentposition="35" splitpriority="none" />
    <Table id="1076811" documentposition="36" splitpriority="none">
      <TableCell>
        <Paragraph id="1076814" />
      </TableCell>
    </Table>
    <Paragraph id="1074378" documentposition="37" splitpriority="none" />
    <Paragraph id="1082662" documentposition="38" splitpriority="none" />
    <Paragraph id="1082682" documentposition="39" splitpriority="none" />
    <Paragraph id="1082697" documentposition="40" splitpriority="none" />
    <Paragraph id="1083129" documentposition="41" splitpriority="none" />
    <Paragraph id="1083130" documentposition="42" splitpriority="none" />
    <Paragraph id="1083131" documentposition="43" splitpriority="none" />
    <Paragraph id="1083132" documentposition="44" splitpriority="none" />
    <Paragraph id="1083133" documentposition="45" splitpriority="none" />
    <Paragraph id="1083134" documentposition="46" splitpriority="none" />
    <Paragraph id="1083144" documentposition="47" splitpriority="none" />
    <Paragraph id="1083146" documentposition="48" splitpriority="none" />
    <Paragraph id="1083150" documentposition="49" splitpriority="none" />
    <Paragraph id="1089092" documentposition="50" splitpriority="none" relatedtopic="define-no-output" />
    <Paragraph id="1089096" documentposition="51" splitpriority="none" relatedtopic="define-no-output" />
    <Paragraph id="1089100" documentposition="52" splitpriority="none" relatedtopic="define-no-output" />
  </Split>
  <Split id="1076339" documentposition="53">
    <Paragraph id="1076339" documentposition="53" splitpriority="5" />
    <Paragraph id="1076338" documentposition="54" splitpriority="none" />
    <Paragraph id="1074474" documentposition="56" splitpriority="none" />
    <Paragraph id="1077043" documentposition="57" splitpriority="none" />
    <Paragraph id="1077059" documentposition="58" splitpriority="none" />
    <Paragraph id="1083210" documentposition="60" splitpriority="none" />
    <Paragraph id="1083217" documentposition="61" splitpriority="none" />
  </Split>
  <Split id="1083219" documentposition="62">
    <Paragraph id="1083219" documentposition="62" splitpriority="5" />
    <Paragraph id="1076346" documentposition="63" splitpriority="none" />
    <Paragraph id="1081653" documentposition="64" splitpriority="none" />
    <Paragraph id="1081654" documentposition="65" splitpriority="none" />
    <Paragraph id="1081655" documentposition="66" splitpriority="none">
      <Frame id="1082779">
        <Paragraph id="" />
      </Frame>
    </Paragraph>
    <Paragraph id="1081659" documentposition="68" splitpriority="none" />
    <Paragraph id="1081660" documentposition="69" splitpriority="none" />
    <Paragraph id="1078286" documentposition="71" splitpriority="none" />
    <Paragraph id="1083277" documentposition="72" splitpriority="none" />
    <Paragraph id="1083308" documentposition="73" splitpriority="none" />
    <Paragraph id="1083411" documentposition="75" splitpriority="none" />
    <Paragraph id="1083436" documentposition="76" splitpriority="none" />
    <Paragraph id="1083452" documentposition="77" splitpriority="none" />
    <Paragraph id="1087109" documentposition="78" splitpriority="none" />
    <Paragraph id="1087129" documentposition="79" splitpriority="none" />
    <Paragraph id="1087130" documentposition="80" splitpriority="none" />
    <Paragraph id="1087137" documentposition="81" splitpriority="none" />
    <Paragraph id="1087146" documentposition="82" splitpriority="none" />
  </Split>
  <Split id="1074610" documentposition="83">
    <Paragraph id="1074610" documentposition="83" splitpriority="3">
      <Marker behavior="topic" id="1074800">
        <Marker id="1074800" name="TopicAlias" xmlns="urn:WebWorks-Document-Schema">
          <TextRun id="tr1074800-1">
            <Text value="search_columns_help" />
          </TextRun>
        </Marker>
      </Marker>
    </Paragraph>
    <Paragraph id="1074611" documentposition="84" splitpriority="none" />
    <Paragraph id="1074612" documentposition="85" splitpriority="none" />
    <Paragraph id="1076120" documentposition="87" splitpriority="none" />
    <Paragraph id="1077265" documentposition="88" splitpriority="none" />
    <Paragraph id="1077371" documentposition="89" splitpriority="none" />
    <Paragraph id="1077266" documentposition="90" splitpriority="none" />
    <Paragraph id="1078171" documentposition="91" splitpriority="none" />
    <Paragraph id="1078172" documentposition="92" splitpriority="none" />
    <Paragraph id="1078173" documentposition="93" splitpriority="none" />
    <Paragraph id="1076732" documentposition="94" splitpriority="none" />
    <Paragraph id="1077279" documentposition="95" splitpriority="none" />
    <Paragraph id="1077377" documentposition="96" splitpriority="none" />
    <Paragraph id="1074616" documentposition="97" splitpriority="none" />
    <Paragraph id="1074618" documentposition="98" splitpriority="none" />
    <Paragraph id="1074619" documentposition="99" splitpriority="none" />
    <Paragraph id="1074620" documentposition="101" splitpriority="none" />
    <Paragraph id="1077739" documentposition="102" splitpriority="none" />
    <Paragraph id="1089108" documentposition="103" splitpriority="none" relatedtopic="define-no-output" />
    <Paragraph id="1089112" documentposition="104" splitpriority="none" relatedtopic="define-no-output" />
    <Paragraph id="1089116" documentposition="105" splitpriority="none" relatedtopic="define-no-output" />
    <Paragraph id="1089120" documentposition="106" splitpriority="none" relatedtopic="define-no-output" />
  </Split>
  <Split id="1077751" documentposition="107">
    <Paragraph id="1077751" documentposition="107" splitpriority="2" />
    <Paragraph id="1077949" documentposition="108" splitpriority="none" />
    <Paragraph id="1089125" documentposition="109" splitpriority="none" />
    <Paragraph id="1089129" documentposition="110" splitpriority="none" />
    <Paragraph id="1089133" documentposition="111" splitpriority="none" />
    <Paragraph id="1088128" documentposition="112" splitpriority="none" />
  </Split>
  <Split id="1075754" documentposition="113">
    <Paragraph id="1075754" documentposition="113" splitpriority="3">
      <Marker behavior="topic" id="1081614">
        <Marker id="1081614" name="TopicAlias" xmlns="urn:WebWorks-Document-Schema">
          <TextRun id="tr1081614-1">
            <Text value="save_query_help" />
          </TextRun>
        </Marker>
      </Marker>
    </Paragraph>
    <Paragraph id="1075755" documentposition="114" splitpriority="none" />
    <Paragraph id="1081970" documentposition="115" splitpriority="none" />
    <Paragraph id="1075757" documentposition="116" splitpriority="none" />
    <Paragraph id="1075758" documentposition="117" splitpriority="none" />
    <Paragraph id="1089141" documentposition="118" splitpriority="none" relatedtopic="define-no-output" />
    <Paragraph id="1089145" documentposition="119" splitpriority="none" relatedtopic="define-no-output" />
    <Paragraph id="1089149" documentposition="120" splitpriority="none" relatedtopic="define-no-output" />
    <Paragraph id="1089153" documentposition="121" splitpriority="none" relatedtopic="define-no-output" />
  </Split>
  <Split id="1075748" documentposition="122">
    <Paragraph id="1075748" documentposition="122" splitpriority="3" />
    <Paragraph id="1073533" documentposition="123" splitpriority="none" />
    <Paragraph id="1081975" documentposition="124" splitpriority="none" />
    <Paragraph id="1077997" documentposition="125" splitpriority="none">
      <Frame id="1081420">
        <Paragraph id="" />
      </Frame>
    </Paragraph>
    <Paragraph id="1081414" documentposition="126" splitpriority="none" />
    <Paragraph id="1077998" documentposition="127" splitpriority="none" />
    <Paragraph id="1089161" documentposition="128" splitpriority="none" relatedtopic="define-no-output" />
    <Paragraph id="1089165" documentposition="129" splitpriority="none" relatedtopic="define-no-output" />
    <Paragraph id="1089169" documentposition="130" splitpriority="none" relatedtopic="define-no-output" />
    <Paragraph id="1089173" documentposition="131" splitpriority="none" relatedtopic="define-no-output" />
  </Split>
  <Split id="1073510" documentposition="132">
    <Paragraph id="1073510" documentposition="132" splitpriority="3" />
    <Paragraph id="1073522" documentposition="133" splitpriority="none" />
    <Paragraph id="1073525" documentposition="134" splitpriority="none" />
    <Paragraph id="1085185" documentposition="135" splitpriority="none" />
  </Split>
</Behaviors>