<?xml version="1.0" encoding="utf-8"?>
<Splits version="1.0" xmlns="urn:WebWorks-Engine-Splits-Schema">
  <Split groupID="C90EB13EF3B4B5" documentID="4DBE7B0848C3B15" id="1070912" position="1" documentstartposition="3" documentendposition="7" title="Searching a caIntegrator2 Study">
    <Group name="caIntegrator2" id="C90EB13EF3B4B5" position="1" />
    <Document path="C:\Documents and Settings\hadfielj\My Documents\CBIIT Projects\caIntegrator2\SearchingWithinAStudy.fm" id="4DBE7B0848C3B15" position="4" />
    <PageStyle value="" />
    <Frames />
    <Popups />
  </Split>
  <Split groupID="C90EB13EF3B4B5" documentID="4DBE7B0848C3B15" id="1074226" position="2" documentstartposition="8" documentendposition="25" title="Search Overview">
    <Group name="caIntegrator2" id="C90EB13EF3B4B5" position="1" />
    <Document path="C:\Documents and Settings\hadfielj\My Documents\CBIIT Projects\caIntegrator2\SearchingWithinAStudy.fm" id="4DBE7B0848C3B15" position="4" />
    <PageStyle value="" />
    <Frames />
    <Popups />
  </Split>
  <Split groupID="C90EB13EF3B4B5" documentID="4DBE7B0848C3B15" id="1074305" position="3" documentstartposition="26" documentendposition="52" title="Searching a Study">
    <Group name="caIntegrator2" id="C90EB13EF3B4B5" position="1" />
    <Document path="C:\Documents and Settings\hadfielj\My Documents\CBIIT Projects\caIntegrator2\SearchingWithinAStudy.fm" id="4DBE7B0848C3B15" position="4" />
    <PageStyle value="" />
    <Frames />
    <Popups />
  </Split>
  <Split groupID="C90EB13EF3B4B5" documentID="4DBE7B0848C3B15" id="1076339" position="4" documentstartposition="53" documentendposition="61" title="Clinical and Image Series">
    <Group name="caIntegrator2" id="C90EB13EF3B4B5" position="1" />
    <Document path="C:\Documents and Settings\hadfielj\My Documents\CBIIT Projects\caIntegrator2\SearchingWithinAStudy.fm" id="4DBE7B0848C3B15" position="4" />
    <PageStyle value="" />
    <Frames />
    <Popups />
  </Split>
  <Split groupID="C90EB13EF3B4B5" documentID="4DBE7B0848C3B15" id="1083219" position="5" documentstartposition="62" documentendposition="82" title="Gene Expression">
    <Group name="caIntegrator2" id="C90EB13EF3B4B5" position="1" />
    <Document path="C:\Documents and Settings\hadfielj\My Documents\CBIIT Projects\caIntegrator2\SearchingWithinAStudy.fm" id="4DBE7B0848C3B15" position="4" />
    <PageStyle value="" />
    <Frames>
      <Frame position="1" title="caBIO icon">
        <Frame id="1082779" stylename="Default" xmlns="urn:WebWorks-Document-Schema">
          <Attribute name="display" value="inline" />
          <Attribute name="float" value="none" />
          <Attribute name="text-align" value="left" />
          <Attribute name="left" value="0.0" />
          <Attribute name="top" value="0.0" />
          <Attribute name="width" value="28.50624" />
          <Attribute name="height" value="35.982" />
          <Description>
            <Paragraph>
              <TextRun>
                <Text value="caBIO icon" />
              </TextRun>
            </Paragraph>
          </Description>
          <Facets>
            <Facet type="document">
              <Attribute name="adapter" value="Adobe FrameMaker" />
              <Attribute name="path" value="C:\Documents and Settings\hadfielj\My Documents\ePublisher Pro Projects\caIntegrator2\Data\61DD7DDB65736B3\C90EB13EF3B4B5\4DBE7B0848C3B15\SearchingWithinAStudy.fmwif" />
              <Attribute name="id" value="1082779" />
            </Facet>
          </Facets>
          <Content />
        </Frame>
      </Frame>
    </Frames>
    <Popups />
  </Split>
  <Split groupID="C90EB13EF3B4B5" documentID="4DBE7B0848C3B15" id="1089375" position="6" documentstartposition="83" documentendposition="103" title="Results Type Tab">
    <Group name="caIntegrator2" id="C90EB13EF3B4B5" position="1" />
    <Document path="C:\Documents and Settings\hadfielj\My Documents\CBIIT Projects\caIntegrator2\SearchingWithinAStudy.fm" id="4DBE7B0848C3B15" position="4" />
    <PageStyle value="" />
    <Frames />
    <Popups />
  </Split>
  <Split groupID="C90EB13EF3B4B5" documentID="4DBE7B0848C3B15" id="1089355" position="7" documentstartposition="104" documentendposition="117" title="Sorting Tab">
    <Group name="caIntegrator2" id="C90EB13EF3B4B5" position="1" />
    <Document path="C:\Documents and Settings\hadfielj\My Documents\CBIIT Projects\caIntegrator2\SearchingWithinAStudy.fm" id="4DBE7B0848C3B15" position="4" />
    <PageStyle value="" />
    <Frames />
    <Popups />
  </Split>
  <Split groupID="C90EB13EF3B4B5" documentID="4DBE7B0848C3B15" id="1077751" position="8" documentstartposition="118" documentendposition="123" title="Managing Queries">
    <Group name="caIntegrator2" id="C90EB13EF3B4B5" position="1" />
    <Document path="C:\Documents and Settings\hadfielj\My Documents\CBIIT Projects\caIntegrator2\SearchingWithinAStudy.fm" id="4DBE7B0848C3B15" position="4" />
    <PageStyle value="" />
    <Frames />
    <Popups />
  </Split>
  <Split groupID="C90EB13EF3B4B5" documentID="4DBE7B0848C3B15" id="1075754" position="9" documentstartposition="124" documentendposition="132" title="Saving a Query ">
    <Group name="caIntegrator2" id="C90EB13EF3B4B5" position="1" />
    <Document path="C:\Documents and Settings\hadfielj\My Documents\CBIIT Projects\caIntegrator2\SearchingWithinAStudy.fm" id="4DBE7B0848C3B15" position="4" />
    <PageStyle value="" />
    <Frames />
    <Popups />
  </Split>
  <Split groupID="C90EB13EF3B4B5" documentID="4DBE7B0848C3B15" id="1075748" position="10" documentstartposition="133" documentendposition="142" title="Editing a Query">
    <Group name="caIntegrator2" id="C90EB13EF3B4B5" position="1" />
    <Document path="C:\Documents and Settings\hadfielj\My Documents\CBIIT Projects\caIntegrator2\SearchingWithinAStudy.fm" id="4DBE7B0848C3B15" position="4" />
    <PageStyle value="" />
    <Frames>
      <Frame position="1" title="Edit icon">
        <Frame id="1081420" stylename="Default" xmlns="urn:WebWorks-Document-Schema">
          <Attribute name="display" value="inline" />
          <Attribute name="float" value="none" />
          <Attribute name="text-align" value="left" />
          <Attribute name="left" value="0.0" />
          <Attribute name="top" value="0.0" />
          <Attribute name="width" value="22.46976" />
          <Attribute name="height" value="21.02976" />
          <Description>
            <Paragraph>
              <TextRun>
                <Text value="Edit icon" />
              </TextRun>
            </Paragraph>
          </Description>
          <Facets>
            <Facet type="document">
              <Attribute name="adapter" value="Adobe FrameMaker" />
              <Attribute name="path" value="C:\Documents and Settings\hadfielj\My Documents\ePublisher Pro Projects\caIntegrator2\Data\61DD7DDB65736B3\C90EB13EF3B4B5\4DBE7B0848C3B15\SearchingWithinAStudy.fmwif" />
              <Attribute name="id" value="1081420" />
            </Facet>
          </Facets>
          <Content />
        </Frame>
      </Frame>
    </Frames>
    <Popups />
  </Split>
  <Split groupID="C90EB13EF3B4B5" documentID="4DBE7B0848C3B15" id="1073510" position="11" documentstartposition="143" documentendposition="146" title="Exporting Query Results">
    <Group name="caIntegrator2" id="C90EB13EF3B4B5" position="1" />
    <Document path="C:\Documents and Settings\hadfielj\My Documents\CBIIT Projects\caIntegrator2\SearchingWithinAStudy.fm" id="4DBE7B0848C3B15" position="4" />
    <PageStyle value="" />
    <Frames />
    <Popups />
  </Split>
</Splits>