<?xml version="1.0" encoding="utf-8"?>
<Behaviors version="1.0" xmlns="urn:WebWorks-Behaviors-Schema">
  <Split id="1060342" documentposition="3">
    <Paragraph id="1060342" documentposition="3" splitpriority="1" dropdown="continue" popup="none" popup-page-rule="" />
    <Paragraph id="1063572" documentposition="4" splitpriority="none" dropdown="continue" popup="none" popup-page-rule="" />
    <Paragraph id="1063576" documentposition="5" splitpriority="none" dropdown="continue" popup="none" popup-page-rule="" />
    <Paragraph id="1063326" documentposition="6" splitpriority="none" dropdown="continue" popup="none" popup-page-rule="" />
    <Paragraph id="1063327" documentposition="7" splitpriority="none" dropdown="continue" popup="none" popup-page-rule="" />
    <Paragraph id="1063406" documentposition="8" splitpriority="none" dropdown="continue" popup="none" popup-page-rule="" />
    <Paragraph id="1063538" documentposition="9" splitpriority="none" dropdown="continue" popup="none" popup-page-rule="" />
    <Table id="1063590" documentposition="10" splitpriority="none">
      <TableCell>
        <Paragraph id="1064068" dropdown="continue" popup="none" popup-page-rule="" />
      </TableCell>
      <TableCell>
        <Paragraph id="1064070" dropdown="continue" popup="none" popup-page-rule="" />
      </TableCell>
      <TableCell>
        <Paragraph id="1064075" dropdown="continue" popup="none" popup-page-rule="">
          <Frame id="1064073" />
        </Paragraph>
      </TableCell>
      <TableCell>
        <Paragraph id="1064077" dropdown="continue" popup="none" popup-page-rule="" />
      </TableCell>
      <TableCell>
        <Paragraph id="1066972" dropdown="continue" popup="none" popup-page-rule="">
          <Frame id="1067049" />
        </Paragraph>
      </TableCell>
      <TableCell>
        <Paragraph id="1066974" dropdown="continue" popup="none" popup-page-rule="" />
      </TableCell>
      <TableCell>
        <Paragraph id="1064090" dropdown="continue" popup="none" popup-page-rule="">
          <Frame id="1064088" />
        </Paragraph>
      </TableCell>
      <TableCell>
        <Paragraph id="1064092" dropdown="continue" popup="none" popup-page-rule="" />
      </TableCell>
      <TableCell>
        <Paragraph id="1064097" dropdown="continue" popup="none" popup-page-rule="">
          <Frame id="1064095" />
        </Paragraph>
      </TableCell>
      <TableCell>
        <Paragraph id="1064099" dropdown="continue" popup="none" popup-page-rule="" />
      </TableCell>
      <TableCell>
        <Paragraph id="1064104" dropdown="continue" popup="none" popup-page-rule="">
          <Frame id="1064102" />
        </Paragraph>
      </TableCell>
      <TableCell>
        <Paragraph id="1064106" dropdown="continue" popup="none" popup-page-rule="" />
      </TableCell>
      <TableCell>
        <Paragraph id="1064111" dropdown="continue" popup="none" popup-page-rule="">
          <Frame id="1064109" />
        </Paragraph>
      </TableCell>
      <TableCell>
        <Paragraph id="1064113" dropdown="continue" popup="none" popup-page-rule="" />
      </TableCell>
      <TableCell>
        <Paragraph id="1064118" dropdown="continue" popup="none" popup-page-rule="">
          <Frame id="1064116" />
        </Paragraph>
        <Paragraph id="1064122" dropdown="continue" popup="none" popup-page-rule="">
          <Frame id="1064120" />
        </Paragraph>
      </TableCell>
      <TableCell>
        <Paragraph id="1064124" dropdown="continue" popup="none" popup-page-rule="" />
      </TableCell>
      <TableCell>
        <Paragraph id="1064129" dropdown="continue" popup="none" popup-page-rule="">
          <Frame id="1064127" />
        </Paragraph>
      </TableCell>
      <TableCell>
        <Paragraph id="1064131" dropdown="continue" popup="none" popup-page-rule="" />
      </TableCell>
      <TableCell>
        <Paragraph id="1064133" dropdown="continue" popup="none" popup-page-rule="" />
      </TableCell>
      <TableCell>
        <Paragraph id="1064135" dropdown="continue" popup="none" popup-page-rule="" />
      </TableCell>
      <TableCell>
        <Paragraph id="1064140" dropdown="continue" popup="none" popup-page-rule="">
          <Frame id="1064138" />
        </Paragraph>
      </TableCell>
      <TableCell>
        <Paragraph id="1064142" dropdown="continue" popup="none" popup-page-rule="" />
      </TableCell>
    </Table>
    <Paragraph id="1064222" documentposition="11" splitpriority="none" relatedtopic="define-no-output" popup="none" popup-page-rule="" dropdown="end" />
  </Split>
</Behaviors>