<?xml version="1.0" encoding="utf-8"?>
<Index version="1.0" xmlns="urn:WebWorks-Index-Schema">
  <Entry name="subject annotation" sort="subject annotation" sectionposition="2">
    <Content xmlns="urn:WebWorks-Document-Schema">
      <TextRun>
        <Text value="subject annotation" />
      </TextRun>
    </Content>
    <Entry name="configuring data for import" sort="configuring data for import">
      <Content xmlns="urn:WebWorks-Document-Schema">
        <TextRun>
          <Text value="configuring data for import" />
        </TextRun>
      </Content>
      <Link href="C:\Documents and Settings\hadfielj\My Documents\ePublisher Pro Projects\caIntegrator2\Output\WebWorks Help 5.0\caIntegrator2\appdx data import.8.2.html" anchor="1073215" fileposition="98" first="false" />
    </Entry>
  </Entry>
  <Entry name="configuring" sort="configuring" sectionposition="2">
    <Content xmlns="urn:WebWorks-Document-Schema">
      <TextRun>
        <Text value="configuring" />
      </TextRun>
    </Content>
    <Entry name="subject annotation data for import" sort="subject annotation data for import">
      <Content xmlns="urn:WebWorks-Document-Schema">
        <TextRun>
          <Text value="subject annotation data for import" />
        </TextRun>
      </Content>
      <Link href="C:\Documents and Settings\hadfielj\My Documents\ePublisher Pro Projects\caIntegrator2\Output\WebWorks Help 5.0\caIntegrator2\appdx data import.8.2.html" anchor="1073215" fileposition="98" first="false" />
    </Entry>
  </Entry>
  <Entry name="data import" sort="data import" sectionposition="2">
    <Content xmlns="urn:WebWorks-Document-Schema">
      <TextRun>
        <Text value="data import" />
      </TextRun>
    </Content>
    <Entry name="configuring subject annotations for" sort="configuring subject annotations for">
      <Content xmlns="urn:WebWorks-Document-Schema">
        <TextRun>
          <Text value="configuring subject annotations for" />
        </TextRun>
      </Content>
      <Link href="C:\Documents and Settings\hadfielj\My Documents\ePublisher Pro Projects\caIntegrator2\Output\WebWorks Help 5.0\caIntegrator2\appdx data import.8.2.html" anchor="1073215" fileposition="98" first="false" />
    </Entry>
  </Entry>
  <Entry name="delimited text annotation import" sort="delimited text annotation import" sectionposition="2">
    <Content xmlns="urn:WebWorks-Document-Schema">
      <TextRun>
        <Text value="delimited text annotation import" />
      </TextRun>
    </Content>
    <Link href="C:\Documents and Settings\hadfielj\My Documents\ePublisher Pro Projects\caIntegrator2\Output\WebWorks Help 5.0\caIntegrator2\appdx data import.8.3.html" anchor="1073226" fileposition="99" first="false" />
  </Entry>
  <Entry name="importing delimited text annotations" sort="importing delimited text annotations" sectionposition="2">
    <Content xmlns="urn:WebWorks-Document-Schema">
      <TextRun>
        <Text value="importing delimited text annotations" />
      </TextRun>
    </Content>
    <Link href="C:\Documents and Settings\hadfielj\My Documents\ePublisher Pro Projects\caIntegrator2\Output\WebWorks Help 5.0\caIntegrator2\appdx data import.8.3.html" anchor="1073226" fileposition="99" first="false" />
  </Entry>
  <Entry name="annotation" sort="annotation" sectionposition="2">
    <Content xmlns="urn:WebWorks-Document-Schema">
      <TextRun>
        <Text value="annotation" />
      </TextRun>
    </Content>
    <Entry name="importing delimited text" sort="importing delimited text">
      <Content xmlns="urn:WebWorks-Document-Schema">
        <TextRun>
          <Text value="importing delimited text" />
        </TextRun>
      </Content>
      <Link href="C:\Documents and Settings\hadfielj\My Documents\ePublisher Pro Projects\caIntegrator2\Output\WebWorks Help 5.0\caIntegrator2\appdx data import.8.3.html" anchor="1073226" fileposition="99" first="false" />
    </Entry>
  </Entry>
  <Entry name="data import" sort="data import" sectionposition="2">
    <Content xmlns="urn:WebWorks-Document-Schema">
      <TextRun>
        <Text value="data import" />
      </TextRun>
    </Content>
    <Entry name="required delimited text format" sort="required delimited text format">
      <Content xmlns="urn:WebWorks-Document-Schema">
        <TextRun>
          <Text value="required delimited text format" />
        </TextRun>
      </Content>
      <Link href="C:\Documents and Settings\hadfielj\My Documents\ePublisher Pro Projects\caIntegrator2\Output\WebWorks Help 5.0\caIntegrator2\appdx data import.8.3.html" anchor="1073226" fileposition="99" first="false" />
    </Entry>
  </Entry>
  <Entry name="annotation" sort="annotation" sectionposition="2">
    <Content xmlns="urn:WebWorks-Document-Schema">
      <TextRun>
        <Text value="annotation" />
      </TextRun>
    </Content>
    <Entry name="configuring field" sort="configuring field">
      <Content xmlns="urn:WebWorks-Document-Schema">
        <TextRun>
          <Text value="configuring field" />
        </TextRun>
      </Content>
      <Link href="C:\Documents and Settings\hadfielj\My Documents\ePublisher Pro Projects\caIntegrator2\Output\WebWorks Help 5.0\caIntegrator2\appdx data import.8.4.html" anchor="1073233" fileposition="100" first="false" />
    </Entry>
  </Entry>
  <Entry name="configuring" sort="configuring" sectionposition="2">
    <Content xmlns="urn:WebWorks-Document-Schema">
      <TextRun>
        <Text value="configuring" />
      </TextRun>
    </Content>
    <Entry name="annotation fields for import" sort="annotation fields for import">
      <Content xmlns="urn:WebWorks-Document-Schema">
        <TextRun>
          <Text value="annotation fields for import" />
        </TextRun>
      </Content>
      <Link href="C:\Documents and Settings\hadfielj\My Documents\ePublisher Pro Projects\caIntegrator2\Output\WebWorks Help 5.0\caIntegrator2\appdx data import.8.4.html" anchor="1073233" fileposition="100" first="false" />
    </Entry>
  </Entry>
  <Entry name="data import" sort="data import" sectionposition="2">
    <Content xmlns="urn:WebWorks-Document-Schema">
      <TextRun>
        <Text value="data import" />
      </TextRun>
    </Content>
    <Entry name="configuring annotation fields for" sort="configuring annotation fields for">
      <Content xmlns="urn:WebWorks-Document-Schema">
        <TextRun>
          <Text value="configuring annotation fields for" />
        </TextRun>
      </Content>
      <Link href="C:\Documents and Settings\hadfielj\My Documents\ePublisher Pro Projects\caIntegrator2\Output\WebWorks Help 5.0\caIntegrator2\appdx data import.8.4.html" anchor="1073233" fileposition="100" first="false" />
    </Entry>
  </Entry>
  <Entry name="sample data, configuring for import" sort="sample data, configuring for import" sectionposition="2">
    <Content xmlns="urn:WebWorks-Document-Schema">
      <TextRun>
        <Text value="sample data, configuring for import" />
      </TextRun>
    </Content>
    <Link href="C:\Documents and Settings\hadfielj\My Documents\ePublisher Pro Projects\caIntegrator2\Output\WebWorks Help 5.0\caIntegrator2\appdx data import.8.5.html" anchor="1073243" fileposition="101" first="false" />
  </Entry>
  <Entry name="configuring" sort="configuring" sectionposition="2">
    <Content xmlns="urn:WebWorks-Document-Schema">
      <TextRun>
        <Text value="configuring" />
      </TextRun>
    </Content>
    <Entry name="sample data for import" sort="sample data for import">
      <Content xmlns="urn:WebWorks-Document-Schema">
        <TextRun>
          <Text value="sample data for import" />
        </TextRun>
      </Content>
      <Link href="C:\Documents and Settings\hadfielj\My Documents\ePublisher Pro Projects\caIntegrator2\Output\WebWorks Help 5.0\caIntegrator2\appdx data import.8.5.html" anchor="1073243" fileposition="101" first="false" />
    </Entry>
  </Entry>
  <Entry name="data import" sort="data import" sectionposition="2">
    <Content xmlns="urn:WebWorks-Document-Schema">
      <TextRun>
        <Text value="data import" />
      </TextRun>
    </Content>
    <Entry name="configuring sample data for" sort="configuring sample data for">
      <Content xmlns="urn:WebWorks-Document-Schema">
        <TextRun>
          <Text value="configuring sample data for" />
        </TextRun>
      </Content>
      <Link href="C:\Documents and Settings\hadfielj\My Documents\ePublisher Pro Projects\caIntegrator2\Output\WebWorks Help 5.0\caIntegrator2\appdx data import.8.5.html" anchor="1073243" fileposition="101" first="false" />
    </Entry>
  </Entry>
  <Entry name="genomic data" sort="genomic data" sectionposition="2">
    <Content xmlns="urn:WebWorks-Document-Schema">
      <TextRun>
        <Text value="genomic data" />
      </TextRun>
    </Content>
    <Entry name="configuring for import" sort="configuring for import">
      <Content xmlns="urn:WebWorks-Document-Schema">
        <TextRun>
          <Text value="configuring for import" />
        </TextRun>
      </Content>
      <Link href="C:\Documents and Settings\hadfielj\My Documents\ePublisher Pro Projects\caIntegrator2\Output\WebWorks Help 5.0\caIntegrator2\appdx data import.8.6.html" anchor="1073253" fileposition="102" first="false" />
    </Entry>
  </Entry>
  <Entry name="configuring" sort="configuring" sectionposition="2">
    <Content xmlns="urn:WebWorks-Document-Schema">
      <TextRun>
        <Text value="configuring" />
      </TextRun>
    </Content>
    <Entry name="genomic data for import" sort="genomic data for import">
      <Content xmlns="urn:WebWorks-Document-Schema">
        <TextRun>
          <Text value="genomic data for import" />
        </TextRun>
      </Content>
      <Link href="C:\Documents and Settings\hadfielj\My Documents\ePublisher Pro Projects\caIntegrator2\Output\WebWorks Help 5.0\caIntegrator2\appdx data import.8.6.html" anchor="1073253" fileposition="102" first="false" />
    </Entry>
  </Entry>
  <Entry name="data import" sort="data import" sectionposition="2">
    <Content xmlns="urn:WebWorks-Document-Schema">
      <TextRun>
        <Text value="data import" />
      </TextRun>
    </Content>
    <Entry name="configuring genomic data for" sort="configuring genomic data for">
      <Content xmlns="urn:WebWorks-Document-Schema">
        <TextRun>
          <Text value="configuring genomic data for" />
        </TextRun>
      </Content>
      <Link href="C:\Documents and Settings\hadfielj\My Documents\ePublisher Pro Projects\caIntegrator2\Output\WebWorks Help 5.0\caIntegrator2\appdx data import.8.6.html" anchor="1073253" fileposition="102" first="false" />
    </Entry>
  </Entry>
  <Entry name="data import" sort="data import" sectionposition="2">
    <Content xmlns="urn:WebWorks-Document-Schema">
      <TextRun>
        <Text value="data import" />
      </TextRun>
    </Content>
    <Entry name="configuring supplemental files for" sort="configuring supplemental files for">
      <Content xmlns="urn:WebWorks-Document-Schema">
        <TextRun>
          <Text value="configuring supplemental files for" />
        </TextRun>
      </Content>
      <Link href="C:\Documents and Settings\hadfielj\My Documents\ePublisher Pro Projects\caIntegrator2\Output\WebWorks Help 5.0\caIntegrator2\appdx data import.8.7.html" anchor="1078641" fileposition="103" first="false" />
    </Entry>
  </Entry>
  <Entry name="supplemental files" sort="supplemental files" sectionposition="2">
    <Content xmlns="urn:WebWorks-Document-Schema">
      <TextRun>
        <Text value="supplemental files" />
      </TextRun>
    </Content>
    <Entry name="configuring for import" sort="configuring for import">
      <Content xmlns="urn:WebWorks-Document-Schema">
        <TextRun>
          <Text value="configuring for import" />
        </TextRun>
      </Content>
      <Link href="C:\Documents and Settings\hadfielj\My Documents\ePublisher Pro Projects\caIntegrator2\Output\WebWorks Help 5.0\caIntegrator2\appdx data import.8.7.html" anchor="1078641" fileposition="103" first="false" />
    </Entry>
  </Entry>
  <Entry name="imaging data" sort="imaging data" sectionposition="2">
    <Content xmlns="urn:WebWorks-Document-Schema">
      <TextRun>
        <Text value="imaging data" />
      </TextRun>
    </Content>
    <Entry name="configuring for import" sort="configuring for import">
      <Content xmlns="urn:WebWorks-Document-Schema">
        <TextRun>
          <Text value="configuring for import" />
        </TextRun>
      </Content>
      <Link href="C:\Documents and Settings\hadfielj\My Documents\ePublisher Pro Projects\caIntegrator2\Output\WebWorks Help 5.0\caIntegrator2\appdx data import.8.10.html" anchor="1073265" fileposition="106" first="false" />
    </Entry>
  </Entry>
  <Entry name="configuring" sort="configuring" sectionposition="2">
    <Content xmlns="urn:WebWorks-Document-Schema">
      <TextRun>
        <Text value="configuring" />
      </TextRun>
    </Content>
    <Entry name="imaging data for import" sort="imaging data for import">
      <Content xmlns="urn:WebWorks-Document-Schema">
        <TextRun>
          <Text value="imaging data for import" />
        </TextRun>
      </Content>
      <Link href="C:\Documents and Settings\hadfielj\My Documents\ePublisher Pro Projects\caIntegrator2\Output\WebWorks Help 5.0\caIntegrator2\appdx data import.8.10.html" anchor="1073265" fileposition="106" first="false" />
    </Entry>
  </Entry>
  <Entry name="data import" sort="data import" sectionposition="2">
    <Content xmlns="urn:WebWorks-Document-Schema">
      <TextRun>
        <Text value="data import" />
      </TextRun>
    </Content>
    <Entry name="configuring images for" sort="configuring images for">
      <Content xmlns="urn:WebWorks-Document-Schema">
        <TextRun>
          <Text value="configuring images for" />
        </TextRun>
      </Content>
      <Link href="C:\Documents and Settings\hadfielj\My Documents\ePublisher Pro Projects\caIntegrator2\Output\WebWorks Help 5.0\caIntegrator2\appdx data import.8.10.html" anchor="1073265" fileposition="106" first="false" />
    </Entry>
  </Entry>
</Index>