<?xml version="1.0" encoding="utf-8"?>
<Splits version="1.0" xmlns="urn:WebWorks-Engine-Splits-Schema">
  <Split groupID="C90EB13EF3B4B5" documentID="8B6D36C54CB32B94" id="1070912" position="1" documentstartposition="3" documentendposition="12" title="Welcome to caIntegrator2 Online Help">
    <Group name="caIntegrator2" id="C90EB13EF3B4B5" position="1" />
    <Document path="C:\Documents and Settings\hadfielj\My Documents\CBIIT Projects\caIntegrator2\Welcome.fm" id="8B6D36C54CB32B94" position="1" />
    <PageStyle value="" />
    <Frames />
    <Popups />
  </Split>
  <Split groupID="C90EB13EF3B4B5" documentID="D52F625565A1D791" id="1058883" position="1" documentstartposition="1" documentendposition="9" title="Credits and Resources">
    <Group name="caIntegrator2" id="C90EB13EF3B4B5" position="1" />
    <Document path="C:\Documents and Settings\hadfielj\My Documents\CBIIT Projects\caIntegrator2\Credits.fm" id="D52F625565A1D791" position="2" />
    <PageStyle value="" />
    <Frames />
    <Popups />
  </Split>
  <Split groupID="C90EB13EF3B4B5" documentID="89D6A863CD24779D" id="1052621" position="1" documentstartposition="3" documentendposition="10" title="Getting Started with caIntegrator2">
    <Group name="caIntegrator2" id="C90EB13EF3B4B5" position="1" />
    <Document path="C:\Documents and Settings\hadfielj\My Documents\CBIIT Projects\caIntegrator2\Getting_Started.fm" id="89D6A863CD24779D" position="3" />
    <PageStyle value="" />
    <Frames />
    <Popups />
  </Split>
  <Split groupID="C90EB13EF3B4B5" documentID="89D6A863CD24779D" id="1135030" position="2" documentstartposition="11" documentendposition="13" title="About caIntegrator2">
    <Group name="caIntegrator2" id="C90EB13EF3B4B5" position="1" />
    <Document path="C:\Documents and Settings\hadfielj\My Documents\CBIIT Projects\caIntegrator2\Getting_Started.fm" id="89D6A863CD24779D" position="3" />
    <PageStyle value="" />
    <Frames />
    <Popups />
  </Split>
  <Split groupID="C90EB13EF3B4B5" documentID="89D6A863CD24779D" id="1141097" position="3" documentstartposition="14" documentendposition="45" title="Registering as a New caIntegrator2 User ">
    <Group name="caIntegrator2" id="C90EB13EF3B4B5" position="1" />
    <Document path="C:\Documents and Settings\hadfielj\My Documents\CBIIT Projects\caIntegrator2\Getting_Started.fm" id="89D6A863CD24779D" position="3" />
    <PageStyle value="" />
    <Frames />
    <Popups />
  </Split>
  <Split groupID="C90EB13EF3B4B5" documentID="89D6A863CD24779D" id="1127723" position="4" documentstartposition="46" documentendposition="50" title="Using the caIntegrator2 Workspace">
    <Group name="caIntegrator2" id="C90EB13EF3B4B5" position="1" />
    <Document path="C:\Documents and Settings\hadfielj\My Documents\CBIIT Projects\caIntegrator2\Getting_Started.fm" id="89D6A863CD24779D" position="3" />
    <PageStyle value="" />
    <Frames />
    <Popups />
  </Split>
  <Split groupID="C90EB13EF3B4B5" documentID="89D6A863CD24779D" id="1136890" position="5" documentstartposition="51" documentendposition="58" title="caIntegrator2 Functions">
    <Group name="caIntegrator2" id="C90EB13EF3B4B5" position="1" />
    <Document path="C:\Documents and Settings\hadfielj\My Documents\CBIIT Projects\caIntegrator2\Getting_Started.fm" id="89D6A863CD24779D" position="3" />
    <PageStyle value="" />
    <Frames />
    <Popups />
  </Split>
  <Split groupID="C90EB13EF3B4B5" documentID="89D6A863CD24779D" id="1136527" position="6" documentstartposition="59" documentendposition="64" title="Using Online Help">
    <Group name="caIntegrator2" id="C90EB13EF3B4B5" position="1" />
    <Document path="C:\Documents and Settings\hadfielj\My Documents\CBIIT Projects\caIntegrator2\Getting_Started.fm" id="89D6A863CD24779D" position="3" />
    <PageStyle value="" />
    <Frames>
      <Frame position="1" title="screen shot of help icon that identifies your current topic in the table of contents">
        <Frame id="1141035" stylename="Default" xmlns="urn:WebWorks-Document-Schema">
          <Attribute name="display" value="block" />
          <Attribute name="float" value="none" />
          <Attribute name="text-align" value="left" />
          <Attribute name="left" value="0.0" />
          <Attribute name="top" value="0.0" />
          <Attribute name="width" value="20.376" />
          <Attribute name="height" value="17.856" />
          <Description>
            <Paragraph>
              <TextRun>
                <Text value="screen shot of help icon that identifies your current topic in the table of contents" />
              </TextRun>
            </Paragraph>
          </Description>
          <Facets>
            <Facet type="document">
              <Attribute name="adapter" value="Adobe FrameMaker" />
              <Attribute name="path" value="C:\Documents and Settings\hadfielj\My Documents\ePublisher Pro Projects\caIntegrator2\Data\61DD7DDB65736B3\C90EB13EF3B4B5\89D6A863CD24779D\Getting_Started.fmwif" />
              <Attribute name="id" value="1141035" />
            </Facet>
          </Facets>
          <Content />
        </Frame>
      </Frame>
      <Frame position="2" title="Contents button which allows you to select a topic form the online help table of contents">
        <Frame id="1136555" stylename="Default" xmlns="urn:WebWorks-Document-Schema">
          <Attribute name="display" value="block" />
          <Attribute name="float" value="none" />
          <Attribute name="text-align" value="left" />
          <Attribute name="left" value="0.0" />
          <Attribute name="top" value="0.0" />
          <Attribute name="width" value="41.472" />
          <Attribute name="height" value="15.12" />
          <Description>
            <Paragraph>
              <TextRun>
                <Text value="Contents button which allows you to select a topic form the online help table of contents" />
              </TextRun>
            </Paragraph>
          </Description>
          <Facets>
            <Facet type="document">
              <Attribute name="adapter" value="Adobe FrameMaker" />
              <Attribute name="path" value="C:\Documents and Settings\hadfielj\My Documents\ePublisher Pro Projects\caIntegrator2\Data\61DD7DDB65736B3\C90EB13EF3B4B5\89D6A863CD24779D\Getting_Started.fmwif" />
              <Attribute name="id" value="1136555" />
            </Facet>
          </Facets>
          <Content />
        </Frame>
      </Frame>
      <Frame position="3" title="Index button which you click to select a topic from the online help index.">
        <Frame id="1136562" stylename="Default" xmlns="urn:WebWorks-Document-Schema">
          <Attribute name="display" value="block" />
          <Attribute name="float" value="none" />
          <Attribute name="text-align" value="left" />
          <Attribute name="left" value="0.0" />
          <Attribute name="top" value="0.0" />
          <Attribute name="width" value="42.624" />
          <Attribute name="height" value="14.256" />
          <Description>
            <Paragraph>
              <TextRun>
                <Text value="Index button which you click to select a topic from the online help index." />
              </TextRun>
            </Paragraph>
          </Description>
          <Facets>
            <Facet type="document">
              <Attribute name="adapter" value="Adobe FrameMaker" />
              <Attribute name="path" value="C:\Documents and Settings\hadfielj\My Documents\ePublisher Pro Projects\caIntegrator2\Data\61DD7DDB65736B3\C90EB13EF3B4B5\89D6A863CD24779D\Getting_Started.fmwif" />
              <Attribute name="id" value="1136562" />
            </Facet>
          </Facets>
          <Content />
        </Frame>
      </Frame>
      <Frame position="4" title="Search button you click to launch a query text search of online help.">
        <Frame id="1136569" stylename="Default" xmlns="urn:WebWorks-Document-Schema">
          <Attribute name="display" value="block" />
          <Attribute name="float" value="none" />
          <Attribute name="text-align" value="left" />
          <Attribute name="left" value="0.0" />
          <Attribute name="top" value="0.0" />
          <Attribute name="width" value="43.92" />
          <Attribute name="height" value="15.048" />
          <Description>
            <Paragraph>
              <TextRun>
                <Text value="Search button you click to launch a query text search of online help." />
              </TextRun>
            </Paragraph>
          </Description>
          <Facets>
            <Facet type="document">
              <Attribute name="adapter" value="Adobe FrameMaker" />
              <Attribute name="path" value="C:\Documents and Settings\hadfielj\My Documents\ePublisher Pro Projects\caIntegrator2\Data\61DD7DDB65736B3\C90EB13EF3B4B5\89D6A863CD24779D\Getting_Started.fmwif" />
              <Attribute name="id" value="1136569" />
            </Facet>
          </Facets>
          <Content />
        </Frame>
      </Frame>
      <Frame position="5" title="Favorites button that allows you to create a list of frequently-accessed topics.">
        <Frame id="1136576" stylename="Default" xmlns="urn:WebWorks-Document-Schema">
          <Attribute name="display" value="block" />
          <Attribute name="float" value="none" />
          <Attribute name="text-align" value="left" />
          <Attribute name="left" value="0.0" />
          <Attribute name="top" value="0.0" />
          <Attribute name="width" value="41.184" />
          <Attribute name="height" value="15.768" />
          <Description>
            <Paragraph>
              <TextRun>
                <Text value="Favorites button that allows you to create a list of frequently-accessed topics." />
              </TextRun>
            </Paragraph>
          </Description>
          <Facets>
            <Facet type="document">
              <Attribute name="adapter" value="Adobe FrameMaker" />
              <Attribute name="path" value="C:\Documents and Settings\hadfielj\My Documents\ePublisher Pro Projects\caIntegrator2\Data\61DD7DDB65736B3\C90EB13EF3B4B5\89D6A863CD24779D\Getting_Started.fmwif" />
              <Attribute name="id" value="1136576" />
            </Facet>
          </Facets>
          <Content />
        </Frame>
      </Frame>
      <Frame position="6" title="Icon that you click to open closely related topics in online help.">
        <Frame id="1136583" stylename="Default" xmlns="urn:WebWorks-Document-Schema">
          <Attribute name="display" value="block" />
          <Attribute name="float" value="none" />
          <Attribute name="text-align" value="left" />
          <Attribute name="left" value="0.0" />
          <Attribute name="top" value="0.0" />
          <Attribute name="width" value="21.6" />
          <Attribute name="height" value="22.35024" />
          <Description>
            <Paragraph>
              <TextRun>
                <Text value="Icon that you click to open closely related topics in online help." />
              </TextRun>
            </Paragraph>
          </Description>
          <Facets>
            <Facet type="document">
              <Attribute name="adapter" value="Adobe FrameMaker" />
              <Attribute name="path" value="C:\Documents and Settings\hadfielj\My Documents\ePublisher Pro Projects\caIntegrator2\Data\61DD7DDB65736B3\C90EB13EF3B4B5\89D6A863CD24779D\Getting_Started.fmwif" />
              <Attribute name="id" value="1136583" />
            </Facet>
          </Facets>
          <Content />
        </Frame>
      </Frame>
      <Frame position="7" title="Related Topics button that you click to open closely related topics in online help.">
        <Frame id="1136587" stylename="Default" xmlns="urn:WebWorks-Document-Schema">
          <Attribute name="display" value="block" />
          <Attribute name="float" value="none" />
          <Attribute name="text-align" value="left" />
          <Attribute name="left" value="0.0" />
          <Attribute name="top" value="0.0" />
          <Attribute name="width" value="87.88752" />
          <Attribute name="height" value="15.264" />
          <Description>
            <Paragraph>
              <TextRun>
                <Text value="Related Topics button that you click to open closely related topics in online help." />
              </TextRun>
            </Paragraph>
          </Description>
          <Facets>
            <Facet type="document">
              <Attribute name="adapter" value="Adobe FrameMaker" />
              <Attribute name="path" value="C:\Documents and Settings\hadfielj\My Documents\ePublisher Pro Projects\caIntegrator2\Data\61DD7DDB65736B3\C90EB13EF3B4B5\89D6A863CD24779D\Getting_Started.fmwif" />
              <Attribute name="id" value="1136587" />
            </Facet>
          </Facets>
          <Content />
        </Frame>
      </Frame>
      <Frame position="8" title="Print icon that you click to print the open online help topic.">
        <Frame id="1136594" stylename="Default" xmlns="urn:WebWorks-Document-Schema">
          <Attribute name="display" value="block" />
          <Attribute name="float" value="none" />
          <Attribute name="text-align" value="left" />
          <Attribute name="left" value="0.0" />
          <Attribute name="top" value="0.0" />
          <Attribute name="width" value="18.59976" />
          <Attribute name="height" value="18.78624" />
          <Description>
            <Paragraph>
              <TextRun>
                <Text value="Print icon that you click to print the open online help topic." />
              </TextRun>
            </Paragraph>
          </Description>
          <Facets>
            <Facet type="document">
              <Attribute name="adapter" value="Adobe FrameMaker" />
              <Attribute name="path" value="C:\Documents and Settings\hadfielj\My Documents\ePublisher Pro Projects\caIntegrator2\Data\61DD7DDB65736B3\C90EB13EF3B4B5\89D6A863CD24779D\Getting_Started.fmwif" />
              <Attribute name="id" value="1136594" />
            </Facet>
          </Facets>
          <Content />
        </Frame>
      </Frame>
      <Frame position="9" title="A Back/Forward button that you click to navigate through previously viewed topics.">
        <Frame id="1136605" stylename="Default" xmlns="urn:WebWorks-Document-Schema">
          <Attribute name="display" value="block" />
          <Attribute name="float" value="none" />
          <Attribute name="text-align" value="left" />
          <Attribute name="left" value="0.0" />
          <Attribute name="top" value="0.0" />
          <Attribute name="width" value="66.888" />
          <Attribute name="height" value="13.896" />
          <Description>
            <Paragraph>
              <TextRun>
                <Text value="A Back/Forward button that you click to navigate through previously viewed topics." />
              </TextRun>
            </Paragraph>
          </Description>
          <Facets>
            <Facet type="document">
              <Attribute name="adapter" value="Adobe FrameMaker" />
              <Attribute name="path" value="C:\Documents and Settings\hadfielj\My Documents\ePublisher Pro Projects\caIntegrator2\Data\61DD7DDB65736B3\C90EB13EF3B4B5\89D6A863CD24779D\Getting_Started.fmwif" />
              <Attribute name="id" value="1136605" />
            </Facet>
          </Facets>
          <Content />
        </Frame>
      </Frame>
    </Frames>
    <Popups />
  </Split>
  <Split groupID="C90EB13EF3B4B5" documentID="89D6A863CD24779D" id="1128246" position="7" documentstartposition="65" documentendposition="70" title="Logging Out">
    <Group name="caIntegrator2" id="C90EB13EF3B4B5" position="1" />
    <Document path="C:\Documents and Settings\hadfielj\My Documents\CBIIT Projects\caIntegrator2\Getting_Started.fm" id="89D6A863CD24779D" position="3" />
    <PageStyle value="" />
    <Frames />
    <Popups />
  </Split>
  <Split groupID="C90EB13EF3B4B5" documentID="89D6A863CD24779D" id="1136640" position="8" documentstartposition="71" documentendposition="75" title="Application Support">
    <Group name="caIntegrator2" id="C90EB13EF3B4B5" position="1" />
    <Document path="C:\Documents and Settings\hadfielj\My Documents\CBIIT Projects\caIntegrator2\Getting_Started.fm" id="89D6A863CD24779D" position="3" />
    <PageStyle value="" />
    <Frames />
    <Popups />
  </Split>
  <Split groupID="C90EB13EF3B4B5" documentID="7EA0BBA4CF8F5E88" id="1070912" position="1" documentstartposition="3" documentendposition="8" title="Creating a New Study">
    <Group name="caIntegrator2" id="C90EB13EF3B4B5" position="1" />
    <Document path="C:\Documents and Settings\hadfielj\My Documents\CBIIT Projects\caIntegrator2\CreatingNewStudy.fm" id="7EA0BBA4CF8F5E88" position="4" />
    <PageStyle value="" />
    <Frames />
    <Popups />
  </Split>
  <Split groupID="C90EB13EF3B4B5" documentID="7EA0BBA4CF8F5E88" id="1073286" position="2" documentstartposition="9" documentendposition="16" title="Creating a Study – Overview">
    <Group name="caIntegrator2" id="C90EB13EF3B4B5" position="1" />
    <Document path="C:\Documents and Settings\hadfielj\My Documents\CBIIT Projects\caIntegrator2\CreatingNewStudy.fm" id="7EA0BBA4CF8F5E88" position="4" />
    <PageStyle value="" />
    <Frames />
    <Popups />
  </Split>
  <Split groupID="C90EB13EF3B4B5" documentID="7EA0BBA4CF8F5E88" id="1073216" position="3" documentstartposition="17" documentendposition="25" title="Configuring and Deploying Study">
    <Group name="caIntegrator2" id="C90EB13EF3B4B5" position="1" />
    <Document path="C:\Documents and Settings\hadfielj\My Documents\CBIIT Projects\caIntegrator2\CreatingNewStudy.fm" id="7EA0BBA4CF8F5E88" position="4" />
    <PageStyle value="" />
    <Frames />
    <Popups />
  </Split>
  <Split groupID="C90EB13EF3B4B5" documentID="7EA0BBA4CF8F5E88" id="1073921" position="4" documentstartposition="26" documentendposition="38" title="Creating/Editing a Study">
    <Group name="caIntegrator2" id="C90EB13EF3B4B5" position="1" />
    <Document path="C:\Documents and Settings\hadfielj\My Documents\CBIIT Projects\caIntegrator2\CreatingNewStudy.fm" id="7EA0BBA4CF8F5E88" position="4" />
    <PageStyle value="" />
    <Frames />
    <Popups />
  </Split>
  <Split groupID="C90EB13EF3B4B5" documentID="7EA0BBA4CF8F5E88" id="1075197" position="5" documentstartposition="39" documentendposition="56" title="Adding Clinical Data">
    <Group name="caIntegrator2" id="C90EB13EF3B4B5" position="1" />
    <Document path="C:\Documents and Settings\hadfielj\My Documents\CBIIT Projects\caIntegrator2\CreatingNewStudy.fm" id="7EA0BBA4CF8F5E88" position="4" />
    <PageStyle value="" />
    <Frames />
    <Popups />
  </Split>
  <Split groupID="C90EB13EF3B4B5" documentID="7EA0BBA4CF8F5E88" id="1082187" position="6" documentstartposition="57" documentendposition="82" title="Assigning An Identifier or Annotation">
    <Group name="caIntegrator2" id="C90EB13EF3B4B5" position="1" />
    <Document path="C:\Documents and Settings\hadfielj\My Documents\CBIIT Projects\caIntegrator2\CreatingNewStudy.fm" id="7EA0BBA4CF8F5E88" position="4" />
    <PageStyle value="" />
    <Frames />
    <Popups />
  </Split>
  <Split groupID="C90EB13EF3B4B5" documentID="7EA0BBA4CF8F5E88" id="1082197" position="7" documentstartposition="83" documentendposition="115" title="Searching for Annotation Definitions">
    <Group name="caIntegrator2" id="C90EB13EF3B4B5" position="1" />
    <Document path="C:\Documents and Settings\hadfielj\My Documents\CBIIT Projects\caIntegrator2\CreatingNewStudy.fm" id="7EA0BBA4CF8F5E88" position="4" />
    <PageStyle value="" />
    <Frames />
    <Popups />
  </Split>
  <Split groupID="C90EB13EF3B4B5" documentID="7EA0BBA4CF8F5E88" id="1077698" position="8" documentstartposition="116" documentendposition="136" title="Defining Survival Values">
    <Group name="caIntegrator2" id="C90EB13EF3B4B5" position="1" />
    <Document path="C:\Documents and Settings\hadfielj\My Documents\CBIIT Projects\caIntegrator2\CreatingNewStudy.fm" id="7EA0BBA4CF8F5E88" position="4" />
    <PageStyle value="" />
    <Frames />
    <Popups />
  </Split>
  <Split groupID="C90EB13EF3B4B5" documentID="7EA0BBA4CF8F5E88" id="1076975" position="9" documentstartposition="137" documentendposition="160" title="Adding/Editing Genomic Data">
    <Group name="caIntegrator2" id="C90EB13EF3B4B5" position="1" />
    <Document path="C:\Documents and Settings\hadfielj\My Documents\CBIIT Projects\caIntegrator2\CreatingNewStudy.fm" id="7EA0BBA4CF8F5E88" position="4" />
    <PageStyle value="" />
    <Frames />
    <Popups />
  </Split>
  <Split groupID="C90EB13EF3B4B5" documentID="7EA0BBA4CF8F5E88" id="1081247" position="10" documentstartposition="161" documentendposition="175" title="Mapping Genomic Data to Clinical Data">
    <Group name="caIntegrator2" id="C90EB13EF3B4B5" position="1" />
    <Document path="C:\Documents and Settings\hadfielj\My Documents\CBIIT Projects\caIntegrator2\CreatingNewStudy.fm" id="7EA0BBA4CF8F5E88" position="4" />
    <PageStyle value="" />
    <Frames />
    <Popups />
  </Split>
  <Split groupID="C90EB13EF3B4B5" documentID="7EA0BBA4CF8F5E88" id="1080249" position="11" documentstartposition="176" documentendposition="186" title="Uploading Control Samples ">
    <Group name="caIntegrator2" id="C90EB13EF3B4B5" position="1" />
    <Document path="C:\Documents and Settings\hadfielj\My Documents\CBIIT Projects\caIntegrator2\CreatingNewStudy.fm" id="7EA0BBA4CF8F5E88" position="4" />
    <PageStyle value="" />
    <Frames />
    <Popups />
  </Split>
  <Split groupID="C90EB13EF3B4B5" documentID="7EA0BBA4CF8F5E88" id="1089873" position="12" documentstartposition="187" documentendposition="199" title="Configuring Copy Number Data">
    <Group name="caIntegrator2" id="C90EB13EF3B4B5" position="1" />
    <Document path="C:\Documents and Settings\hadfielj\My Documents\CBIIT Projects\caIntegrator2\CreatingNewStudy.fm" id="7EA0BBA4CF8F5E88" position="4" />
    <PageStyle value="" />
    <Frames />
    <Popups />
  </Split>
  <Split groupID="C90EB13EF3B4B5" documentID="7EA0BBA4CF8F5E88" id="1075831" position="13" documentstartposition="200" documentendposition="224" title="Adding Imaging Data">
    <Group name="caIntegrator2" id="C90EB13EF3B4B5" position="1" />
    <Document path="C:\Documents and Settings\hadfielj\My Documents\CBIIT Projects\caIntegrator2\CreatingNewStudy.fm" id="7EA0BBA4CF8F5E88" position="4" />
    <PageStyle value="" />
    <Frames />
    <Popups />
  </Split>
  <Split groupID="C90EB13EF3B4B5" documentID="7EA0BBA4CF8F5E88" id="1075829" position="14" documentstartposition="225" documentendposition="227" title="Deploying the Study">
    <Group name="caIntegrator2" id="C90EB13EF3B4B5" position="1" />
    <Document path="C:\Documents and Settings\hadfielj\My Documents\CBIIT Projects\caIntegrator2\CreatingNewStudy.fm" id="7EA0BBA4CF8F5E88" position="4" />
    <PageStyle value="" />
    <Frames />
    <Popups />
  </Split>
  <Split groupID="C90EB13EF3B4B5" documentID="7EA0BBA4CF8F5E88" id="1076280" position="15" documentstartposition="228" documentendposition="242" title="Managing a Study">
    <Group name="caIntegrator2" id="C90EB13EF3B4B5" position="1" />
    <Document path="C:\Documents and Settings\hadfielj\My Documents\CBIIT Projects\caIntegrator2\CreatingNewStudy.fm" id="7EA0BBA4CF8F5E88" position="4" />
    <PageStyle value="" />
    <Frames />
    <Popups />
  </Split>
  <Split groupID="C90EB13EF3B4B5" documentID="7EA0BBA4CF8F5E88" id="1078043" position="16" documentstartposition="243" documentendposition="256" title="Managing Platforms">
    <Group name="caIntegrator2" id="C90EB13EF3B4B5" position="1" />
    <Document path="C:\Documents and Settings\hadfielj\My Documents\CBIIT Projects\caIntegrator2\CreatingNewStudy.fm" id="7EA0BBA4CF8F5E88" position="4" />
    <PageStyle value="" />
    <Frames />
    <Popups />
  </Split>
  <Split groupID="C90EB13EF3B4B5" documentID="4DBE7B0848C3B15" id="1070912" position="1" documentstartposition="3" documentendposition="7" title="Searching a caIntegrator2 Study">
    <Group name="caIntegrator2" id="C90EB13EF3B4B5" position="1" />
    <Document path="C:\Documents and Settings\hadfielj\My Documents\CBIIT Projects\caIntegrator2\SearchingWithinAStudy.fm" id="4DBE7B0848C3B15" position="5" />
    <PageStyle value="" />
    <Frames />
    <Popups />
  </Split>
  <Split groupID="C90EB13EF3B4B5" documentID="4DBE7B0848C3B15" id="1074226" position="2" documentstartposition="8" documentendposition="25" title="Search Overview">
    <Group name="caIntegrator2" id="C90EB13EF3B4B5" position="1" />
    <Document path="C:\Documents and Settings\hadfielj\My Documents\CBIIT Projects\caIntegrator2\SearchingWithinAStudy.fm" id="4DBE7B0848C3B15" position="5" />
    <PageStyle value="" />
    <Frames />
    <Popups />
  </Split>
  <Split groupID="C90EB13EF3B4B5" documentID="4DBE7B0848C3B15" id="1074305" position="3" documentstartposition="26" documentendposition="52" title="Searching a Study">
    <Group name="caIntegrator2" id="C90EB13EF3B4B5" position="1" />
    <Document path="C:\Documents and Settings\hadfielj\My Documents\CBIIT Projects\caIntegrator2\SearchingWithinAStudy.fm" id="4DBE7B0848C3B15" position="5" />
    <PageStyle value="" />
    <Frames />
    <Popups />
  </Split>
  <Split groupID="C90EB13EF3B4B5" documentID="4DBE7B0848C3B15" id="1076339" position="4" documentstartposition="53" documentendposition="61" title="Clinical and Image Series">
    <Group name="caIntegrator2" id="C90EB13EF3B4B5" position="1" />
    <Document path="C:\Documents and Settings\hadfielj\My Documents\CBIIT Projects\caIntegrator2\SearchingWithinAStudy.fm" id="4DBE7B0848C3B15" position="5" />
    <PageStyle value="" />
    <Frames />
    <Popups />
  </Split>
  <Split groupID="C90EB13EF3B4B5" documentID="4DBE7B0848C3B15" id="1083219" position="5" documentstartposition="62" documentendposition="82" title="Gene Expression">
    <Group name="caIntegrator2" id="C90EB13EF3B4B5" position="1" />
    <Document path="C:\Documents and Settings\hadfielj\My Documents\CBIIT Projects\caIntegrator2\SearchingWithinAStudy.fm" id="4DBE7B0848C3B15" position="5" />
    <PageStyle value="" />
    <Frames>
      <Frame position="1" title="caBIO icon">
        <Frame id="1082779" stylename="Default" xmlns="urn:WebWorks-Document-Schema">
          <Attribute name="display" value="inline" />
          <Attribute name="float" value="none" />
          <Attribute name="text-align" value="left" />
          <Attribute name="left" value="0.0" />
          <Attribute name="top" value="0.0" />
          <Attribute name="width" value="28.50624" />
          <Attribute name="height" value="35.982" />
          <Description>
            <Paragraph>
              <TextRun>
                <Text value="caBIO icon" />
              </TextRun>
            </Paragraph>
          </Description>
          <Facets>
            <Facet type="document">
              <Attribute name="adapter" value="Adobe FrameMaker" />
              <Attribute name="path" value="C:\Documents and Settings\hadfielj\My Documents\ePublisher Pro Projects\caIntegrator2\Data\61DD7DDB65736B3\C90EB13EF3B4B5\4DBE7B0848C3B15\SearchingWithinAStudy.fmwif" />
              <Attribute name="id" value="1082779" />
            </Facet>
          </Facets>
          <Content />
        </Frame>
      </Frame>
    </Frames>
    <Popups />
  </Split>
  <Split groupID="C90EB13EF3B4B5" documentID="4DBE7B0848C3B15" id="1074610" position="6" documentstartposition="83" documentendposition="106" title="Results Type and Sorting Tabs">
    <Group name="caIntegrator2" id="C90EB13EF3B4B5" position="1" />
    <Document path="C:\Documents and Settings\hadfielj\My Documents\CBIIT Projects\caIntegrator2\SearchingWithinAStudy.fm" id="4DBE7B0848C3B15" position="5" />
    <PageStyle value="" />
    <Frames />
    <Popups />
  </Split>
  <Split groupID="C90EB13EF3B4B5" documentID="4DBE7B0848C3B15" id="1077751" position="7" documentstartposition="107" documentendposition="112" title="Managing Queries">
    <Group name="caIntegrator2" id="C90EB13EF3B4B5" position="1" />
    <Document path="C:\Documents and Settings\hadfielj\My Documents\CBIIT Projects\caIntegrator2\SearchingWithinAStudy.fm" id="4DBE7B0848C3B15" position="5" />
    <PageStyle value="" />
    <Frames />
    <Popups />
  </Split>
  <Split groupID="C90EB13EF3B4B5" documentID="4DBE7B0848C3B15" id="1075754" position="8" documentstartposition="113" documentendposition="121" title="Saving a Query ">
    <Group name="caIntegrator2" id="C90EB13EF3B4B5" position="1" />
    <Document path="C:\Documents and Settings\hadfielj\My Documents\CBIIT Projects\caIntegrator2\SearchingWithinAStudy.fm" id="4DBE7B0848C3B15" position="5" />
    <PageStyle value="" />
    <Frames />
    <Popups />
  </Split>
  <Split groupID="C90EB13EF3B4B5" documentID="4DBE7B0848C3B15" id="1075748" position="9" documentstartposition="122" documentendposition="131" title="Editing a Query">
    <Group name="caIntegrator2" id="C90EB13EF3B4B5" position="1" />
    <Document path="C:\Documents and Settings\hadfielj\My Documents\CBIIT Projects\caIntegrator2\SearchingWithinAStudy.fm" id="4DBE7B0848C3B15" position="5" />
    <PageStyle value="" />
    <Frames>
      <Frame position="1" title="Edit icon">
        <Frame id="1081420" stylename="Default" xmlns="urn:WebWorks-Document-Schema">
          <Attribute name="display" value="inline" />
          <Attribute name="float" value="none" />
          <Attribute name="text-align" value="left" />
          <Attribute name="left" value="0.0" />
          <Attribute name="top" value="0.0" />
          <Attribute name="width" value="22.46976" />
          <Attribute name="height" value="21.02976" />
          <Description>
            <Paragraph>
              <TextRun>
                <Text value="Edit icon" />
              </TextRun>
            </Paragraph>
          </Description>
          <Facets>
            <Facet type="document">
              <Attribute name="adapter" value="Adobe FrameMaker" />
              <Attribute name="path" value="C:\Documents and Settings\hadfielj\My Documents\ePublisher Pro Projects\caIntegrator2\Data\61DD7DDB65736B3\C90EB13EF3B4B5\4DBE7B0848C3B15\SearchingWithinAStudy.fmwif" />
              <Attribute name="id" value="1081420" />
            </Facet>
          </Facets>
          <Content />
        </Frame>
      </Frame>
    </Frames>
    <Popups />
  </Split>
  <Split groupID="C90EB13EF3B4B5" documentID="4DBE7B0848C3B15" id="1073510" position="10" documentstartposition="132" documentendposition="135" title="Exporting Query Results">
    <Group name="caIntegrator2" id="C90EB13EF3B4B5" position="1" />
    <Document path="C:\Documents and Settings\hadfielj\My Documents\CBIIT Projects\caIntegrator2\SearchingWithinAStudy.fm" id="4DBE7B0848C3B15" position="5" />
    <PageStyle value="" />
    <Frames />
    <Popups />
  </Split>
  <Split groupID="C90EB13EF3B4B5" documentID="7BD6382D3AD5D96" id="1052621" position="1" documentstartposition="3" documentendposition="7" title="Viewing Query Results">
    <Group name="caIntegrator2" id="C90EB13EF3B4B5" position="1" />
    <Document path="C:\Documents and Settings\hadfielj\My Documents\CBIIT Projects\caIntegrator2\View Search Results.fm" id="7BD6382D3AD5D96" position="6" />
    <PageStyle value="" />
    <Frames />
    <Popups />
  </Split>
  <Split groupID="C90EB13EF3B4B5" documentID="7BD6382D3AD5D96" id="1167812" position="2" documentstartposition="8" documentendposition="15" title="Query Results Overview">
    <Group name="caIntegrator2" id="C90EB13EF3B4B5" position="1" />
    <Document path="C:\Documents and Settings\hadfielj\My Documents\CBIIT Projects\caIntegrator2\View Search Results.fm" id="7BD6382D3AD5D96" position="6" />
    <PageStyle value="" />
    <Frames />
    <Popups />
  </Split>
  <Split groupID="C90EB13EF3B4B5" documentID="7BD6382D3AD5D96" id="1159038" position="3" documentstartposition="16" documentendposition="20" title="Browsing Query Results">
    <Group name="caIntegrator2" id="C90EB13EF3B4B5" position="1" />
    <Document path="C:\Documents and Settings\hadfielj\My Documents\CBIIT Projects\caIntegrator2\View Search Results.fm" id="7BD6382D3AD5D96" position="6" />
    <PageStyle value="" />
    <Frames />
    <Popups />
  </Split>
  <Split groupID="C90EB13EF3B4B5" documentID="7BD6382D3AD5D96" id="1163763" position="4" documentstartposition="21" documentendposition="26" title="Clinical and Imaging Data">
    <Group name="caIntegrator2" id="C90EB13EF3B4B5" position="1" />
    <Document path="C:\Documents and Settings\hadfielj\My Documents\CBIIT Projects\caIntegrator2\View Search Results.fm" id="7BD6382D3AD5D96" position="6" />
    <PageStyle value="" />
    <Frames />
    <Popups />
  </Split>
  <Split groupID="C90EB13EF3B4B5" documentID="7BD6382D3AD5D96" id="1163775" position="5" documentstartposition="27" documentendposition="37" title="Genomic Data">
    <Group name="caIntegrator2" id="C90EB13EF3B4B5" position="1" />
    <Document path="C:\Documents and Settings\hadfielj\My Documents\CBIIT Projects\caIntegrator2\View Search Results.fm" id="7BD6382D3AD5D96" position="6" />
    <PageStyle value="" />
    <Frames />
    <Popups />
  </Split>
  <Split groupID="C90EB13EF3B4B5" documentID="7BD6382D3AD5D96" id="1161867" position="6" documentstartposition="38" documentendposition="50" title="Expanding Imaging Data Results">
    <Group name="caIntegrator2" id="C90EB13EF3B4B5" position="1" />
    <Document path="C:\Documents and Settings\hadfielj\My Documents\CBIIT Projects\caIntegrator2\View Search Results.fm" id="7BD6382D3AD5D96" position="6" />
    <PageStyle value="" />
    <Frames />
    <Popups />
  </Split>
  <Split groupID="C90EB13EF3B4B5" documentID="7BD6382D3AD5D96" id="1164464" position="7" documentstartposition="51" documentendposition="56" title=" caIntegrator2 and NBIA">
    <Group name="caIntegrator2" id="C90EB13EF3B4B5" position="1" />
    <Document path="C:\Documents and Settings\hadfielj\My Documents\CBIIT Projects\caIntegrator2\View Search Results.fm" id="7BD6382D3AD5D96" position="6" />
    <PageStyle value="" />
    <Frames />
    <Popups />
  </Split>
  <Split groupID="C90EB13EF3B4B5" documentID="7BD6382D3AD5D96" id="1170682" position="8" documentstartposition="57" documentendposition="64" title="Retrieving Dicom Images">
    <Group name="caIntegrator2" id="C90EB13EF3B4B5" position="1" />
    <Document path="C:\Documents and Settings\hadfielj\My Documents\CBIIT Projects\caIntegrator2\View Search Results.fm" id="7BD6382D3AD5D96" position="6" />
    <PageStyle value="" />
    <Frames />
    <Popups />
  </Split>
  <Split groupID="C90EB13EF3B4B5" documentID="7BD6382D3AD5D96" id="1171479" position="9" documentstartposition="65" documentendposition="80" title="Example of Retrieving Images:">
    <Group name="caIntegrator2" id="C90EB13EF3B4B5" position="1" />
    <Document path="C:\Documents and Settings\hadfielj\My Documents\CBIIT Projects\caIntegrator2\View Search Results.fm" id="7BD6382D3AD5D96" position="6" />
    <PageStyle value="" />
    <Frames />
    <Popups />
  </Split>
  <Split groupID="C90EB13EF3B4B5" documentID="7BD6382D3AD5D96" id="1168577" position="10" documentstartposition="81" documentendposition="99" title="Relationship of Patient to Study to Series to Images">
    <Group name="caIntegrator2" id="C90EB13EF3B4B5" position="1" />
    <Document path="C:\Documents and Settings\hadfielj\My Documents\CBIIT Projects\caIntegrator2\View Search Results.fm" id="7BD6382D3AD5D96" position="6" />
    <PageStyle value="" />
    <Frames />
    <Popups />
  </Split>
  <Split groupID="C90EB13EF3B4B5" documentID="7BD6382D3AD5D96" id="1162538" position="11" documentstartposition="100" documentendposition="103" title="Exporting Data">
    <Group name="caIntegrator2" id="C90EB13EF3B4B5" position="1" />
    <Document path="C:\Documents and Settings\hadfielj\My Documents\CBIIT Projects\caIntegrator2\View Search Results.fm" id="7BD6382D3AD5D96" position="6" />
    <PageStyle value="" />
    <Frames />
    <Popups />
  </Split>
  <Split groupID="C90EB13EF3B4B5" documentID="72E82CCAD744555D" id="1070912" position="1" documentstartposition="3" documentendposition="9" title="Analyzing Studies">
    <Group name="caIntegrator2" id="C90EB13EF3B4B5" position="1" />
    <Document path="C:\Documents and Settings\hadfielj\My Documents\CBIIT Projects\caIntegrator2\PerformingAnalysis.fm" id="72E82CCAD744555D" position="7" />
    <PageStyle value="" />
    <Frames />
    <Popups />
  </Split>
  <Split groupID="C90EB13EF3B4B5" documentID="72E82CCAD744555D" id="1078247" position="2" documentstartposition="10" documentendposition="17" title="Data Analysis Overview">
    <Group name="caIntegrator2" id="C90EB13EF3B4B5" position="1" />
    <Document path="C:\Documents and Settings\hadfielj\My Documents\CBIIT Projects\caIntegrator2\PerformingAnalysis.fm" id="72E82CCAD744555D" position="7" />
    <PageStyle value="" />
    <Frames />
    <Popups />
  </Split>
  <Split groupID="C90EB13EF3B4B5" documentID="72E82CCAD744555D" id="1084273" position="3" documentstartposition="18" documentendposition="25" title="Creating Kaplan-Meier Plots">
    <Group name="caIntegrator2" id="C90EB13EF3B4B5" position="1" />
    <Document path="C:\Documents and Settings\hadfielj\My Documents\CBIIT Projects\caIntegrator2\PerformingAnalysis.fm" id="72E82CCAD744555D" position="7" />
    <PageStyle value="" />
    <Frames />
    <Popups />
  </Split>
  <Split groupID="C90EB13EF3B4B5" documentID="72E82CCAD744555D" id="1073490" position="4" documentstartposition="26" documentendposition="42" title="K-M Plot for Annotations">
    <Group name="caIntegrator2" id="C90EB13EF3B4B5" position="1" />
    <Document path="C:\Documents and Settings\hadfielj\My Documents\CBIIT Projects\caIntegrator2\PerformingAnalysis.fm" id="72E82CCAD744555D" position="7" />
    <PageStyle value="" />
    <Frames />
    <Popups />
  </Split>
  <Split groupID="C90EB13EF3B4B5" documentID="72E82CCAD744555D" id="1080238" position="5" documentstartposition="43" documentendposition="60" title="K-M Plot for Gene Expression">
    <Group name="caIntegrator2" id="C90EB13EF3B4B5" position="1" />
    <Document path="C:\Documents and Settings\hadfielj\My Documents\CBIIT Projects\caIntegrator2\PerformingAnalysis.fm" id="72E82CCAD744555D" position="7" />
    <PageStyle value="" />
    <Frames />
    <Popups />
  </Split>
  <Split groupID="C90EB13EF3B4B5" documentID="72E82CCAD744555D" id="1073776" position="6" documentstartposition="61" documentendposition="76" title="K-M Plot for Queries">
    <Group name="caIntegrator2" id="C90EB13EF3B4B5" position="1" />
    <Document path="C:\Documents and Settings\hadfielj\My Documents\CBIIT Projects\caIntegrator2\PerformingAnalysis.fm" id="72E82CCAD744555D" position="7" />
    <PageStyle value="" />
    <Frames />
    <Popups />
  </Split>
  <Split groupID="C90EB13EF3B4B5" documentID="72E82CCAD744555D" id="1082800" position="7" documentstartposition="77" documentendposition="83" title="Creating Gene Expression Plots">
    <Group name="caIntegrator2" id="C90EB13EF3B4B5" position="1" />
    <Document path="C:\Documents and Settings\hadfielj\My Documents\CBIIT Projects\caIntegrator2\PerformingAnalysis.fm" id="72E82CCAD744555D" position="7" />
    <PageStyle value="" />
    <Frames />
    <Popups />
  </Split>
  <Split groupID="C90EB13EF3B4B5" documentID="72E82CCAD744555D" id="1084201" position="8" documentstartposition="84" documentendposition="99" title="Gene Expression Value Plot for Annotation">
    <Group name="caIntegrator2" id="C90EB13EF3B4B5" position="1" />
    <Document path="C:\Documents and Settings\hadfielj\My Documents\CBIIT Projects\caIntegrator2\PerformingAnalysis.fm" id="72E82CCAD744555D" position="7" />
    <PageStyle value="" />
    <Frames />
    <Popups />
  </Split>
  <Split groupID="C90EB13EF3B4B5" documentID="72E82CCAD744555D" id="1083368" position="9" documentstartposition="100" documentendposition="116" title="Gene Expression Value Plot for Genomic Queries">
    <Group name="caIntegrator2" id="C90EB13EF3B4B5" position="1" />
    <Document path="C:\Documents and Settings\hadfielj\My Documents\CBIIT Projects\caIntegrator2\PerformingAnalysis.fm" id="72E82CCAD744555D" position="7" />
    <PageStyle value="" />
    <Frames />
    <Popups />
  </Split>
  <Split groupID="C90EB13EF3B4B5" documentID="72E82CCAD744555D" id="1077378" position="10" documentstartposition="117" documentendposition="133" title="Gene Expression Value Plot for Clinical Queries">
    <Group name="caIntegrator2" id="C90EB13EF3B4B5" position="1" />
    <Document path="C:\Documents and Settings\hadfielj\My Documents\CBIIT Projects\caIntegrator2\PerformingAnalysis.fm" id="72E82CCAD744555D" position="7" />
    <PageStyle value="" />
    <Frames />
    <Popups />
  </Split>
  <Split groupID="C90EB13EF3B4B5" documentID="72E82CCAD744555D" id="1088652" position="11" documentstartposition="134" documentendposition="152" title="Understanding a Gene Expression Plot">
    <Group name="caIntegrator2" id="C90EB13EF3B4B5" position="1" />
    <Document path="C:\Documents and Settings\hadfielj\My Documents\CBIIT Projects\caIntegrator2\PerformingAnalysis.fm" id="72E82CCAD744555D" position="7" />
    <PageStyle value="" />
    <Frames>
      <Frame position="1" title="screen shot of a gene expression plot calculating the mean of the data">
        <Frame id="1088670" stylename="Default" xmlns="urn:WebWorks-Document-Schema">
          <Attribute name="display" value="block" />
          <Attribute name="float" value="none" />
          <Attribute name="text-align" value="left" />
          <Attribute name="left" value="0.0" />
          <Attribute name="top" value="0.0" />
          <Attribute name="width" value="211.41504" />
          <Attribute name="height" value="264.00024" />
          <Description>
            <Paragraph>
              <TextRun>
                <Text value="screen shot of a gene expression plot calculating the mean of the data" />
              </TextRun>
            </Paragraph>
          </Description>
          <Facets>
            <Facet type="document">
              <Attribute name="adapter" value="Adobe FrameMaker" />
              <Attribute name="path" value="C:\Documents and Settings\hadfielj\My Documents\ePublisher Pro Projects\caIntegrator2\Data\61DD7DDB65736B3\C90EB13EF3B4B5\72E82CCAD744555D\PerformingAnalysis.fmwif" />
              <Attribute name="id" value="1088670" />
            </Facet>
          </Facets>
          <Content>
            <Frame id="1092558">
              <Attribute name="left" value="3.94776" />
              <Attribute name="top" value="10.36512" />
              <Attribute name="width" value="203.51952" />
              <Attribute name="height" value="251.51976" />
              <Facets>
                <Facet type="by-reference">
                  <Attribute name="path" value="C:\Documents and Settings\hadfielj\My Documents\CBIIT Projects\caIntegrator2\caI2 images\plot type mean.gif" />
                </Facet>
              </Facets>
            </Frame>
          </Content>
        </Frame>
      </Frame>
      <Frame position="2" title="screen shot of a gene expression plot calculating the median of the data">
        <Frame id="1088793" stylename="Default" xmlns="urn:WebWorks-Document-Schema">
          <Attribute name="display" value="block" />
          <Attribute name="float" value="none" />
          <Attribute name="text-align" value="left" />
          <Attribute name="left" value="0.0" />
          <Attribute name="top" value="0.0" />
          <Attribute name="width" value="214.41528" />
          <Attribute name="height" value="272.25072" />
          <Description>
            <Paragraph>
              <TextRun>
                <Text value="screen shot of a gene expression plot calculating the median of the data" />
              </TextRun>
            </Paragraph>
          </Description>
          <Facets>
            <Facet type="document">
              <Attribute name="adapter" value="Adobe FrameMaker" />
              <Attribute name="path" value="C:\Documents and Settings\hadfielj\My Documents\ePublisher Pro Projects\caIntegrator2\Data\61DD7DDB65736B3\C90EB13EF3B4B5\72E82CCAD744555D\PerformingAnalysis.fmwif" />
              <Attribute name="id" value="1088793" />
            </Facet>
          </Facets>
          <Content>
            <Frame id="1088910">
              <Attribute name="left" value="1.90872" />
              <Attribute name="top" value="6.30072" />
              <Attribute name="width" value="207.54216" />
              <Attribute name="height" value="261.89928" />
              <Facets>
                <Facet type="by-reference">
                  <Attribute name="path" value="C:\Documents and Settings\hadfielj\My Documents\CBIIT Projects\caIntegrator2\caI2 images\plot type median.gif" />
                </Facet>
              </Facets>
            </Frame>
          </Content>
        </Frame>
      </Frame>
      <Frame position="3" title="screen shot of a gene expression plot calculating the log2 intensity values of the data">
        <Frame id="1088850" stylename="Default" xmlns="urn:WebWorks-Document-Schema">
          <Attribute name="display" value="block" />
          <Attribute name="float" value="none" />
          <Attribute name="text-align" value="left" />
          <Attribute name="left" value="0.0" />
          <Attribute name="top" value="0.0" />
          <Attribute name="width" value="212.16528" />
          <Attribute name="height" value="264.75048" />
          <Description>
            <Paragraph>
              <TextRun>
                <Text value="screen shot of a gene expression plot calculating the log2 intensity values of the data" />
              </TextRun>
            </Paragraph>
          </Description>
          <Facets>
            <Facet type="document">
              <Attribute name="adapter" value="Adobe FrameMaker" />
              <Attribute name="path" value="C:\Documents and Settings\hadfielj\My Documents\ePublisher Pro Projects\caIntegrator2\Data\61DD7DDB65736B3\C90EB13EF3B4B5\72E82CCAD744555D\PerformingAnalysis.fmwif" />
              <Attribute name="id" value="1088850" />
            </Facet>
          </Facets>
          <Content>
            <Frame id="1088876">
              <Attribute name="left" value="3.708" />
              <Attribute name="top" value="7.75008" />
              <Attribute name="width" value="203.99976" />
              <Attribute name="height" value="252" />
              <Facets>
                <Facet type="by-reference">
                  <Attribute name="path" value="C:\Documents and Settings\hadfielj\My Documents\CBIIT Projects\caIntegrator2\caI2 images\plot type log2 intensity.gif" />
                </Facet>
              </Facets>
            </Frame>
          </Content>
        </Frame>
      </Frame>
      <Frame position="4" title="screen shot of a gene expression plot using box and whisker data display parameters">
        <Frame id="1089190" stylename="Default" xmlns="urn:WebWorks-Document-Schema">
          <Attribute name="display" value="block" />
          <Attribute name="float" value="none" />
          <Attribute name="text-align" value="left" />
          <Attribute name="left" value="0.0" />
          <Attribute name="top" value="0.0" />
          <Attribute name="width" value="212.16528" />
          <Attribute name="height" value="261.00072" />
          <Description>
            <Paragraph>
              <TextRun>
                <Text value="screen shot of a gene expression plot using box and whisker data display parameters" />
              </TextRun>
            </Paragraph>
          </Description>
          <Facets>
            <Facet type="document">
              <Attribute name="adapter" value="Adobe FrameMaker" />
              <Attribute name="path" value="C:\Documents and Settings\hadfielj\My Documents\ePublisher Pro Projects\caIntegrator2\Data\61DD7DDB65736B3\C90EB13EF3B4B5\72E82CCAD744555D\PerformingAnalysis.fmwif" />
              <Attribute name="id" value="1089190" />
            </Facet>
          </Facets>
          <Content>
            <Frame id="1089198">
              <Attribute name="left" value="4.18824" />
              <Attribute name="top" value="5.28552" />
              <Attribute name="width" value="203.03928" />
              <Attribute name="height" value="247.67928" />
              <Facets>
                <Facet type="by-reference">
                  <Attribute name="path" value="C:\Documents and Settings\hadfielj\My Documents\CBIIT Projects\caIntegrator2\caI2 images\plot type box and whisker.gif" />
                </Facet>
              </Facets>
            </Frame>
          </Content>
        </Frame>
      </Frame>
      <Frame position="5" title="screen shot of a gene expression box and whisker plot showing outliers">
        <Frame id="1091406" stylename="Default" xmlns="urn:WebWorks-Document-Schema">
          <Attribute name="display" value="block" />
          <Attribute name="float" value="none" />
          <Attribute name="text-align" value="left" />
          <Attribute name="left" value="0.0" />
          <Attribute name="top" value="0.0" />
          <Attribute name="width" value="244.41552" />
          <Attribute name="height" value="306.00072" />
          <Description>
            <Paragraph>
              <TextRun>
                <Text value="screen shot of a gene expression box and whisker plot showing outliers" />
              </TextRun>
            </Paragraph>
          </Description>
          <Facets>
            <Facet type="document">
              <Attribute name="adapter" value="Adobe FrameMaker" />
              <Attribute name="path" value="C:\Documents and Settings\hadfielj\My Documents\ePublisher Pro Projects\caIntegrator2\Data\61DD7DDB65736B3\C90EB13EF3B4B5\72E82CCAD744555D\PerformingAnalysis.fmwif" />
              <Attribute name="id" value="1091406" />
            </Facet>
          </Facets>
          <Content>
            <Frame id="1091410">
              <Attribute name="left" value="1.90872" />
              <Attribute name="top" value="6.8652" />
              <Attribute name="width" value="237.66696" />
              <Attribute name="height" value="296.51904" />
              <Facets>
                <Facet type="by-reference">
                  <Attribute name="path" value="C:\Documents and Settings\hadfielj\My Documents\CBIIT Projects\caIntegrator2\caI2 images\box and whisker w coins.gif" />
                </Facet>
              </Facets>
            </Frame>
          </Content>
        </Frame>
      </Frame>
    </Frames>
    <Popups />
  </Split>
  <Split groupID="C90EB13EF3B4B5" documentID="72E82CCAD744555D" id="1077363" position="12" documentstartposition="153" documentendposition="170" title="Analyzing Data with GenePattern">
    <Group name="caIntegrator2" id="C90EB13EF3B4B5" position="1" />
    <Document path="C:\Documents and Settings\hadfielj\My Documents\CBIIT Projects\caIntegrator2\PerformingAnalysis.fm" id="72E82CCAD744555D" position="7" />
    <PageStyle value="" />
    <Frames />
    <Popups />
  </Split>
  <Split groupID="C90EB13EF3B4B5" documentID="72E82CCAD744555D" id="1084841" position="13" documentstartposition="171" documentendposition="186" title="GenePattern Modules">
    <Group name="caIntegrator2" id="C90EB13EF3B4B5" position="1" />
    <Document path="C:\Documents and Settings\hadfielj\My Documents\CBIIT Projects\caIntegrator2\PerformingAnalysis.fm" id="72E82CCAD744555D" position="7" />
    <PageStyle value="" />
    <Frames />
    <Popups />
  </Split>
  <Split groupID="C90EB13EF3B4B5" documentID="72E82CCAD744555D" id="1084490" position="14" documentstartposition="187" documentendposition="204" title="Comparative Marker Selection (CMS) Analysis">
    <Group name="caIntegrator2" id="C90EB13EF3B4B5" position="1" />
    <Document path="C:\Documents and Settings\hadfielj\My Documents\CBIIT Projects\caIntegrator2\PerformingAnalysis.fm" id="72E82CCAD744555D" position="7" />
    <PageStyle value="" />
    <Frames />
    <Popups />
  </Split>
  <Split groupID="C90EB13EF3B4B5" documentID="72E82CCAD744555D" id="1084723" position="15" documentstartposition="205" documentendposition="223" title="Principal Component Analysis (PCA)">
    <Group name="caIntegrator2" id="C90EB13EF3B4B5" position="1" />
    <Document path="C:\Documents and Settings\hadfielj\My Documents\CBIIT Projects\caIntegrator2\PerformingAnalysis.fm" id="72E82CCAD744555D" position="7" />
    <PageStyle value="" />
    <Frames />
    <Popups />
  </Split>
  <Split groupID="C90EB13EF3B4B5" documentID="72E82CCAD744555D" id="1084744" position="16" documentstartposition="224" documentendposition="239" title="GISTIC-Supported Analysis">
    <Group name="caIntegrator2" id="C90EB13EF3B4B5" position="1" />
    <Document path="C:\Documents and Settings\hadfielj\My Documents\CBIIT Projects\caIntegrator2\PerformingAnalysis.fm" id="72E82CCAD744555D" position="7" />
    <PageStyle value="" />
    <Frames />
    <Popups />
  </Split>
  <Split groupID="C90EB13EF3B4B5" documentID="2BA42734AA534BF" id="1070912" position="1" documentstartposition="3" documentendposition="10" title="Data Import Configurations">
    <Group name="caIntegrator2" id="C90EB13EF3B4B5" position="1" />
    <Document path="C:\Documents and Settings\hadfielj\My Documents\CBIIT Projects\caIntegrator2\appdx data import.fm" id="2BA42734AA534BF" position="8" />
    <PageStyle value="" />
    <Frames />
    <Popups />
  </Split>
  <Split groupID="C90EB13EF3B4B5" documentID="2BA42734AA534BF" id="1075801" position="2" documentstartposition="11" documentendposition="19" title="Subject Clinical Data Configuration">
    <Group name="caIntegrator2" id="C90EB13EF3B4B5" position="1" />
    <Document path="C:\Documents and Settings\hadfielj\My Documents\CBIIT Projects\caIntegrator2\appdx data import.fm" id="2BA42734AA534BF" position="8" />
    <PageStyle value="" />
    <Frames />
    <Popups />
  </Split>
  <Split groupID="C90EB13EF3B4B5" documentID="2BA42734AA534BF" id="1073225" position="3" documentstartposition="20" documentendposition="29" title="Delimited-Text Annotation Import">
    <Group name="caIntegrator2" id="C90EB13EF3B4B5" position="1" />
    <Document path="C:\Documents and Settings\hadfielj\My Documents\CBIIT Projects\caIntegrator2\appdx data import.fm" id="2BA42734AA534BF" position="8" />
    <PageStyle value="" />
    <Frames />
    <Popups />
  </Split>
  <Split groupID="C90EB13EF3B4B5" documentID="2BA42734AA534BF" id="1073232" position="4" documentstartposition="30" documentendposition="42" title="Annotation Field Configuration">
    <Group name="caIntegrator2" id="C90EB13EF3B4B5" position="1" />
    <Document path="C:\Documents and Settings\hadfielj\My Documents\CBIIT Projects\caIntegrator2\appdx data import.fm" id="2BA42734AA534BF" position="8" />
    <PageStyle value="" />
    <Frames />
    <Popups />
  </Split>
  <Split groupID="C90EB13EF3B4B5" documentID="2BA42734AA534BF" id="1073242" position="5" documentstartposition="43" documentendposition="55" title="Sample Data Configuration">
    <Group name="caIntegrator2" id="C90EB13EF3B4B5" position="1" />
    <Document path="C:\Documents and Settings\hadfielj\My Documents\CBIIT Projects\caIntegrator2\appdx data import.fm" id="2BA42734AA534BF" position="8" />
    <PageStyle value="" />
    <Frames />
    <Popups />
  </Split>
  <Split groupID="C90EB13EF3B4B5" documentID="2BA42734AA534BF" id="1073252" position="6" documentstartposition="56" documentendposition="70" title="Genomic Data Configuration">
    <Group name="caIntegrator2" id="C90EB13EF3B4B5" position="1" />
    <Document path="C:\Documents and Settings\hadfielj\My Documents\CBIIT Projects\caIntegrator2\appdx data import.fm" id="2BA42734AA534BF" position="8" />
    <PageStyle value="" />
    <Frames />
    <Popups />
  </Split>
  <Split groupID="C90EB13EF3B4B5" documentID="2BA42734AA534BF" id="1073264" position="7" documentstartposition="71" documentendposition="84" title="Imaging Data Configuration">
    <Group name="caIntegrator2" id="C90EB13EF3B4B5" position="1" />
    <Document path="C:\Documents and Settings\hadfielj\My Documents\CBIIT Projects\caIntegrator2\appdx data import.fm" id="2BA42734AA534BF" position="8" />
    <PageStyle value="" />
    <Frames />
    <Popups />
  </Split>
</Splits>