<?xml version="1.0" encoding="utf-8"?>
<Splits version="1.0" xmlns="urn:WebWorks-Engine-Splits-Schema">
  <Split id="1070912" documentposition="3" />
  <Split id="1073286" documentposition="8" />
  <Split id="1073216" documentposition="14" />
  <Split id="1073921" documentposition="22" />
  <Split id="1075197" documentposition="29" />
  <Split id="1082187" documentposition="42" />
  <Split id="1082197" documentposition="59" />
  <Split id="1084926" documentposition="86" />
  <Split id="1077698" documentposition="89" />
  <Split id="1076975" documentposition="108" />
  <Split id="1089376" documentposition="122" />
  <Split id="1081247" documentposition="123" />
  <Split id="1080249" documentposition="134" />
  <Split id="1075831" documentposition="144" />
  <Split id="1075829" documentposition="163" />
  <Split id="1076280" documentposition="167" />
  <Split id="1078043" documentposition="178" />
</Splits>