<?xml version="1.0" encoding="utf-8"?>
<SplitPriorities version="1.0" xmlns="urn:WebWorks-Engine-Splits-Schema">
  <SplitPriority id="1070912" documentposition="3" splitpriority="1" outputposition="1" />
  <SplitPriority id="1073286" documentposition="8" splitpriority="2" outputposition="6" />
  <SplitPriority id="1073216" documentposition="14" splitpriority="2" outputposition="12" />
  <SplitPriority id="1073921" documentposition="22" splitpriority="3" outputposition="20" />
  <SplitPriority id="1075197" documentposition="29" splitpriority="3" outputposition="27" />
  <SplitPriority id="1082187" documentposition="42" splitpriority="4" outputposition="40" />
  <SplitPriority id="1082197" documentposition="59" splitpriority="4" outputposition="57" />
  <SplitPriority id="1084926" documentposition="86" splitpriority="3" outputposition="84" />
  <SplitPriority id="1077698" documentposition="89" splitpriority="3" outputposition="87" />
  <SplitPriority id="1076975" documentposition="108" splitpriority="3" outputposition="106" />
  <SplitPriority id="1089376" documentposition="122" splitpriority="3" outputposition="120" />
  <SplitPriority id="1081247" documentposition="123" splitpriority="3" outputposition="121" />
  <SplitPriority id="1080249" documentposition="134" splitpriority="4" outputposition="131" />
  <SplitPriority id="1075831" documentposition="144" splitpriority="3" outputposition="141" />
  <SplitPriority id="1075829" documentposition="163" splitpriority="4" outputposition="160" />
  <SplitPriority id="1076280" documentposition="167" splitpriority="2" outputposition="164" />
  <SplitPriority id="1078043" documentposition="178" splitpriority="3" outputposition="175" />
</SplitPriorities>