<?xml version="1.0" encoding="utf-8"?>
<Behaviors version="1.0" xmlns="urn:WebWorks-Behaviors-Schema">
  <Split id="1070912" documentposition="3">
    <Paragraph id="1070912" documentposition="3" splitpriority="1" />
    <Paragraph id="1073296" documentposition="4" splitpriority="none" />
    <Paragraph id="1073300" documentposition="5" splitpriority="none" />
    <Paragraph id="1073307" documentposition="6" splitpriority="none" />
    <Paragraph id="1091942" documentposition="7" splitpriority="none" />
    <Paragraph id="1073319" documentposition="8" splitpriority="none" />
  </Split>
  <Split id="1073286" documentposition="9">
    <Paragraph id="1073286" documentposition="9" splitpriority="2" />
    <Paragraph id="1077143" documentposition="10" splitpriority="none" />
    <Paragraph id="1083468" documentposition="11" splitpriority="none" />
    <Paragraph id="1126510" documentposition="12" splitpriority="none" />
    <Paragraph id="1083526" documentposition="13" splitpriority="none" />
    <Paragraph id="1083467" documentposition="14" splitpriority="none" />
    <Paragraph id="1134043" documentposition="15" splitpriority="none" relatedtopic="define-no-output" />
    <Paragraph id="1134047" documentposition="16" splitpriority="none" relatedtopic="define-no-output" />
  </Split>
  <Split id="1073216" documentposition="17">
    <Paragraph id="1073216" documentposition="17" splitpriority="2" />
    <Paragraph id="1073218" documentposition="18" splitpriority="none" />
    <Paragraph id="1079473" documentposition="19" splitpriority="none" />
    <Paragraph id="1074670" documentposition="20" splitpriority="none" />
    <Paragraph id="1073772" documentposition="21" splitpriority="none" />
    <Paragraph id="1073782" documentposition="22" splitpriority="none" />
    <Paragraph id="1108185" documentposition="24" splitpriority="none" />
    <Paragraph id="1073982" documentposition="25" splitpriority="none" />
  </Split>
  <Split id="1073921" documentposition="26">
    <Paragraph id="1073921" documentposition="26" splitpriority="3">
      <Marker behavior="topic" id="1082230">
        <Marker id="1082230" name="TopicAlias" xmlns="urn:WebWorks-Document-Schema">
          <TextRun id="tr1082230-1">
            <Text value="edit_study_help" />
          </TextRun>
        </Marker>
      </Marker>
    </Paragraph>
    <Paragraph id="1074101" documentposition="27" splitpriority="none" />
    <Paragraph id="1090873" documentposition="29" splitpriority="none" />
    <Paragraph id="1089145" documentposition="30" splitpriority="none" />
    <Paragraph id="1131925" documentposition="31" splitpriority="none" />
    <Paragraph id="1131930" documentposition="32" splitpriority="none" />
    <Paragraph id="1074785" documentposition="33" splitpriority="none" />
    <Paragraph id="1075119" documentposition="34" splitpriority="none" />
    <Paragraph id="1091005" documentposition="36" splitpriority="none" />
    <Paragraph id="1134071" documentposition="37" splitpriority="none" relatedtopic="define-no-output" />
    <Paragraph id="1134075" documentposition="38" splitpriority="none" relatedtopic="define-no-output" />
    <Paragraph id="1134079" documentposition="39" splitpriority="none" relatedtopic="define-no-output" />
    <Paragraph id="1134083" documentposition="40" splitpriority="none" relatedtopic="define-no-output" />
  </Split>
  <Split id="1127623" documentposition="41">
    <Paragraph id="1127623" documentposition="41" splitpriority="2" />
    <Paragraph id="1127643" documentposition="42" splitpriority="none" />
    <Paragraph id="1131093" documentposition="43" splitpriority="none" />
    <Paragraph id="1131094" documentposition="44" splitpriority="none" />
    <Paragraph id="1131105" documentposition="45" splitpriority="none" />
    <Paragraph id="1131110" documentposition="46" splitpriority="none" />
    <Paragraph id="1131123" documentposition="47" splitpriority="none" />
    <Paragraph id="1131124" documentposition="48" splitpriority="none" />
    <Paragraph id="1131190" documentposition="49" splitpriority="none" />
    <Paragraph id="1131191" documentposition="50" splitpriority="none" />
    <Paragraph id="1131192" documentposition="51" splitpriority="none" />
    <Paragraph id="1131202" documentposition="52" splitpriority="none" />
    <Paragraph id="1131209" documentposition="53" splitpriority="none" />
    <Paragraph id="1131210" documentposition="54" splitpriority="none" />
    <Paragraph id="1131211" documentposition="55" splitpriority="none" />
    <Paragraph id="1131244" documentposition="56" splitpriority="none" />
    <Paragraph id="1131270" documentposition="57" splitpriority="none" />
  </Split>
  <Split id="1131246" documentposition="58">
    <Paragraph id="1131246" documentposition="58" splitpriority="3" />
    <Paragraph id="1126875" documentposition="59" splitpriority="none" />
    <Paragraph id="1126876" documentposition="60" splitpriority="none" />
    <Paragraph id="1126930" documentposition="61" splitpriority="none" />
    <Paragraph id="1126936" documentposition="62" splitpriority="none" />
    <Paragraph id="1126937" documentposition="63" splitpriority="none" />
    <Paragraph id="1126938" documentposition="64" splitpriority="none" />
    <Paragraph id="1127179" documentposition="65" splitpriority="none" />
    <Paragraph id="1127269" documentposition="66" splitpriority="none" />
    <Paragraph id="1131766" documentposition="67" splitpriority="none" />
    <Paragraph id="1131768" documentposition="68" splitpriority="none" />
    <Paragraph id="1127259" documentposition="69" splitpriority="none" />
    <Paragraph id="1127188" documentposition="70" splitpriority="none" />
  </Split>
  <Split id="1127752" documentposition="71">
    <Paragraph id="1127752" documentposition="71" splitpriority="3">
      <Marker behavior="topic" id="1127793">
        <Marker id="1127793" name="TopicAlias" xmlns="urn:WebWorks-Document-Schema">
          <TextRun id="tr1127793-1">
            <Text value="edit_annotation_group_help" />
          </TextRun>
        </Marker>
      </Marker>
    </Paragraph>
    <Paragraph id="1127772" documentposition="72" splitpriority="none" />
    <Paragraph id="1127789" documentposition="73" splitpriority="none" />
  </Split>
  <Split id="1075197" documentposition="74">
    <Paragraph id="1075197" documentposition="74" splitpriority="3">
      <Marker behavior="topic" id="1082229">
        <Marker id="1082229" name="TopicAlias" xmlns="urn:WebWorks-Document-Schema">
          <TextRun id="tr1082229-1">
            <Text value="define_fields_help" />
          </TextRun>
        </Marker>
      </Marker>
    </Paragraph>
    <Paragraph id="1075152" documentposition="75" splitpriority="none" />
    <Paragraph id="1083677" documentposition="76" splitpriority="none" />
    <Paragraph id="1076533" documentposition="77" splitpriority="none" />
    <Paragraph id="1076529" documentposition="78" splitpriority="none" />
    <Paragraph id="1131807" documentposition="79" splitpriority="none" />
    <Paragraph id="1076514" documentposition="80" splitpriority="none" />
    <Paragraph id="1126591" documentposition="82" splitpriority="none" />
    <Paragraph id="1126640" documentposition="83" splitpriority="none" />
    <Paragraph id="1126698" documentposition="84" splitpriority="none" />
    <Paragraph id="1126595" documentposition="85" splitpriority="none" />
    <Paragraph id="1126590" documentposition="86" splitpriority="none" />
    <Paragraph id="1091048" documentposition="88" splitpriority="none" />
    <Paragraph id="1083006" documentposition="89" splitpriority="none" />
    <Paragraph id="1083017" documentposition="90" splitpriority="none" />
    <Paragraph id="1127693" documentposition="91" splitpriority="none" />
    <Paragraph id="1081956" documentposition="92" splitpriority="none" />
    <Paragraph id="1127726" documentposition="93" splitpriority="none" />
    <Paragraph id="1127709" documentposition="94" splitpriority="none" />
    <Paragraph id="1125069" documentposition="95" splitpriority="none" />
    <Paragraph id="1134112" documentposition="96" splitpriority="none" relatedtopic="define-no-output" />
    <Paragraph id="1134116" documentposition="97" splitpriority="none" relatedtopic="define-no-output" />
    <Paragraph id="1134120" documentposition="98" splitpriority="none" relatedtopic="define-no-output" />
    <Paragraph id="1134124" documentposition="99" splitpriority="none" relatedtopic="define-no-output" />
  </Split>
  <Split id="1125074" documentposition="100">
    <Paragraph id="1125074" documentposition="100" splitpriority="4">
      <Marker behavior="topic" id="1125073">
        <Marker id="1125073" name="TopicAlias" xmlns="urn:WebWorks-Document-Schema">
          <TextRun id="tr1125073-1">
            <Text value="assign_annotations_help" />
          </TextRun>
        </Marker>
      </Marker>
    </Paragraph>
    <Paragraph id="1081979" documentposition="101" splitpriority="none" />
    <Paragraph id="1083036" documentposition="102" splitpriority="none" />
    <Paragraph id="1092440" documentposition="103" splitpriority="none" />
    <Paragraph id="1091056" documentposition="105" splitpriority="none" />
    <Paragraph id="1081993" documentposition="106" splitpriority="none" />
    <Paragraph id="1127428" documentposition="107" splitpriority="none" />
    <Paragraph id="1127430" documentposition="108" splitpriority="none" />
    <Paragraph id="1076087" documentposition="109" splitpriority="none" />
    <Paragraph id="1076088" documentposition="110" splitpriority="none" />
    <Paragraph id="1076089" documentposition="111" splitpriority="none" />
    <Paragraph id="1076090" documentposition="112" splitpriority="none" />
    <Paragraph id="1076097" documentposition="113" splitpriority="none" />
    <Paragraph id="1126759" documentposition="114" splitpriority="none" />
    <Paragraph id="1126784" documentposition="115" splitpriority="none" />
    <Paragraph id="1091072" documentposition="117" splitpriority="none" />
    <Table id="1076628" documentposition="118" splitpriority="none">
      <TableCell>
        <Paragraph id="1076630" />
      </TableCell>
      <TableCell>
        <Paragraph id="1076632" />
      </TableCell>
      <TableCell>
        <Paragraph id="1089402" />
      </TableCell>
      <TableCell>
        <Paragraph id="1089404" />
      </TableCell>
      <TableCell>
        <Paragraph id="1076634" />
      </TableCell>
      <TableCell>
        <Paragraph id="1076636" />
      </TableCell>
      <TableCell>
        <Paragraph id="1076638" />
      </TableCell>
      <TableCell>
        <Paragraph id="1076640" />
      </TableCell>
      <TableCell>
        <Paragraph id="1076642" />
      </TableCell>
      <TableCell>
        <Paragraph id="1076644" />
      </TableCell>
      <TableCell>
        <Paragraph id="1132206" />
      </TableCell>
      <TableCell>
        <Paragraph id="1132208" />
        <Paragraph id="1132209" />
        <Paragraph id="1132210" />
        <Paragraph id="1132215" />
      </TableCell>
      <TableCell>
        <Paragraph id="1131966" />
      </TableCell>
      <TableCell>
        <Paragraph id="1131968" />
        <Paragraph id="1132162" />
        <Paragraph id="1132204" />
        <Paragraph id="1132219" />
      </TableCell>
      <TableCell>
        <Paragraph id="1076646" />
      </TableCell>
      <TableCell>
        <Paragraph id="1077221" />
        <Paragraph id="1080311" />
        <Paragraph id="1084485" />
        <Paragraph id="1084490" />
        <Paragraph id="1082981" />
        <Paragraph id="1131973" />
      </TableCell>
    </Table>
    <Paragraph id="1134137" documentposition="119" splitpriority="none" relatedtopic="define-no-output" />
    <Paragraph id="1134141" documentposition="120" splitpriority="none" relatedtopic="define-no-output" />
    <Paragraph id="1134145" documentposition="121" splitpriority="none" relatedtopic="define-no-output" />
    <Paragraph id="1134149" documentposition="122" splitpriority="none" relatedtopic="define-no-output" />
    <Paragraph id="1134153" documentposition="123" splitpriority="none" relatedtopic="define-no-output" />
  </Split>
  <Split id="1082197" documentposition="124">
    <Paragraph id="1082197" documentposition="124" splitpriority="4">
      <Marker behavior="topic" id="1082227">
        <Marker id="1082227" name="TopicAlias" xmlns="urn:WebWorks-Document-Schema">
          <TextRun id="tr1082227-1">
            <Text value="search_annotation_definitions_help" />
          </TextRun>
        </Marker>
      </Marker>
    </Paragraph>
    <Paragraph id="1074853" documentposition="125" splitpriority="none" />
    <Paragraph id="1092124" documentposition="126" splitpriority="none" />
    <Paragraph id="1091084" documentposition="128" splitpriority="none" />
    <Paragraph id="1090756" documentposition="129" splitpriority="none" />
    <Paragraph id="1090767" documentposition="130" splitpriority="none" />
    <Paragraph id="1075682" documentposition="131" splitpriority="none" />
    <Paragraph id="1076180" documentposition="132" splitpriority="none" />
    <Paragraph id="1075717" documentposition="133" splitpriority="none" />
    <Paragraph id="1077238" documentposition="134" splitpriority="none" />
    <Paragraph id="1076837" documentposition="135" splitpriority="none" />
    <Paragraph id="1075741" documentposition="136" splitpriority="none" />
    <Paragraph id="1131546" documentposition="137" splitpriority="none" />
    <Paragraph id="1083426" documentposition="138" splitpriority="none" />
    <Paragraph id="1091094" documentposition="140" splitpriority="none" />
    <Paragraph id="1077770" documentposition="141" splitpriority="none" />
    <Paragraph id="1081048" documentposition="142" splitpriority="none" />
    <Paragraph id="1084921" documentposition="143" splitpriority="none" />
    <Paragraph id="1083176" documentposition="144" splitpriority="none" />
    <Paragraph id="1085073" documentposition="145" splitpriority="none" />
    <Paragraph id="1085083" documentposition="146" splitpriority="none" />
    <Paragraph id="1085068" documentposition="147" splitpriority="none" />
    <Paragraph id="1134161" documentposition="148" splitpriority="none" relatedtopic="define-no-output" />
    <Paragraph id="1134165" documentposition="149" splitpriority="none" relatedtopic="define-no-output" />
    <Paragraph id="1134169" documentposition="150" splitpriority="none" relatedtopic="define-no-output" />
    <Paragraph id="1134173" documentposition="151" splitpriority="none" relatedtopic="define-no-output" />
    <Paragraph id="1134177" documentposition="152" splitpriority="none" relatedtopic="define-no-output" />
    <Paragraph id="1134181" documentposition="153" splitpriority="none" relatedtopic="define-no-output" />
    <Paragraph id="1134185" documentposition="154" splitpriority="none" relatedtopic="define-no-output" />
    <Paragraph id="1134189" documentposition="155" splitpriority="none" relatedtopic="define-no-output" />
    <Paragraph id="1134193" documentposition="156" splitpriority="none" relatedtopic="define-no-output" />
  </Split>
  <Split id="1077698" documentposition="157">
    <Paragraph id="1077698" documentposition="157" splitpriority="4">
      <Marker behavior="topic" id="1082226">
        <Marker id="1082226" name="TopicAlias" xmlns="urn:WebWorks-Document-Schema">
          <TextRun id="tr1082226-1">
            <Text value="survival_values_help" />
          </TextRun>
        </Marker>
      </Marker>
    </Paragraph>
    <Paragraph id="1077702" documentposition="158" splitpriority="none" />
    <Paragraph id="1085103" documentposition="159" splitpriority="none" />
    <Paragraph id="1085104" documentposition="160" splitpriority="none" />
    <Paragraph id="1085100" documentposition="161" splitpriority="none" />
    <Paragraph id="1080422" documentposition="162" splitpriority="none" />
    <Paragraph id="1085129" documentposition="163" splitpriority="none" />
    <Paragraph id="1077727" documentposition="164" splitpriority="none" />
    <Paragraph id="1078368" documentposition="165" splitpriority="none" />
    <Paragraph id="1091124" documentposition="167" splitpriority="none" />
    <Paragraph id="1079453" documentposition="168" splitpriority="none" />
    <Paragraph id="1079457" documentposition="169" splitpriority="none" />
    <Paragraph id="1078404" documentposition="170" splitpriority="none" />
    <Paragraph id="1091132" documentposition="172" splitpriority="none" />
    <Paragraph id="1078851" documentposition="173" splitpriority="none" />
    <Paragraph id="1080893" documentposition="174" splitpriority="none" />
    <Paragraph id="1080894" documentposition="175" splitpriority="none" />
    <Paragraph id="1080895" documentposition="176" splitpriority="none" />
    <Paragraph id="1092141" documentposition="177" splitpriority="none" />
  </Split>
  <Split id="1076975" documentposition="178">
    <Paragraph id="1076975" documentposition="178" splitpriority="3">
      <Marker behavior="topic" id="1082225">
        <Marker id="1082225" name="TopicAlias" xmlns="urn:WebWorks-Document-Schema">
          <TextRun id="tr1082225-1">
            <Text value="edit_genomic_data_help" />
          </TextRun>
        </Marker>
      </Marker>
    </Paragraph>
    <Paragraph id="1090800" documentposition="179" splitpriority="none" />
    <Paragraph id="1090798" documentposition="180" splitpriority="none" />
    <Paragraph id="1081008" documentposition="181" splitpriority="none" />
    <Paragraph id="1080137" documentposition="182" splitpriority="none" />
    <Paragraph id="1077960" documentposition="183" splitpriority="none" />
    <Paragraph id="1074448" documentposition="184" splitpriority="none" />
    <Paragraph id="1075918" documentposition="185" splitpriority="none" />
    <Paragraph id="1091140" documentposition="187" splitpriority="none" />
    <Paragraph id="1131932" documentposition="188" splitpriority="none" />
    <Paragraph id="1077831" documentposition="189" splitpriority="none" />
    <Paragraph id="1077838" documentposition="190" splitpriority="none" />
    <Paragraph id="1079605" documentposition="191" splitpriority="none" />
    <Paragraph id="1090365" documentposition="192" splitpriority="none" />
    <Paragraph id="1090369" documentposition="193" splitpriority="none" />
    <Paragraph id="1090380" documentposition="194" splitpriority="none" />
    <Paragraph id="1090381" documentposition="195" splitpriority="none" />
    <Paragraph id="1108860" documentposition="196" splitpriority="none" />
    <Paragraph id="1131936" documentposition="198" splitpriority="none" />
    <Paragraph id="1131937" documentposition="199" splitpriority="none" />
    <Paragraph id="1134222" documentposition="200" splitpriority="none" relatedtopic="define-no-output" />
    <Paragraph id="1134226" documentposition="201" splitpriority="none" relatedtopic="define-no-output" />
    <Paragraph id="1134230" documentposition="202" splitpriority="none" relatedtopic="define-no-output" />
  </Split>
  <Split id="1081247" documentposition="203">
    <Paragraph id="1081247" documentposition="203" splitpriority="4">
      <Marker behavior="topic" id="1082224">
        <Marker id="1082224" name="TopicAlias" xmlns="urn:WebWorks-Document-Schema">
          <TextRun id="tr1082224-1">
            <Text value="edit_sample_mappings_help" />
          </TextRun>
        </Marker>
      </Marker>
    </Paragraph>
    <Paragraph id="1082153" documentposition="204" splitpriority="none" />
    <Paragraph id="1089445" documentposition="205" splitpriority="none" />
    <Paragraph id="1082146" documentposition="206" splitpriority="none" />
    <Paragraph id="1091162" documentposition="208" splitpriority="none" />
    <Paragraph id="1081147" documentposition="209" splitpriority="none" />
    <Paragraph id="1081182" documentposition="210" splitpriority="none" />
    <Paragraph id="1125515" documentposition="211" splitpriority="none" />
    <Paragraph id="1125933" documentposition="213" splitpriority="none" />
    <Paragraph id="1125935" documentposition="214" splitpriority="none" />
    <Paragraph id="1125936" documentposition="215" splitpriority="none" />
    <Paragraph id="1125937" documentposition="216" splitpriority="none" />
    <Paragraph id="1125938" documentposition="217" splitpriority="none" />
    <Paragraph id="1125575" documentposition="218" splitpriority="none" />
    <Paragraph id="1085193" documentposition="219" splitpriority="none" />
    <Paragraph id="1081151" documentposition="220" splitpriority="none" />
    <Paragraph id="1134238" documentposition="222" splitpriority="none" relatedtopic="define-no-output" />
    <Paragraph id="1134242" documentposition="223" splitpriority="none" relatedtopic="define-no-output" />
    <Paragraph id="1134246" documentposition="224" splitpriority="none" relatedtopic="define-no-output" />
  </Split>
  <Split id="1080249" documentposition="225">
    <Paragraph id="1080249" documentposition="225" splitpriority="4" />
    <Paragraph id="1081202" documentposition="226" splitpriority="none" />
    <Paragraph id="1081271" documentposition="227" splitpriority="none" />
    <Paragraph id="1081324" documentposition="228" splitpriority="none" />
    <Paragraph id="1091190" documentposition="229" splitpriority="none" />
    <Paragraph id="1091182" documentposition="231" splitpriority="none" />
    <Paragraph id="1079626" documentposition="232" splitpriority="none" />
    <Paragraph id="1132244" documentposition="233" splitpriority="none" />
    <Paragraph id="1134254" documentposition="234" splitpriority="none" relatedtopic="define-no-output" />
    <Paragraph id="1134258" documentposition="235" splitpriority="none" relatedtopic="define-no-output" />
    <Paragraph id="1134262" documentposition="236" splitpriority="none" relatedtopic="define-no-output" />
  </Split>
  <Split id="1089873" documentposition="237">
    <Paragraph id="1089873" documentposition="237" splitpriority="4">
      <Marker behavior="topic" id="1118346">
        <Marker id="1118346" name="TopicAlias" xmlns="urn:WebWorks-Document-Schema">
          <TextRun id="tr1118346-1">
            <Text value="configure_copy_number_help" />
          </TextRun>
        </Marker>
      </Marker>
    </Paragraph>
    <Paragraph id="1119394" documentposition="238" splitpriority="none" />
    <Paragraph id="1119396" documentposition="239" splitpriority="none" />
    <Paragraph id="1119367" documentposition="240" splitpriority="none" />
    <Paragraph id="1119378" documentposition="241" splitpriority="none" />
    <Paragraph id="1119277" documentposition="242" splitpriority="none" />
    <Paragraph id="1089976" documentposition="243" splitpriority="none" />
    <Paragraph id="1094410" documentposition="244" splitpriority="none" />
    <Paragraph id="1094406" documentposition="245" splitpriority="none" />
    <Paragraph id="1089953" documentposition="247" splitpriority="none" />
    <Table id="1090095" documentposition="248" splitpriority="none">
      <TableCell>
        <Paragraph id="1090097" />
      </TableCell>
      <TableCell>
        <Paragraph id="1090099" />
      </TableCell>
      <TableCell>
        <Paragraph id="1090101" />
      </TableCell>
      <TableCell>
        <Paragraph id="1090103" />
      </TableCell>
      <TableCell>
        <Paragraph id="1090105" />
      </TableCell>
      <TableCell>
        <Paragraph id="1090107" />
      </TableCell>
      <TableCell>
        <Paragraph id="1090109" />
      </TableCell>
      <TableCell>
        <Paragraph id="1090111" />
      </TableCell>
      <TableCell>
        <Paragraph id="1090113" />
      </TableCell>
      <TableCell>
        <Paragraph id="1090115" />
      </TableCell>
      <TableCell>
        <Paragraph id="1090117" />
      </TableCell>
      <TableCell>
        <Paragraph id="1090119" />
      </TableCell>
      <TableCell>
        <Paragraph id="1090121" />
      </TableCell>
      <TableCell>
        <Paragraph id="1090123" />
      </TableCell>
    </Table>
    <Paragraph id="1090004" documentposition="249" splitpriority="none" />
    <Paragraph id="1134299" documentposition="250" splitpriority="none" relatedtopic="define-no-output" />
    <Paragraph id="1134303" documentposition="251" splitpriority="none" relatedtopic="define-no-output" />
    <Paragraph id="1134307" documentposition="252" splitpriority="none" relatedtopic="define-no-output" />
  </Split>
  <Split id="1075831" documentposition="253">
    <Paragraph id="1075831" documentposition="253" splitpriority="3">
      <Marker behavior="topic" id="1082223">
        <Marker id="1082223" name="TopicAlias" xmlns="urn:WebWorks-Document-Schema">
          <TextRun id="tr1082223-1">
            <Text value="edit_imaging_data_help" />
          </TextRun>
        </Marker>
      </Marker>
    </Paragraph>
    <Paragraph id="1077974" documentposition="254" splitpriority="none" />
    <Paragraph id="1083440" documentposition="255" splitpriority="none" />
    <Paragraph id="1081340" documentposition="256" splitpriority="none" />
    <Paragraph id="1081374" documentposition="257" splitpriority="none" />
    <Paragraph id="1080129" documentposition="258" splitpriority="none" />
    <Paragraph id="1080167" documentposition="260" splitpriority="none" />
    <Paragraph id="1080168" documentposition="261" splitpriority="none" />
    <Paragraph id="1081393" documentposition="262" splitpriority="none" />
    <Paragraph id="1094418" documentposition="263" splitpriority="none" />
    <Paragraph id="1094422" documentposition="264" splitpriority="none" />
    <Paragraph id="1095465" documentposition="265" splitpriority="none" />
    <Paragraph id="1095474" documentposition="266" splitpriority="none" />
    <Paragraph id="1095490" documentposition="267" splitpriority="none" />
    <Paragraph id="1081403" documentposition="268" splitpriority="none" />
    <Paragraph id="1081453" documentposition="269" splitpriority="none" />
    <Paragraph id="1108908" documentposition="270" splitpriority="none" />
    <Paragraph id="1082278" documentposition="272" splitpriority="none" />
    <Paragraph id="1082287" documentposition="273" splitpriority="none" />
    <Paragraph id="1134315" documentposition="274" splitpriority="none" relatedtopic="define-no-output" />
    <Paragraph id="1134319" documentposition="275" splitpriority="none" relatedtopic="define-no-output" />
    <Paragraph id="1134323" documentposition="276" splitpriority="none" relatedtopic="define-no-output" />
    <Paragraph id="1134327" documentposition="277" splitpriority="none" relatedtopic="define-no-output" />
  </Split>
  <Split id="1126378" documentposition="278">
    <Paragraph id="1126378" documentposition="278" splitpriority="3" />
    <Paragraph id="1126393" documentposition="279" splitpriority="none" />
    <Paragraph id="1126816" documentposition="280" splitpriority="none" />
    <Paragraph id="1126402" documentposition="281" splitpriority="none" />
    <Paragraph id="1126406" documentposition="282" splitpriority="none" />
    <Paragraph id="1126848" documentposition="283" splitpriority="none" />
    <Paragraph id="1126418" documentposition="284" splitpriority="none" />
    <Paragraph id="1126419" documentposition="285" splitpriority="none" />
    <Paragraph id="1126420" documentposition="286" splitpriority="none" />
    <Paragraph id="1126431" documentposition="287" splitpriority="none" />
    <Paragraph id="1126455" documentposition="288" splitpriority="none">
      <Frame id="1126483">
        <Frame id="1126490" />
      </Frame>
    </Paragraph>
    <Paragraph id="1126482" documentposition="289" splitpriority="none">
      <Frame id="1126464">
        <Frame id="1126475" />
      </Frame>
    </Paragraph>
    <Paragraph id="1126491" documentposition="290" splitpriority="none" />
  </Split>
  <Split id="1126457" documentposition="291">
    <Paragraph id="1126457" documentposition="291" splitpriority="3" />
    <Paragraph id="1081471" documentposition="292" splitpriority="none" />
    <Paragraph id="1089848" documentposition="293" splitpriority="none" />
  </Split>
  <Split id="1076280" documentposition="294">
    <Paragraph id="1076280" documentposition="294" splitpriority="2">
      <Marker behavior="topic" id="1082222">
        <Marker id="1082222" name="TopicAlias" xmlns="urn:WebWorks-Document-Schema">
          <TextRun id="tr1082222-1">
            <Text value="manage_study_help" />
          </TextRun>
        </Marker>
      </Marker>
    </Paragraph>
    <Paragraph id="1082055" documentposition="295" splitpriority="none" />
    <Paragraph id="1085452" documentposition="296" splitpriority="none" />
    <Paragraph id="1082056" documentposition="297" splitpriority="none" />
    <Paragraph id="1110841" documentposition="298" splitpriority="none" />
    <Paragraph id="1095601" documentposition="299" splitpriority="none" />
    <Paragraph id="1082058" documentposition="300" splitpriority="none" />
    <Paragraph id="1082059" documentposition="301" splitpriority="none" />
    <Paragraph id="1081683" documentposition="302" splitpriority="none" />
    <Paragraph id="1111830" documentposition="303" splitpriority="none" />
    <Paragraph id="1081698" documentposition="305" splitpriority="none" />
    <Paragraph id="1090574" documentposition="306" splitpriority="none">
      <Frame id="1126355">
        <Frame id="1126364" />
      </Frame>
    </Paragraph>
    <Paragraph id="1098253" documentposition="307" splitpriority="none" />
    <Paragraph id="1081746" documentposition="308" splitpriority="none" />
    <Paragraph id="1134343" documentposition="309" splitpriority="none" />
  </Split>
  <Split id="1078043" documentposition="310">
    <Paragraph id="1078043" documentposition="310" splitpriority="3">
      <Marker behavior="topic" id="1082221">
        <Marker id="1082221" name="TopicAlias" xmlns="urn:WebWorks-Document-Schema">
          <TextRun id="tr1082221-1">
            <Text value="manage_platforms_help" />
          </TextRun>
        </Marker>
      </Marker>
    </Paragraph>
    <Paragraph id="1078047" documentposition="311" splitpriority="none" />
    <Paragraph id="1090575" documentposition="312" splitpriority="none" />
    <Paragraph id="1080932" documentposition="313" splitpriority="none" />
    <Paragraph id="1080973" documentposition="314" splitpriority="none" />
    <Paragraph id="1081852" documentposition="315" splitpriority="none" />
    <Paragraph id="1080952" documentposition="317" splitpriority="none" />
    <Paragraph id="1090590" documentposition="318" splitpriority="none" />
    <Paragraph id="1090773" documentposition="319" splitpriority="none" />
    <Paragraph id="1125489" documentposition="320" splitpriority="none" />
    <Paragraph id="1125508" documentposition="321" splitpriority="none" />
    <Paragraph id="1125480" documentposition="322" splitpriority="none" />
    <Paragraph id="1126348" documentposition="323" splitpriority="none" />
    <Paragraph id="1092271" documentposition="324" splitpriority="none" relatedtopic="define-no-output" />
    <Paragraph id="1073169" documentposition="325" splitpriority="none" />
  </Split>
</Behaviors>