<?xml version="1.0" encoding="utf-8"?>
<Behaviors version="1.0" xmlns="urn:WebWorks-Behaviors-Schema">
  <Split id="1070912" documentposition="3">
    <Paragraph id="1070912" documentposition="3" splitpriority="1" dropdown="continue" popup="none" popup-page-rule="" />
    <Paragraph id="1073296" documentposition="4" splitpriority="none" dropdown="continue" popup="none" popup-page-rule="" />
    <Paragraph id="1073300" documentposition="5" splitpriority="none" dropdown="continue" popup="none" popup-page-rule="" />
    <Paragraph id="1073307" documentposition="6" splitpriority="none" dropdown="continue" popup="none" popup-page-rule="" />
    <Paragraph id="1091942" documentposition="7" splitpriority="none" dropdown="continue" popup="none" popup-page-rule="" />
    <Paragraph id="1073319" documentposition="8" splitpriority="none" popup="none" popup-page-rule="" dropdown="end" />
  </Split>
  <Split id="1073286" documentposition="9">
    <Paragraph id="1073286" documentposition="9" splitpriority="2" dropdown="continue" popup="none" popup-page-rule="" />
    <Paragraph id="1077143" documentposition="10" splitpriority="none" dropdown="continue" popup="none" popup-page-rule="" />
    <Paragraph id="1083468" documentposition="11" splitpriority="none" dropdown="continue" popup="none" popup-page-rule="" />
    <Paragraph id="1126510" documentposition="12" splitpriority="none" dropdown="continue" popup="none" popup-page-rule="" />
    <Paragraph id="1083526" documentposition="13" splitpriority="none" dropdown="continue" popup="none" popup-page-rule="" />
    <Paragraph id="1083467" documentposition="14" splitpriority="none" dropdown="continue" popup="none" popup-page-rule="" />
    <Paragraph id="1147306" documentposition="15" splitpriority="none" relatedtopic="define-no-output" dropdown="continue" popup="none" popup-page-rule="" />
    <Paragraph id="1147310" documentposition="16" splitpriority="none" relatedtopic="define-no-output" popup="none" popup-page-rule="" dropdown="end" />
  </Split>
  <Split id="1073216" documentposition="17">
    <Paragraph id="1073216" documentposition="17" splitpriority="2" dropdown="continue" popup="none" popup-page-rule="" />
    <Paragraph id="1073218" documentposition="18" splitpriority="none" dropdown="continue" popup="none" popup-page-rule="" />
    <Paragraph id="1079473" documentposition="19" splitpriority="none" dropdown="continue" popup="none" popup-page-rule="" />
    <Paragraph id="1074670" documentposition="20" splitpriority="none" dropdown="continue" popup="none" popup-page-rule="" />
    <Paragraph id="1073772" documentposition="21" splitpriority="none" dropdown="continue" popup="none" popup-page-rule="" />
    <Paragraph id="1073782" documentposition="22" splitpriority="none" dropdown="continue" popup="none" popup-page-rule="" />
    <Paragraph id="1108185" documentposition="24" splitpriority="none" dropdown="continue" popup="none" popup-page-rule="" />
    <Paragraph id="1073982" documentposition="25" splitpriority="none" popup="none" popup-page-rule="" dropdown="end" />
  </Split>
  <Split id="1073921" documentposition="26">
    <Paragraph id="1073921" documentposition="26" splitpriority="3" dropdown="continue" popup="none" popup-page-rule="">
      <Marker behavior="topic" id="1082230">
        <Marker id="1082230" name="TopicAlias" xmlns="urn:WebWorks-Document-Schema">
          <TextRun id="tr1082230-1">
            <Text value="edit_study_help" />
          </TextRun>
        </Marker>
      </Marker>
    </Paragraph>
    <Paragraph id="1074101" documentposition="27" splitpriority="none" dropdown="continue" popup="none" popup-page-rule="" />
    <Paragraph id="1090873" documentposition="29" splitpriority="none" dropdown="continue" popup="none" popup-page-rule="" />
    <Paragraph id="1089145" documentposition="30" splitpriority="none" dropdown="continue" popup="none" popup-page-rule="" />
    <Paragraph id="1131925" documentposition="31" splitpriority="none" dropdown="continue" popup="none" popup-page-rule="" />
    <Paragraph id="1134356" documentposition="32" splitpriority="none" dropdown="continue" popup="none" popup-page-rule="" />
    <Paragraph id="1131930" documentposition="33" splitpriority="none" dropdown="continue" popup="none" popup-page-rule="" />
    <Paragraph id="1074785" documentposition="34" splitpriority="none" dropdown="continue" popup="none" popup-page-rule="" />
    <Paragraph id="1075119" documentposition="35" splitpriority="none" dropdown="continue" popup="none" popup-page-rule="" />
    <Paragraph id="1091005" documentposition="37" splitpriority="none" dropdown="continue" popup="none" popup-page-rule="" />
    <Paragraph id="1147334" documentposition="38" splitpriority="none" relatedtopic="define-no-output" dropdown="continue" popup="none" popup-page-rule="" />
    <Paragraph id="1147338" documentposition="39" splitpriority="none" relatedtopic="define-no-output" dropdown="continue" popup="none" popup-page-rule="" />
    <Paragraph id="1147342" documentposition="40" splitpriority="none" relatedtopic="define-no-output" dropdown="continue" popup="none" popup-page-rule="" />
    <Paragraph id="1147346" documentposition="41" splitpriority="none" relatedtopic="define-no-output" dropdown="continue" popup="none" popup-page-rule="" />
    <Paragraph id="1147350" documentposition="42" splitpriority="none" relatedtopic="define-no-output" popup="none" popup-page-rule="" dropdown="end" />
  </Split>
  <Split id="1134337" documentposition="43">
    <Paragraph id="1134337" documentposition="43" splitpriority="3" dropdown="continue" popup="none" popup-page-rule="">
      <Marker behavior="topic" id="1134493">
        <Marker id="1134493" name="TopicAlias" xmlns="urn:WebWorks-Document-Schema">
          <TextRun id="tr1134493-1">
            <Text value="study_log_help" />
          </TextRun>
        </Marker>
      </Marker>
    </Paragraph>
    <Paragraph id="1134344" documentposition="44" splitpriority="none" dropdown="continue" popup="none" popup-page-rule="" />
    <Paragraph id="1134367" documentposition="45" splitpriority="none" dropdown="continue" popup="none" popup-page-rule="" />
    <Paragraph id="1134439" documentposition="46" splitpriority="none" dropdown="continue" popup="none" popup-page-rule="" />
    <Paragraph id="1134436" documentposition="47" splitpriority="none" dropdown="continue" popup="none" popup-page-rule="" />
    <Paragraph id="1139423" documentposition="48" splitpriority="none" popup="none" popup-page-rule="" dropdown="end" />
  </Split>
  <Split id="1127623" documentposition="49">
    <Paragraph id="1127623" documentposition="49" splitpriority="2" dropdown="continue" popup="none" popup-page-rule="" />
    <Paragraph id="1127643" documentposition="50" splitpriority="none" dropdown="continue" popup="none" popup-page-rule="" />
    <Paragraph id="1131093" documentposition="51" splitpriority="none" dropdown="continue" popup="none" popup-page-rule="" />
    <Paragraph id="1131094" documentposition="52" splitpriority="none" dropdown="continue" popup="none" popup-page-rule="" />
    <Paragraph id="1131105" documentposition="53" splitpriority="none" dropdown="continue" popup="none" popup-page-rule="" />
    <Paragraph id="1131110" documentposition="54" splitpriority="none" dropdown="continue" popup="none" popup-page-rule="" />
    <Paragraph id="1131123" documentposition="55" splitpriority="none" dropdown="continue" popup="none" popup-page-rule="" />
    <Paragraph id="1131124" documentposition="56" splitpriority="none" dropdown="continue" popup="none" popup-page-rule="" />
    <Paragraph id="1131190" documentposition="57" splitpriority="none" dropdown="continue" popup="none" popup-page-rule="" />
    <Paragraph id="1131191" documentposition="58" splitpriority="none" dropdown="continue" popup="none" popup-page-rule="" />
    <Paragraph id="1131192" documentposition="59" splitpriority="none" dropdown="continue" popup="none" popup-page-rule="" />
    <Paragraph id="1131202" documentposition="60" splitpriority="none" dropdown="continue" popup="none" popup-page-rule="" />
    <Paragraph id="1131209" documentposition="61" splitpriority="none" dropdown="continue" popup="none" popup-page-rule="" />
    <Paragraph id="1131210" documentposition="62" splitpriority="none" dropdown="continue" popup="none" popup-page-rule="" />
    <Paragraph id="1131211" documentposition="63" splitpriority="none" dropdown="continue" popup="none" popup-page-rule="" />
    <Paragraph id="1131244" documentposition="64" splitpriority="none" dropdown="continue" popup="none" popup-page-rule="" />
    <Paragraph id="1131270" documentposition="65" splitpriority="none" popup="none" popup-page-rule="" dropdown="end" />
  </Split>
  <Split id="1131246" documentposition="66">
    <Paragraph id="1131246" documentposition="66" splitpriority="3" dropdown="continue" popup="none" popup-page-rule="">
      <Marker behavior="topic" id="1133977">
        <Marker id="1133977" name="TopicAlias" xmlns="urn:WebWorks-Document-Schema">
          <TextRun id="tr1133977-1">
            <Text value="add_annotation_group_help" />
          </TextRun>
        </Marker>
      </Marker>
    </Paragraph>
    <Paragraph id="1147355" documentposition="67" splitpriority="none" dropdown="continue" popup="none" popup-page-rule="" />
    <Paragraph id="1143163" documentposition="68" splitpriority="none" dropdown="continue" popup="none" popup-page-rule="" />
    <Paragraph id="1126876" documentposition="69" splitpriority="none" dropdown="continue" popup="none" popup-page-rule="" />
    <Paragraph id="1126930" documentposition="70" splitpriority="none" dropdown="continue" popup="none" popup-page-rule="" />
    <Paragraph id="1126936" documentposition="71" splitpriority="none" dropdown="continue" popup="none" popup-page-rule="" />
    <Paragraph id="1126937" documentposition="72" splitpriority="none" dropdown="continue" popup="none" popup-page-rule="" />
    <Paragraph id="1126938" documentposition="73" splitpriority="none" dropdown="continue" popup="none" popup-page-rule="" />
    <Paragraph id="1127179" documentposition="74" splitpriority="none" dropdown="continue" popup="none" popup-page-rule="" />
    <Paragraph id="1127269" documentposition="75" splitpriority="none" dropdown="continue" popup="none" popup-page-rule="" />
    <Paragraph id="1131766" documentposition="76" splitpriority="none" dropdown="continue" popup="none" popup-page-rule="" />
    <Paragraph id="1131768" documentposition="77" splitpriority="none" dropdown="continue" popup="none" popup-page-rule="" />
    <Paragraph id="1127259" documentposition="78" splitpriority="none" dropdown="continue" popup="none" popup-page-rule="" />
    <Paragraph id="1127188" documentposition="79" splitpriority="none" popup="none" popup-page-rule="" dropdown="end" />
  </Split>
  <Split id="1127752" documentposition="80">
    <Paragraph id="1127752" documentposition="80" splitpriority="3" dropdown="continue" popup="none" popup-page-rule="">
      <Marker behavior="topic" id="1127793">
        <Marker id="1127793" name="TopicAlias" xmlns="urn:WebWorks-Document-Schema">
          <TextRun id="tr1127793-1">
            <Text value="edit_annotation_group_help" />
          </TextRun>
        </Marker>
      </Marker>
    </Paragraph>
    <Paragraph id="1127772" documentposition="81" splitpriority="none" dropdown="continue" popup="none" popup-page-rule="" />
    <Paragraph id="1134674" documentposition="82" splitpriority="none" dropdown="continue" popup="none" popup-page-rule="" />
    <Paragraph id="1134680" documentposition="83" splitpriority="none" dropdown="continue" popup="none" popup-page-rule="" />
    <Paragraph id="1134681" documentposition="84" splitpriority="none" dropdown="continue" popup="none" popup-page-rule="" />
    <Paragraph id="1134685" documentposition="85" splitpriority="none" dropdown="continue" popup="none" popup-page-rule="" />
    <Paragraph id="1134694" documentposition="86" splitpriority="none" dropdown="continue" popup="none" popup-page-rule="" />
    <Paragraph id="1134698" documentposition="87" splitpriority="none" dropdown="continue" popup="none" popup-page-rule="" />
    <Paragraph id="1147382" documentposition="88" splitpriority="none" popup="none" popup-page-rule="" dropdown="end" />
  </Split>
  <Split id="1134706" documentposition="89">
    <Paragraph id="1134706" documentposition="89" splitpriority="3" dropdown="continue" popup="none" popup-page-rule="">
      <Marker behavior="topic" id="1134705">
        <Marker id="1134705" name="TopicAlias" xmlns="urn:WebWorks-Document-Schema">
          <TextRun id="tr1134705-1">
            <Text value="define_fields_help" />
          </TextRun>
        </Marker>
      </Marker>
    </Paragraph>
    <Paragraph id="1134708" documentposition="90" splitpriority="none" dropdown="continue" popup="none" popup-page-rule="" />
    <Paragraph id="1083677" documentposition="91" splitpriority="none" dropdown="continue" popup="none" popup-page-rule="" />
    <Paragraph id="1076533" documentposition="92" splitpriority="none" dropdown="continue" popup="none" popup-page-rule="" />
    <Paragraph id="1076529" documentposition="93" splitpriority="none" dropdown="continue" popup="none" popup-page-rule="" />
    <Paragraph id="1131807" documentposition="94" splitpriority="none" dropdown="continue" popup="none" popup-page-rule="" />
    <Paragraph id="1076514" documentposition="95" splitpriority="none" dropdown="continue" popup="none" popup-page-rule="" />
    <Paragraph id="1126591" documentposition="97" splitpriority="none" dropdown="continue" popup="none" popup-page-rule="" />
    <Paragraph id="1126640" documentposition="98" splitpriority="none" dropdown="continue" popup="none" popup-page-rule="" />
    <Paragraph id="1126698" documentposition="99" splitpriority="none" dropdown="continue" popup="none" popup-page-rule="" />
    <Paragraph id="1126595" documentposition="100" splitpriority="none" dropdown="continue" popup="none" popup-page-rule="" />
    <Paragraph id="1126590" documentposition="101" splitpriority="none" dropdown="continue" popup="none" popup-page-rule="" />
    <Paragraph id="1091048" documentposition="103" splitpriority="none" dropdown="continue" popup="none" popup-page-rule="" />
    <Paragraph id="1083006" documentposition="104" splitpriority="none" dropdown="continue" popup="none" popup-page-rule="" />
    <Paragraph id="1083017" documentposition="105" splitpriority="none" dropdown="continue" popup="none" popup-page-rule="" />
    <Paragraph id="1127693" documentposition="106" splitpriority="none" dropdown="continue" popup="none" popup-page-rule="" />
    <Paragraph id="1081956" documentposition="107" splitpriority="none" dropdown="continue" popup="none" popup-page-rule="" />
    <Paragraph id="1127726" documentposition="108" splitpriority="none" dropdown="continue" popup="none" popup-page-rule="" />
    <Paragraph id="1127709" documentposition="109" splitpriority="none" dropdown="continue" popup="none" popup-page-rule="" />
    <Paragraph id="1125069" documentposition="110" splitpriority="none" dropdown="continue" popup="none" popup-page-rule="" />
    <Paragraph id="1147395" documentposition="111" splitpriority="none" relatedtopic="define-no-output" dropdown="continue" popup="none" popup-page-rule="" />
    <Paragraph id="1147399" documentposition="112" splitpriority="none" relatedtopic="define-no-output" dropdown="continue" popup="none" popup-page-rule="" />
    <Paragraph id="1147403" documentposition="113" splitpriority="none" relatedtopic="define-no-output" dropdown="continue" popup="none" popup-page-rule="" />
    <Paragraph id="1147407" documentposition="114" splitpriority="none" relatedtopic="define-no-output" popup="none" popup-page-rule="" dropdown="end" />
  </Split>
  <Split id="1125074" documentposition="115">
    <Paragraph id="1125074" documentposition="115" splitpriority="4" dropdown="continue" popup="none" popup-page-rule="">
      <Marker behavior="topic" id="1125073">
        <Marker id="1125073" name="TopicAlias" xmlns="urn:WebWorks-Document-Schema">
          <TextRun id="tr1125073-1">
            <Text value="assign_annotations_help" />
          </TextRun>
        </Marker>
      </Marker>
    </Paragraph>
    <Paragraph id="1081979" documentposition="116" splitpriority="none" dropdown="continue" popup="none" popup-page-rule="" />
    <Paragraph id="1083036" documentposition="117" splitpriority="none" dropdown="continue" popup="none" popup-page-rule="" />
    <Paragraph id="1092440" documentposition="118" splitpriority="none" dropdown="continue" popup="none" popup-page-rule="" />
    <Paragraph id="1091056" documentposition="120" splitpriority="none" dropdown="continue" popup="none" popup-page-rule="" />
    <Paragraph id="1081993" documentposition="121" splitpriority="none" dropdown="continue" popup="none" popup-page-rule="" />
    <Paragraph id="1127428" documentposition="122" splitpriority="none" dropdown="continue" popup="none" popup-page-rule="" />
    <Paragraph id="1127430" documentposition="123" splitpriority="none" dropdown="continue" popup="none" popup-page-rule="" />
    <Paragraph id="1076087" documentposition="124" splitpriority="none" dropdown="continue" popup="none" popup-page-rule="" />
    <Paragraph id="1076088" documentposition="125" splitpriority="none" dropdown="continue" popup="none" popup-page-rule="" />
    <Paragraph id="1076089" documentposition="126" splitpriority="none" dropdown="continue" popup="none" popup-page-rule="" />
    <Paragraph id="1076090" documentposition="127" splitpriority="none" dropdown="continue" popup="none" popup-page-rule="" />
    <Paragraph id="1076097" documentposition="128" splitpriority="none" dropdown="continue" popup="none" popup-page-rule="" />
    <Paragraph id="1126759" documentposition="129" splitpriority="none" dropdown="continue" popup="none" popup-page-rule="" />
    <Paragraph id="1126784" documentposition="130" splitpriority="none" dropdown="continue" popup="none" popup-page-rule="" />
    <Paragraph id="1091072" documentposition="132" splitpriority="none" dropdown="continue" popup="none" popup-page-rule="" />
    <Table id="1076628" documentposition="133" splitpriority="none">
      <TableCell>
        <Paragraph id="1076630" dropdown="continue" popup="none" popup-page-rule="" />
      </TableCell>
      <TableCell>
        <Paragraph id="1076632" dropdown="continue" popup="none" popup-page-rule="" />
      </TableCell>
      <TableCell>
        <Paragraph id="1089402" dropdown="continue" popup="none" popup-page-rule="" />
      </TableCell>
      <TableCell>
        <Paragraph id="1089404" dropdown="continue" popup="none" popup-page-rule="" />
      </TableCell>
      <TableCell>
        <Paragraph id="1076634" dropdown="continue" popup="none" popup-page-rule="" />
      </TableCell>
      <TableCell>
        <Paragraph id="1076636" dropdown="continue" popup="none" popup-page-rule="" />
      </TableCell>
      <TableCell>
        <Paragraph id="1076638" dropdown="continue" popup="none" popup-page-rule="" />
      </TableCell>
      <TableCell>
        <Paragraph id="1076640" dropdown="continue" popup="none" popup-page-rule="" />
      </TableCell>
      <TableCell>
        <Paragraph id="1076642" dropdown="continue" popup="none" popup-page-rule="" />
      </TableCell>
      <TableCell>
        <Paragraph id="1076644" dropdown="continue" popup="none" popup-page-rule="" />
      </TableCell>
      <TableCell>
        <Paragraph id="1132206" dropdown="continue" popup="none" popup-page-rule="" />
      </TableCell>
      <TableCell>
        <Paragraph id="1132208" dropdown="continue" popup="none" popup-page-rule="" />
        <Paragraph id="1132209" dropdown="continue" popup="none" popup-page-rule="" />
        <Paragraph id="1132210" dropdown="continue" popup="none" popup-page-rule="" />
        <Paragraph id="1132215" dropdown="continue" popup="none" popup-page-rule="" />
      </TableCell>
      <TableCell>
        <Paragraph id="1131966" dropdown="continue" popup="none" popup-page-rule="" />
      </TableCell>
      <TableCell>
        <Paragraph id="1131968" dropdown="continue" popup="none" popup-page-rule="" />
        <Paragraph id="1132162" dropdown="continue" popup="none" popup-page-rule="" />
        <Paragraph id="1132204" dropdown="continue" popup="none" popup-page-rule="" />
        <Paragraph id="1132219" dropdown="continue" popup="none" popup-page-rule="" />
      </TableCell>
      <TableCell>
        <Paragraph id="1076646" dropdown="continue" popup="none" popup-page-rule="" />
      </TableCell>
      <TableCell>
        <Paragraph id="1077221" dropdown="continue" popup="none" popup-page-rule="" />
        <Paragraph id="1080311" dropdown="continue" popup="none" popup-page-rule="" />
        <Paragraph id="1084485" dropdown="continue" popup="none" popup-page-rule="" />
        <Paragraph id="1084490" dropdown="continue" popup="none" popup-page-rule="" />
        <Paragraph id="1082981" dropdown="continue" popup="none" popup-page-rule="" />
        <Paragraph id="1131973" dropdown="continue" popup="none" popup-page-rule="" />
      </TableCell>
    </Table>
    <Paragraph id="1147420" documentposition="134" splitpriority="none" relatedtopic="define-no-output" dropdown="continue" popup="none" popup-page-rule="" />
    <Paragraph id="1147424" documentposition="135" splitpriority="none" relatedtopic="define-no-output" dropdown="continue" popup="none" popup-page-rule="" />
    <Paragraph id="1147428" documentposition="136" splitpriority="none" relatedtopic="define-no-output" dropdown="continue" popup="none" popup-page-rule="" />
    <Paragraph id="1147432" documentposition="137" splitpriority="none" relatedtopic="define-no-output" dropdown="continue" popup="none" popup-page-rule="" />
    <Paragraph id="1147436" documentposition="138" splitpriority="none" relatedtopic="define-no-output" popup="none" popup-page-rule="" dropdown="end" />
  </Split>
  <Split id="1082197" documentposition="139">
    <Paragraph id="1082197" documentposition="139" splitpriority="4" dropdown="continue" popup="none" popup-page-rule="">
      <Marker behavior="topic" id="1082227">
        <Marker id="1082227" name="TopicAlias" xmlns="urn:WebWorks-Document-Schema">
          <TextRun id="tr1082227-1">
            <Text value="search_annotation_definitions_help" />
          </TextRun>
        </Marker>
      </Marker>
    </Paragraph>
    <Paragraph id="1074853" documentposition="140" splitpriority="none" dropdown="continue" popup="none" popup-page-rule="" />
    <Paragraph id="1092124" documentposition="141" splitpriority="none" dropdown="continue" popup="none" popup-page-rule="" />
    <Paragraph id="1091084" documentposition="143" splitpriority="none" dropdown="continue" popup="none" popup-page-rule="" />
    <Paragraph id="1090756" documentposition="144" splitpriority="none" dropdown="continue" popup="none" popup-page-rule="" />
    <Paragraph id="1090767" documentposition="145" splitpriority="none" dropdown="continue" popup="none" popup-page-rule="" />
    <Paragraph id="1075682" documentposition="146" splitpriority="none" dropdown="continue" popup="none" popup-page-rule="" />
    <Paragraph id="1076180" documentposition="147" splitpriority="none" dropdown="continue" popup="none" popup-page-rule="" />
    <Paragraph id="1075717" documentposition="148" splitpriority="none" dropdown="continue" popup="none" popup-page-rule="" />
    <Paragraph id="1077238" documentposition="149" splitpriority="none" dropdown="continue" popup="none" popup-page-rule="" />
    <Paragraph id="1076837" documentposition="150" splitpriority="none" dropdown="continue" popup="none" popup-page-rule="" />
    <Paragraph id="1075741" documentposition="151" splitpriority="none" dropdown="continue" popup="none" popup-page-rule="" />
    <Paragraph id="1131546" documentposition="152" splitpriority="none" dropdown="continue" popup="none" popup-page-rule="" />
    <Paragraph id="1083426" documentposition="153" splitpriority="none" dropdown="continue" popup="none" popup-page-rule="" />
    <Paragraph id="1091094" documentposition="155" splitpriority="none" dropdown="continue" popup="none" popup-page-rule="" />
    <Paragraph id="1077770" documentposition="156" splitpriority="none" dropdown="continue" popup="none" popup-page-rule="" />
    <Paragraph id="1081048" documentposition="157" splitpriority="none" dropdown="continue" popup="none" popup-page-rule="" />
    <Paragraph id="1084921" documentposition="158" splitpriority="none" dropdown="continue" popup="none" popup-page-rule="" />
    <Paragraph id="1083176" documentposition="159" splitpriority="none" dropdown="continue" popup="none" popup-page-rule="" />
    <Paragraph id="1085073" documentposition="160" splitpriority="none" dropdown="continue" popup="none" popup-page-rule="" />
    <Paragraph id="1085083" documentposition="161" splitpriority="none" dropdown="continue" popup="none" popup-page-rule="" />
    <Paragraph id="1085068" documentposition="162" splitpriority="none" dropdown="continue" popup="none" popup-page-rule="" />
    <Paragraph id="1147444" documentposition="163" splitpriority="none" relatedtopic="define-no-output" dropdown="continue" popup="none" popup-page-rule="" />
    <Paragraph id="1147448" documentposition="164" splitpriority="none" relatedtopic="define-no-output" dropdown="continue" popup="none" popup-page-rule="" />
    <Paragraph id="1147452" documentposition="165" splitpriority="none" relatedtopic="define-no-output" dropdown="continue" popup="none" popup-page-rule="" />
    <Paragraph id="1147456" documentposition="166" splitpriority="none" relatedtopic="define-no-output" dropdown="continue" popup="none" popup-page-rule="" />
    <Paragraph id="1147460" documentposition="167" splitpriority="none" relatedtopic="define-no-output" dropdown="continue" popup="none" popup-page-rule="" />
    <Paragraph id="1147464" documentposition="168" splitpriority="none" relatedtopic="define-no-output" dropdown="continue" popup="none" popup-page-rule="" />
    <Paragraph id="1147468" documentposition="169" splitpriority="none" relatedtopic="define-no-output" dropdown="continue" popup="none" popup-page-rule="" />
    <Paragraph id="1147472" documentposition="170" splitpriority="none" relatedtopic="define-no-output" dropdown="continue" popup="none" popup-page-rule="" />
    <Paragraph id="1147476" documentposition="171" splitpriority="none" relatedtopic="define-no-output" popup="none" popup-page-rule="" dropdown="end" />
  </Split>
  <Split id="1077698" documentposition="172">
    <Paragraph id="1077698" documentposition="172" splitpriority="4" dropdown="continue" popup="none" popup-page-rule="">
      <Marker behavior="topic" id="1082226">
        <Marker id="1082226" name="TopicAlias" xmlns="urn:WebWorks-Document-Schema">
          <TextRun id="tr1082226-1">
            <Text value="survival_values_help" />
          </TextRun>
        </Marker>
      </Marker>
    </Paragraph>
    <Paragraph id="1077702" documentposition="173" splitpriority="none" dropdown="continue" popup="none" popup-page-rule="" />
    <Paragraph id="1085103" documentposition="174" splitpriority="none" dropdown="continue" popup="none" popup-page-rule="" />
    <Paragraph id="1085104" documentposition="175" splitpriority="none" dropdown="continue" popup="none" popup-page-rule="" />
    <Paragraph id="1085100" documentposition="176" splitpriority="none" dropdown="continue" popup="none" popup-page-rule="" />
    <Paragraph id="1080422" documentposition="177" splitpriority="none" dropdown="continue" popup="none" popup-page-rule="" />
    <Paragraph id="1085129" documentposition="178" splitpriority="none" dropdown="continue" popup="none" popup-page-rule="" />
    <Paragraph id="1077727" documentposition="179" splitpriority="none" dropdown="continue" popup="none" popup-page-rule="" />
    <Paragraph id="1078368" documentposition="180" splitpriority="none" dropdown="continue" popup="none" popup-page-rule="" />
    <Paragraph id="1091124" documentposition="182" splitpriority="none" dropdown="continue" popup="none" popup-page-rule="" />
    <Paragraph id="1079453" documentposition="183" splitpriority="none" dropdown="continue" popup="none" popup-page-rule="" />
    <Paragraph id="1079457" documentposition="184" splitpriority="none" dropdown="continue" popup="none" popup-page-rule="" />
    <Paragraph id="1078404" documentposition="185" splitpriority="none" dropdown="continue" popup="none" popup-page-rule="" />
    <Paragraph id="1091132" documentposition="187" splitpriority="none" dropdown="continue" popup="none" popup-page-rule="" />
    <Paragraph id="1134068" documentposition="188" splitpriority="none" dropdown="continue" popup="none" popup-page-rule="" />
    <Paragraph id="1078851" documentposition="189" splitpriority="none" dropdown="continue" popup="none" popup-page-rule="" />
    <Paragraph id="1080893" documentposition="190" splitpriority="none" dropdown="continue" popup="none" popup-page-rule="" />
    <Paragraph id="1080894" documentposition="191" splitpriority="none" dropdown="continue" popup="none" popup-page-rule="" />
    <Paragraph id="1080895" documentposition="192" splitpriority="none" dropdown="continue" popup="none" popup-page-rule="" />
    <Paragraph id="1092141" documentposition="193" splitpriority="none" dropdown="continue" popup="none" popup-page-rule="" />
    <Paragraph id="1134034" documentposition="194" splitpriority="none" popup="none" popup-page-rule="" dropdown="end" />
  </Split>
  <Split id="1076975" documentposition="195">
    <Paragraph id="1076975" documentposition="195" splitpriority="3" dropdown="continue" popup="none" popup-page-rule="">
      <Marker behavior="topic" id="1082225">
        <Marker id="1082225" name="TopicAlias" xmlns="urn:WebWorks-Document-Schema">
          <TextRun id="tr1082225-1">
            <Text value="edit_genomic_data_help" />
          </TextRun>
        </Marker>
      </Marker>
    </Paragraph>
    <Paragraph id="1090800" documentposition="196" splitpriority="none" dropdown="continue" popup="none" popup-page-rule="" />
    <Paragraph id="1090798" documentposition="197" splitpriority="none" dropdown="continue" popup="none" popup-page-rule="" />
    <Paragraph id="1081008" documentposition="198" splitpriority="none" dropdown="continue" popup="none" popup-page-rule="" />
    <Paragraph id="1080137" documentposition="199" splitpriority="none" dropdown="continue" popup="none" popup-page-rule="" />
    <Paragraph id="1077960" documentposition="200" splitpriority="none" dropdown="continue" popup="none" popup-page-rule="" />
    <Paragraph id="1074448" documentposition="201" splitpriority="none" dropdown="continue" popup="none" popup-page-rule="" />
    <Paragraph id="1075918" documentposition="202" splitpriority="none" dropdown="continue" popup="none" popup-page-rule="" />
    <Paragraph id="1091140" documentposition="204" splitpriority="none" dropdown="continue" popup="none" popup-page-rule="" />
    <Paragraph id="1131932" documentposition="205" splitpriority="none" dropdown="continue" popup="none" popup-page-rule="" />
    <Paragraph id="1077831" documentposition="206" splitpriority="none" dropdown="continue" popup="none" popup-page-rule="" />
    <Paragraph id="1077838" documentposition="207" splitpriority="none" dropdown="continue" popup="none" popup-page-rule="" />
    <Paragraph id="1079605" documentposition="208" splitpriority="none" dropdown="continue" popup="none" popup-page-rule="" />
    <Paragraph id="1090365" documentposition="209" splitpriority="none" dropdown="continue" popup="none" popup-page-rule="" />
    <Paragraph id="1090369" documentposition="210" splitpriority="none" dropdown="continue" popup="none" popup-page-rule="" />
    <Paragraph id="1090380" documentposition="211" splitpriority="none" dropdown="continue" popup="none" popup-page-rule="" />
    <Paragraph id="1134079" documentposition="212" splitpriority="none" dropdown="continue" popup="none" popup-page-rule="" />
    <Paragraph id="1139581" documentposition="213" splitpriority="none" dropdown="continue" popup="none" popup-page-rule="" />
    <Paragraph id="1139583" documentposition="214" splitpriority="none" dropdown="continue" popup="none" popup-page-rule="" />
    <Paragraph id="1139519" documentposition="215" splitpriority="none" dropdown="continue" popup="none" popup-page-rule="" />
    <Paragraph id="1139872" documentposition="216" splitpriority="none" dropdown="continue" popup="none" popup-page-rule="" />
    <Paragraph id="1139890" documentposition="217" splitpriority="none" dropdown="continue" popup="none" popup-page-rule="" />
    <Paragraph id="1139466" documentposition="218" splitpriority="none" dropdown="continue" popup="none" popup-page-rule="" />
    <Paragraph id="1090381" documentposition="219" splitpriority="none" dropdown="continue" popup="none" popup-page-rule="" />
    <Paragraph id="1108860" documentposition="220" splitpriority="none" dropdown="continue" popup="none" popup-page-rule="" />
    <Paragraph id="1131936" documentposition="222" splitpriority="none" dropdown="continue" popup="none" popup-page-rule="" />
    <Paragraph id="1131937" documentposition="223" splitpriority="none" dropdown="continue" popup="none" popup-page-rule="" />
    <Paragraph id="1147505" documentposition="224" splitpriority="none" relatedtopic="define-no-output" dropdown="continue" popup="none" popup-page-rule="" />
    <Paragraph id="1147509" documentposition="225" splitpriority="none" relatedtopic="define-no-output" dropdown="continue" popup="none" popup-page-rule="" />
    <Paragraph id="1147513" documentposition="226" splitpriority="none" relatedtopic="define-no-output" popup="none" popup-page-rule="" dropdown="end" />
  </Split>
  <Split id="1081247" documentposition="227">
    <Paragraph id="1081247" documentposition="227" splitpriority="4" dropdown="continue" popup="none" popup-page-rule="">
      <Marker behavior="topic" id="1082224">
        <Marker id="1082224" name="TopicAlias" xmlns="urn:WebWorks-Document-Schema">
          <TextRun id="tr1082224-1">
            <Text value="edit_sample_mappings_help" />
          </TextRun>
        </Marker>
      </Marker>
    </Paragraph>
    <Paragraph id="1082153" documentposition="228" splitpriority="none" dropdown="continue" popup="none" popup-page-rule="" />
    <Paragraph id="1089445" documentposition="229" splitpriority="none" dropdown="continue" popup="none" popup-page-rule="" />
    <Paragraph id="1082146" documentposition="230" splitpriority="none" dropdown="continue" popup="none" popup-page-rule="" />
    <Paragraph id="1091162" documentposition="232" splitpriority="none" dropdown="continue" popup="none" popup-page-rule="" />
    <Paragraph id="1081147" documentposition="233" splitpriority="none" dropdown="continue" popup="none" popup-page-rule="" />
    <Paragraph id="1081182" documentposition="234" splitpriority="none" dropdown="continue" popup="none" popup-page-rule="" />
    <Paragraph id="1125515" documentposition="235" splitpriority="none" dropdown="continue" popup="none" popup-page-rule="" />
    <Paragraph id="1125933" documentposition="237" splitpriority="none" dropdown="continue" popup="none" popup-page-rule="" />
    <Paragraph id="1125935" documentposition="238" splitpriority="none" dropdown="continue" popup="none" popup-page-rule="" />
    <Paragraph id="1125936" documentposition="239" splitpriority="none" dropdown="continue" popup="none" popup-page-rule="" />
    <Paragraph id="1125937" documentposition="240" splitpriority="none" dropdown="continue" popup="none" popup-page-rule="" />
    <Paragraph id="1125938" documentposition="241" splitpriority="none" dropdown="continue" popup="none" popup-page-rule="" />
    <Paragraph id="1125575" documentposition="242" splitpriority="none" dropdown="continue" popup="none" popup-page-rule="" />
    <Paragraph id="1085193" documentposition="243" splitpriority="none" dropdown="continue" popup="none" popup-page-rule="" />
    <Paragraph id="1081151" documentposition="244" splitpriority="none" dropdown="continue" popup="none" popup-page-rule="" />
    <Paragraph id="1147521" documentposition="246" splitpriority="none" relatedtopic="define-no-output" dropdown="continue" popup="none" popup-page-rule="" />
    <Paragraph id="1147525" documentposition="247" splitpriority="none" relatedtopic="define-no-output" dropdown="continue" popup="none" popup-page-rule="" />
    <Paragraph id="1147529" documentposition="248" splitpriority="none" relatedtopic="define-no-output" popup="none" popup-page-rule="" dropdown="end" />
  </Split>
  <Split id="1080249" documentposition="249">
    <Paragraph id="1080249" documentposition="249" splitpriority="4" dropdown="continue" popup="none" popup-page-rule="" />
    <Paragraph id="1081202" documentposition="250" splitpriority="none" dropdown="continue" popup="none" popup-page-rule="" />
    <Paragraph id="1081271" documentposition="251" splitpriority="none" dropdown="continue" popup="none" popup-page-rule="" />
    <Paragraph id="1081324" documentposition="252" splitpriority="none" dropdown="continue" popup="none" popup-page-rule="" />
    <Paragraph id="1091190" documentposition="253" splitpriority="none" dropdown="continue" popup="none" popup-page-rule="" />
    <Paragraph id="1091182" documentposition="255" splitpriority="none" dropdown="continue" popup="none" popup-page-rule="" />
    <Paragraph id="1079626" documentposition="256" splitpriority="none" dropdown="continue" popup="none" popup-page-rule="" />
    <Paragraph id="1132244" documentposition="257" splitpriority="none" dropdown="continue" popup="none" popup-page-rule="" />
    <Paragraph id="1147537" documentposition="258" splitpriority="none" relatedtopic="define-no-output" dropdown="continue" popup="none" popup-page-rule="" />
    <Paragraph id="1147541" documentposition="259" splitpriority="none" relatedtopic="define-no-output" dropdown="continue" popup="none" popup-page-rule="" />
    <Paragraph id="1147545" documentposition="260" splitpriority="none" relatedtopic="define-no-output" popup="none" popup-page-rule="" dropdown="end" />
  </Split>
  <Split id="1089873" documentposition="261">
    <Paragraph id="1089873" documentposition="261" splitpriority="4" dropdown="continue" popup="none" popup-page-rule="">
      <Marker behavior="topic" id="1118346">
        <Marker id="1118346" name="TopicAlias" xmlns="urn:WebWorks-Document-Schema">
          <TextRun id="tr1118346-1">
            <Text value="configure_copy_number_help" />
          </TextRun>
        </Marker>
      </Marker>
    </Paragraph>
    <Paragraph id="1119394" documentposition="262" splitpriority="none" dropdown="continue" popup="none" popup-page-rule="" />
    <Paragraph id="1119396" documentposition="263" splitpriority="none" dropdown="continue" popup="none" popup-page-rule="" />
    <Paragraph id="1119367" documentposition="264" splitpriority="none" dropdown="continue" popup="none" popup-page-rule="" />
    <Paragraph id="1119378" documentposition="265" splitpriority="none" dropdown="continue" popup="none" popup-page-rule="" />
    <Paragraph id="1119277" documentposition="266" splitpriority="none" dropdown="continue" popup="none" popup-page-rule="" />
    <Paragraph id="1089976" documentposition="267" splitpriority="none" dropdown="continue" popup="none" popup-page-rule="" />
    <Paragraph id="1094410" documentposition="268" splitpriority="none" dropdown="continue" popup="none" popup-page-rule="" />
    <Paragraph id="1094406" documentposition="269" splitpriority="none" dropdown="continue" popup="none" popup-page-rule="" />
    <Paragraph id="1089953" documentposition="271" splitpriority="none" dropdown="continue" popup="none" popup-page-rule="" />
    <Table id="1090095" documentposition="272" splitpriority="none">
      <TableCell>
        <Paragraph id="1090097" dropdown="continue" popup="none" popup-page-rule="" />
      </TableCell>
      <TableCell>
        <Paragraph id="1090099" dropdown="continue" popup="none" popup-page-rule="" />
      </TableCell>
      <TableCell>
        <Paragraph id="1090101" dropdown="continue" popup="none" popup-page-rule="" />
      </TableCell>
      <TableCell>
        <Paragraph id="1090103" dropdown="continue" popup="none" popup-page-rule="" />
      </TableCell>
      <TableCell>
        <Paragraph id="1090105" dropdown="continue" popup="none" popup-page-rule="" />
      </TableCell>
      <TableCell>
        <Paragraph id="1090107" dropdown="continue" popup="none" popup-page-rule="" />
      </TableCell>
      <TableCell>
        <Paragraph id="1090109" dropdown="continue" popup="none" popup-page-rule="" />
      </TableCell>
      <TableCell>
        <Paragraph id="1090111" dropdown="continue" popup="none" popup-page-rule="" />
      </TableCell>
      <TableCell>
        <Paragraph id="1090113" dropdown="continue" popup="none" popup-page-rule="" />
      </TableCell>
      <TableCell>
        <Paragraph id="1090115" dropdown="continue" popup="none" popup-page-rule="" />
      </TableCell>
      <TableCell>
        <Paragraph id="1090117" dropdown="continue" popup="none" popup-page-rule="" />
      </TableCell>
      <TableCell>
        <Paragraph id="1090119" dropdown="continue" popup="none" popup-page-rule="" />
      </TableCell>
      <TableCell>
        <Paragraph id="1090121" dropdown="continue" popup="none" popup-page-rule="" />
      </TableCell>
      <TableCell>
        <Paragraph id="1090123" dropdown="continue" popup="none" popup-page-rule="" />
      </TableCell>
    </Table>
    <Paragraph id="1090004" documentposition="273" splitpriority="none" dropdown="continue" popup="none" popup-page-rule="" />
    <Paragraph id="1147582" documentposition="274" splitpriority="none" relatedtopic="define-no-output" dropdown="continue" popup="none" popup-page-rule="" />
    <Paragraph id="1147586" documentposition="275" splitpriority="none" relatedtopic="define-no-output" dropdown="continue" popup="none" popup-page-rule="" />
    <Paragraph id="1147590" documentposition="276" splitpriority="none" relatedtopic="define-no-output" popup="none" popup-page-rule="" dropdown="end" />
  </Split>
  <Split id="1075831" documentposition="277">
    <Paragraph id="1075831" documentposition="277" splitpriority="3" dropdown="continue" popup="none" popup-page-rule="">
      <Marker behavior="topic" id="1082223">
        <Marker id="1082223" name="TopicAlias" xmlns="urn:WebWorks-Document-Schema">
          <TextRun id="tr1082223-1">
            <Text value="edit_imaging_data_help" />
          </TextRun>
        </Marker>
      </Marker>
    </Paragraph>
    <Paragraph id="1077974" documentposition="278" splitpriority="none" dropdown="continue" popup="none" popup-page-rule="" />
    <Paragraph id="1083440" documentposition="279" splitpriority="none" dropdown="continue" popup="none" popup-page-rule="" />
    <Paragraph id="1081340" documentposition="280" splitpriority="none" dropdown="continue" popup="none" popup-page-rule="" />
    <Paragraph id="1081374" documentposition="281" splitpriority="none" dropdown="continue" popup="none" popup-page-rule="" />
    <Paragraph id="1080129" documentposition="282" splitpriority="none" dropdown="continue" popup="none" popup-page-rule="" />
    <Paragraph id="1080167" documentposition="284" splitpriority="none" dropdown="continue" popup="none" popup-page-rule="" />
    <Paragraph id="1080168" documentposition="285" splitpriority="none" dropdown="continue" popup="none" popup-page-rule="" />
    <Paragraph id="1081393" documentposition="286" splitpriority="none" dropdown="continue" popup="none" popup-page-rule="" />
    <Paragraph id="1094418" documentposition="287" splitpriority="none" dropdown="continue" popup="none" popup-page-rule="" />
    <Paragraph id="1094422" documentposition="288" splitpriority="none" dropdown="continue" popup="none" popup-page-rule="" />
    <Paragraph id="1095465" documentposition="289" splitpriority="none" dropdown="continue" popup="none" popup-page-rule="" />
    <Paragraph id="1095474" documentposition="290" splitpriority="none" dropdown="continue" popup="none" popup-page-rule="" />
    <Paragraph id="1095490" documentposition="291" splitpriority="none" dropdown="continue" popup="none" popup-page-rule="" />
    <Paragraph id="1081403" documentposition="292" splitpriority="none" dropdown="continue" popup="none" popup-page-rule="" />
    <Paragraph id="1081453" documentposition="293" splitpriority="none" dropdown="continue" popup="none" popup-page-rule="" />
    <Paragraph id="1108908" documentposition="294" splitpriority="none" dropdown="continue" popup="none" popup-page-rule="" />
    <Paragraph id="1082278" documentposition="296" splitpriority="none" dropdown="continue" popup="none" popup-page-rule="" />
    <Paragraph id="1082287" documentposition="297" splitpriority="none" dropdown="continue" popup="none" popup-page-rule="" />
    <Paragraph id="1147598" documentposition="298" splitpriority="none" relatedtopic="define-no-output" dropdown="continue" popup="none" popup-page-rule="" />
    <Paragraph id="1147602" documentposition="299" splitpriority="none" relatedtopic="define-no-output" dropdown="continue" popup="none" popup-page-rule="" />
    <Paragraph id="1147606" documentposition="300" splitpriority="none" relatedtopic="define-no-output" dropdown="continue" popup="none" popup-page-rule="" />
    <Paragraph id="1147610" documentposition="301" splitpriority="none" relatedtopic="define-no-output" popup="none" popup-page-rule="" dropdown="end" />
  </Split>
  <Split id="1126378" documentposition="302">
    <Paragraph id="1126378" documentposition="302" splitpriority="3" dropdown="continue" popup="none" popup-page-rule="" />
    <Paragraph id="1126393" documentposition="303" splitpriority="none" dropdown="continue" popup="none" popup-page-rule="" />
    <Paragraph id="1126402" documentposition="304" splitpriority="none" dropdown="continue" popup="none" popup-page-rule="" />
    <Paragraph id="1126406" documentposition="305" splitpriority="none" dropdown="continue" popup="none" popup-page-rule="" />
    <Paragraph id="1126848" documentposition="306" splitpriority="none" dropdown="continue" popup="none" popup-page-rule="" />
    <Paragraph id="1126418" documentposition="307" splitpriority="none" dropdown="continue" popup="none" popup-page-rule="" />
    <Paragraph id="1126419" documentposition="308" splitpriority="none" dropdown="continue" popup="none" popup-page-rule="" />
    <Paragraph id="1126420" documentposition="309" splitpriority="none" dropdown="continue" popup="none" popup-page-rule="" />
    <Paragraph id="1126431" documentposition="310" splitpriority="none" dropdown="continue" popup="none" popup-page-rule="" />
    <Paragraph id="1126455" documentposition="311" splitpriority="none" dropdown="continue" popup="none" popup-page-rule="" />
    <Paragraph id="1140319" documentposition="313" splitpriority="none" popup="none" popup-page-rule="" dropdown="end" />
  </Split>
  <Split id="1126457" documentposition="315">
    <Paragraph id="1126457" documentposition="315" splitpriority="3" dropdown="continue" popup="none" popup-page-rule="" />
    <Paragraph id="1081471" documentposition="316" splitpriority="none" dropdown="continue" popup="none" popup-page-rule="" />
    <Paragraph id="1089848" documentposition="317" splitpriority="none" popup="none" popup-page-rule="" dropdown="end" />
  </Split>
  <Split id="1076280" documentposition="318">
    <Paragraph id="1076280" documentposition="318" splitpriority="2" dropdown="continue" popup="none" popup-page-rule="">
      <Marker behavior="topic" id="1082222">
        <Marker id="1082222" name="TopicAlias" xmlns="urn:WebWorks-Document-Schema">
          <TextRun id="tr1082222-1">
            <Text value="manage_study_help" />
          </TextRun>
        </Marker>
      </Marker>
    </Paragraph>
    <Paragraph id="1082055" documentposition="319" splitpriority="none" dropdown="continue" popup="none" popup-page-rule="" />
    <Paragraph id="1085452" documentposition="320" splitpriority="none" dropdown="continue" popup="none" popup-page-rule="" />
    <Paragraph id="1082056" documentposition="321" splitpriority="none" dropdown="continue" popup="none" popup-page-rule="" />
    <Paragraph id="1110841" documentposition="322" splitpriority="none" dropdown="continue" popup="none" popup-page-rule="" />
    <Paragraph id="1095601" documentposition="323" splitpriority="none" dropdown="continue" popup="none" popup-page-rule="" />
    <Paragraph id="1082058" documentposition="324" splitpriority="none" dropdown="continue" popup="none" popup-page-rule="" />
    <Paragraph id="1082059" documentposition="325" splitpriority="none" dropdown="continue" popup="none" popup-page-rule="" />
    <Paragraph id="1081683" documentposition="326" splitpriority="none" dropdown="continue" popup="none" popup-page-rule="" />
    <Paragraph id="1111830" documentposition="327" splitpriority="none" dropdown="continue" popup="none" popup-page-rule="" />
    <Paragraph id="1081698" documentposition="329" splitpriority="none" dropdown="continue" popup="none" popup-page-rule="" />
    <Paragraph id="1090574" documentposition="330" splitpriority="none" dropdown="continue" popup="none" popup-page-rule="" />
    <Paragraph id="1139379" documentposition="332" splitpriority="none" dropdown="continue" popup="none" popup-page-rule="" />
    <Paragraph id="1081746" documentposition="333" splitpriority="none" dropdown="continue" popup="none" popup-page-rule="" />
    <Paragraph id="1147626" documentposition="334" splitpriority="none" popup="none" popup-page-rule="" dropdown="end" />
  </Split>
  <Split id="1078043" documentposition="335">
    <Paragraph id="1078043" documentposition="335" splitpriority="3" dropdown="continue" popup="none" popup-page-rule="">
      <Marker behavior="topic" id="1082221">
        <Marker id="1082221" name="TopicAlias" xmlns="urn:WebWorks-Document-Schema">
          <TextRun id="tr1082221-1">
            <Text value="manage_platforms_help" />
          </TextRun>
        </Marker>
      </Marker>
    </Paragraph>
    <Paragraph id="1078047" documentposition="336" splitpriority="none" dropdown="continue" popup="none" popup-page-rule="" />
    <Paragraph id="1090575" documentposition="337" splitpriority="none" dropdown="continue" popup="none" popup-page-rule="" />
    <Paragraph id="1080932" documentposition="338" splitpriority="none" dropdown="continue" popup="none" popup-page-rule="" />
    <Paragraph id="1080973" documentposition="339" splitpriority="none" dropdown="continue" popup="none" popup-page-rule="" />
    <Paragraph id="1081852" documentposition="340" splitpriority="none" dropdown="continue" popup="none" popup-page-rule="" />
    <Paragraph id="1080952" documentposition="342" splitpriority="none" dropdown="continue" popup="none" popup-page-rule="" />
    <Paragraph id="1139412" documentposition="343" splitpriority="none" dropdown="continue" popup="none" popup-page-rule="" />
    <Paragraph id="1090590" documentposition="344" splitpriority="none" dropdown="continue" popup="none" popup-page-rule="" />
    <Paragraph id="1090773" documentposition="345" splitpriority="none" dropdown="continue" popup="none" popup-page-rule="" />
    <Paragraph id="1125489" documentposition="346" splitpriority="none" dropdown="continue" popup="none" popup-page-rule="" />
    <Paragraph id="1125508" documentposition="347" splitpriority="none" dropdown="continue" popup="none" popup-page-rule="" />
    <Paragraph id="1125480" documentposition="348" splitpriority="none" dropdown="continue" popup="none" popup-page-rule="" />
    <Paragraph id="1126348" documentposition="349" splitpriority="none" dropdown="continue" popup="none" popup-page-rule="" />
    <Paragraph id="1092271" documentposition="350" splitpriority="none" relatedtopic="define-no-output" dropdown="continue" popup="none" popup-page-rule="" />
    <Paragraph id="1073169" documentposition="351" splitpriority="none" popup="none" popup-page-rule="" dropdown="end" />
  </Split>
</Behaviors>