<?xml version="1.0" encoding="utf-8"?>
<SplitPriorities version="1.0" xmlns="urn:WebWorks-Engine-Splits-Schema">
  <SplitPriority id="1070912" documentposition="3" splitpriority="1" outputposition="1" />
  <SplitPriority id="1073286" documentposition="9" splitpriority="2" outputposition="7" />
  <SplitPriority id="1073216" documentposition="17" splitpriority="2" outputposition="15" />
  <SplitPriority id="1073921" documentposition="26" splitpriority="3" outputposition="23" />
  <SplitPriority id="1127623" documentposition="39" splitpriority="2" outputposition="34" />
  <SplitPriority id="1126596" documentposition="41" splitpriority="3" outputposition="36" />
  <SplitPriority id="1127752" documentposition="54" splitpriority="3" outputposition="49" />
  <SplitPriority id="1075197" documentposition="57" splitpriority="3" outputposition="52" />
  <SplitPriority id="1125074" documentposition="81" splitpriority="4" outputposition="74" />
  <SplitPriority id="1082197" documentposition="105" splitpriority="4" outputposition="96" />
  <SplitPriority id="1077698" documentposition="138" splitpriority="4" outputposition="127" />
  <SplitPriority id="1076975" documentposition="159" splitpriority="3" outputposition="146" />
  <SplitPriority id="1081247" documentposition="183" splitpriority="4" outputposition="168" />
  <SplitPriority id="1080249" documentposition="205" splitpriority="4" outputposition="187" />
  <SplitPriority id="1089873" documentposition="216" splitpriority="4" outputposition="197" />
  <SplitPriority id="1075831" documentposition="232" splitpriority="3" outputposition="212" />
  <SplitPriority id="1126378" documentposition="257" splitpriority="3" outputposition="235" />
  <SplitPriority id="1126457" documentposition="270" splitpriority="3" outputposition="248" />
  <SplitPriority id="1076280" documentposition="273" splitpriority="2" outputposition="251" />
  <SplitPriority id="1078043" documentposition="289" splitpriority="3" outputposition="266" />
</SplitPriorities>