<?xml version="1.0" encoding="utf-8"?>
<SplitPriorities version="1.0" xmlns="urn:WebWorks-Engine-Splits-Schema">
  <SplitPriority id="1070912" documentposition="3" splitpriority="1" outputposition="1" />
  <SplitPriority id="1073286" documentposition="9" splitpriority="2" outputposition="7" />
  <SplitPriority id="1073216" documentposition="17" splitpriority="2" outputposition="15" />
  <SplitPriority id="1073921" documentposition="26" splitpriority="3" outputposition="23" />
  <SplitPriority id="1134337" documentposition="43" splitpriority="3" outputposition="38" />
  <SplitPriority id="1127623" documentposition="49" splitpriority="2" outputposition="44" />
  <SplitPriority id="1131246" documentposition="66" splitpriority="3" outputposition="61" />
  <SplitPriority id="1127752" documentposition="80" splitpriority="3" outputposition="75" />
  <SplitPriority id="1134706" documentposition="89" splitpriority="3" outputposition="84" />
  <SplitPriority id="1125074" documentposition="115" splitpriority="4" outputposition="108" />
  <SplitPriority id="1082197" documentposition="139" splitpriority="4" outputposition="130" />
  <SplitPriority id="1077698" documentposition="172" splitpriority="4" outputposition="161" />
  <SplitPriority id="1076975" documentposition="195" splitpriority="3" outputposition="182" />
  <SplitPriority id="1081247" documentposition="227" splitpriority="4" outputposition="212" />
  <SplitPriority id="1080249" documentposition="249" splitpriority="4" outputposition="231" />
  <SplitPriority id="1089873" documentposition="261" splitpriority="4" outputposition="242" />
  <SplitPriority id="1075831" documentposition="277" splitpriority="3" outputposition="257" />
  <SplitPriority id="1126378" documentposition="302" splitpriority="3" outputposition="280" />
  <SplitPriority id="1126457" documentposition="315" splitpriority="3" outputposition="291" />
  <SplitPriority id="1076280" documentposition="318" splitpriority="2" outputposition="294" />
  <SplitPriority id="1078043" documentposition="335" splitpriority="3" outputposition="309" />
</SplitPriorities>