<?xml version="1.0" encoding="utf-8"?>
<Splits version="1.0" xmlns="urn:WebWorks-Engine-Splits-Schema">
  <Split id="1070912" documentposition="3" />
  <Split id="1073286" documentposition="9" />
  <Split id="1073216" documentposition="17" />
  <Split id="1073921" documentposition="26" />
  <Split id="1127623" documentposition="39" />
  <Split id="1126596" documentposition="41" />
  <Split id="1127752" documentposition="54" />
  <Split id="1075197" documentposition="57" />
  <Split id="1125074" documentposition="81" />
  <Split id="1082197" documentposition="105" />
  <Split id="1077698" documentposition="138" />
  <Split id="1076975" documentposition="159" />
  <Split id="1081247" documentposition="183" />
  <Split id="1080249" documentposition="205" />
  <Split id="1089873" documentposition="216" />
  <Split id="1075831" documentposition="232" />
  <Split id="1126378" documentposition="257" />
  <Split id="1126457" documentposition="270" />
  <Split id="1076280" documentposition="273" />
  <Split id="1078043" documentposition="289" />
</Splits>