<?xml version="1.0" encoding="utf-8"?>
<Splits version="1.0" xmlns="urn:WebWorks-Engine-Splits-Schema">
  <Split id="1070912" documentposition="3" />
  <Split id="1073286" documentposition="9" />
  <Split id="1073216" documentposition="17" />
  <Split id="1073921" documentposition="26" />
  <Split id="1127623" documentposition="41" />
  <Split id="1131246" documentposition="58" />
  <Split id="1127752" documentposition="71" />
  <Split id="1075197" documentposition="74" />
  <Split id="1125074" documentposition="100" />
  <Split id="1082197" documentposition="124" />
  <Split id="1077698" documentposition="157" />
  <Split id="1076975" documentposition="178" />
  <Split id="1081247" documentposition="203" />
  <Split id="1080249" documentposition="225" />
  <Split id="1089873" documentposition="237" />
  <Split id="1075831" documentposition="253" />
  <Split id="1126378" documentposition="278" />
  <Split id="1126457" documentposition="291" />
  <Split id="1076280" documentposition="294" />
  <Split id="1078043" documentposition="310" />
</Splits>