ORGS,RAD
ORGID,2.16.840.1.113883.19.4,1111GHHMO
ORGID,2.16.840.1.113883.19.5,2222
ORGNM,Good Health HMO
ORGNM,Good Health Radiology
ORGNM,GHHMOR
ORGAD,456 Washington Blvd,Suite 1000,Washington,DC,20002
ORGAD,567 Empire Ave.,Suite 10000,New York,NY,10118
PERSNM,Lee,Shang,Q,NRS10
PERSID,2.16.840.1.113883.19.1,12345
PERSID,2.16.840.1.113883.19.2,23456
PERSID,2.16.840.1.113883.19.3,34567
PERSAD,123 Main St.,Suite 500,Rockville,MD,20852
PERSAD,456 Washington Blvd,Suite 1000,Washington,DC,20002
