PATIENT_ID,DC_STUDY_ID,MICROARRAY,SITE,IN_DC_STUDY,GENDER,AGE_AT_DIAGNOSIS,RACE,ADJUVANT_CHEMO,ADJUVANT_RT,VITAL_STATUS,FIRST_PROGRESSION_OR_RELAPSE,ENROLLMENT_DATE,MONTHS_TO_FIRST_PROGRESSION,MTHS_TO_LAST_CLINICAL_ASSESSMENT,LAST_CLINICAL_ASSESSMENT_DATE,MONTHS_TO_LAST_CONTACT_OR_DEATH,LAST_CONTACT_DATE,DEATH_DATE,SMOKING_HISTORY,SURGICAL_MARGINS,PATHOLOGIC_N_STAGE,PATHOLOGIC_T_STAGE,MEDIAN_INTENSITY_UNNORMALIZED,PCT_ARRAY_OUTLIER,PCT_SINGLE_OUTLIER,WARNING,LABORATORY_BATCH,Histologic grade
151,B-NCI_U133A_1L.CHP,NCI_U133A_1L,MSKCC,1,MALE,64,White,Yes,No,Dead,Yes,1/1/1996,8,15,3/26/1997,16,4/25/1997,4/25/1997,Currently smoking,R0,N1,T3,191,2.536,0.143,,,POORLY DIFFERENTIATED
152,B-NCI_U133A_2L.CHP,NCI_U133A_2L,MSKCC,1,MALE,62,White,Yes,Yes,Alive,Yes,1/2/1996,3,72,12/1/2001,72,12/1/2001, ,Smoked in the past,R0,N0,T2,193,4.573,0.288,,,Moderate Differentiation
153,B-NCI_U133A_3L.CHP,NCI_U133A_3L,MSKCC,1,FEMALE,70,White,No,No,Alive,No,1/3/1996,,47,11/13/1999,47,11/13/1999, ,Smoked in the past,R0,N0,T1,192,1.512,0.131,,,Moderate Differentiation
154,B-NCI_U133A_4L.CHP,NCI_U133A_4L,MSKCC,1,MALE,67,White,No,Yes,Dead,Yes,1/4/1996,50,52,4/12/2000,52,4/12/2000,4/12/2000,Smoked in the past,R0,N2,T3,192,1.252,0.074,,,POORLY DIFFERENTIATED
155,B-NCI_U133A_5L.CHP,NCI_U133A_5L,MSKCC,1,FEMALE,56,White,Yes,No,Dead,Yes,1/5/1996,14,28,4/24/1998,39,3/20/1999,3/20/1999,Currently smoking,R0,N1,T2,193,1.894,0.142,,,POORLY DIFFERENTIATED
156,B-NCI_U133A_6L.CHP,NCI_U133A_6L,MSKCC,1,MALE,57,White,No,No,Alive,No,1/6/1996,,66,6/8/2001,66,6/8/2001, ,Smoked in the past,R0,N1,T1,192,1.212,0.102,,,Moderate Differentiation
157,B-NCI_U133A_7L.CHP,NCI_U133A_7L,MSKCC,1,FEMALE,81,White,No,No,Alive,No,1/7/1996,,44,8/19/1999,44,8/19/1999, ,Never smoked,R0,N0,T2,193,1.423,0.142,,,Moderate Differentiation
158,B-NCI_U133A_8L.CHP,NCI_U133A_8L,MSKCC,1,FEMALE,65,White,No,No,Alive,No,1/8/1996,,70,10/8/2001,70,10/8/2001, ,Smoked in the past,R0,N0,T1,193,3.002,0.262,,,WELL DIFFERENTIATED
159,B-NCI_U133A_9L.CHP,NCI_U133A_9L,MSKCC,1,FEMALE,73,White,No,No,Alive,No,1/9/1996,,74,2/6/2002,75,3/8/2002, ,Never smoked,R0,N2,T2,192,0.965,0.075,,,Moderate Differentiation
160,B-NCI_U133A_10L.CHP,NCI_U133A_10L,MSKCC,1,MALE,65,White,No,No,Alive,Yes,1/10/1996,37,92,8/1/2003,92,8/1/2003, ,Currently smoking,R0,N0,T1,192,1.113,0.11,,,Moderate Differentiation
161,B-NCI_U133A_11L.CHP,NCI_U133A_11L,MSKCC,1,MALE,62,White,No,No,Alive,No,1/11/1996,,65,5/14/2001,65,5/14/2001, ,Smoked in the past,R0,N0,T1,192,2.45,0.123,,,
162,B-NCI_U133A_12L.CHP,NCI_U133A_12L,MSKCC,1,MALE,71,White,Yes,Yes,Alive,Yes,1/12/1996,13,43,7/25/1999,43,7/25/1999, ,Smoked in the past,R0,N2,T2,193,1.723,0.125,,,POORLY DIFFERENTIATED
163,B-NCI_U133A_13L.CHP,NCI_U133A_13L,MSKCC,1,FEMALE,82,White,No,No,Alive,No,1/13/1996,,4,5/12/1996,69,9/13/2001, ,Currently smoking,R0,N0,T1,193,2.648,0.12,,,POORLY DIFFERENTIATED
164,B-NCI_U133A_14L.CHP,NCI_U133A_14L,MSKCC,1,MALE,68,White,No,Yes,Dead,Yes,1/14/1996,23,33,9/30/1998,40,4/28/1999,4/28/1999,Smoked in the past,R0,N0,T2,192,1.66,0.096,,,POORLY DIFFERENTIATED
165,B-NCI_U133A_15L.CHP,NCI_U133A_15L,MSKCC,1,FEMALE,48,White,No,No,Dead,No,1/15/1996,,21,10/6/1997,21,10/6/1997,10/6/1997,Never smoked,R0,N2,T2,192,0.781,0.063,,,POORLY DIFFERENTIATED
166,B-NCI_U133A_16L.CHP,NCI_U133A_16L,MSKCC,1,FEMALE,82,White,Yes,Yes,Dead,Yes,1/16/1996,6,26,3/6/1998,29,6/4/1998,6/4/1998,Smoked in the past,R0,N0,T2,193,1.319,0.104,,,POORLY DIFFERENTIATED
167,B-NCI_U133A_17L.CHP,NCI_U133A_17L,MSKCC,1,MALE,64,White,Yes,Yes,Dead,Yes,1/17/1996,10,26,3/7/1998,26,3/7/1998,3/7/1998,Smoked in the past,R0,N2,T2,193,1.921,0.14,,,POORLY DIFFERENTIATED
168,B-NCI_U133A_18L.CHP,NCI_U133A_18L,MSKCC,1,MALE,68,White,No,No,Alive,Yes,1/18/1996,37,73,1/16/2002,77,5/16/2002, ,Smoked in the past,R0,N0,T2,192,1.903,0.142,,,POORLY DIFFERENTIATED
169,B-NCI_U133A_19L.CHP,NCI_U133A_19L,MSKCC,1,MALE,58,White,No,Yes,Dead,Yes,1/19/1996,1,2,3/19/1996,2,3/19/1996,3/19/1996,Smoked in the past,R1,N2,T2,193,1.463,0.139,,,POORLY DIFFERENTIATED
170,B-NCI_U133A_20L.CHP,NCI_U133A_20L,MSKCC,1,MALE,73,White,No,No,Alive,Yes,1/20/1996,37,66,6/22/2001,66,6/22/2001, ,Smoked in the past,R0,N0,T1,192,0.907,0.137,,,Moderate Differentiation
171,B-NCI_U133A_21L.CHP,NCI_U133A_21L,MSKCC,1,FEMALE,52,White,Yes,Yes,Dead,Yes,1/21/1996,8,8,9/17/1996,14,3/16/1997,3/16/1997,Currently smoking,R0,N2,T2,193,1.871,0.31,,,POORLY DIFFERENTIATED
172,B-NCI_U133A_22L.CHP,NCI_U133A_22L,MSKCC,1,MALE,62,White,No,No,Alive,No,1/22/1996,,33,10/8/1998,33,10/8/1998, ,Smoked in the past,R0,N0,T2,192,4.761,0.317,,,Moderate Differentiation
173,B-NCI_U133A_23L.CHP,NCI_U133A_23L,MSKCC,1,MALE,51,White,No,No,Alive,No,1/23/1996,,85,1/16/2003,85,1/16/2003, ,Currently smoking,R0,N0,T2,193,2.41,0.106,,,POORLY DIFFERENTIATED
174,B-NCI_U133A_24L.CHP,NCI_U133A_24L,MSKCC,1,MALE,62,Black or African American,No,Yes,Alive,Yes,1/24/1996,35,66,6/26/2001,66,6/26/2001, ,Smoked in the past,R0,N0,T2,193,2.432,0.271,,,WELL DIFFERENTIATED
175,B-NCI_U133A_25L.CHP,NCI_U133A_25L,MSKCC,1,FEMALE,50,White,No,No,Alive,No,1/25/1996,,15,4/19/1997,15,4/19/1997, ,Currently smoking,R0,N0,T1,193,3.298,0.255,,,Moderate Differentiation
176,B-NCI_U133A_26L.CHP,NCI_U133A_26L,MSKCC,1,MALE,65,Asian,No,No,Alive,No,1/26/1996,,91,7/18/2003,91,7/18/2003, ,Currently smoking,R0,N0,T2,193,1.575,0.129,,,POORLY DIFFERENTIATED
177,B-NCI_U133A_27L.CHP,NCI_U133A_27L,MSKCC,1,MALE,74,White,Yes,No,Dead,Yes,1/27/1996,39,67,7/29/2001,68,8/28/2001,8/28/2001,Smoked in the past,R0,N0,T2,193,1.45,0.166,,,Moderate Differentiation
178,B-NCI_U133A_28L.CHP,NCI_U133A_28L,MSKCC,1,FEMALE,55,White,No,No,Alive,No,1/28/1996,,33,10/14/1998,33,10/14/1998, ,Smoked in the past,R0,N1,T2,193,2.782,0.278,,,
179,B-NCI_U133A_29L.CHP,NCI_U133A_29L,MSKCC,1,MALE,54,White,Yes,Yes,Dead,Yes,1/29/1996,8,24,1/18/1998,24,1/18/1998,1/18/1998,Smoked in the past,R0,N2,T3,193,1.651,0.131,,,POORLY DIFFERENTIATED
180,B-NCI_U133A_30L.CHP,NCI_U133A_30L,MSKCC,1,MALE,76,White,No,No,Alive,No,1/30/1996,,62,3/4/2001,62,3/4/2001, ,Smoked in the past,R0,N0,T1,192,1.445,0.093,,,Moderate Differentiation
181,B-NCI_U133A_31L.CHP,NCI_U133A_31L,MSKCC,1,FEMALE,64,White,Yes,Yes,Dead,Yes,1/31/1996,1,114,6/12/2005,114,6/12/2005,6/12/2005,Smoked in the past,R0,N2,T2,192,1.378,0.123,,,POORLY DIFFERENTIATED
182,B-NCI_U133A_32L.CHP,NCI_U133A_32L,MSKCC,1,FEMALE,58,White,No,No,Dead,No,2/1/1996,,4,5/31/1996,4,5/31/1996,5/31/1996,Smoked in the past,R0,N2,T2,192,0.763,0.059,,,POORLY DIFFERENTIATED
183,B-NCI_U133A_33L.CHP,NCI_U133A_33L,MSKCC,1,MALE,70,White,Yes,Yes,Dead,Yes,2/2/1996,13,20,9/24/1997,20,9/24/1997,9/24/1997,Smoked in the past,R0,N1,T2,192,2.064,0.119,,,Moderate Differentiation
184,B-NCI_U133A_34L.CHP,NCI_U133A_34L,MSKCC,1,FEMALE,57,White,Yes,Yes,Dead,Yes,2/3/1996,23,50,3/13/2000,52,5/12/2000,5/12/2000,Smoked in the past,R0,N2,T2,193,1.544,0.095,,,
185,B-NCI_U133A_35L.CHP,NCI_U133A_35L,MSKCC,1,FEMALE,67,White,Yes,Yes,Alive,No,2/4/1996,,93,9/25/2003,93,9/25/2003, ,Smoked in the past,R0,N1,T2,193,1.396,0.116,,,Moderate Differentiation
186,B-NCI_U133A_36L.CHP,NCI_U133A_36L,MSKCC,0,MALE,40,White,No,No,Alive,No,2/5/1996,,51,4/14/2000,51,4/14/2000, ,Smoked in the past,R0,N0,T2,194,21.649,1.787,*,,Moderate Differentiation
187,B-NCI_U133A_37L_Rep,NCI_U133A_37L_Rep,MSKCC,1,FEMALE,74,White,No,No,Dead,No,2/6/1996,,12,1/31/1997,14,4/1/1997,4/1/1997,Currently smoking,R0,N0,T2,192,1.53,0.089,,,POORLY DIFFERENTIATED
188,B-NCI_U133A_38L.CHP,NCI_U133A_38L,MSKCC,1,FEMALE,59,White,Yes,No,Alive,Yes,2/7/1996,19,37,2/21/1999,100,4/25/2004, ,Never smoked,R0,N1,T2,193,0.494,0.052,,,POORLY DIFFERENTIATED
189,B-NCI_U133A_39L.CHP,NCI_U133A_39L,MSKCC,1,FEMALE,66,White,No,No,Alive,No,2/8/1996,,32,9/25/1998,33,10/25/1998, ,Smoked in the past,R0,N0,T2,192,1.485,0.093,,,WELL DIFFERENTIATED
190,B-NCI_U133A_40L.CHP,NCI_U133A_40L,MSKCC,1,MALE,67,White,Yes,No,Dead,Yes,2/9/1996,21,31,8/27/1998,32,9/26/1998,9/26/1998,Never smoked,R0,N1,T1,193,0.83,0.081,,,Moderate Differentiation
191,B-NCI_U133A_41L.CHP,NCI_U133A_41L,MSKCC,1,FEMALE,57,White,No,No,Alive,No,2/10/1996,,60,1/14/2001,60,1/14/2001, ,Smoked in the past,R0,N0,T1,191,0.642,0.06,,,Moderate Differentiation
192,B-NCI_U133A_42L.CHP,NCI_U133A_42L,MSKCC,1,MALE,64,White,No,No,Alive,No,2/11/1996,,50,3/21/2000,50,3/21/2000, ,Smoked in the past,R0,N0,T2,192,1.647,0.161,,,Moderate Differentiation
193,B-NCI_U133A_43L.CHP,NCI_U133A_43L,MSKCC,1,FEMALE,59,Black or African American,No,Yes,Dead,Yes,2/12/1996,7,13,3/8/1997,15,5/7/1997,5/7/1997,Smoked in the past,R0,N0,T2,192,0.66,0.069,,,POORLY DIFFERENTIATED
194,B-NCI_U133A_44L.CHP,NCI_U133A_44L,MSKCC,1,FEMALE,76,White,No,No,Alive,No,2/13/1996,,37,2/27/1999,37,2/27/1999, ,Never smoked,R0,N0,T2,193,1.135,0.117,,,Moderate Differentiation
195,B-NCI_U133A_45L.CHP,NCI_U133A_45L,MSKCC,1,FEMALE,82,White,No,No,Alive,No,2/14/1996,,54,7/22/2000,54,7/22/2000, ,Smoked in the past,R0,N0,T2,193,2.536,0.23,,,WELL DIFFERENTIATED
196,B-NCI_U133A_46L.CHP,NCI_U133A_46L,MSKCC,1,MALE,58,White,No,No,Alive,No,2/15/1996,,31,9/2/1998,31,9/2/1998, ,Smoked in the past,R0,N0,T1,193,1.741,0.153,,,Moderate Differentiation
197,B-NCI_U133A_47L.CHP,NCI_U133A_47L,MSKCC,1,MALE,65,White,No,No,Alive,No,2/16/1996,,38,4/1/1999,38,4/1/1999, ,Currently smoking,R0,N0,T2,192,2.598,0.171,,,
198,B-NCI_U133A_48L.CHP,NCI_U133A_48L,MSKCC,1,FEMALE,49,White,No,No,Alive,No,2/17/1996,,90,7/10/2003,115,7/29/2005, ,Never smoked,R0,N2,T1,193,0.875,0.052,,,Moderate Differentiation
199,B-NCI_U133A_49L.CHP,NCI_U133A_49L,MSKCC,1,FEMALE,71,White,No,No,Alive,Yes,2/18/1996,10,34,12/4/1998,36,2/2/1999, ,Smoked in the past,R0,N2,T2,192,1.75,0.119,,,Moderate Differentiation
200,B-NCI_U133A_50L.CHP,NCI_U133A_50L,MSKCC,1,FEMALE,61,White,Yes,No,Dead,No,2/19/1996,,44,10/1/1999,48,1/29/2000,1/29/2000,Smoked in the past,R0,N0,T1,192,1.584,0.092,,,POORLY DIFFERENTIATED
201,B-NCI_U133A_51L.CHP,NCI_U133A_51L,MSKCC,1,MALE,75,White,Yes,Yes,Dead,Yes,2/20/1996,9,17,7/14/1997,19,9/12/1997,9/12/1997,Smoked in the past,R0,N2,T2,193,1.073,0.077,,,WELL DIFFERENTIATED
202,B-NCI_U133A_52L.CHP,NCI_U133A_52L,MSKCC,1,FEMALE,46,White,No,No,Alive,No,2/21/1996,,90,7/14/2003,91,8/13/2003, ,Smoked in the past,R0,N0,T1,193,2.554,0.171,,,Moderate Differentiation
203,B-NCI_U133A_53L.CHP,NCI_U133A_53L,MSKCC,1,FEMALE,74,Asian,No,No,Dead,No,2/22/1996,,65,6/25/2001,204,11/24/2012,11/24/2012,Smoked in the past,R0,N0,T2,192,1.342,0.087,,,POORLY DIFFERENTIATED
204,B-NCI_U133A_54L.CHP,NCI_U133A_54L,MSKCC,1,FEMALE,51,White,No,No,Alive,No,2/23/1996,,50,4/2/2000,50,4/2/2000, ,Never smoked,R0,N1,T2,193,1.831,0.326,,,Moderate Differentiation
205,B-NCI_U133A_55L.CHP,NCI_U133A_55L,MSKCC,1,MALE,54,White,No,No,Alive,No,2/24/1996,,80,9/20/2002,80,9/20/2002, ,Smoked in the past,R0,N0,T1,192,1.077,0.063,,,POORLY DIFFERENTIATED
206,B-NCI_U133A_56L.CHP,NCI_U133A_56L,MSKCC,1,FEMALE,50,White,Yes,Yes,Dead,Yes,2/25/1996,27,34,12/11/1998,42,8/8/1999,8/8/1999,Smoked in the past,R0,N2,T2,193,0.974,0.09,,,POORLY DIFFERENTIATED
207,B-NCI_U133A_57L.CHP,NCI_U133A_57L,MSKCC,1,FEMALE,69,White,No,No,Alive,No,2/26/1996,,60,1/30/2001,60,1/30/2001, ,Smoked in the past,R0,N0,T2,192,2.32,0.188,,,POORLY DIFFERENTIATED
208,B-NCI_U133A_58L.CHP,NCI_U133A_58L,MSKCC,1,FEMALE,63,White,No,No,Alive,No,2/27/1996,,26,4/17/1998,26,4/17/1998, ,Currently smoking,R0,N1,T2,193,1.292,0.095,,,Moderate Differentiation
209,B-NCI_U133A_59L.CHP,NCI_U133A_59L,MSKCC,1,FEMALE,76,White,No,Yes,Dead,Yes,2/28/1996,55,62,4/2/2001,62,4/2/2001,4/2/2001,Smoked in the past,R0,N0,T2,193,2.693,0.191,,,POORLY DIFFERENTIATED
210,B-NCI_U133A_60L.CHP,NCI_U133A_60L,MSKCC,1,FEMALE,72,White,No,No,Alive,No,2/29/1996,,22,12/20/1997,22,12/20/1997, ,Smoked in the past,R0,N1,T2,193,2.011,0.183,,,POORLY DIFFERENTIATED
211,B-NCI_U133A_61L.CHP,NCI_U133A_61L,MSKCC,1,FEMALE,70,White,No,No,Alive,No,3/1/1996,,63,5/4/2001,63,5/4/2001, ,Smoked in the past,R0,N0,T1,191,1.315,0.1,,,WELL DIFFERENTIATED
212,B-NCI_U133A_62L.CHP,NCI_U133A_62L,MSKCC,1,MALE,76,White,No,No,Alive,No,3/2/1996,,68,10/2/2001,68,10/2/2001, ,Smoked in the past,R0,N0,T1,192,1.023,0.069,,,POORLY DIFFERENTIATED
213,B-NCI_U133A_63L.CHP,NCI_U133A_63L,MSKCC,1,FEMALE,81,White,No,No,Alive,No,3/3/1996,,7,9/29/1996,7,9/29/1996, ,Smoked in the past,R0,N0,T1,192,0.933,0.104,,,POORLY DIFFERENTIATED
214,B-NCI_U133A_64L.CHP,NCI_U133A_64L,MSKCC,1,FEMALE,61,White,Yes,Yes,Dead,Yes,3/4/1996,19,52,6/11/2000,52,6/11/2000,6/11/2000,Never smoked,R0,N0,T2,192,2.85,0.35,,,POORLY DIFFERENTIATED
215,B-NCI_U133A_65L.CHP,NCI_U133A_65L,MSKCC,1,FEMALE,53,White,No,No,Alive,No,3/5/1996,,36,2/18/1999,36,2/18/1999, ,Never smoked,R0,N0,T1,193,1.288,0.092,,,Moderate Differentiation
216,B-NCI_U133A_66L.CHP,NCI_U133A_66L,MSKCC,1,FEMALE,72,White,No,Yes,Dead,Yes,3/6/1996,5,15,5/30/1997,15,5/30/1997,5/30/1997,Smoked in the past,R0,N1,T2,192,1.351,0.11,,,POORLY DIFFERENTIATED
217,B-NCI_U133A_67L.CHP,NCI_U133A_67L,MSKCC,1,FEMALE,53,White,No,No,Dead,Yes,3/7/1996,13,19,9/28/1997,20,10/28/1997,10/28/1997,Smoked in the past,R0,N1,T2,192,1.297,0.085,,,POORLY DIFFERENTIATED
218,B-NCI_U133A_68L.CHP,NCI_U133A_68L,MSKCC,1,MALE,61,White,No,No,Alive,Yes,3/8/1996,26,41,7/21/1999,41,7/21/1999, ,Smoked in the past,R0,N0,T2,192,1.925,0.127,,,Moderate Differentiation
219,B-NCI_U133A_69L.CHP,NCI_U133A_69L,MSKCC,1,MALE,66,White,Yes,Yes,Dead,Yes,3/9/1996,10,24,2/27/1998,25,3/29/1998,3/29/1998,Unknown,R0,N2,T2,192,1.445,0.115,,,Moderate Differentiation
220,B-NCI_U133A_70L.CHP,NCI_U133A_70L,MSKCC,1,FEMALE,74,White,No,No,Alive,No,3/10/1996,,42,8/22/1999,42,8/22/1999, ,Currently smoking,R0,N1,T2,192,1.45,0.184,,,POORLY DIFFERENTIATED
221,B-NCI_U133A_71L.CHP,NCI_U133A_71L,MSKCC,1,FEMALE,48,White,Yes,Yes,Dead,Yes,3/11/1996,29,46,12/21/1999,51,5/19/2000,5/19/2000,Smoked in the past,R0,N2,T1,193,0.723,0.07,,,Moderate Differentiation
222,B-NCI_U133A_72L.CHP,NCI_U133A_72L,MSKCC,1,FEMALE,65,White,No,No,Alive,No,3/12/1996,,50,4/20/2000,50,4/20/2000, ,Currently smoking,R0,N0,T2,193,2.338,0.112,,,Moderate Differentiation
223,B-NCI_U133A_73L.CHP,NCI_U133A_73L,MSKCC,1,FEMALE,70,Black or African American,Yes,No,Dead,Yes,3/13/1996,5,55,9/18/2000,57,11/17/2000,11/17/2000,Smoked in the past,R0,N0,T2,192,1.319,0.106,,,Moderate Differentiation
224,B-NCI_U133A_74L.CHP,NCI_U133A_74L,MSKCC,1,FEMALE,79,White,Yes,No,Dead,Yes,3/14/1996,7,13,4/8/1997,13,4/8/1997,4/8/1997,Currently smoking,R0,N0,T2,192,1.27,0.1,,,POORLY DIFFERENTIATED
225,B-NCI_U133A_75L.CHP,NCI_U133A_75L,MSKCC,1,MALE,67,White,Yes,No,Dead,Yes,3/15/1996,11,78,8/11/2002,78,8/11/2002,8/11/2002,Smoked in the past,R0,N0,T2,193,1.351,0.11,,,WELL DIFFERENTIATED
226,B-NCI_U133A_76L.CHP,NCI_U133A_76L,MSKCC,1,MALE,77,White,No,No,Alive,No,3/16/1996,,48,2/24/2000,48,2/24/2000, ,Smoked in the past,R0,N0,T2,192,2.571,0.224,,,Moderate Differentiation
227,B-NCI_U133A_77L.CHP,NCI_U133A_77L,MSKCC,1,FEMALE,63,White,No,No,Dead,No,3/17/1996,,29,8/4/1998,33,12/2/1998,12/2/1998,Smoked in the past,R0,N2,T1,192,1.248,0.102,,,Moderate Differentiation
228,B-NCI_U133A_78L.CHP,NCI_U133A_78L,MSKCC,1,FEMALE,76,White,No,No,Alive,No,3/18/1996,,37,4/2/1999,37,4/2/1999, ,Smoked in the past,R0,N0,T2,192,3.097,0.114,,,POORLY DIFFERENTIATED
229,B-NCI_U133A_79L.CHP,NCI_U133A_79L,MSKCC,1,MALE,72,White,Yes,No,Dead,Yes,3/19/1996,15,16,7/12/1997,17,8/11/1997,8/11/1997,Smoked in the past,R0,N1,T2,192,2.186,0.115,,,WELL DIFFERENTIATED
230,B-NCI_U133A_80L.CHP,NCI_U133A_80L,MSKCC,1,FEMALE,51,White,No,No,Dead,No,3/20/1996,,24,3/10/1998,24,3/10/1998,3/10/1998,Smoked in the past,R0,N0,T1,192,1.503,0.141,,,POORLY DIFFERENTIATED
231,B-NCI_U133A_81L.CHP,NCI_U133A_81L,MSKCC,1,FEMALE,63,White,No,No,Alive,No,3/21/1996,,44,11/1/1999,44,11/1/1999, ,Never smoked,R0,N0,T1,193,1.58,0.09,,,Moderate Differentiation
232,B-NCI_U133A_82L.CHP,NCI_U133A_82L,MSKCC,1,FEMALE,80,White,No,No,Alive,No,3/22/1996,,30,9/8/1998,30,9/8/1998, ,Smoked in the past,R0,N0,T1,192,1.45,0.108,,,Moderate Differentiation
233,B-NCI_U133A_83L.CHP,NCI_U133A_83L,MSKCC,1,FEMALE,74,White,Yes,Yes,Alive,Yes,3/23/1996,26,50,5/1/2000,50,5/1/2000, ,Never smoked,R0,N1,T2,193,1.993,0.161,,,Moderate Differentiation
234,B-NCI_U133A_84L.CHP,NCI_U133A_84L,MSKCC,1,FEMALE,58,White,No,Yes,Alive,No,3/24/1996,,88,6/16/2003,88,6/16/2003, ,Smoked in the past,R0,N0,T1,193,0.965,0.116,,,POORLY DIFFERENTIATED
235,B-NCI_U133A_85L.CHP,NCI_U133A_85L,MSKCC,1,FEMALE,62,White,No,Yes,Alive,Yes,3/25/1996,16,42,9/6/1999,42,9/6/1999, ,Smoked in the past,R0,N0,T2,192,0.974,0.068,,,POORLY DIFFERENTIATED
236,B-NCI_U133A_86L.CHP,NCI_U133A_86L,MSKCC,1,FEMALE,67,White,No,No,Alive,No,3/26/1996,,46,1/5/2000,46,1/5/2000, ,Unknown,R0,N0,T1,192,1.782,0.161,,,Moderate Differentiation
237,B-NCI_U133A_87L.CHP,NCI_U133A_87L,MSKCC,1,FEMALE,71,White,No,No,Alive,No,3/27/1996,,56,11/1/2000,56,11/1/2000, ,Smoked in the past,R0,N0,T1,192,1.634,0.142,,,WELL DIFFERENTIATED
238,B-NCI_U133A_88L.CHP,NCI_U133A_88L,MSKCC,1,FEMALE,61,White,No,No,Alive,No,3/28/1996,,40,7/11/1999,40,7/11/1999, ,Smoked in the past,R0,N0,T1,192,1.746,0.15,,,WELL DIFFERENTIATED
239,B-NCI_U133A_89L.CHP,NCI_U133A_89L,MSKCC,1,FEMALE,38,White,No,No,Alive,No,3/29/1996,,38,5/13/1999,38,5/13/1999, ,Never smoked,R0,N2,T2,192,1.05,0.108,,,POORLY DIFFERENTIATED
240,B-NCI_U133A_90L.CHP,NCI_U133A_90L,MSKCC,1,FEMALE,72,White,No,No,Alive,No,3/30/1996,,43,10/11/1999,43,10/11/1999, ,Smoked in the past,R0,N1,T2,192,1.705,0.096,,,POORLY DIFFERENTIATED
241,B-NCI_U133A_91L.CHP,NCI_U133A_91L,MSKCC,1,FEMALE,43,White,No,No,Alive,No,3/31/1996,,55,10/6/2000,55,10/6/2000, ,Smoked in the past,R0,N0,T1,193,0.821,0.077,,,WELL DIFFERENTIATED
242,B-NCI_U133A_92L.CHP,NCI_U133A_92L,MSKCC,1,FEMALE,65,White,Yes,Yes,Dead,Yes,4/1/1996,7,11,2/25/1997,17,8/24/1997,8/24/1997,Never smoked,R0,N2,T2,192,1.638,0.126,,,POORLY DIFFERENTIATED
243,B-NCI_U133A_93L.CHP,NCI_U133A_93L,MSKCC,1,FEMALE,54,White,No,No,Alive,No,4/2/1996,,36,3/18/1999,36,3/18/1999, ,Never smoked,R0,N0,T2,193,2.643,0.148,,,Moderate Differentiation
244,B-NCI_U133A_94L_Rep,NCI_U133A_94L_Rep,MSKCC,1,FEMALE,79,White,No,Yes,Dead,Yes,4/3/1996,6,10,1/28/1997,10,1/28/1997,1/28/1997,Never smoked,R0,N1,T1,192,1.131,0.102,,,POORLY DIFFERENTIATED
245,B-NCI_U133A_95L.CHP,NCI_U133A_95L,MSKCC,1,MALE,61,White,Yes,No,Dead,Yes,4/4/1996,21,23,2/23/1998,23,2/23/1998,2/23/1998,Never smoked,R0,N0,T2,192,2.186,0.151,,,POORLY DIFFERENTIATED
246,B-NCI_U133A_96L.CHP,NCI_U133A_96L,MSKCC,1,MALE,74,White,No,No,Alive,No,4/5/1996,,62,5/9/2001,62,5/9/2001, ,Smoked in the past,R0,N0,T2,192,4.156,0.309,,,Moderate Differentiation
247,B-NCI_U133A_98L.CHP,NCI_U133A_98L,MSKCC,1,FEMALE,80,White,Yes,No,Alive,Yes,4/6/1996,36,85,3/31/2003,85,3/31/2003, ,Smoked in the past,R0,N0,T3,192,1.867,0.115,,,Moderate Differentiation
248,B-NCI_U133A_99L.CHP,NCI_U133A_99L,MSKCC,1,FEMALE,68,White,Yes,Yes,Dead,Yes,4/7/1996,11,47,2/16/2000,47,2/16/2000,2/16/2000,Smoked in the past,R0,N0,T2,193,3.666,0.244,,,POORLY DIFFERENTIATED
249,B-NCI_U133A_100L.CH,NCI_U133A_100L,MSKCC,1,FEMALE,64,White,No,No,Dead,Yes,4/8/1996,11,48,3/18/2000,48,3/18/2000,3/18/2000,Smoked in the past,R0,N0,T1,192,4.308,0.281,,,WELL DIFFERENTIATED
250,B-NCI_U133A_101L.CH,NCI_U133A_101L,MSKCC,1,FEMALE,58,White,Yes,No,Alive,Yes,4/9/1996,31,57,12/14/2000,57,12/14/2000, ,Smoked in the past,R0,N1,T2,193,2.087,0.124,,,Moderate Differentiation
251,B-NCI_U133A_102L.CH,NCI_U133A_102L,MSKCC,1,MALE,57,Unknown,No,No,Alive,No,4/10/1996,,43,10/22/1999,43,10/22/1999, ,Smoked in the past,R0,N0,T2,192,1.993,0.183,,,Moderate Differentiation
252,B-NCI_U133A_103L.CH,NCI_U133A_103L,MSKCC,1,FEMALE,57,White,No,No,Alive,No,4/11/1996,,41,8/24/1999,41,8/24/1999, ,Smoked in the past,R0,N0,T2,192,6.857,0.482,*,,WELL DIFFERENTIATED
253,B-NCI_U133A_104L.CH,NCI_U133A_104L,MSKCC,0,MALE,69,White,No,No,Alive,No,4/12/1996,,34,1/27/1999,34,1/27/1999, ,Never smoked,R0,N0,T1,193,3.631,0.359,,,POORLY DIFFERENTIATED
254,B-NCI_U133A_105L.CH,NCI_U133A_105L,MSKCC,0,MALE,69,White,No,No,Alive,No,4/13/1996,,24,4/3/1998,24,4/3/1998, ,Currently smoking,R0,N0,T2,192,5.812,0.409,*,,POORLY DIFFERENTIATED
255,B-NCI_U133A_106L.CH,NCI_U133A_106L,MSKCC,1,MALE,67,White,No,No,Alive,No,4/14/1996,,43,10/26/1999,43,10/26/1999, ,Never smoked,R0,N0,T2,193,2.392,0.167,,,POORLY DIFFERENTIATED
256,B-NCI_U133A_107L.CH,NCI_U133A_107L,MSKCC,1,FEMALE,75,White,No,No,Alive,No,4/15/1996,,32,12/1/1998,32,12/1/1998, ,Smoked in the past,R0,N1,T2,193,6.943,0.407,*,,POORLY DIFFERENTIATED
257,B-NCI_U133A_97L.CHP,NCI_U133A_97L,MSKCC,1,MALE,74,White,No,No,Alive,No,4/16/1996,,64,7/19/2001,64,7/19/2001, ,Never smoked,R0,N0,T1,192,1.728,0.122,,,Moderate Differentiation
301,D030,CL2004111013AA,DFCI,1,MALE,59,Unknown,No,No,Alive,No,4/17/1996,,107,1/30/2005,107,1/30/2005, ,Smoked in the past,R0,N0,T2,193,3.276,0.247,,2,WELL DIFFERENTIATED
302,D050,CL2004111022AA,DFCI,1,MALE,75,Unknown,No,No,Dead,Yes,4/18/1996,14,24,4/8/1998,25,5/8/1998,5/8/1998,Smoked in the past,R0,N0,T2,193,2.186,0.283,,2,WELL DIFFERENTIATED
303,D096,CL2004111042AA,DFCI,1,FEMALE,60,Unknown,No,No,Alive,No,4/19/1996,,96,3/8/2004,96,3/8/2004, ,Smoked in the past,R0,N0,T2,192,6.121,0.806,*,2,POORLY DIFFERENTIATED
304,D008,CL2004111002AA,DFCI,1,FEMALE,41,Unknown,No,No,Alive,Yes,4/20/1996,2,98,5/8/2004,98,5/8/2004, ,Smoked in the past,R0,N0,T2,192,2.091,0.216,,2,POORLY DIFFERENTIATED
305,D097,CL2004111043AA,DFCI,1,MALE,59,Unknown,No,No,Dead,Yes,4/21/1996,17,34,2/5/1999,37,5/6/1999,5/6/1999,Currently smoking,R0,N0,T1,193,4.6,0.39,,2,POORLY DIFFERENTIATED
306,D104,CL2005060326AA,DFCI,1,FEMALE,60,Unknown,Yes,No,Alive,No,4/22/1996,,90,9/13/2003,90,9/13/2003, ,Smoked in the past,R0,N0,T2,192,7.382,1.131,*,6,Moderate Differentiation
307,D130,CL2005060345AA,DFCI,1,MALE,43,White,No,No,Alive,Yes,4/23/1996,11,40,8/6/1999,40,8/6/1999, ,Smoked in the past,R0,N1,T1,192,2.361,0.337,,6,POORLY DIFFERENTIATED
308,D100,CL2004111046AA,DFCI,1,MALE,54,Unknown,Yes,No,Dead,Yes,4/24/1996,58,71,2/22/2002,71,2/22/2002,2/22/2002,Smoked in the past,R0,N0,T2,192,3.608,0.362,,2,WELL DIFFERENTIATED
309,D211,CL20041116136AA,DFCI,1,FEMALE,52,Unknown,Yes,No,Dead,Yes,4/25/1996,3,9,1/20/1997,9,1/20/1997,1/20/1997,Smoked in the past,R0,N1,T2,193,4.376,0.485,,3,WELL DIFFERENTIATED
310,D009B,CL2004111003AA,DFCI,1,MALE,47,Unknown,Yes,No,Alive,No,4/26/1996,,110,5/9/2005,110,5/9/2005, ,Smoked in the past,R0,N0,T2,192,5.695,0.693,*,2,Moderate Differentiation
311,D024B,CL2004110909AA,DFCI,1,FEMALE,55,Unknown,No,No,Alive,No,4/27/1996,,110,5/10/2005,110,5/10/2005, ,Smoked in the past,R0,N0,T2,192,1.485,0.181,,1,POORLY DIFFERENTIATED
312,D036,CL2004111017AA,DFCI,1,FEMALE,66,Unknown,Yes,No,Dead,Yes,4/28/1996,3,2.96,7/25/1996,6,10/25/1996,10/25/1996,Never smoked,R0,N0,T2,192,2.441,0.207,,2,POORLY DIFFERENTIATED
313,D070B,CL2004111033AA,DFCI,1,FEMALE,70,Unknown,Yes,No,Dead,Yes,4/29/1996,77,90,9/20/2003,95,2/17/2004,2/17/2004,Smoked in the past,R0,N1,T1,193,2.275,0.269,,2,POORLY DIFFERENTIATED
314,D094,CL2004111040AA,DFCI,1,MALE,68,Unknown,Yes,No,Dead,Yes,4/30/1996,35,35.36,3/26/1999,38,6/14/1999,6/14/1999,Smoked in the past,R0,N0,T2,192,4.847,0.601,,2,Moderate Differentiation
315,D120,CL2005060338AA,DFCI,1,FEMALE,61,Unknown,No,No,Dead,Yes,5/1/1996,5,7,11/27/1996,9,1/26/1997,1/26/1997,Smoked in the past,R0,N0,T2,192,6.189,0.658,*,6,POORLY DIFFERENTIATED
316,D098,CL2004111044AA,DFCI,1,FEMALE,60,Unknown,No,No,Alive,No,5/2/1996,,87,6/25/2003,87,6/25/2003, ,Smoked in the past,R0,N0,T2,193,6.956,0.575,*,2,Moderate Differentiation
317,D201,CL20041116127AA,DFCI,1,MALE,35,Unknown,No,No,Alive,No,5/3/1996,,88,7/26/2003,88,7/26/2003, ,Smoked in the past,R0,N0,T2,193,1.737,0.243,,3,WELL DIFFERENTIATED
318,D102,CL2004111048AA,DFCI,1,FEMALE,53,Unknown,No,No,Alive,No,5/4/1996,,74,6/2/2002,74,6/2/2002, ,Smoked in the past,R0,N1,T2,191,4.613,0.465,,2,Moderate Differentiation
319,D105,CL2005060327AA,DFCI,1,MALE,54,Unknown,Yes,No,Dead,Yes,5/5/1996,6,,5/5/1996,8,12/31/1996,12/31/1996,Smoked in the past,R0,N1,T2,193,4.174,0.479,,6,Moderate Differentiation
320,D250,CL20041119167AA,DFCI,1,FEMALE,73,White,Yes,No,Alive,Yes,5/6/1996,44,59,3/11/2001,59,3/11/2001, ,Smoked in the past,R0,N0,T2,193,7.315,0.615,*,4,WELL DIFFERENTIATED
321,D129,CL2005060344AA,DFCI,1,FEMALE,38,Unknown,Yes,No,Alive,No,5/7/1996,,55,11/12/2000,55,11/12/2000, ,Smoked in the past,R0,N0,T2,192,3.227,0.473,,6,POORLY DIFFERENTIATED
322,D131,CL2005060346AA,DFCI,1,MALE,58,White,No,No,Alive,No,5/8/1996,,36,4/23/1999,36,4/23/1999, ,Smoked in the past,R0,N0,T2,192,3.819,0.352,,6,POORLY DIFFERENTIATED
323,D095,CL2004111041AA,DFCI,1,MALE,65,Unknown,Yes,No,Dead,Yes,5/9/1996,7,,5/9/1996,15,8/2/1997,8/2/1997,Smoked in the past,R0,N0,T2,192,6.512,0.661,*,2,Moderate Differentiation
324,D200,CL20041116126AA,DFCI,1,FEMALE,66,Unknown,Yes,No,Alive,No,5/10/1996,,85,5/4/2003,85,5/4/2003, ,Never smoked,R0,N0,T2,193,1.535,0.129,,3,POORLY DIFFERENTIATED
325,D209,CL20041116134AA,DFCI,1,MALE,66,Unknown,No,No,Dead,Yes,5/11/1996,6,7,12/7/1996,9,2/5/1997,2/5/1997,Smoked in the past,R0,N1,T2,191,7.656,0.585,*,3,POORLY DIFFERENTIATED
326,D124,CL2005060341AA,DFCI,1,MALE,76,Native Hawaiian or other Pacific Islander,No,No,Dead,Yes,5/12/1996,4,,5/12/1996,11,4/7/1997,4/7/1997,Smoked in the past,R0,N1,T2,192,6.642,0.868,*,6,POORLY DIFFERENTIATED
327,D026,CL2004111010AA,DFCI,1,MALE,53,Unknown,Yes,No,Dead,Yes,5/13/1996,13,71,3/13/2002,79,11/8/2002,11/8/2002,Smoked in the past,R0,N0,T2,192,2.011,0.152,,2,POORLY DIFFERENTIATED
328,D037,CL2004111018AA,DFCI,1,MALE,60,Unknown,No,No,Alive,No,5/14/1996,,105,12/28/2004,105,12/28/2004, ,Smoked in the past,R0,N0,T2,193,2.396,0.321,,2,Moderate Differentiation
329,D121,CL2005060339AA,DFCI,1,FEMALE,40,Unknown,Yes,No,Alive,No,5/15/1996,,97,5/3/2004,97,5/3/2004, ,Smoked in the past,R0,N0,T2,193,8.033,0.972,*,6,POORLY DIFFERENTIATED
330,D110,CL2005060332AA,DFCI,1,MALE,67,Unknown,No,No,Dead,Yes,5/16/1996,4,4,9/13/1996,4,9/13/1996,9/13/1996,Smoked in the past,R0,N1,T2,191,7.517,1.049,*,6,POORLY DIFFERENTIATED
331,D114,CL2005060334AA,DFCI,1,MALE,62,Unknown,Yes,No,Dead,Yes,5/17/1996,16,35,4/2/1999,36,5/2/1999,5/2/1999,Smoked in the past,R0,N0,T2,192,4.438,0.499,,6,WELL DIFFERENTIATED
332,D128,CL2005060343AA,DFCI,1,MALE,61,White,No,No,Dead,Yes,5/18/1996,25,43,11/29/1999,44,12/29/1999,12/29/1999,Never smoked,R0,N1,T1,192,2.944,0.372,,6,WELL DIFFERENTIATED
333,D060B,CL20041119175AA,DFCI,1,MALE,63,Unknown,No,No,Dead,No,5/19/1996,,63,7/22/2001,74,6/17/2002,6/17/2002,Smoked in the past,R0,N1,T2,193,4.371,0.44,,4,POORLY DIFFERENTIATED
334,D099,CL2004111045AA,DFCI,1,MALE,62,Unknown,Yes,No,Dead,Yes,5/20/1996,4,12,5/15/1997,13,6/14/1997,6/14/1997,Smoked in the past,R0,N1,T2,193,4.586,0.479,,2,POORLY DIFFERENTIATED
335,D106,CL2005060328AA,DFCI,1,FEMALE,51,Unknown,Yes,No,Alive,No,5/21/1996,,90,10/12/2003,90,10/12/2003, ,Smoked in the past,R0,N0,T2,192,5.502,0.584,*,6,POORLY DIFFERENTIATED
336,D107,CL2005060329AA,DFCI,1,FEMALE,53,Unknown,Yes,No,Alive,No,5/22/1996,,85,5/16/2003,85,5/16/2003, ,Smoked in the past,R0,N0,T2,193,7.53,1.007,*,6,WELL DIFFERENTIATED
337,D111,CL2005060333AA,DFCI,1,FEMALE,56,Unknown,Yes,No,Dead,Yes,5/23/1996,69,70,2/21/2002,71,3/23/2002,3/23/2002,Smoked in the past,R0,N1,T2,191,2.419,0.26,,6,POORLY DIFFERENTIATED
338,D118,CL2005060337AA,DFCI,1,MALE,61,Unknown,Yes,No,Dead,Yes,5/24/1996,29,60,4/28/2001,64,8/26/2001,8/26/2001,Smoked in the past,R0,N1,T1,192,2.989,0.529,,6,Moderate Differentiation
339,D117,CL2005060336AA,DFCI,1,FEMALE,52,Unknown,Yes,No,Dead,No,5/25/1996,,60,4/29/2001,65,9/26/2001,9/26/2001,Smoked in the past,R0,N0,T2,193,3.837,0.686,,6,POORLY DIFFERENTIATED
340,D123,CL2005060340AA,DFCI,1,MALE,60,White,Yes,No,Alive,No,5/26/1996,,68,12/26/2001,68,12/26/2001, ,Smoked in the past,R0,N0,T2,193,6.108,0.652,*,6,POORLY DIFFERENTIATED
341,D236,CL20041116156AA,DFCI,1,MALE,57,White,Yes,No,Alive,No,5/27/1996,,64,8/29/2001,64,8/29/2001, ,Smoked in the past,R0,N1,T2,193,1.871,0.262,,3,WELL DIFFERENTIATED
342,D126,CL2005060342AA,DFCI,1,FEMALE,46,White,No,No,Alive,No,5/28/1996,,63,7/31/2001,63,7/31/2001, ,Unknown,R0,N0,T2,192,3.141,0.53,,6,WELL DIFFERENTIATED
343,D091,CL2004111038AA,DFCI,1,MALE,71,Unknown,Yes,No,Dead,Yes,5/29/1996,11,11,4/24/1997,13,6/23/1997,6/23/1997,Smoked in the past,R0,N1,T2,193,6.66,0.617,*,2,Moderate Differentiation
344,D134,CL2005060348AA,DFCI,1,MALE,53,Not Reported,Unknown,Unknown,Alive,No,5/30/1996,,95,3/19/2004,95,3/19/2004, ,Smoked in the past,R0,N1,T2,192,5.78,0.736,*,6,POORLY DIFFERENTIATED
345,D135,CL2005060349AA,DFCI,1,MALE,68,Not Reported,Unknown,Unknown,Alive,No,5/31/1996,,74,6/29/2002,74,6/29/2002, ,Smoked in the past,R0,N1,T1,193,6.745,0.625,*,6,POORLY DIFFERENTIATED
346,D136,CL2005060350AA,DFCI,1,FEMALE,72,Not Reported,Unknown,Unknown,Dead,Yes,6/1/1996,56,57,2/5/2001,57,2/5/2001,2/5/2001,Smoked in the past,R0,N1,T2,193,4.681,0.751,,6,Moderate Differentiation
347,D138,CL2005060351AA,DFCI,1,FEMALE,68,Not Reported,Unknown,Unknown,Dead,Yes,6/2/1996,17,56,1/7/2001,56,1/7/2001,1/7/2001,Smoked in the past,R0,N0,T1,191,4.124,0.484,,6,Moderate Differentiation
348,D141,CL2005060352AA,DFCI,1,MALE,65,Not Reported,Unknown,Unknown,Alive,No,6/3/1996,,48,5/13/2000,48,5/13/2000, ,Smoked in the past,R0,N1,T2,192,2.509,0.359,,6,POORLY DIFFERENTIATED
349,D143,CL2005060353AA,DFCI,1,FEMALE,68,Not Reported,Unknown,Unknown,Alive,Yes,6/4/1996,44,49,6/13/2000,49,6/13/2000, ,Never smoked,R0,N0,T2,192,1.903,0.189,,6,Moderate Differentiation
350,D147,CL2005060354AA,DFCI,1,MALE,68,Not Reported,No,No,Alive,,6/5/1996,,28,9/23/1998,28,9/23/1998, ,Smoked in the past,R0,N0,T1,191,5.601,0.599,*,6,Moderate Differentiation
351,D148,CL2005060355AA,DFCI,1,FEMALE,57,Not Reported,No,No,Alive,,6/6/1996,,36,5/22/1999,36,5/22/1999, ,Smoked in the past,R0,N0,T2,192,9.303,1.279,*,6,Moderate Differentiation
352,D149,CL2005060356AA,DFCI,1,FEMALE,56,Not Reported,Yes,Yes,Alive,Yes,6/7/1996,12,40,9/20/1999,40,9/20/1999, ,Unknown,R0,N0,T1,192,3.837,0.415,,6,Moderate Differentiation
353,D151,CL2005060357AA,DFCI,1,MALE,56,Not Reported,No,No,Alive,,6/8/1996,,37,6/23/1999,37,6/23/1999, ,Smoked in the past,R0,N0,T2,193,6.606,0.889,*,6,Moderate Differentiation
354,D153,CL2005060358AA,DFCI,1,FEMALE,51,Not Reported,No,No,Alive,,6/9/1996,,40,9/22/1999,40,9/22/1999, ,Unknown,R0,N0,T1,194,5.758,0.645,*,6,WELL DIFFERENTIATED
355,D164,CL2005060360AA,DFCI,1,FEMALE,68,Not Reported,Unknown,Unknown,Dead,,6/10/1996,,23,5/1/1998,23,5/1/1998,5/1/1998,Smoked in the past,R0,N0,T1,192,4.079,0.55,,6,Moderate Differentiation
356,D165,CL2004111097AA,DFCI,1,MALE,61,Not Reported,Unknown,Unknown,Alive,,6/11/1996,,76,9/8/2002,76,9/8/2002, ,Currently smoking,R0,N0,T2,193,1.629,0.29,,2,Moderate Differentiation
357,D166,CL2004111098AA,DFCI,1,FEMALE,62,Not Reported,Unknown,Unknown,Dead,Yes,6/12/1996,28,34,3/29/1999,34,3/29/1999,3/29/1999,Smoked in the past,R0,N0,T1,192,2.365,0.231,,2,Moderate Differentiation
358,D169,CL20041110100AA,DFCI,1,MALE,73,Not Reported,Unknown,Unknown,Alive,,6/13/1996,,66,11/14/2001,66,11/14/2001, ,Never smoked,R0,N0,T2,193,3.366,0.475,,2,POORLY DIFFERENTIATED
359,D171,CL20041110102AA,DFCI,1,FEMALE,63,Not Reported,Unknown,Unknown,Dead,Yes,6/14/1996,17,29,11/1/1998,29,11/1/1998,11/1/1998,Currently smoking,R0,N1,T2,193,4.717,0.298,,2,POORLY DIFFERENTIATED
360,D172,CL20041110103AA,DFCI,1,MALE,72,Not Reported,Unknown,Unknown,Dead,Yes,6/15/1996,5,7,1/11/1997,7,1/11/1997,1/11/1997,Never smoked,R0,N0,T2,192,4.281,0.291,,2,POORLY DIFFERENTIATED
361,D173,CL20041110104AA,DFCI,1,FEMALE,57,Not Reported,Unknown,Unknown,Alive,,6/16/1996,,53,10/23/2000,53,10/23/2000, ,Currently smoking,R0,N0,T1,193,2.019,0.211,,2,WELL DIFFERENTIATED
362,D179,CL20041110107AA,DFCI,1,FEMALE,55,Not Reported,Unknown,Unknown,Alive,,6/17/1996,,63,8/20/2001,63,8/20/2001, ,Unknown,R0,N0,T1,194,2.706,0.373,,2,
363,D180,CL20041110108AA,DFCI,1,MALE,64,Not Reported,Unknown,Unknown,Alive,,6/18/1996,,23,5/9/1998,23,5/9/1998, ,Smoked in the past,R0,N0,T2,192,2.208,0.366,,2,Moderate Differentiation
364,D181,CL20041110109AA,DFCI,1,FEMALE,40,Not Reported,Unknown,Unknown,Alive,,6/19/1996,,62,7/23/2001,62,7/23/2001, ,Currently smoking,R0,N0,T2,193,3.141,0.444,,2,POORLY DIFFERENTIATED
365,D182,CL20041110110AA,DFCI,1,FEMALE,75,Not Reported,Unknown,Unknown,Dead,Yes,6/20/1996,5,7,1/16/1997,7,1/16/1997,1/16/1997,Never smoked,R0,N0,T3,193,4.954,0.465,,2,POORLY DIFFERENTIATED
366,D183,CL20041110111AA,DFCI,1,MALE,60,Not Reported,Unknown,Unknown,Alive,,6/21/1996,,26,8/10/1998,26,8/10/1998, ,Smoked in the past,R0,N0,T2,193,3.644,0.476,,2,Moderate Differentiation
367,D184,CL20041116112AA,DFCI,1,FEMALE,58,Not Reported,Unknown,Unknown,Alive,,6/22/1996,,40,10/5/1999,40,10/5/1999, ,Currently smoking,R0,N0,T2,193,1.14,0.134,,3,Moderate Differentiation
368,D185,CL20041116113AA,DFCI,1,MALE,64,Not Reported,Unknown,Unknown,Alive,Yes,6/23/1996,10,30,12/10/1998,30,12/10/1998, ,Smoked in the past,R0,N0,T2,193,1.898,0.151,,3,POORLY DIFFERENTIATED
369,D186,CL20041116114AA,DFCI,1,MALE,62,Not Reported,Unknown,Unknown,Alive,,6/24/1996,,40,10/7/1999,40,10/7/1999, ,Smoked in the past,R0,N0,T2,192,2.441,0.194,,3,Moderate Differentiation
370,D252,CL20041119179AA,DFCI,1,MALE,75,Not Reported,Unknown,Unknown,Alive,Yes,6/25/1996,75,84,5/20/2003,84,5/20/2003, ,Never smoked,R0,N0,T1,193,1.207,0.142,,4,Moderate Differentiation
371,D253,CL20041119180AA,DFCI,1,MALE,76,Not Reported,Unknown,Unknown,Dead,,6/26/1996,,18,12/18/1997,18,12/18/1997,12/18/1997,Currently smoking,R0,N0,T2,193,1.423,0.172,,4,Moderate Differentiation
372,D254,CL20041119181AA,DFCI,1,FEMALE,59,Not Reported,Unknown,Unknown,Dead,Yes,6/27/1996,12,25,7/17/1998,25,7/17/1998,7/17/1998,Smoked in the past,R0,N1,T1,192,1.593,0.292,,4,POORLY DIFFERENTIATED
373,D255,CL20041119182AA,DFCI,1,MALE,54,Not Reported,Unknown,Unknown,Alive,,6/28/1996,,80,1/23/2003,80,1/23/2003, ,Smoked in the past,R0,N0,T1,193,1.562,0.141,,4,Moderate Differentiation
374,D257,CL20041119183AA,DFCI,1,MALE,74,Not Reported,Unknown,Unknown,Dead,Yes,6/29/1996,7,12,6/24/1997,12,6/24/1997,6/24/1997,Smoked in the past,R0,N1,T2,193,1.31,0.102,,4,POORLY DIFFERENTIATED
375,D259,CL20041119184AA,DFCI,1,FEMALE,70,Not Reported,Unknown,Unknown,Alive,,6/30/1996,,32,2/15/1999,32,2/15/1999, ,Never smoked,R0,N0,T2,192,0.857,0.101,,4,Moderate Differentiation
376,D260,CL20041119185AA,DFCI,1,FEMALE,68,Not Reported,Unknown,Unknown,Alive,Yes,7/1/1996,84,105,2/14/2005,105,2/14/2005, ,Smoked in the past,R0,N0,T2,192,0.978,0.111,,4,POORLY DIFFERENTIATED
377,D261,CL20041119186AA,DFCI,1,MALE,69,Not Reported,Unknown,Unknown,Alive,,7/2/1996,,81,2/26/2003,81,2/26/2003, ,Smoked in the past,R0,N0,T3,192,1.692,0.164,,4,POORLY DIFFERENTIATED
378,D262,CL20041119187AA,DFCI,1,MALE,75,Not Reported,Unknown,Unknown,Alive,,7/3/1996,,75,8/31/2002,75,8/31/2002, ,Smoked in the past,R0,N0,T2,194,2.217,0.19,,4,Moderate Differentiation
379,D266,CL20041119190AA,DFCI,1,MALE,64,Not Reported,Unknown,Unknown,Alive,,7/4/1996,,97,6/22/2004,97,6/22/2004, ,Smoked in the past,R0,N0,T2,192,1.853,0.142,,4,Moderate Differentiation
380,D269,CL20041119191AA,DFCI,1,MALE,79,Not Reported,Unknown,Unknown,Dead,Yes,7/5/1996,17,18,12/27/1997,18,12/27/1997,12/27/1997,Never smoked,R0,N1,T2,193,0.749,0.133,,4,Moderate Differentiation
381,D270,CL20041119192AA,DFCI,1,MALE,69,Not Reported,Unknown,Unknown,Dead,Yes,7/6/1996,12,32,2/21/1999,32,2/21/1999,2/21/1999,Smoked in the past,R0,N0,T2,192,3.177,0.345,,4,POORLY DIFFERENTIATED
382,D272,CL20041119194AA,DFCI,1,MALE,77,Not Reported,Unknown,Unknown,Dead,Yes,7/7/1996,5,10,5/3/1997,10,5/3/1997,5/3/1997,Smoked in the past,R0,N1,T2,193,2.284,0.238,,4,POORLY DIFFERENTIATED
1,A1,NCI_Lung_1_U133A,MI,1,FEMALE,74,White,No,No,Alive,No,7/15/1996,,105.57,3/17/2005,105.6,3/18/2005, ,Smoked in the past,R0,N0,T1,193,4.079,0.602,,12,Moderate Differentiation
2,A3,NCI_Lung_3_U133A,MI,1,FEMALE,74,White,No,No,Alive,No,7/16/1996,,25.2,8/11/1998,25.2,8/11/1998, ,Smoked in the past,R0,N0,T1,193,2.585,0.377,,12,WELL DIFFERENTIATED
3,A4,NCI_Lung_4_U133A,MI,1,FEMALE,74,White,No,No,Dead,Yes,7/17/1996,,64.77,11/11/2001,64.8,11/12/2001,11/12/2001,Smoked in the past,R0,N0,T2,193,2.729,0.452,,12,WELL DIFFERENTIATED
4,A5,NCI_Lung_5_U133A,MI,1,FEMALE,82,Unknown,No,No,Alive,No,7/18/1996,,69.2,3/25/2002,69.2,3/25/2002, ,Never smoked,R0,N0,T1,192,5.201,0.628,*,12,WELL DIFFERENTIATED
5,A6,NCI_Lung_6_U133A,MI,1,FEMALE,59,White,No,No,Dead,Yes,7/19/1996,6.6,33.87,5/1/1999,33.9,5/2/1999,5/2/1999,Never smoked,R0,N0,T2,192,6.601,0.594,*,12,Moderate Differentiation
6,A7,NCI_Lung_7_U133A,MI,1,FEMALE,60,White,No,No,Alive,Yes,7/20/1996,42.5,83,5/15/2003,83,5/15/2003, ,Smoked in the past,R0,N0,T1,192,5.367,0.63,*,12,WELL DIFFERENTIATED
7,A8,NCI_Lung_8_U133A,MI,1,FEMALE,54,White,No,No,Alive,Yes,7/21/1996,30,69.2,3/28/2002,69.2,3/28/2002, ,Smoked in the past,R0,N0,T1,193,2.832,0.423,,12,WELL DIFFERENTIATED
8,A9,NCI_Lung_9a_U133A,MI,0,MALE,55,White,Yes,Yes,Dead,Yes,7/22/1996,1,27.97,11/8/1998,28,11/9/1998,11/9/1998,Smoked in the past,R0,N0,T4,191,7.548,0.944,*,13,POORLY DIFFERENTIATED
9,A10,NCI_Lung_10_U133A,MI,1,FEMALE,63,White,No,No,Alive,Yes,7/23/1996,3,27.1,10/14/1998,27.1,10/14/1998, ,Smoked in the past,R0,N0,T1,193,4.223,0.581,,12,WELL DIFFERENTIATED
10,A11,NCI_Lung_11_U133A,MI,1,FEMALE,63,White,No,No,Dead,Yes,7/24/1996,5.67,5.8,1/14/1997,5.8,1/14/1997,1/14/1997,Smoked in the past,R0,N0,T1,192,1.643,0.34,,13,Moderate Differentiation
11,A12,NCI_Lung_12_U133A,MI,1,MALE,66,White,No,No,Dead,Unknown,7/25/1996,,50.2,9/8/2000,50.2,9/8/2000,9/8/2000,Smoked in the past,R0,N0,T3,193,1.346,0.313,,13,Moderate Differentiation
12,A13,NCI_Lung_13_U133A,MI,1,FEMALE,52,Unknown,No,No,Alive,Yes,7/26/1996,56.97,73,7/25/2002,73,7/25/2002, ,Smoked in the past,R0,N0,T1,192,1.387,0.221,,13,POORLY DIFFERENTIATED
13,A14,NCI_Lung_14_U133A,MI,1,FEMALE,62,White,No,No,Dead,Yes,7/27/1996,25,,7/27/1996,34.8,6/6/1999,6/6/1999,Smoked in the past,R0,N0,T1,193,2.594,0.583,,13,POORLY DIFFERENTIATED
14,A15,NCI_Lung_15_U133A,MI,1,MALE,60,White,No,No,Dead,Unknown,7/28/1996,,27.6,11/3/1998,27.6,11/3/1998,11/3/1998,Smoked in the past,R0,N0,T1,192,2.518,0.586,,13,Moderate Differentiation
15,A16,NCI_Lung_16_U133A,MI,1,FEMALE,66,White,No,No,Dead,Yes,7/29/1996,36,48.77,7/31/2000,48.8,8/1/2000,8/1/2000,Smoked in the past,R0,N0,T2,192,2.378,0.356,,13,POORLY DIFFERENTIATED
16,A17,NCI_Lung_17_U133A,MI,1,FEMALE,61,Asian,Yes,Yes,Alive,Yes,7/30/1996,9,66.6,1/18/2002,66.6,1/18/2002, ,Never smoked,R0,N0,T2,193,2.841,0.622,,13,Moderate Differentiation
17,A18,NCI_Lung_18_U133A,MI,1,FEMALE,68,White,No,No,Dead,Yes,7/31/1996,5.3,9,4/27/1997,10.1,5/30/1997,5/30/1997,Smoked in the past,R0,N0,T2,192,2.724,0.454,,13,Moderate Differentiation
18,A19,NCI_Lung_19_U133A,MI,1,FEMALE,48,White,Yes,Yes,Dead,Yes,8/1/1996,1,,8/1/1996,8.7,4/19/1997,4/19/1997,Smoked in the past,R0,N0,T2,191,1.221,0.191,,13,POORLY DIFFERENTIATED
19,A20,NCI_Lung_20_U133A,MI,1,FEMALE,75,White,No,No,Dead,Yes,8/2/1996,43,61.17,8/11/2001,61.2,8/12/2001,8/12/2001,Smoked in the past,R0,N0,T1,192,0.902,0.151,,13,Moderate Differentiation
20,A21,NCI_Lung_21_U133A,MI,1,FEMALE,50,White,No,No,Alive,No,8/3/1996,,132.2,6/13/2007,132.2,6/13/2007, ,Smoked in the past,R0,N0,T2,192,3.065,0.645,,14,POORLY DIFFERENTIATED
21,A22,NCI_Lung_22_U133A,MI,1,FEMALE,75,White,No,No,Dead,Yes,8/4/1996,,128.8,3/4/2007,128.8,3/4/2007,3/4/2007,Smoked in the past,R0,N0,T1,192,2.316,0.361,,14,Moderate Differentiation
22,A23,NCI_Lung_23_U133A,MI,1,FEMALE,72,White,No,No,Dead,Yes,8/5/1996,,42.8,2/10/2000,43.8,3/11/2000,3/11/2000,Smoked in the past,R0,N0,T2,192,1.75,0.237,,14,WELL DIFFERENTIATED
23,A24,NCI_Lung_24_U133A,MI,0,FEMALE,64,White,No,No,Dead,Yes,8/6/1996,28,18.7,2/18/1998,21.7,5/19/1998,5/19/1998,Smoked in the past,R0,N1,T3,192,2.293,0.532,,14,POORLY DIFFERENTIATED
24,A25,NCI_Lung_25_U133A,MI,1,FEMALE,72,White,No,No,Dead,No,8/7/1996,,5.9,1/31/1997,5.9,1/31/1997,1/31/1997,Smoked in the past,R0,N2,T2,192,1.804,0.256,,14,POORLY DIFFERENTIATED
25,A26,NCI_Lung_26_U133A,MI,1,MALE,71,White,No,No,Dead,Unknown,8/8/1996,,1.4,9/19/1996,2.4,10/19/1996,10/19/1996,Smoked in the past,R0,N2,T3,192,5.107,0.32,*,14,Moderate Differentiation
26,A27,NCI_Lung_27_U133A,MI,1,MALE,58,White,Yes,Yes,Dead,Yes,8/9/1996,9,15.6,11/20/1997,17.6,1/19/1998,1/19/1998,Smoked in the past,R0,N2,T2,193,2.545,0.285,,14,POORLY DIFFERENTIATED
27,A28,NCI_Lung_28_U133A,MI,1,MALE,63,Unknown,Yes,Yes,Dead,Yes,8/10/1996,4,16.3,12/12/1997,16.3,12/12/1997,12/12/1997,Smoked in the past,R0,N2,T1,192,3.083,0.332,,14,Moderate Differentiation
28,A29,NCI_Lung_29_U133A,MI,1,FEMALE,74,White,Yes,Yes,Dead,Yes,8/11/1996,24,27.6,11/17/1998,29.6,1/16/1999,1/16/1999,Smoked in the past,R0,N2,T1,192,2.006,0.293,,14,POORLY DIFFERENTIATED
29,A30,NCI_Lung_30_U133A,MI,1,MALE,76,White,No,No,Dead,Yes,8/12/1996,,81.17,4/13/2003,81.2,4/14/2003,4/14/2003,Smoked in the past,R0,N0,T2,192,4.227,0.254,,14,POORLY DIFFERENTIATED
30,A31,NCI_Lung31_U133A,MI,1,MALE,59,White,No,No,Dead,No,8/13/1996,,59,6/18/2001,59,6/18/2001,6/18/2001,Smoked in the past,R0,N0,T1,192,2.028,0.327,,15,Moderate Differentiation
31,A32,NCI_Lung32_U133A,MI,1,MALE,71,White,No,No,Dead,No,8/14/1996,,92.6,3/23/2004,92.6,3/23/2004,3/23/2004,Smoked in the past,R0,N2,T2,192,2.733,0.213,,15,Moderate Differentiation
32,A33,NCI_Lung33_U133A,MI,1,FEMALE,45,White,No,No,Dead,Yes,8/15/1996,3,3.97,12/12/1996,4,12/13/1996,12/13/1996,Smoked in the past,R0,N0,T3,192,3.649,0.3,,15,POORLY DIFFERENTIATED
33,A34,NCI_Lung34_U133A,MI,1,FEMALE,78,White,Yes,Yes,Dead,No,8/16/1996,,16.77,1/1/1998,16.8,1/2/1998,1/2/1998,Smoked in the past,R0,N2,T1,192,2.441,0.271,,15,POORLY DIFFERENTIATED
34,A35,NCI_Lung35_U133A,MI,1,MALE,75,White,No,No,Alive,No,8/17/1996,,62,9/20/2001,62,9/20/2001, ,Smoked in the past,R0,N0,T2,192,1.876,0.245,,15,Moderate Differentiation
35,A36,NCI_Lung36_U133A,MI,1,MALE,61,White,Yes,Yes,Dead,No,8/18/1996,,62.3,9/30/2001,62.3,9/30/2001,9/30/2001,Smoked in the past,R0,N0,T2,191,1.418,0.175,,15,POORLY DIFFERENTIATED
36,A37,NCI_Lung37_U133A,MI,1,MALE,65,White,No,No,Alive,No,8/19/1996,,71.8,7/13/2002,71.8,7/13/2002, ,Smoked in the past,R0,N0,T1,192,3.002,0.453,,15,POORLY DIFFERENTIATED
37,A38,NCI_Lung38_U133A,MI,1,MALE,69,Black or African American,No,No,Alive,No,8/20/1996,,84,7/15/2003,84,7/15/2003, ,Smoked in the past,R0,N0,T1,192,5.681,0.353,*,15,POORLY DIFFERENTIATED
38,A39,NCI_Lung39_U133A,MI,1,MALE,73,White,No,No,Dead,No,8/21/1996,,18.6,3/2/1998,18.6,3/2/1998,3/2/1998,Smoked in the past,R0,N0,T2,192,3.433,0.382,,15,WELL DIFFERENTIATED
39,A40,NCI_Lung40_U133A,MI,1,MALE,51,White,No,No,Dead,No,8/22/1996,,45.77,5/26/2000,45.8,5/27/2000,5/27/2000,Unknown,R0,N0,T2,192,3.527,0.369,,15,POORLY DIFFERENTIATED
40,A41,NCI_Lung41_U133A,MI,1,FEMALE,63,Unknown,Yes,Yes,Dead,Yes,8/23/1996,5,20.6,5/3/1998,20.6,5/3/1998,5/3/1998,Smoked in the past,R0,N0,T2,192,2.702,0.513,,15,Moderate Differentiation
41,A42,NCI_Lung42_U133A,MI,1,MALE,60,White,No,No,Alive,No,8/24/1996,,110.5,9/21/2005,110.5,9/21/2005, ,Smoked in the past,R0,N0,T1,192,1.876,0.328,,15,POORLY DIFFERENTIATED
42,A43,NCI_Lung43_U133A,MI,1,MALE,42,White,No,No,Alive,Yes,8/25/1996,51,133.6,8/16/2007,133.6,8/16/2007, ,Smoked in the past,R0,N0,T1,192,1.4,0.302,,15,Moderate Differentiation
43,A44,NCI_Lung44_U133A,MI,1,MALE,56,White,No,No,Dead,Yes,8/26/1996,30,70.5,6/11/2002,70.5,6/11/2002,6/11/2002,Smoked in the past,R0,N1,T1,192,2.441,0.379,,15,Moderate Differentiation
44,A45,NCI_Lung45_U133A,MI,1,FEMALE,69,White,No,No,Alive,No,8/27/1996,,52.1,12/7/2000,52.1,12/7/2000, ,Smoked in the past,R0,N0,T1,191,2.19,0.415,,16,WELL DIFFERENTIATED
45,A46,NCI_Lung46_U133A,MI,1,FEMALE,58,Asian,No,No,Dead,No,8/28/1996,,17.6,2/7/1998,17.6,2/7/1998,2/7/1998,Never smoked,R1,N2,T2,192,2.356,0.216,,16,Moderate Differentiation
46,A47,NCI_Lung47_U133A,MI,1,MALE,62,Black or African American,No,No,Dead,Yes,8/29/1996,4,16.87,1/17/1998,16.9,1/18/1998,1/18/1998,Smoked in the past,R0,N2,T2,192,1.459,0.17,,16,Moderate Differentiation
47,A48,NCI_Lung48_U133A,MI,1,FEMALE,62,White,No,No,Alive,No,8/30/1996,,86.8,10/17/2003,86.8,10/17/2003, ,Smoked in the past,R0,N0,T1,192,1.575,0.184,,16,WELL DIFFERENTIATED
48,A49,NCI_Lung49_U133A,MI,1,MALE,65,Unknown,No,No,Alive,Yes,8/31/1996,102,103.4,2/27/2005,103.4,2/27/2005, ,Smoked in the past,R0,N0,T2,192,1.212,0.15,,16,Moderate Differentiation
49,A50,NCI_Lung50_U133A,MI,1,FEMALE,73,White,Yes,Yes,Alive,No,9/1/1996,,117.6,4/30/2006,117.6,4/30/2006, ,Never smoked,R0,N0,T2,191,1.36,0.24,,16,Moderate Differentiation
50,A51,NCI_Lung51_U133A,MI,1,FEMALE,52,White,Yes,Yes,Dead,Yes,9/2/1996,34,115.8,3/8/2006,115.8,3/8/2006,3/8/2006,Smoked in the past,R0,N1,T2,192,2.993,0.179,,16,Moderate Differentiation
51,A52,NCI_Lung52_U133A,MI,1,MALE,72,White,No,No,Dead,No,9/3/1996,,19,3/27/1998,19,3/27/1998,3/27/1998,Smoked in the past,R0,N0,T1,192,1.894,0.279,,16,Moderate Differentiation
52,A53,NCI_Lung53_U133A,MI,1,MALE,65,White,Yes,Yes,Dead,Yes,9/4/1996,79,84.1,8/2/2003,84.1,8/2/2003,8/2/2003,Smoked in the past,R0,N0,T1,193,1.459,0.243,,16,Moderate Differentiation
53,A54,NCI_Lung54_U133A,MI,1,FEMALE,65,White,No,No,Alive,No,9/5/1996,,153.3,4/9/2009,153.3,4/9/2009, ,Smoked in the past,R0,N0,T1,192,1.813,0.192,,16,POORLY DIFFERENTIATED
54,A55,NCI_Lung55_U133A,MI,1,FEMALE,59,White,No,No,Alive,No,9/6/1996,,153.9,4/28/2009,153.9,4/28/2009, ,Unknown,R0,N0,T2,192,2.275,0.335,,16,Moderate Differentiation
55,A56,NCI_Lung56_U133A,MI,1,FEMALE,62,White,No,No,Alive,No,9/7/1996,,162.6,1/15/2010,162.6,1/15/2010, ,Smoked in the past,R0,N0,T1,192,2.432,0.414,,16,WELL DIFFERENTIATED
56,A57,NCI_Lung57_U133A,MI,1,MALE,63,White,No,No,Alive,No,9/8/1996,,63.8,12/5/2001,63.8,12/5/2001, ,Smoked in the past,R0,N0,T2,192,2.011,0.319,,16,POORLY DIFFERENTIATED
57,A58,NCI_Lung58_U133A,MI,1,FEMALE,54,White,Yes,Yes,Dead,Yes,9/9/1996,94,,9/9/1996,132.5,7/29/2007,7/29/2007,Smoked in the past,R0,N0,T1,192,1.131,0.208,,16,Moderate Differentiation
58,A59,NCI_Lung_59_U133A,MI,1,FEMALE,57,White,No,No,Alive,No,9/10/1996,,130.8,6/9/2007,130.8,6/9/2007, ,,R0,N0,T1,192,2.28,0.552,,17,POORLY DIFFERENTIATED
59,A60,NCI_Lung_60_U133A,MI,1,FEMALE,59,Black or African American,No,No,Alive,No,9/11/1996,,159.6,10/21/2009,159.6,10/21/2009, ,Smoked in the past,R0,N0,T1,192,2.859,0.632,,17,Moderate Differentiation
60,A61,NCI_Lung_61_U133A,MI,1,FEMALE,48,White,No,No,Alive,No,9/12/1996,,157.7,8/26/2009,157.7,8/26/2009, ,Never smoked,R0,N0,T1,192,2.715,0.459,,17,POORLY DIFFERENTIATED
61,A62,NCI_Lung_62_U133A,MI,1,FEMALE,44,White,No,No,Alive,No,9/13/1996,,76.3,12/20/2002,76.3,12/20/2002, ,Smoked in the past,R0,N0,T1,192,2.971,0.705,,17,Moderate Differentiation
62,A63,NCI_Lung_63_U133A,MI,1,FEMALE,40,White,No,No,Alive,No,9/14/1996,,105.9,5/27/2005,105.9,5/27/2005, ,Smoked in the past,R0,N0,T1,192,2.033,0.439,,17,Moderate Differentiation
63,A64,NCI_Lung_64_U133A,MI,1,MALE,64,Not Reported,No,No,Dead,No,9/15/1996,,28.17,1/8/1999,28.2,1/9/1999,1/9/1999,Smoked in the past,R0,N2,T2,192,4.245,0.915,,17,Moderate Differentiation
64,A65,NCI_Lung_65_U133A,MI,1,MALE,69,White,No,No,Dead,Yes,9/16/1996,5,7.2,4/20/1997,7.2,4/20/1997,4/20/1997,Smoked in the past,R0,N2,T1,192,4.443,1.126,,17,Moderate Differentiation
65,A66,NCI_Lung_66_U133A,MI,1,MALE,67,White,No,No,Dead,Yes,9/17/1996,,79.47,3/29/2003,79.5,3/30/2003,3/30/2003,Smoked in the past,R0,N0,T1,193,2.778,0.469,,17,Moderate Differentiation
66,A67,NCI_Lung_67_U133A,MI,1,FEMALE,62,White,No,No,Alive,Yes,9/18/1996,50,82.3,6/23/2003,82.3,6/23/2003, ,Smoked in the past,R0,N0,T1,193,3.123,0.367,,17,Moderate Differentiation
67,A68,NCI_Lung_68_U133A,MI,1,MALE,60,White,No,No,Alive,No,9/19/1996,,101.2,1/11/2005,101.2,1/11/2005, ,Smoked in the past,R0,N0,T2,192,2.037,0.263,,17,Moderate Differentiation
68,A69,NCI_Lung_69_U133A,MI,1,MALE,46,Asian,No,No,Alive,No,9/20/1996,,168.1,7/12/2010,168.1,7/12/2010, ,Smoked in the past,R0,N0,T1,192,4.088,0.435,,17,POORLY DIFFERENTIATED
69,A70,NCI_Lung_70_U133A,MI,1,MALE,77,White,Unknown,Unknown,Dead,No,9/21/1996,,14.87,12/11/1997,14.9,12/12/1997,12/12/1997,Smoked in the past,R0,N2,T1,192,4.129,0.48,,19,Moderate Differentiation
70,A71,NCI_Lung_71_U133A,MI,1,MALE,56,White,No,No,Dead,Yes,9/22/1996,7,9.57,7/6/1997,9.6,7/7/1997,7/7/1997,Smoked in the past,R0,N2,T2,192,1.616,0.274,,17,Moderate Differentiation
71,A72,NCI_Lung_72_U133A,MI,1,FEMALE,53,White,No,No,Alive,No,9/23/1996,,95,7/13/2004,95,7/13/2004, ,Smoked in the past,R0,N0,T1,192,3.707,0.84,,17,Moderate Differentiation
72,A73,NCI_Lung_73_U133A,MI,1,MALE,51,White,No,No,Alive,No,9/24/1996,,62.4,11/9/2001,62.4,11/9/2001, ,Smoked in the past,R0,N0,T2,192,2.203,0.503,,18,Moderate Differentiation
73,A74,NCI_Lung_74_U133A,MI,1,FEMALE,63,Black or African American,No,No,Alive,No,9/25/1996,,20.9,6/14/1998,64.3,1/6/2002, ,Smoked in the past,R0,N1,T2,192,1.867,0.321,,18,Moderate Differentiation
74,A75,NCI_Lung_75_U133A,MI,1,FEMALE,85,White,No,No,Dead,No,9/26/1996,,20.87,6/14/1998,20.9,6/15/1998,6/15/1998,Smoked in the past,R0,N0,T1,192,2.545,0.359,,18,WELL DIFFERENTIATED
75,A76,NCI_Lung_76_U133A,MI,1,FEMALE,60,White,No,No,Dead,Yes,9/27/1996,22,22.3,7/28/1998,22.3,7/28/1998,7/28/1998,Smoked in the past,R0,N1,T1,192,2.863,0.445,,18,Moderate Differentiation
76,A77,NCI_Lung_77_U133A,MI,1,MALE,58,White,No,No,Dead,Yes,9/28/1996,12,67.9,4/27/2002,67.9,4/27/2002,4/27/2002,Smoked in the past,R0,N1,T2,192,1.719,0.259,,18,WELL DIFFERENTIATED
77,A78,NCI_Lung_78_U133A,MI,1,MALE,81,White,No,No,Alive,No,9/29/1996,,36.3,9/23/1999,36.3,9/23/1999, ,Smoked in the past,R0,N0,T1,192,2.239,0.38,,18,Moderate Differentiation
78,A79,NCI_Lung_79_U133A,MI,1,FEMALE,52,White,Yes,Yes,Dead,Yes,9/30/1996,14,22.67,8/11/1998,22.7,8/12/1998,8/12/1998,Smoked in the past,R0,N1,T2,192,3.608,0.404,,18,POORLY DIFFERENTIATED
79,A80,NCI_Lung_80_U133A,MI,1,FEMALE,81,Not Reported,Yes,Yes,Alive,No,10/1/1996,,32.9,6/15/1999,32.9,6/15/1999, ,Never smoked,R0,N1,T2,192,2.643,0.703,,18,Moderate Differentiation
80,A81,NCI_Lung_81_U133A,MI,1,FEMALE,57,Not Reported,No,No,Alive,No,10/2/1996,,38.1,11/19/1999,38.1,11/19/1999, ,Never smoked,R0,N0,T1,192,3.393,0.404,,18,POORLY DIFFERENTIATED
81,A82,NCI_Lung_82_U133A,MI,1,FEMALE,76,Not Reported,Yes,Yes,Dead,Yes,10/3/1996,27,54.2,3/17/2001,54.2,3/17/2001,3/17/2001,Never smoked,R0,N0,T1,192,1.746,0.194,,18,Moderate Differentiation
82,A83,NCI_Lung_83_U133A,MI,1,FEMALE,60,White,Yes,Yes,Dead,Yes,10/4/1996,52,,10/4/1996,96.1,8/26/2004,8/26/2004,Smoked in the past,R0,N1,T1,192,2.248,0.267,,18,Moderate Differentiation
83,A84,NCI_Lung_84_U133A,MI,1,FEMALE,62,White,No,No,Alive,Yes,10/5/1996,10,53.2,2/17/2001,53.2,2/17/2001, ,Smoked in the past,R0,N0,T1,192,2.15,0.312,,18,Moderate Differentiation
84,A85,NCI_Lung_85_U133A,MI,1,MALE,68,White,No,No,Dead,No,10/6/1996,,12.47,10/15/1997,12.5,10/16/1997,10/16/1997,Smoked in the past,R0,N1,T2,192,4.376,0.214,,18,WELL DIFFERENTIATED
85,A86,NCI_Lung_86_U133A,MI,1,MALE,73,Not Reported,No,No,Alive,No,10/7/1996,,29.5,3/11/1999,29.5,3/11/1999, ,Smoked in the past,R0,N0,T1,192,2.585,0.422,,18,WELL DIFFERENTIATED
86,A88,NCI_Lung_88_U133A,MI,0,MALE,71,White,Yes,Yes,Dead,Yes,10/8/1996,15,36.97,10/22/1999,37,10/23/1999,10/23/1999,Smoked in the past,R0,N0,T3,192,3.774,0.421,,19,Moderate Differentiation
87,A89,NCI_Lung_89_U133A,MI,1,FEMALE,65,White,No,No,Alive,No,10/9/1996,,107.5,8/8/2005,107.5,8/8/2005, ,Smoked in the past,R0,N1,T1,192,2.45,0.444,,19,POORLY DIFFERENTIATED
88,A90,NCI_Lung_90_U133A,MI,1,MALE,63,White,No,No,Alive,No,10/10/1996,,53.7,3/9/2001,53.7,3/9/2001, ,Smoked in the past,R0,N0,T2,193,1.862,0.448,,19,POORLY DIFFERENTIATED
89,A91,NCI_Lung_91_U133A,MI,1,MALE,70,White,No,No,Alive,No,10/11/1996,,21.8,7/27/1998,21.8,7/27/1998, ,Smoked in the past,R0,N0,T1,193,2.091,0.406,,19,WELL DIFFERENTIATED
90,A92,NCI_Lung_92_U133A,MI,1,MALE,78,White,No,No,Alive,No,10/12/1996,,55.8,5/13/2001,55.8,5/13/2001, ,Smoked in the past,R0,N0,T1,192,2.706,0.318,,19,POORLY DIFFERENTIATED
91,A93,NCI_Lung_93_U133A,MI,1,MALE,54,White,No,No,Dead,Yes,10/13/1996,,,10/13/1996,21,7/5/1998,7/5/1998,Smoked in the past,R0,N1,T2,192,2.769,0.332,,19,Moderate Differentiation
92,A94,NCI_Lung_94_U133A,MI,0,FEMALE,43,White,No,No,Dead,Yes,10/14/1996,,56.67,6/10/2001,56.7,6/11/2001,6/11/2001,Never smoked,R0,N1,T1,191,2.702,0.186,,19,POORLY DIFFERENTIATED
93,A95,NCI_Lung_95_U133A,MI,1,MALE,78,White,No,No,Dead,No,10/15/1996,,,10/15/1996,7.3,5/22/1997,5/22/1997,Smoked in the past,R0,N1,T1,193,2.966,0.205,,19,Moderate Differentiation
94,A96,NCI_Lung_96_U133A,MI,1,MALE,66,White,No,No,Alive,No,10/16/1996,,159.9,12/4/2009,159.9,12/4/2009, ,Unknown,R0,N0,T2,192,2.554,0.288,,19,Moderate Differentiation
95,A97,NCI_Lung_97_U133A,MI,1,MALE,72,White,No,No,Alive,No,10/17/1996,,60.8,10/15/2001,60.8,10/15/2001, ,Smoked in the past,R0,N0,T1,192,2.087,0.18,,19,Moderate Differentiation
96,A98,NCI_Lung_98_U133A,MI,1,FEMALE,81,White,No,No,Dead,Yes,10/18/1996,8,21.17,7/15/1998,21.2,7/16/1998,7/16/1998,Never smoked,R0,N0,T1,192,1.629,0.238,,19,WELL DIFFERENTIATED
97,A99,NCI_Lung_99_U133A,MI,1,FEMALE,69,White,Yes,Yes,Alive,Yes,10/19/1996,46,53.6,3/15/2001,53.6,3/15/2001, ,Never smoked,R0,N0,T2,191,2.827,0.204,,19,WELL DIFFERENTIATED
98,A100,NCI_Lung_100_U133A,MI,1,MALE,59,White,No,No,Alive,No,10/20/1996,,23.2,9/16/1998,23.2,9/16/1998, ,Smoked in the past,R0,N2,T3,192,1.831,0.292,,19,Moderate Differentiation
99,A201,NCI_lung201_U133A,MI,1,FEMALE,76,White,Unknown,Unknown,Alive,,10/21/1996,,47.27,9/8/2000,47.27,9/8/2000, ,Unknown,R0,N0,T2,192,1.858,0.194,,20,POORLY DIFFERENTIATED
100,A202,NCI_lung202_U133A,MI,1,MALE,70,White,Unknown,Unknown,Dead,,10/22/1996,,59.11,8/30/2001,59.11,8/30/2001,8/30/2001,Unknown,R0,N0,T2,192,2.087,0.241,,20,Moderate Differentiation
101,A203,NCI_lung203_U133A,MI,1,MALE,58,White,Unknown,Unknown,Alive,,10/23/1996,,51.58,1/17/2001,51.58,1/17/2001, ,Unknown,R0,N0,T2,192,2.042,0.142,,20,POORLY DIFFERENTIATED
102,A204,NCI_lung204_U133A,MI,1,FEMALE,48,White,Unknown,Unknown,Dead,Yes,10/24/1996,19,36.25,10/16/1999,36.25,10/16/1999,10/16/1999,Unknown,R0,N0,T2,192,1.499,0.283,,20,Moderate Differentiation
103,A205,NCI_lung205_U133A,MI,1,MALE,82,White,Unknown,Unknown,Dead,,10/25/1996,,6.6,5/11/1997,6.6,5/11/1997,5/11/1997,Unknown,R1,N0,T3,192,1.607,0.285,,20,Moderate Differentiation
104,A206,NCI_lung206_U133A,MI,1,MALE,62,White,Unknown,Unknown,Dead,Yes,10/26/1996,9.6,54.93,4/30/2001,54.93,4/30/2001,4/30/2001,Unknown,R0,N0,T1,192,2.392,0.307,,20,Moderate Differentiation
105,A207,NCI_lung207_U133A,MI,1,MALE,82,White,Unknown,Unknown,Dead,,10/27/1996,,9.74,8/15/1997,9.74,8/15/1997,8/15/1997,Unknown,R0,N0,T4,192,1.463,0.184,,20,WELL DIFFERENTIATED
106,A208,NCI_lung208 _U133A,MI,1,MALE,68,White,Unknown,Unknown,Alive,,10/28/1996,,58.88,8/29/2001,58.88,8/29/2001, ,Unknown,R0,N0,T1,193,1.611,0.238,,20,Moderate Differentiation
107,A209,NCI_lung209_U133A,MI,1,MALE,58,Black or African American,Unknown,Unknown,Alive,,10/29/1996,,51.81,1/30/2001,51.81,1/30/2001, ,Unknown,R0,N0,T2,192,2.711,0.431,,20,Moderate Differentiation
108,A210,NCI_lung210_U133A,MI,1,MALE,63,White,Unknown,Unknown,Dead,Yes,10/30/1996,19.5,21.48,8/5/1998,21.48,8/5/1998,8/5/1998,Unknown,R0,N0,T1,192,2.428,0.342,,20,Moderate Differentiation
109,A212,NCI_lung212_U133A,MI,1,MALE,78,White,Unknown,Unknown,Dead,,10/31/1996,,6.38,5/10/1997,6.38,5/10/1997,5/10/1997,Unknown,R0,N1,T2,192,0.889,0.12,,20,Moderate Differentiation
110,A213,NCI_lung213_U133A,MI,1,FEMALE,57,Black or African American,Unknown,Unknown,Dead,Yes,11/1/1996,25,69.01,7/3/2002,69.01,7/3/2002,7/3/2002,Unknown,R0,N0,T2,192,2.208,0.208,,20,Moderate Differentiation
111,A214,NCI_lung214_U133A,MI,1,FEMALE,77,White,Unknown,Unknown,Alive,Yes,11/2/1996,64.14,64.14,2/8/2002,64.14,2/8/2002, ,Unknown,R0,N0,T1,192,1.221,0.206,,21,Moderate Differentiation
112,A215,NCI_lung215_U133A,MI,1,FEMALE,86,White,Unknown,Unknown,Dead,Yes,11/3/1996,12,32.24,6/28/1999,32.24,6/28/1999,6/28/1999,Unknown,R1,N0,T4,192,1.315,0.142,,20,POORLY DIFFERENTIATED
113,A216,NCI_lung216_U133A,MI,1,FEMALE,78,White,Unknown,Unknown,Alive,,11/4/1996,,, , , , ,Unknown,R0,N1,T4,192,1.696,0.18,,21,POORLY DIFFERENTIATED
114,A218,NCI_lung218_U133A,MI,1,MALE,73,White,Unknown,Unknown,Alive,,11/5/1996,,56.35,6/22/2001,56.35,6/22/2001, ,Unknown,R0,N0,T2,192,4.25,0.388,,21,POORLY DIFFERENTIATED
115,A219,NCI_lung219_U133A,MI,1,FEMALE,70,White,Unknown,Unknown,Alive,,11/6/1996,,69.05,7/9/2002,69.05,7/9/2002, ,Unknown,R0,N0,T1,192,2.742,0.559,,21,Moderate Differentiation
116,A220,NCI_lung220_U133A,MI,1,FEMALE,75,White,Unknown,Unknown,Alive,Yes,11/7/1996,29,56.32,6/23/2001,56.32,6/23/2001, ,Unknown,R0,N0,T1,192,1.391,0.133,,21,POORLY DIFFERENTIATED
117,A221,NCI_lung221_U133A,MI,1,FEMALE,49,White,Unknown,Unknown,Alive,,11/8/1996,,61.25,11/19/2001,61.25,11/19/2001, ,Unknown,R0,N0,T1,192,2.93,0.258,,21,POORLY DIFFERENTIATED
118,A222,NCI_lung222_U133A,MI,1,FEMALE,51,White,Unknown,Unknown,Alive,,11/9/1996,,50.43,12/30/2000,50.43,12/30/2000, ,Unknown,R0,N0,T1,192,1.526,0.221,,21,WELL DIFFERENTIATED
119,A224,NCI_lung224_U133A,MI,1,MALE,66,White,Unknown,Unknown,Alive,,11/10/1996,,73.36,11/19/2002,73.36,11/19/2002, ,Unknown,R0,N0,T1,192,2.455,0.362,,21,POORLY DIFFERENTIATED
120,A227,NCI_lung227_U133A,MI,1,FEMALE,76,White,Unknown,Unknown,Alive,,11/11/1996,,66.74,5/6/2002,66.74,5/6/2002, ,Unknown,R0,N0,T2,192,1.53,0.357,,21,Moderate Differentiation
121,A228,NCI_lung228_U133A,MI,1,FEMALE,78,White,Unknown,Unknown,Alive,,11/12/1996,,72.8,11/5/2002,72.8,11/5/2002, ,Unknown,R0,N0,T1,192,1.261,0.21,,21,Moderate Differentiation
122,A229,NCI_lung229_U133A,MI,1,MALE,76,White,Unknown,Unknown,Dead,,11/13/1996,,19.9,7/3/1998,19.9,7/3/1998,7/3/1998,Unknown,R0,N0,T1,192,3.15,0.193,,21,Moderate Differentiation
123,A230,NCI_lung230_U133A,MI,1,FEMALE,60,White,Unknown,Unknown,Dead,Yes,11/14/1996,14.3,31.28,6/10/1999,31.28,6/10/1999,6/10/1999,Unknown,R0,N1,T3,192,2.082,0.165,,21,POORLY DIFFERENTIATED
124,A231,NCI_lung231_U133A,MI,1,MALE,73,White,Unknown,Unknown,Dead,,11/15/1996,,45.33,8/5/2000,45.33,8/5/2000,8/5/2000,Unknown,R0,N0,T1,192,1.463,0.27,,21,Moderate Differentiation
125,A232,NCI_lung232_U133A,MI,0,FEMALE,70,White,Unknown,Unknown,Dead,,11/16/1996,,28.68,3/26/1999,28.68,3/26/1999,3/26/1999,Unknown,R0,N0,T2,192,1.809,0.146,,21,Moderate Differentiation
126,A234,NCI_lung234_U133A,MI,1,FEMALE,72,White,Unknown,Unknown,Alive,,11/17/1996,,83.95,10/10/2003,83.95,10/10/2003, ,Unknown,R0,N0,T1,192,2.203,0.201,,22,POORLY DIFFERENTIATED
127,A235,NCI_lung235_U133A,MI,1,FEMALE,55,White,Unknown,Unknown,Dead,,11/18/1996,,12.63,12/1/1997,12.63,12/1/1997,12/1/1997,Unknown,R0,N0,T4,192,2.293,0.491,,22,POORLY DIFFERENTIATED
128,A236,NCI_lung236_U133A,MI,1,FEMALE,64,White,Unknown,Unknown,Alive,,11/19/1996,,77.89,4/13/2003,77.89,4/13/2003, ,Unknown,R0,N0,T2,192,4.326,0.915,,22,POORLY DIFFERENTIATED
129,A237,NCI_lung237_U133A,MI,1,FEMALE,53,White,Unknown,Unknown,Alive,Yes,11/20/1996,9.6,11.18,10/21/1997,11.18,10/21/1997, ,Unknown,R0,N0,T2,192,6.126,1.124,*,22,POORLY DIFFERENTIATED
130,A238,NCI_lung238_U133A,MI,1,FEMALE,77,White,Unknown,Unknown,Alive,,11/21/1996,,30.53,5/25/1999,30.53,5/25/1999, ,Unknown,R0,N0,T4,193,3.312,0.753,,22,WELL DIFFERENTIATED
131,A239,NCI_lung239_U133A,MI,1,FEMALE,55,White,Unknown,Unknown,Alive,Yes,11/22/1996,32,73.59,12/8/2002,73.59,12/8/2002, ,Unknown,R0,N0,T1,193,4.308,0.967,,22,Moderate Differentiation
132,A240,NCI_lung240_U133A,MI,1,MALE,67,White,Unknown,Unknown,Dead,Yes,11/23/1996,6.2,11.68,11/8/1997,11.68,11/8/1997,11/8/1997,Unknown,R0,N0,T2,192,5.255,1.015,*,22,Moderate Differentiation
133,A245,NCI_lung245_U133A,MI,0,MALE,53,White,Unknown,Unknown,Alive,,11/24/1996,,52.01,3/3/2001,52.01,3/3/2001, ,Unknown,R0,N0,T2,194,4.039,0.976,,22,Moderate Differentiation
134,A246,NCI_lung246_U133A,MI,1,FEMALE,70,White,Unknown,Unknown,Alive,,11/25/1996,,74.61,1/11/2003,74.61,1/11/2003, ,Unknown,R0,N0,T1,192,4.86,0.48,,22,POORLY DIFFERENTIATED
135,A247,NCI_lung247_U133A,MI,1,FEMALE,72,White,Unknown,Unknown,Dead,Yes,11/26/1996,15,31.94,7/12/1999,31.94,7/12/1999,7/12/1999,Unknown,R0,N0,T2,193,2.939,0.528,,22,WELL DIFFERENTIATED
136,A248,NCI_lung248_U133A,MI,0,FEMALE,57,White,Unknown,Unknown,Alive,,11/27/1996,,59.9,10/29/2001,59.9,10/29/2001, ,Unknown,R0,N0,T2,193,6.368,1.083,*,22,
137,A249,NCI_lung249_U133A,MI,1,MALE,43,White,Unknown,Unknown,Dead,,11/28/1996,,2.24,2/3/1997,2.24,2/3/1997,2/3/1997,Unknown,R0,N0,T1,193,2.913,0.525,,22,Moderate Differentiation
138,A250,NCI_lung250_U133A,MI,0,FEMALE,65,White,Unknown,Unknown,Alive,Yes,11/29/1996,1,73.22,12/4/2002,73.22,12/4/2002, ,Unknown,R0,N0,T1,193,3.626,0.716,,22,WELL DIFFERENTIATED
139,A257,NCI_lung257_U133A,MI,0,FEMALE,66,Black or African American,Unknown,Unknown,Alive,,11/30/1996,,79.05,5/29/2003,79.05,5/29/2003, ,Unknown,R0,N0,T1,193,5.237,0.858,*,22,Moderate Differentiation
140,A258,NCI_lung258_U133A,MI,1,FEMALE,52,White,Unknown,Unknown,Dead,,12/1/1996,,8.85,8/23/1997,8.85,8/23/1997,8/23/1997,Unknown,R0,N1,T1,192,4.353,0.778,,22,POORLY DIFFERENTIATED
141,A259,NCI_lung259_U133A,MI,1,FEMALE,69,White,Unknown,Unknown,Alive,,12/2/1996,,92.2,6/29/2004,92.2,6/29/2004, ,Unknown,R0,N0,T1,192,2.863,0.553,,23,POORLY DIFFERENTIATED
142,A263,NCI_lung263_U133A,MI,1,FEMALE,33,Not Reported,Unknown,Unknown,Alive,Yes,12/3/1996,7,90.07,4/27/2004,90.07,4/27/2004, ,Unknown,R0,N0,T2,192,3.222,0.225,,23,WELL DIFFERENTIATED
143,A267,NCI_lung267_U133A,MI,1,MALE,59,White,Unknown,Unknown,Dead,,12/4/1996,,24.97,12/23/1998,24.97,12/23/1998,12/23/1998,Unknown,R0,N1,T3,192,2.764,0.285,,23,POORLY DIFFERENTIATED
144,A268,NCI_lung268_U133A,MI,1,MALE,62,White,Unknown,Unknown,Dead,Yes,12/5/1996,41,42.04,5/19/2000,42.04,5/19/2000,5/19/2000,Unknown,R0,N0,T1,192,1.418,0.125,,23,Moderate Differentiation
145,A269,NCI_lung269_U133A,MI,1,MALE,70,Unknown,Unknown,Unknown,Dead,,12/6/1996,,12.17,12/6/1997,12.2,12/7/1997,12/7/1997,Unknown,R0,N0,T1,193,2.168,0.229,,23,POORLY DIFFERENTIATED
146,A270,NCI_lung270_U133A,MI,1,MALE,74,Unknown,Unknown,Unknown,Dead,Yes,12/7/1996,,2.7,2/26/1997,2.7,2/26/1997,2/26/1997,Unknown,R0,N1,T3,192,3.132,0.296,,23,POORLY DIFFERENTIATED
147,A271,NCI_lung271_U133A,MI,1,MALE,46,Unknown,Unknown,Unknown,Dead,Yes,12/8/1996,,95.97,10/26/2004,96,10/27/2004,10/27/2004,Unknown,R0,N0,T2,192,3.137,0.279,,23,Moderate Differentiation
148,A272,NCI_lung272_U133A,MI,1,MALE,67,Unknown,Unknown,Unknown,Dead,,12/9/1996,,66.07,5/14/2002,66.1,5/15/2002,5/15/2002,Unknown,R0,N0,T4,192,2.114,0.25,,23,Moderate Differentiation
149,A273,NCI_lung273_U133A,MI,1,MALE,60,Unknown,Unknown,Unknown,Dead,Yes,12/10/1996,,68.6,7/30/2002,68.6,7/30/2002,7/30/2002,Unknown,R0,N0,T2,192,1.705,0.218,,23,POORLY DIFFERENTIATED
150,A274,NCI_lung274_U133A,MI,1,MALE,75,Unknown,Unknown,Unknown,Dead,Yes,12/11/1996,,48,11/20/2000,48,11/20/2000,11/20/2000,Unknown,R0,N0,T2,192,2.41,0.254,,23,Moderate Differentiation
451,C0130D,Moff 0130D,HLM,1,FEMALE,66,Black or African American,No,No,Dead,Yes,12/12/1996,2.79,44.94,8/21/2000,44.94,8/21/2000,8/21/2000,Smoked in the past,R0,N0,T2,192,1.575,0.135,,7,POORLY DIFFERENTIATED
452,C0184A,Moff 0184A,HLM,1,MALE,79,White,No,No,Dead,Yes,12/13/1996,13.54,26.38,2/12/1999,34.76,10/21/1999,10/21/1999,Smoked in the past,R0,N0,T2,193,1.562,0.15,,8,Moderate Differentiation
453,C0272C,Moff 0272C,HLM,0,MALE,72,White,No,No,Dead,No,12/14/1996,,22.74,10/27/1998,22.74,10/27/1998,10/27/1998,Smoked in the past,,,,192,2.598,0.271,,7,
454,C0404A,Moff 0404A,HLM,1,FEMALE,72,White,No,No,Dead,Yes,12/15/1996,17.35,12.25,12/17/1997,19.84,8/2/1998,8/2/1998,Smoked in the past,R0,N0,T2,193,2.791,0.146,,8,Moderate Differentiation
455,C0480I,Moff 0480I,HLM,1,MALE,67,White,Yes,Unknown,Dead,Yes,12/16/1996,0.46,3.94,4/13/1997,8.61,8/31/1997,8/31/1997,Smoked in the past,R0,N2,T4,192,1.463,0.153,,10,POORLY DIFFERENTIATED
456,C0516E,Moff 0516E,HLM,1,FEMALE,79,White,No,No,Dead,No,12/17/1996,,,12/17/1996,0.53,1/1/1997,1/1/1997,Currently smoking,R0,N2,T2,192,3.303,0.217,,8,Moderate Differentiation
457,C0604H,Moff 0604H,HLM,1,FEMALE,74,White,No,No,Dead,Yes,12/18/1996,27.14,37.16,1/6/2000,37.55,1/18/2000,1/18/2000,Smoked in the past,R0,N2,T2,192,3.949,0.182,,10,Moderate Differentiation
458,C0683H,Moff 0683H,HLM,1,MALE,50,White,Yes,Yes,Alive,Yes,12/19/1996,17.44,106.58,9/20/2005,106.58,9/20/2005, ,Smoked in the past,,,,192,1.66,0.169,,10,
459,C0686G,Moff 0686G,HLM,1,MALE,40,White,No,No,Alive,No,12/20/1996,,123.3,2/5/2007,123.3,2/5/2007, ,Smoked in the past,R0,N0,T2,192,2.221,0.232,,8,Moderate Differentiation
460,C0711B,Moff 0711B,HLM,1,MALE,79,White,No,No,Dead,Unknown,12/21/1996,,16.59,5/2/1998,56.8,8/21/2001,8/21/2001,Smoked in the past,R0,N1,T1,192,3.303,0.234,,10,WELL DIFFERENTIATED
461,C0757N,Moff 0757N,HLM,0,MALE,74,White,No,Yes,Dead,Yes,12/22/1996,22.77,30.72,7/1/1999,30.72,7/1/1999,7/1/1999,Smoked in the past,,,,192,2.859,0.256,,11,
462,C0770K,Moff 0770K,HLM,1,FEMALE,75,White,No,Yes,Dead,No,12/23/1996,,30.12,6/14/1999,30.12,6/14/1999,6/14/1999,Smoked in the past,R0,N0,T3,192,2.284,0.178,,11,POORLY DIFFERENTIATED
463,C0895B,Moff 0895B,HLM,0,MALE,70,White,No,No,Dead,Yes,12/24/1996,5.65,31.83,8/5/1999,31.84,8/6/1999,8/6/1999,Smoked in the past,R0,N0,T2,192,2.325,0.21,,10,Moderate Differentiation
464,C0928E1,Moff 0928E,HLM,1,FEMALE,64,White,No,No,Dead,Yes,12/25/1996,12.1,13.33,1/28/1998,13.33,1/28/1998,1/28/1998,Never smoked,,,,193,1.494,0.173,,10,
465,C0936G1,Moff 0936G,HLM,1,FEMALE,77,White,No,No,Dead,No,12/26/1996,,91.01,6/17/2004,105.99,9/9/2005,9/9/2005,Never smoked,R0,N0,T1,192,2.105,0.173,,10,Moderate Differentiation
466,C1221F,Moff 1221F,HLM,1,FEMALE,66,White,No,Yes,Dead,Yes,12/27/1996,35.19,42.68,6/29/2000,44.42,8/20/2000,8/20/2000,Smoked in the past,R1,N0,T4,192,1.723,0.138,,10,Moderate Differentiation
467,C1276H,Moff 1276H,HLM,1,MALE,49,White,Yes,No,Dead,Yes,12/28/1996,19.06,9.92,10/21/1997,20.86,9/14/1998,9/14/1998,Smoked in the past,R0,N0,T2,193,2.751,0.361,,10,POORLY DIFFERENTIATED
468,C1300F,Moff 1300F,HLM,1,MALE,62,White,Yes,Yes,Dead,Yes,12/29/1996,26.71,27.63,4/6/1999,27.63,4/6/1999,4/6/1999,Smoked in the past,R0,N1,T2,192,1.768,0.121,,7,Moderate Differentiation
469,C1343G,Moff 1343G,HLM,1,MALE,66,White,No,No,Dead,No,12/30/1996,,69.65,9/19/2002,74.18,2/2/2003,2/2/2003,Smoked in the past,R0,N0,T2,193,2.136,0.139,,10,Moderate Differentiation
470,C1400H,Moff 1400H,HLM,1,FEMALE,87,White,No,No,Dead,Unknown,12/31/1996,,39.13,3/18/2000,96,11/19/2004,11/19/2004,Never smoked,R0,N0,T1,193,3.37,0.237,,10,Moderate Differentiation
471,C1466E,Moff 1466E,HLM,0,MALE,82,White,No,Yes,Alive,No,1/1/1997,,,1/1/1997,,1/1/1997, ,Smoked in the past,,,,192,2.015,0.155,,10,
472,C1473F,Moff 1473F,HLM,1,FEMALE,62,White,No,Yes,Dead,Yes,1/2/1997,9.72,41.33,5/25/2000,41.33,5/25/2000,5/25/2000,Smoked in the past,R0,N1,T1,192,1.369,0.087,,7,Moderate Differentiation
473,C1477G,Moff 1477G,HLM,1,MALE,82,White,No,Yes,Dead,Unknown,1/3/1997,,5.65,6/21/1997,5.65,6/21/1997,6/21/1997,Smoked in the past,R0,N0,T3,192,3.325,0.219,,7,WELL DIFFERENTIATED
474,C1487F,Moff 1487F,HLM,1,MALE,77,White,No,No,Dead,No,1/4/1997,,0.2,1/10/1997,0.43,1/16/1997,1/16/1997,Smoked in the past,R0,N0,T2,192,2.957,0.177,,10,Moderate Differentiation
475,C1514K,Moff 1514K,HLM,1,FEMALE,61,White,Yes,Yes,Dead,No,1/5/1997,,14,3/1/1998,16.56,5/16/1998,5/16/1998,Currently smoking,R0,N0,T2,193,2.325,0.153,,8,Moderate Differentiation
476,C1576F,Moff 1576F,HLM,1,MALE,81,White,No,No,Dead,No,1/6/1997,,61.2,1/16/2002,61.21,1/16/2002,1/16/2002,Smoked in the past,R0,N0,T1,192,1.804,0.161,,10,WELL DIFFERENTIATED
477,C1734M,Moff 1734M,HLM,1,FEMALE,72,White,No,No,Alive,No,1/7/1997,,104.47,8/7/2005,104.47,8/7/2005, ,Smoked in the past,R0,N1,T2,193,1.481,0.158,,7,Moderate Differentiation
478,C1835I1,Moff 1835I,HLM,1,FEMALE,67,White,No,No,Dead,Yes,1/8/1997,70.27,70.6,10/27/2002,70.6,10/27/2002,10/27/2002,Smoked in the past,R0,N0,T2,193,3.698,0.264,,7,Moderate Differentiation
479,C1864H,Moff 1864H,HLM,1,FEMALE,74,White,No,Yes,Dead,No,1/9/1997,,3.52,4/24/1997,3.52,4/24/1997,4/24/1997,Smoked in the past,R0,N2,T2,193,2.217,0.201,,8,Moderate Differentiation
480,C1883G,Moff 1883G,HLM,1,FEMALE,64,White,No,No,Dead,Yes,1/10/1997,2.53,16.59,5/22/1998,17.54,6/20/1998,6/20/1998,Smoked in the past,R0,N0,T2,192,2.338,0.231,,11,Moderate Differentiation
481,C1888E1,Moff 1888E,HLM,1,FEMALE,65,White,No,No,Dead,Yes,1/11/1997,25.43,27.56,4/17/1999,27.56,4/17/1999,4/17/1999,Smoked in the past,R0,N0,T2,192,3.231,0.156,,10,Moderate Differentiation
482,C1903E1,Moff 1903E,HLM,1,MALE,76,White,No,No,Dead,Yes,1/12/1997,8.44,16.16,5/11/1998,16.39,5/18/1998,5/18/1998,Currently smoking,R0,N0,T3,193,2.15,0.156,,10,POORLY DIFFERENTIATED
483,C2072G,Moff 2072G,HLM,1,FEMALE,66,White,No,No,Alive,No,1/13/1997,,77.7,6/2/2003,77.7,6/2/2003, ,Never smoked,R0,N0,T2,193,3.034,0.198,,10,Moderate Differentiation
484,C2186B,Moff 2186B,HLM,1,MALE,70,Black or African American,No,No,Alive,Yes,1/14/1997,25.17,94.16,10/8/2004,94.16,10/8/2004, ,Smoked in the past,R0,N0,T1,193,2.764,0.259,,10,Moderate Differentiation
485,C2199G,Moff 2199G,HLM,1,FEMALE,66,White,No,No,Alive,No,1/15/1997,,56.15,8/26/2001,73.4,1/26/2003, ,Smoked in the past,R0,N0,T2,193,1.656,0.163,,10,POORLY DIFFERENTIATED
486,C2219F,Moff 2219F,HLM,1,MALE,70,White,Yes,No,Dead,Yes,1/16/1997,17.77,45.17,10/2/2000,45.24,10/4/2000,10/4/2000,Smoked in the past,R0,N0,T2,192,2.509,0.272,,7,POORLY DIFFERENTIATED
487,C2296D,Moff 2296D,HLM,1,MALE,63,White,No,No,Dead,No,1/17/1997,,0.03,1/17/1997,0.03,1/17/1997,1/17/1997,Smoked in the past,R0,N0,T2,193,2.055,0.203,,8,Moderate Differentiation
488,C2310K,Moff 2310K,HLM,1,FEMALE,68,White,No,No,Dead,Yes,1/18/1997,55.62,75.2,3/24/2003,75.73,4/8/2003,4/8/2003,Never smoked,R0,N0,T2,191,3.572,0.377,,9,WELL DIFFERENTIATED
489,C2323F,Moff 2323F,HLM,0,FEMALE,57,White,No,No,Alive,No,1/19/1997,,,1/19/1997,,1/19/1997, ,Smoked in the past,,,,192,2.948,0.279,,7,
490,C2325E,Moff 2325E,HLM,1,MALE,76,White,No,No,Dead,Yes,1/20/1997,21.39,21.39,10/23/1998,39.06,4/5/2000,4/5/2000,Smoked in the past,R0,N0,T2,193,0.938,0.103,,7,Moderate Differentiation
491,C2333J,Moff 2333J,HLM,1,MALE,49,White,Yes,Yes,Dead,Yes,1/21/1997,39.69,65.11,5/28/2002,77.6,6/7/2003,6/7/2003,Smoked in the past,R0,N2,T2,193,2.284,0.211,,11,Moderate Differentiation
492,C2352G,Moff 2352G,HLM,1,MALE,61,White,Yes,No,Dead,Unknown,1/22/1997,,2.27,3/31/1997,2.27,3/31/1997,3/31/1997,Smoked in the past,R1,N2,T2,192,2.302,0.139,,7,Moderate Differentiation
493,C2362A,Moff 2362A,HLM,1,MALE,71,White,No,No,Alive,No,1/23/1997,,84.44,12/31/2003,84.44,12/31/2003, ,Smoked in the past,R0,NX,T1,192,2.105,0.146,,7,Moderate Differentiation
494,C2366C,Moff 2366C,HLM,1,MALE,60,White,No,No,Dead,Yes,1/24/1997,11.04,42.18,7/12/2000,42.18,7/12/2000,7/12/2000,Currently smoking,R0,N0,T3,192,1.521,0.152,,7,POORLY DIFFERENTIATED
495,C2373H,Moff 2373H,HLM,1,FEMALE,73,White,No,No,Dead,No,1/25/1997,,83.87,12/16/2003,85.65,2/7/2004,2/7/2004,Smoked in the past,R0,N0,T1,192,1.993,0.261,,7,Moderate Differentiation
496,C2401B,Moff 2401B,HLM,1,MALE,47,White,Yes,Yes,Alive,Yes,1/26/1997,88.77,92.52,9/1/2004,92.52,9/1/2004, ,Smoked in the past,R0,N0,T3,193,3.101,0.241,,7,Moderate Differentiation
497,C2463A,Moff 2463A,HLM,1,MALE,64,White,No,No,Dead,Yes,1/27/1997,13.63,38.93,4/8/2000,39.36,4/21/2000,4/21/2000,Smoked in the past,R0,N0,T2,192,4.519,0.155,,7,Moderate Differentiation
498,C2470G,Moff 2470G,HLM,1,FEMALE,66,White,No,No,Alive,No,1/28/1997,,82.5,11/8/2003,82.5,11/8/2003, ,Currently smoking,R0,N0,T1,192,1.409,0.119,,8,Moderate Differentiation
499,C2472B,Moff 2472B,HLM,1,MALE,48,White,Yes,No,Alive,Yes,1/29/1997,22.21,31.7,9/7/1999,31.7,9/7/1999, ,Smoked in the past,R0,N1,T2,193,1.126,0.083,,7,POORLY DIFFERENTIATED
500,C2497D,Moff 2497D,HLM,1,MALE,79,White,Unknown,Unknown,Dead,No,1/30/1997,,42.02,7/13/2000,42.02,7/13/2000,7/13/2000,Smoked in the past,R0,N1,T4,193,1.149,0.128,,7,Moderate Differentiation
501,C2517G1,Moff 2517G1,HLM,1,FEMALE,68,White,Unknown,Unknown,Dead,Yes,1/31/1997,4.17,1.18,3/7/1997,5.78,7/23/1997,7/23/1997,Smoked in the past,R0,N2,T2,193,3.617,0.375,,9,WELL DIFFERENTIATED
502,C2550F,Moff 2550F,HLM,1,FEMALE,68,White,Yes,No,Dead,Yes,2/1/1997,3.22,6.67,8/20/1997,7.69,9/19/1997,9/19/1997,Currently smoking,R0,N2,T4,192,3.478,0.232,,8,Moderate Differentiation
503,C2595A,Moff 2595A,HLM,1,FEMALE,82,White,No,No,Dead,Unknown,2/2/1997,,0.79,2/25/1997,47.9,1/9/2001,1/9/2001,Smoked in the past,R0,N0,T2,192,1.517,0.165,,7,Moderate Differentiation
504,C2603I,Moff 2603I,HLM,1,MALE,70,White,No,No,Alive,No,2/3/1997,,6.9,8/29/1997,58.84,12/4/2001, ,Smoked in the past,R0,N0,T2,193,2.226,0.162,,8,Moderate Differentiation
505,C2629F,Moff 2629F,HLM,1,MALE,75,White,No,No,Alive,No,2/4/1997,,81.54,10/17/2003,81.54,10/17/2003, ,Smoked in the past,R0,N0,T2,192,2.89,0.159,,7,Moderate Differentiation
506,C2634G,Moff 2634G,HLM,1,FEMALE,63,White,No,No,Dead,Yes,2/5/1997,22.18,24.05,1/27/1999,24.51,2/10/1999,2/10/1999,Smoked in the past,R0,N0,T2,193,2.554,0.146,,7,Moderate Differentiation
507,C2658C,Moff 2658C,HLM,1,FEMALE,81,White,No,No,Dead,No,2/6/1997,,0.72,2/27/1997,7.03,9/4/1997,9/4/1997,Smoked in the past,R0,N0,T2,192,2.428,0.335,,10,Moderate Differentiation
508,C2663F,Moff 2663F,HLM,1,FEMALE,75,White,No,No,Dead,Yes,2/7/1997,7.92,0.99,3/8/1997,9.63,11/22/1997,11/22/1997,Smoked in the past,R0,N0,T3,192,1.571,0.132,,7,POORLY DIFFERENTIATED
509,C2690H,Moff 2690H,HLM,1,FEMALE,60,White,No,No,Dead,No,2/8/1997,,36.14,1/28/2000,40.21,5/29/2000,5/29/2000,Never smoked,R0,N0,T2,193,1.665,0.172,,7,WELL DIFFERENTIATED
510,C2727H,Moff 2727H,HLM,0,MALE,58,White,No,No,Dead,Unknown,2/9/1997,,11.33,1/14/1998,11.33,1/14/1998,1/14/1998,Currently smoking,R0,N0,T1,192,3.348,0.208,,7,Moderate Differentiation
511,C2886F,Moff 2886F,HLM,1,FEMALE,60,White,No,No,Alive,No,2/10/1997,,66.69,8/3/2002,66.69,8/3/2002, ,Currently smoking,R0,N0,T2,192,2.132,0.148,,7,WELL DIFFERENTIATED
512,C2905B,Moff 2905B,HLM,0,MALE,57,White,No,No,Alive,No,2/11/1997,,7.79,10/2/1997,52.07,5/23/2001, ,Smoked in the past,R0,N0,T2,192,3.343,0.153,,7,POORLY DIFFERENTIATED
513,C2955B,Moff 2955B,HLM,1,FEMALE,71,White,No,Yes,Dead,Unknown,2/12/1997,,13.31,3/18/1998,40.97,6/25/2000,6/25/2000,Smoked in the past,R1,N0,T2,192,5.206,0.274,*,7,POORLY DIFFERENTIATED
514,C2958D,Moff 2958D,HLM,1,MALE,73,White,No,No,Alive,Yes,2/13/1997,,76.12,5/16/2003,76.12,5/16/2003, ,Smoked in the past,R0,N0,T2,193,2.845,0.143,,7,Moderate Differentiation
515,C2996G,Moff 2996G,HLM,1,MALE,77,White,No,No,Dead,Yes,2/14/1997,37.16,37.16,3/4/2000,72.64,2/2/2003,2/2/2003,Smoked in the past,R0,N0,T2,192,2.06,0.147,,7,Moderate Differentiation
516,C3003G,Moff 3003G,HLM,1,MALE,50,White,No,No,Dead,Yes,2/15/1997,9.26,11.99,2/9/1998,11.99,2/9/1998,2/9/1998,Smoked in the past,R0,N0,T3,192,2.706,0.194,,7,Moderate Differentiation
517,C3009D,Moff 3009D,HLM,1,FEMALE,59,White,No,Yes,Dead,Yes,2/16/1997,4.24,6.24,8/22/1997,6.24,8/22/1997,8/22/1997,Smoked in the past,R0,N1,T2,192,2.208,0.168,,7,Moderate Differentiation
518,C3021E,Moff 3021E,HLM,0,MALE,73,White,No,No,Dead,No,2/17/1997,,32,10/5/1999,38.77,4/25/2000,4/25/2000,Smoked in the past,,,,192,2.432,0.192,,7,
519,C3053B,Moff 3053B,HLM,1,MALE,70,White,No,No,Dead,Yes,2/18/1997,6.83,8.71,11/6/1997,21.88,12/6/1998,12/6/1998,Smoked in the past,R0,N0,T1,192,1.288,0.089,,7,Moderate Differentiation
520,C3105L,Moff 3105L,HLM,0,UNKNOWN,,,,,,,2/19/1997,,,2/19/1997,,2/19/1997, ,,,,,192,3.267,0.189,,8,
521,C3191I,Moff 3191I,HLM,1,MALE,58,White,No,No,Alive,Yes,2/20/1997,4.67,78.85,8/13/2003,78.85,8/13/2003, ,Smoked in the past,R0,N1,T2,191,2.248,0.27,,11,POORLY DIFFERENTIATED
522,C3227G,Moff 3227G,HLM,0,FEMALE,68,White,No,No,Alive,No,2/21/1997,,,2/21/1997,,2/21/1997, ,Smoked in the past,,,,192,3.132,0.215,,7,
523,C3265E,Moff 3265E,HLM,0,MALE,67,White,Yes,Yes,Dead,Unknown,2/22/1997,,,2/22/1997,,2/22/1997,2/22/1997,Currently smoking,R0,N2,T2,192,2.576,0.26,,11,
524,C3266F1,Moff 3266F,HLM,0,MALE,67,White,Yes,Yes,Dead,No,2/23/1997,,,2/23/1997,,2/23/1997,2/23/1997,Never smoked,,,,192,2.509,0.246,,11,
525,C3274K,Moff 3274K,HLM,1,MALE,60,White,No,No,Alive,No,2/24/1997,,72.05,1/25/2003,72.05,1/25/2003, ,Smoked in the past,R0,N0,T2,192,1.809,0.107,,7,Moderate Differentiation
526,C3298E,Moff 3298E,HLM,1,MALE,72,Asian,No,No,Dead,Yes,2/25/1997,17.25,27.4,5/28/1999,28.25,6/22/1999,6/22/1999,Currently smoking,R0,N1,T2,193,1.701,0.14,,11,Moderate Differentiation
527,C3401F,Moff 3401F,HLM,1,FEMALE,62,White,No,No,Alive,Yes,2/26/1997,53.19,53.39,7/16/2001,53.39,7/16/2001, ,Never smoked,R0,N0,T2,192,3.047,0.174,,8,Moderate Differentiation
528,C3632H,Moff 3632H,HLM,0,FEMALE,74,White,No,No,Alive,No,2/27/1997,,70.37,12/9/2002,70.37,12/9/2002, ,Smoked in the past,R0,N0,T1,190,6.637,0.507,*,11,Moderate Differentiation
529,C3730B,Moff 3730B,HLM,1,FEMALE,77,White,No,No,Alive,No,2/28/1997,,23.26,1/26/1999,39.03,5/13/2000, ,Never smoked,R0,N0,T1,193,2.904,0.263,,11,WELL DIFFERENTIATED
530,C3775F,Moff 3775F,HLM,0,MALE,72,White,No,No,Dead,Unknown,3/1/1997,,,3/1/1997,,3/1/1997,3/1/1997,Smoked in the past,,N0,T2,192,1.319,0.113,,11,
531,C4094F,Moff 4094F,HLM,1,MALE,82,White,No,No,Dead,Yes,3/2/1997,,49.64,3/30/2001,52.2,6/15/2001,6/15/2001,Smoked in the past,R0,N0,T2,193,2.863,0.142,,8,Moderate Differentiation
532,C4096E,Moff 4096E,HLM,0,MALE,69,White,No,No,Alive,No,3/3/1997,,65.77,7/28/2002,65.77,7/28/2002, ,Smoked in the past,R0,N0,T2,192,5.726,0.23,*,11,POORLY DIFFERENTIATED
533,C4112G,Moff 4112G,HLM,1,MALE,73,White,No,No,Dead,Yes,3/4/1997,13.14,13.83,4/22/1998,15.77,6/20/1998,6/20/1998,Currently smoking,R0,N0,T2,192,4.38,0.228,,11,POORLY DIFFERENTIATED
534,C4163D,Moff 4163D,HLM,0,FEMALE,53,White,No,No,Alive,No,3/5/1997,,,3/5/1997,,3/5/1997, ,Smoked in the past,,,,193,1.885,0.339,,8,
535,C4172B,Moff 4172B,HLM,1,FEMALE,57,White,No,No,Dead,Yes,3/6/1997,11.3,27.26,6/1/1999,27.66,6/13/1999,6/13/1999,Currently smoking,R0,N1,T2,192,2.998,0.173,,11,POORLY DIFFERENTIATED
536,C4217B,Moff 4217B,HLM,1,MALE,73,White,Yes,No,Dead,Yes,3/7/1997,23.13,28.19,6/30/1999,29.67,8/14/1999,8/14/1999,Smoked in the past,R0,N1,T2,192,3.321,0.352,,11,Moderate Differentiation
537,C3510G,Moff 3510G,HLM,1,FEMALE,70,White,No,Yes,Dead,Unknown,3/8/1997,,12.02,3/3/1998,12.02,3/3/1998,3/3/1998,Smoked in the past,R0,N1,T3,193,3.707,0.181,,8,POORLY DIFFERENTIATED
538,C142C,Moff 0142C,HLM,1,MALE,53,White,No,No,Alive,No,3/9/1997,,150.18,7/9/2009,150.18,7/9/2009, ,Smoked in the past,R0,N0,T2,192,3.361,0.187,,8,POORLY DIFFERENTIATED
539,C291A,Moff 0291A,HLM,1,MALE,75,Black or African American,No,Yes,Dead,Yes,3/10/1997,11.24,15.28,6/11/1998,15.47,6/17/1998,6/17/1998,Smoked in the past,R0,N2,T3,192,2.41,0.301,,9,POORLY DIFFERENTIATED
540,C298B,Moff 0298B,HLM,1,FEMALE,71,White,Yes,Yes,Dead,Yes,3/11/1997,20.57,24.74,3/23/1999,24.74,3/23/1999,3/23/1999,Smoked in the past,R0,N1,T2,192,2.033,0.133,,8,Moderate Differentiation
541,C344B,Moff 0344B,HLM,0,FEMALE,69,White,No,No,Dead,Yes,3/12/1997,3.48,4.14,7/14/1997,4.14,7/14/1997,7/14/1997,Smoked in the past,R0,N2,T1,192,2.746,0.152,,8,POORLY DIFFERENTIATED
542,C542F,Moff 0542F,HLM,1,MALE,36,White,Yes,Yes,Dead,Yes,3/13/1997,5.62,14.69,5/27/1998,16.49,7/20/1998,7/20/1998,Currently smoking,R0,N1,T2,192,1.342,0.113,,8,Moderate Differentiation
543,C1817G1,Moff 1817G1,HLM,1,FEMALE,68,White,Yes,Yes,Dead,Yes,3/14/1997,2.53,8.08,11/11/1997,8.94,12/7/1997,12/7/1997,Smoked in the past,R0,N2,T2,193,2.975,0.155,,8,Moderate Differentiation
544,C1940G,Moff 1940G,HLM,1,FEMALE,68,White,No,Yes,Dead,Yes,3/15/1997,23.49,23.49,2/17/1999,26.38,5/15/1999,5/15/1999,Smoked in the past,R0,N0,T3,192,3.424,0.184,,8,Moderate Differentiation
545,C170D,Moff 0170D,HLM,1,MALE,65,White,No,No,Dead,Yes,3/16/1997,16.23,10.87,2/5/1998,18.2,9/13/1998,9/13/1998,Smoked in the past,R0,N2,T1,192,3.325,0.213,,9,POORLY DIFFERENTIATED
546,C438A,Moff 0438A,HLM,0,FEMALE,79,White,No,Yes,Dead,No,3/17/1997,,12.88,4/7/1998,12.88,4/7/1998,4/7/1998,Smoked in the past,R1,N2,T2,192,1.499,0.271,,9,POORLY DIFFERENTIATED
547,C459F,Moff 0459F,HLM,0,FEMALE,66,White,No,No,Dead,Yes,3/18/1997,1.51,2.73,6/7/1997,3.75,7/8/1997,7/8/1997,Smoked in the past,R0,N2,T2,192,2.401,0.267,,9,POORLY DIFFERENTIATED
548,C978B,Moff 0978B,HLM,1,FEMALE,51,White,Yes,Yes,Dead,Yes,3/19/1997,69.32,77.34,7/26/2003,79.54,9/30/2003,9/30/2003,Never smoked,R0,N2,T2,193,1.921,0.254,,9,Moderate Differentiation
549,C1123B,Moff 1123B,HLM,0,MALE,55,White,Yes,No,Dead,Yes,3/20/1997,38.54,56.83,11/18/2001,57.33,12/3/2001,12/3/2001,Smoked in the past,R0,N2,T2,192,1.472,0.217,,9,POORLY DIFFERENTIATED
550,C1763G,Moff 1763G,HLM,0,FEMALE,60,White,No,No,Dead,Yes,3/21/1997,,,3/21/1997,,3/21/1997,3/21/1997,Smoked in the past,R0,N1,T4,192,3.895,0.264,,9,
551,C3354B,Moff 3354B,HLM,0,MALE,73,White,No,Yes,Dead,Yes,3/22/1997,3.12,3.12,6/23/1997,3.25,6/27/1997,6/27/1997,Never smoked,R0,N2,T2,192,3.132,0.302,,9,POORLY DIFFERENTIATED
601,A275,NCI_lung275_U133A,MI,1,MALE,62,Unknown,Unknown,Unknown,Dead,,3/23/1997,,30.7,9/30/1999,30.7,9/30/1999,9/30/1999,Unknown,R0,N0,T1,192,2.361,0.248,,23,WELL DIFFERENTIATED
602,A276,NCI_lung276_U133A,MI,1,MALE,72,Unknown,Unknown,Unknown,Dead,Yes,3/24/1997,,80.9,11/15/2003,80.9,11/15/2003,11/15/2003,Unknown,R0,N0,T3,193,5.049,0.221,*,23,POORLY DIFFERENTIATED
603,A277,NCI_lung277_U133A,MI,1,MALE,69,Unknown,Unknown,Unknown,Dead,Yes,3/25/1997,,11.67,3/10/1998,11.7,3/11/1998,3/11/1998,,R0,N2,T2,193,1.934,0.212,,23,Moderate Differentiation
604,A278,NCI_lung278_U133A,MI,1,MALE,68,Unknown,Unknown,Unknown,Dead,Yes,3/26/1997,,33.2,12/17/1999,33.2,12/17/1999,12/17/1999,Unknown,R0,N1,T3,192,3.55,0.307,,23,Moderate Differentiation
605,A280,NCI_lung280_U133A,MI,1,MALE,57,Unknown,Unknown,Unknown,Dead,Yes,3/27/1997,,42.5,9/22/2000,42.5,9/22/2000,9/22/2000,Unknown,R0,N1,T1,192,2.957,0.224,,23,Moderate Differentiation
606,A281,NCI_lung281_U133,MI,1,MALE,69,Unknown,Unknown,Unknown,Dead,,3/28/1997,,122.4,4/17/2007,122.4,4/17/2007,4/17/2007,Unknown,R0,N0,T2,192,2.253,0.201,,24,POORLY DIFFERENTIATED
607,A282,NCI_lung282_U133,MI,1,MALE,58,Unknown,Unknown,Unknown,Dead,Yes,3/29/1997,,30.17,9/20/1999,30.2,9/21/1999,9/21/1999,Unknown,R0,N0,T1,192,1.261,0.11,,24,POORLY DIFFERENTIATED
608,A283,NCI_lung283_U133,MI,1,MALE,72,Unknown,Unknown,Unknown,Dead,Yes,3/30/1997,,78.47,9/9/2003,78.5,9/10/2003,9/10/2003,Unknown,R0,N1,T1,191,1.499,0.235,,24,POORLY DIFFERENTIATED
609,A285,NCI_lung285_U133,MI,1,MALE,47,Unknown,Unknown,Unknown,Dead,Yes,3/31/1997,,73.17,4/4/2003,73.2,4/5/2003,4/5/2003,Unknown,R0,N0,T2,193,1.248,0.231,,24,WELL DIFFERENTIATED
610,A286,NCI_lung286_U133,MI,1,MALE,64,Unknown,Unknown,Unknown,Dead,Yes,4/2/1997,,65.17,8/9/2002,65.2,8/10/2002,8/10/2002,Unknown,R0,N2,T1,192,1.185,0.111,,24,Moderate Differentiation
611,A288,NCI_lung288 _U133,MI,1,MALE,59,Unknown,Unknown,Unknown,Alive,,4/3/1997,,145.77,3/24/2009,145.8,3/25/2009, ,Unknown,R0,N0,T3,192,2.118,0.122,,24,POORLY DIFFERENTIATED
612,A289,NCI_lung289_U133,MI,1,MALE,69,Unknown,Unknown,Unknown,Dead,,4/4/1997,,73.7,4/24/2003,73.7,4/24/2003,4/24/2003,Unknown,R0,N0,T1,192,1.239,0.116,,24,Moderate Differentiation
613,A290,NCI_lung290_U133,MI,1,MALE,77,Unknown,Unknown,Unknown,Dead,,4/5/1997,,3.27,7/12/1997,3.3,7/13/1997,7/13/1997,Unknown,R0,N1,T1,192,1.777,0.17,,24,POORLY DIFFERENTIATED
614,A291,NCI_lung291_U133,MI,1,MALE,77,Unknown,Unknown,Unknown,Dead,Yes,4/6/1997,,19.5,11/12/1998,19.5,11/12/1998,11/12/1998,Unknown,R0,N0,T1,193,1.382,0.281,,24,Moderate Differentiation
615,A292,NCI_lung292_U133,MI,1,MALE,70,Unknown,Unknown,Unknown,Dead,Yes,4/7/1997,,8.4,12/15/1997,8.4,12/15/1997,12/15/1997,Unknown,R0,N1,T2,192,2.558,0.22,,24,POORLY DIFFERENTIATED
616,A293,NCI_lung293_U133,MI,1,MALE,57,Unknown,Unknown,Unknown,Dead,,4/8/1997,,26.9,6/24/1999,26.9,6/24/1999,6/24/1999,Unknown,R0,N0,T4,192,1.539,0.242,,24,Moderate Differentiation
617,A294,NCI_lung294_U133,MI,1,MALE,67,Unknown,Unknown,Unknown,Alive,,4/9/1997,,129.8,12/7/2007,129.8,12/7/2007, ,Unknown,R0,N0,T2,192,2.455,0.215,,24,POORLY DIFFERENTIATED
618,A295,NCI_lung295_U133,MI,1,MALE,66,Unknown,Unknown,Unknown,Dead,,4/10/1997,,19.6,11/19/1998,19.6,11/19/1998,11/19/1998,Unknown,R0,N1,T3,192,1.369,0.248,,24,POORLY DIFFERENTIATED
619,A296,NCI_Lung296_U133,MI,1,MALE,78,Unknown,Unknown,Unknown,Dead,,4/11/1997,,105.37,12/6/2005,105.4,12/7/2005,12/7/2005,Unknown,R0,N0,T2,192,1.364,0.238,,25,Moderate Differentiation
620,A297,NCI_Lung297_U133,MI,1,MALE,46,Unknown,Unknown,Unknown,Dead,,4/12/1997,,157.5,3/20/2010,157.5,3/20/2010,3/20/2010,Unknown,R0,N0,T2,192,1.876,0.182,,25,POORLY DIFFERENTIATED
621,A298,NCI_Lung298_U133,MI,1,MALE,62,Unknown,Unknown,Unknown,Dead,Yes,4/13/1997,,120.47,3/6/2007,120.5,3/7/2007,3/7/2007,Unknown,R0,N0,T1,193,2.177,0.154,,25,POORLY DIFFERENTIATED
622,A299,NCI_Lung299_U133,MI,1,MALE,66,Unknown,Unknown,Unknown,Dead,Yes,4/14/1997,,47.8,3/18/2001,47.8,3/18/2001,3/18/2001,Unknown,R0,N0,T2,192,1.741,0.169,,25,WELL DIFFERENTIATED
623,A300,NCI_Lung300_U133,MI,1,MALE,65,Unknown,Unknown,Unknown,Dead,,4/15/1997,,129.97,12/18/2007,130,12/19/2007,12/19/2007,Unknown,R0,N1,T2,192,2.612,0.228,,25,POORLY DIFFERENTIATED
624,A304,NCI_Lung304_U133,MI,1,FEMALE,46,Unknown,Unknown,Unknown,Alive,,4/16/1997,,52.3,8/2/2001,52.3,8/2/2001, ,Unknown,R0,N1,T1,192,4.106,0.221,,25,Moderate Differentiation
625,A305,NCI_Lung305_U133,MI,1,FEMALE,63,Unknown,Unknown,Unknown,Alive,,4/17/1997,,69.4,12/29/2002,69.4,12/29/2002, ,Unknown,R0,N1,T1,192,1.934,0.211,,25,Moderate Differentiation
626,A306,NCI_Lung306_U133,MI,1,MALE,60,Unknown,Unknown,Unknown,Dead,,4/18/1997,,25.95,6/5/1999,25.95,6/5/1999,6/5/1999,Unknown,R0,N1,T1,192,3.689,0.424,,25,POORLY DIFFERENTIATED
627,A307,NCI_Lung307_U133,MI,1,MALE,77,Unknown,Unknown,Unknown,Alive,,4/19/1997,,121.77,4/20/2007,121.8,4/21/2007, ,Unknown,R0,N0,T2,193,3.37,0.197,,25,Moderate Differentiation
628,A309,NCI_Lung309_U133,MI,1,MALE,44,Unknown,Unknown,Unknown,Dead,Yes,4/20/1997,,32.57,12/23/1999,32.6,12/24/1999,12/24/1999,Unknown,R0,N2,T2,192,1.75,0.2,,25,POORLY DIFFERENTIATED
629,A310,NCI_Lung310_U133,MI,1,MALE,49,Unknown,Unknown,Unknown,Dead,,4/21/1997,,40.2,8/9/2000,40.2,8/9/2000,8/9/2000,Unknown,R0,N2,T4,192,2.064,0.143,,25,Moderate Differentiation
630,A311,NCI_Lung311_U133,MI,1,MALE,70,Unknown,Unknown,Unknown,Dead,,4/22/1997,,14.47,6/30/1998,14.5,7/1/1998,7/1/1998,Unknown,R0,N2,T1,192,2.365,0.2,,25,POORLY DIFFERENTIATED
631,A312,NCI_Lung312_U133,MI,1,MALE,68,Unknown,Unknown,Unknown,Dead,,4/23/1997,,9.17,1/23/1998,9.2,1/24/1998,1/24/1998,Unknown,R0,N0,T1,192,2.571,0.156,,25,POORLY DIFFERENTIATED
632,A313,NCI_Lung313_U133,MI,1,MALE,66,Unknown,Unknown,Unknown,Dead,,4/24/1997,,19,11/15/1998,19,11/15/1998,11/15/1998,Unknown,R0,N0,T2,192,2.953,0.317,,25,POORLY DIFFERENTIATED
633,A314,NCI_Lung314_U133A,MI,1,MALE,74,Unknown,Unknown,Unknown,Alive,,4/25/1997,,121.2,4/9/2007,121.2,4/9/2007, ,Unknown,R1,N2,T2,192,1.351,0.192,,26,Moderate Differentiation
634,A315,NCI_Lung315_U133A,MI,0,MALE,80,Unknown,Unknown,Unknown,Dead,Yes,4/26/1997,,11.6,4/9/1998,11.6,4/9/1998,4/9/1998,Unknown,R0,N0,T3,193,2.993,0.169,,26,POORLY DIFFERENTIATED
635,A318,NCI_Lung318_U133A,MI,1,MALE,62,Unknown,Unknown,Unknown,Dead,Yes,4/27/1997,,9,1/22/1998,9,1/22/1998,1/22/1998,Unknown,R0,N2,T2,192,3.173,0.152,,26,POORLY DIFFERENTIATED
636,A319,NCI_Lung319_U133A,MI,1,MALE,81,Unknown,Unknown,Unknown,Alive,,4/28/1997,,90.7,10/9/2004,97.6,5/4/2005, ,Unknown,R0,N0,T2,192,1.535,0.151,,26,POORLY DIFFERENTIATED
637,A320,NCI_Lung320_U133A,MI,1,MALE,65,Unknown,Unknown,Unknown,Alive,,4/29/1997,,175.9,10/10/2011,175.9,10/10/2011, ,Unknown,R0,N1,T1,192,1.158,0.255,,26,Moderate Differentiation
638,A321,NCI_Lung321_U133A,MI,1,MALE,61,Unknown,Unknown,Unknown,Dead,Yes,4/30/1997,,45.3,1/18/2001,45.3,1/18/2001,1/18/2001,Unknown,R0,N1,T2,192,1.571,0.121,,26,POORLY DIFFERENTIATED
