<?xml version="1.0" encoding="utf-8"?>
<Splits version="1.0" xmlns="urn:WebWorks-Engine-Splits-Schema">
  <Split groupID="C6249BC4CBB29F71" documentID="653579FA93BF2CAB" id="1070912" position="1" documentstartposition="3" documentendposition="13" title="Welcome to caIntegrator2 Online Help" path="C:\Documents and Settings\hadfielj\My Documents\ePublisher Pro Projects\caIntegrator2\Output\WebWorks Help 5.0\caIntegrator2\Welcome.1.1.html" stylename="" />
  <Split groupID="C6249BC4CBB29F71" documentID="547DC094FC15AEA" id="1052621" position="1" documentstartposition="3" documentendposition="10" title="Getting Started with caIntegrator2" path="C:\Documents and Settings\hadfielj\My Documents\ePublisher Pro Projects\caIntegrator2\Output\WebWorks Help 5.0\caIntegrator2\Getting_Started.2.1.html" stylename="" />
  <Split groupID="C6249BC4CBB29F71" documentID="547DC094FC15AEA" id="1135030" position="2" documentstartposition="11" documentendposition="17" title="About caIntegrator2" path="C:\Documents and Settings\hadfielj\My Documents\ePublisher Pro Projects\caIntegrator2\Output\WebWorks Help 5.0\caIntegrator2\Getting_Started.2.2.html" stylename="" />
  <Split groupID="C6249BC4CBB29F71" documentID="547DC094FC15AEA" id="1141097" position="3" documentstartposition="18" documentendposition="49" title="Registering as a New caIntegrator2 User " path="C:\Documents and Settings\hadfielj\My Documents\ePublisher Pro Projects\caIntegrator2\Output\WebWorks Help 5.0\caIntegrator2\Getting_Started.2.3.html" stylename="" />
  <Split groupID="C6249BC4CBB29F71" documentID="547DC094FC15AEA" id="1146398" position="4" documentstartposition="50" documentendposition="55" title="Logging In" path="C:\Documents and Settings\hadfielj\My Documents\ePublisher Pro Projects\caIntegrator2\Output\WebWorks Help 5.0\caIntegrator2\Getting_Started.2.4.html" stylename="" />
  <Split groupID="C6249BC4CBB29F71" documentID="547DC094FC15AEA" id="1127723" position="5" documentstartposition="56" documentendposition="60" title="Using the caIntegrator2 Workspace" path="C:\Documents and Settings\hadfielj\My Documents\ePublisher Pro Projects\caIntegrator2\Output\WebWorks Help 5.0\caIntegrator2\Getting_Started.2.5.html" stylename="" />
  <Split groupID="C6249BC4CBB29F71" documentID="547DC094FC15AEA" id="1136890" position="6" documentstartposition="61" documentendposition="68" title="caIntegrator2 Functions" path="C:\Documents and Settings\hadfielj\My Documents\ePublisher Pro Projects\caIntegrator2\Output\WebWorks Help 5.0\caIntegrator2\Getting_Started.2.6.html" stylename="" />
  <Split groupID="C6249BC4CBB29F71" documentID="547DC094FC15AEA" id="1136527" position="7" documentstartposition="69" documentendposition="74" title="Using Online Help" path="C:\Documents and Settings\hadfielj\My Documents\ePublisher Pro Projects\caIntegrator2\Output\WebWorks Help 5.0\caIntegrator2\Getting_Started.2.7.html" stylename="">
    <Frame groupID="C6249BC4CBB29F71" documentID="547DC094FC15AEA" id="1141035" stylename="Default" position="1" title="screen shot of help icon that identifies your current topic in the table of contents" path="C:\Documents and Settings\hadfielj\My Documents\ePublisher Pro Projects\caIntegrator2\Output\WebWorks Help 5.0\caIntegrator2\images\Getting_Started.2.7.1.jpg">
      <Thumbnail path="C:\Documents and Settings\hadfielj\My Documents\ePublisher Pro Projects\caIntegrator2\Output\WebWorks Help 5.0\caIntegrator2\images\Getting_Started.2.7.1_thumb.jpg" />
      <Wrapper groupID="C6249BC4CBB29F71" documentID="547DC094FC15AEA" stylename="" path="C:\Documents and Settings\hadfielj\My Documents\ePublisher Pro Projects\caIntegrator2\Output\WebWorks Help 5.0\caIntegrator2\images\Getting_Started.2.7.1.html" />
      <Description path="C:\Documents and Settings\hadfielj\My Documents\ePublisher Pro Projects\caIntegrator2\Output\WebWorks Help 5.0\caIntegrator2\images\Getting_Started.2.7.1.txt" />
    </Frame>
    <Frame groupID="C6249BC4CBB29F71" documentID="547DC094FC15AEA" id="1136555" stylename="Default" position="2" title="Contents button which allows you to select a topic form the online help table of contents" path="C:\Documents and Settings\hadfielj\My Documents\ePublisher Pro Projects\caIntegrator2\Output\WebWorks Help 5.0\caIntegrator2\images\Getting_Started.2.7.2.jpg">
      <Thumbnail path="C:\Documents and Settings\hadfielj\My Documents\ePublisher Pro Projects\caIntegrator2\Output\WebWorks Help 5.0\caIntegrator2\images\Getting_Started.2.7.2_thumb.jpg" />
      <Wrapper groupID="C6249BC4CBB29F71" documentID="547DC094FC15AEA" stylename="" path="C:\Documents and Settings\hadfielj\My Documents\ePublisher Pro Projects\caIntegrator2\Output\WebWorks Help 5.0\caIntegrator2\images\Getting_Started.2.7.2.html" />
      <Description path="C:\Documents and Settings\hadfielj\My Documents\ePublisher Pro Projects\caIntegrator2\Output\WebWorks Help 5.0\caIntegrator2\images\Getting_Started.2.7.2.txt" />
    </Frame>
    <Frame groupID="C6249BC4CBB29F71" documentID="547DC094FC15AEA" id="1136562" stylename="Default" position="3" title="Index button which you click to select a topic from the online help index." path="C:\Documents and Settings\hadfielj\My Documents\ePublisher Pro Projects\caIntegrator2\Output\WebWorks Help 5.0\caIntegrator2\images\Getting_Started.2.7.3.jpg">
      <Thumbnail path="C:\Documents and Settings\hadfielj\My Documents\ePublisher Pro Projects\caIntegrator2\Output\WebWorks Help 5.0\caIntegrator2\images\Getting_Started.2.7.3_thumb.jpg" />
      <Wrapper groupID="C6249BC4CBB29F71" documentID="547DC094FC15AEA" stylename="" path="C:\Documents and Settings\hadfielj\My Documents\ePublisher Pro Projects\caIntegrator2\Output\WebWorks Help 5.0\caIntegrator2\images\Getting_Started.2.7.3.html" />
      <Description path="C:\Documents and Settings\hadfielj\My Documents\ePublisher Pro Projects\caIntegrator2\Output\WebWorks Help 5.0\caIntegrator2\images\Getting_Started.2.7.3.txt" />
    </Frame>
    <Frame groupID="C6249BC4CBB29F71" documentID="547DC094FC15AEA" id="1136569" stylename="Default" position="4" title="Search button you click to launch a query text search of online help." path="C:\Documents and Settings\hadfielj\My Documents\ePublisher Pro Projects\caIntegrator2\Output\WebWorks Help 5.0\caIntegrator2\images\Getting_Started.2.7.4.jpg">
      <Thumbnail path="C:\Documents and Settings\hadfielj\My Documents\ePublisher Pro Projects\caIntegrator2\Output\WebWorks Help 5.0\caIntegrator2\images\Getting_Started.2.7.4_thumb.jpg" />
      <Wrapper groupID="C6249BC4CBB29F71" documentID="547DC094FC15AEA" stylename="" path="C:\Documents and Settings\hadfielj\My Documents\ePublisher Pro Projects\caIntegrator2\Output\WebWorks Help 5.0\caIntegrator2\images\Getting_Started.2.7.4.html" />
      <Description path="C:\Documents and Settings\hadfielj\My Documents\ePublisher Pro Projects\caIntegrator2\Output\WebWorks Help 5.0\caIntegrator2\images\Getting_Started.2.7.4.txt" />
    </Frame>
    <Frame groupID="C6249BC4CBB29F71" documentID="547DC094FC15AEA" id="1136576" stylename="Default" position="5" title="Favorites button that allows you to create a list of frequently-accessed topics." path="C:\Documents and Settings\hadfielj\My Documents\ePublisher Pro Projects\caIntegrator2\Output\WebWorks Help 5.0\caIntegrator2\images\Getting_Started.2.7.5.jpg">
      <Thumbnail path="C:\Documents and Settings\hadfielj\My Documents\ePublisher Pro Projects\caIntegrator2\Output\WebWorks Help 5.0\caIntegrator2\images\Getting_Started.2.7.5_thumb.jpg" />
      <Wrapper groupID="C6249BC4CBB29F71" documentID="547DC094FC15AEA" stylename="" path="C:\Documents and Settings\hadfielj\My Documents\ePublisher Pro Projects\caIntegrator2\Output\WebWorks Help 5.0\caIntegrator2\images\Getting_Started.2.7.5.html" />
      <Description path="C:\Documents and Settings\hadfielj\My Documents\ePublisher Pro Projects\caIntegrator2\Output\WebWorks Help 5.0\caIntegrator2\images\Getting_Started.2.7.5.txt" />
    </Frame>
    <Frame groupID="C6249BC4CBB29F71" documentID="547DC094FC15AEA" id="1136583" stylename="Default" position="6" title="Icon that you click to open closely related topics in online help." path="C:\Documents and Settings\hadfielj\My Documents\ePublisher Pro Projects\caIntegrator2\Output\WebWorks Help 5.0\caIntegrator2\images\Getting_Started.2.7.6.jpg">
      <Thumbnail path="C:\Documents and Settings\hadfielj\My Documents\ePublisher Pro Projects\caIntegrator2\Output\WebWorks Help 5.0\caIntegrator2\images\Getting_Started.2.7.6_thumb.jpg" />
      <Wrapper groupID="C6249BC4CBB29F71" documentID="547DC094FC15AEA" stylename="" path="C:\Documents and Settings\hadfielj\My Documents\ePublisher Pro Projects\caIntegrator2\Output\WebWorks Help 5.0\caIntegrator2\images\Getting_Started.2.7.6.html" />
      <Description path="C:\Documents and Settings\hadfielj\My Documents\ePublisher Pro Projects\caIntegrator2\Output\WebWorks Help 5.0\caIntegrator2\images\Getting_Started.2.7.6.txt" />
    </Frame>
    <Frame groupID="C6249BC4CBB29F71" documentID="547DC094FC15AEA" id="1136587" stylename="Default" position="7" title="Related Topics button that you click to open closely related topics in online help." path="C:\Documents and Settings\hadfielj\My Documents\ePublisher Pro Projects\caIntegrator2\Output\WebWorks Help 5.0\caIntegrator2\images\Getting_Started.2.7.7.jpg">
      <Thumbnail path="C:\Documents and Settings\hadfielj\My Documents\ePublisher Pro Projects\caIntegrator2\Output\WebWorks Help 5.0\caIntegrator2\images\Getting_Started.2.7.7_thumb.jpg" />
      <Wrapper groupID="C6249BC4CBB29F71" documentID="547DC094FC15AEA" stylename="" path="C:\Documents and Settings\hadfielj\My Documents\ePublisher Pro Projects\caIntegrator2\Output\WebWorks Help 5.0\caIntegrator2\images\Getting_Started.2.7.7.html" />
      <Description path="C:\Documents and Settings\hadfielj\My Documents\ePublisher Pro Projects\caIntegrator2\Output\WebWorks Help 5.0\caIntegrator2\images\Getting_Started.2.7.7.txt" />
    </Frame>
    <Frame groupID="C6249BC4CBB29F71" documentID="547DC094FC15AEA" id="1136594" stylename="Default" position="8" title="Print icon that you click to print the open online help topic." path="C:\Documents and Settings\hadfielj\My Documents\ePublisher Pro Projects\caIntegrator2\Output\WebWorks Help 5.0\caIntegrator2\images\Getting_Started.2.7.8.jpg">
      <Thumbnail path="C:\Documents and Settings\hadfielj\My Documents\ePublisher Pro Projects\caIntegrator2\Output\WebWorks Help 5.0\caIntegrator2\images\Getting_Started.2.7.8_thumb.jpg" />
      <Wrapper groupID="C6249BC4CBB29F71" documentID="547DC094FC15AEA" stylename="" path="C:\Documents and Settings\hadfielj\My Documents\ePublisher Pro Projects\caIntegrator2\Output\WebWorks Help 5.0\caIntegrator2\images\Getting_Started.2.7.8.html" />
      <Description path="C:\Documents and Settings\hadfielj\My Documents\ePublisher Pro Projects\caIntegrator2\Output\WebWorks Help 5.0\caIntegrator2\images\Getting_Started.2.7.8.txt" />
    </Frame>
    <Frame groupID="C6249BC4CBB29F71" documentID="547DC094FC15AEA" id="1136605" stylename="Default" position="9" title="A Back/Forward button that you click to navigate through previously viewed topics." path="C:\Documents and Settings\hadfielj\My Documents\ePublisher Pro Projects\caIntegrator2\Output\WebWorks Help 5.0\caIntegrator2\images\Getting_Started.2.7.9.jpg">
      <Thumbnail path="C:\Documents and Settings\hadfielj\My Documents\ePublisher Pro Projects\caIntegrator2\Output\WebWorks Help 5.0\caIntegrator2\images\Getting_Started.2.7.9_thumb.jpg" />
      <Wrapper groupID="C6249BC4CBB29F71" documentID="547DC094FC15AEA" stylename="" path="C:\Documents and Settings\hadfielj\My Documents\ePublisher Pro Projects\caIntegrator2\Output\WebWorks Help 5.0\caIntegrator2\images\Getting_Started.2.7.9.html" />
      <Description path="C:\Documents and Settings\hadfielj\My Documents\ePublisher Pro Projects\caIntegrator2\Output\WebWorks Help 5.0\caIntegrator2\images\Getting_Started.2.7.9.txt" />
    </Frame>
  </Split>
  <Split groupID="C6249BC4CBB29F71" documentID="547DC094FC15AEA" id="1128246" position="8" documentstartposition="75" documentendposition="80" title="Logging Out" path="C:\Documents and Settings\hadfielj\My Documents\ePublisher Pro Projects\caIntegrator2\Output\WebWorks Help 5.0\caIntegrator2\Getting_Started.2.8.html" stylename="" />
  <Split groupID="C6249BC4CBB29F71" documentID="547DC094FC15AEA" id="1136640" position="9" documentstartposition="81" documentendposition="85" title="Application Support" path="C:\Documents and Settings\hadfielj\My Documents\ePublisher Pro Projects\caIntegrator2\Output\WebWorks Help 5.0\caIntegrator2\Getting_Started.2.9.html" stylename="" />
  <Split groupID="C6249BC4CBB29F71" documentID="E9B05A15EFA98F3" id="1070912" position="1" documentstartposition="3" documentendposition="8" title="Creating a New Study" path="C:\Documents and Settings\hadfielj\My Documents\ePublisher Pro Projects\caIntegrator2\Output\WebWorks Help 5.0\caIntegrator2\CreatingNewStudy.3.1.html" stylename="" />
  <Split groupID="C6249BC4CBB29F71" documentID="E9B05A15EFA98F3" id="1073286" position="2" documentstartposition="9" documentendposition="16" title="Creating a Study – Overview" path="C:\Documents and Settings\hadfielj\My Documents\ePublisher Pro Projects\caIntegrator2\Output\WebWorks Help 5.0\caIntegrator2\CreatingNewStudy.3.2.html" stylename="" />
  <Split groupID="C6249BC4CBB29F71" documentID="E9B05A15EFA98F3" id="1073216" position="3" documentstartposition="17" documentendposition="25" title="Configuring and Deploying a Study" path="C:\Documents and Settings\hadfielj\My Documents\ePublisher Pro Projects\caIntegrator2\Output\WebWorks Help 5.0\caIntegrator2\CreatingNewStudy.3.3.html" stylename="" />
  <Split groupID="C6249BC4CBB29F71" documentID="E9B05A15EFA98F3" id="1073921" position="4" documentstartposition="26" documentendposition="38" title="Creating/Editing a Study" path="C:\Documents and Settings\hadfielj\My Documents\ePublisher Pro Projects\caIntegrator2\Output\WebWorks Help 5.0\caIntegrator2\CreatingNewStudy.3.4.html" stylename="" />
  <Split groupID="C6249BC4CBB29F71" documentID="E9B05A15EFA98F3" id="1075197" position="5" documentstartposition="39" documentendposition="59" title="Adding Clinical Data" path="C:\Documents and Settings\hadfielj\My Documents\ePublisher Pro Projects\caIntegrator2\Output\WebWorks Help 5.0\caIntegrator2\CreatingNewStudy.3.5.html" stylename="" />
  <Split groupID="C6249BC4CBB29F71" documentID="E9B05A15EFA98F3" id="1125074" position="6" documentstartposition="60" documentendposition="83" title="Assigning An Identifier or Annotation" path="C:\Documents and Settings\hadfielj\My Documents\ePublisher Pro Projects\caIntegrator2\Output\WebWorks Help 5.0\caIntegrator2\CreatingNewStudy.3.6.html" stylename="" />
  <Split groupID="C6249BC4CBB29F71" documentID="E9B05A15EFA98F3" id="1082197" position="7" documentstartposition="84" documentendposition="116" title="Searching for Annotation Definitions" path="C:\Documents and Settings\hadfielj\My Documents\ePublisher Pro Projects\caIntegrator2\Output\WebWorks Help 5.0\caIntegrator2\CreatingNewStudy.3.7.html" stylename="" />
  <Split groupID="C6249BC4CBB29F71" documentID="E9B05A15EFA98F3" id="1077698" position="8" documentstartposition="117" documentendposition="137" title="Defining Survival Values" path="C:\Documents and Settings\hadfielj\My Documents\ePublisher Pro Projects\caIntegrator2\Output\WebWorks Help 5.0\caIntegrator2\CreatingNewStudy.3.8.html" stylename="" />
  <Split groupID="C6249BC4CBB29F71" documentID="E9B05A15EFA98F3" id="1076975" position="9" documentstartposition="138" documentendposition="161" title="Adding/Editing Genomic Data" path="C:\Documents and Settings\hadfielj\My Documents\ePublisher Pro Projects\caIntegrator2\Output\WebWorks Help 5.0\caIntegrator2\CreatingNewStudy.3.9.html" stylename="" />
  <Split groupID="C6249BC4CBB29F71" documentID="E9B05A15EFA98F3" id="1081247" position="10" documentstartposition="162" documentendposition="176" title="Mapping Genomic Data to Clinical Data" path="C:\Documents and Settings\hadfielj\My Documents\ePublisher Pro Projects\caIntegrator2\Output\WebWorks Help 5.0\caIntegrator2\CreatingNewStudy.3.10.html" stylename="" />
  <Split groupID="C6249BC4CBB29F71" documentID="E9B05A15EFA98F3" id="1080249" position="11" documentstartposition="177" documentendposition="187" title="Uploading Control Samples " path="C:\Documents and Settings\hadfielj\My Documents\ePublisher Pro Projects\caIntegrator2\Output\WebWorks Help 5.0\caIntegrator2\CreatingNewStudy.3.11.html" stylename="" />
  <Split groupID="C6249BC4CBB29F71" documentID="E9B05A15EFA98F3" id="1089873" position="12" documentstartposition="188" documentendposition="203" title="Configuring Copy Number Data" path="C:\Documents and Settings\hadfielj\My Documents\ePublisher Pro Projects\caIntegrator2\Output\WebWorks Help 5.0\caIntegrator2\CreatingNewStudy.3.12.html" stylename="" />
  <Split groupID="C6249BC4CBB29F71" documentID="E9B05A15EFA98F3" id="1075831" position="13" documentstartposition="204" documentendposition="228" title="Adding Imaging Data" path="C:\Documents and Settings\hadfielj\My Documents\ePublisher Pro Projects\caIntegrator2\Output\WebWorks Help 5.0\caIntegrator2\CreatingNewStudy.3.13.html" stylename="" />
  <Split groupID="C6249BC4CBB29F71" documentID="E9B05A15EFA98F3" id="1075829" position="14" documentstartposition="229" documentendposition="231" title="Deploying the Study" path="C:\Documents and Settings\hadfielj\My Documents\ePublisher Pro Projects\caIntegrator2\Output\WebWorks Help 5.0\caIntegrator2\CreatingNewStudy.3.14.html" stylename="" />
  <Split groupID="C6249BC4CBB29F71" documentID="E9B05A15EFA98F3" id="1076280" position="15" documentstartposition="232" documentendposition="247" title="Managing a Study" path="C:\Documents and Settings\hadfielj\My Documents\ePublisher Pro Projects\caIntegrator2\Output\WebWorks Help 5.0\caIntegrator2\CreatingNewStudy.3.15.html" stylename="" />
  <Split groupID="C6249BC4CBB29F71" documentID="E9B05A15EFA98F3" id="1078043" position="16" documentstartposition="248" documentendposition="261" title="Managing Platforms" path="C:\Documents and Settings\hadfielj\My Documents\ePublisher Pro Projects\caIntegrator2\Output\WebWorks Help 5.0\caIntegrator2\CreatingNewStudy.3.16.html" stylename="" />
  <Split groupID="C6249BC4CBB29F71" documentID="F651ABE539221839" id="1070912" position="1" documentstartposition="3" documentendposition="7" title="Searching a caIntegrator2 Study" path="C:\Documents and Settings\hadfielj\My Documents\ePublisher Pro Projects\caIntegrator2\Output\WebWorks Help 5.0\caIntegrator2\SearchingWithinAStudy.4.1.html" stylename="" />
  <Split groupID="C6249BC4CBB29F71" documentID="F651ABE539221839" id="1074226" position="2" documentstartposition="8" documentendposition="25" title="Search Overview" path="C:\Documents and Settings\hadfielj\My Documents\ePublisher Pro Projects\caIntegrator2\Output\WebWorks Help 5.0\caIntegrator2\SearchingWithinAStudy.4.2.html" stylename="" />
  <Split groupID="C6249BC4CBB29F71" documentID="F651ABE539221839" id="1074305" position="3" documentstartposition="26" documentendposition="50" title="Searching a Study" path="C:\Documents and Settings\hadfielj\My Documents\ePublisher Pro Projects\caIntegrator2\Output\WebWorks Help 5.0\caIntegrator2\SearchingWithinAStudy.4.3.html" stylename="" />
  <Split groupID="C6249BC4CBB29F71" documentID="F651ABE539221839" id="1076339" position="4" documentstartposition="51" documentendposition="59" title="Clinical and Image Series" path="C:\Documents and Settings\hadfielj\My Documents\ePublisher Pro Projects\caIntegrator2\Output\WebWorks Help 5.0\caIntegrator2\SearchingWithinAStudy.4.4.html" stylename="" />
  <Split groupID="C6249BC4CBB29F71" documentID="F651ABE539221839" id="1083219" position="5" documentstartposition="60" documentendposition="93" title="Gene Expression" path="C:\Documents and Settings\hadfielj\My Documents\ePublisher Pro Projects\caIntegrator2\Output\WebWorks Help 5.0\caIntegrator2\SearchingWithinAStudy.4.5.html" stylename="">
    <Frame groupID="C6249BC4CBB29F71" documentID="F651ABE539221839" id="1090429" stylename="Default" position="1" title="caBIO icon" path="C:\Documents and Settings\hadfielj\My Documents\ePublisher Pro Projects\caIntegrator2\Output\WebWorks Help 5.0\caIntegrator2\images\SearchingWithinAStudy.4.5.1.jpg">
      <Thumbnail path="C:\Documents and Settings\hadfielj\My Documents\ePublisher Pro Projects\caIntegrator2\Output\WebWorks Help 5.0\caIntegrator2\images\SearchingWithinAStudy.4.5.1_thumb.jpg" />
      <Wrapper groupID="C6249BC4CBB29F71" documentID="F651ABE539221839" stylename="" path="C:\Documents and Settings\hadfielj\My Documents\ePublisher Pro Projects\caIntegrator2\Output\WebWorks Help 5.0\caIntegrator2\images\SearchingWithinAStudy.4.5.1.html" />
      <Description path="C:\Documents and Settings\hadfielj\My Documents\ePublisher Pro Projects\caIntegrator2\Output\WebWorks Help 5.0\caIntegrator2\images\SearchingWithinAStudy.4.5.1.txt" />
    </Frame>
    <Frame groupID="C6249BC4CBB29F71" documentID="F651ABE539221839" id="1090495" stylename="Default" position="2" title="gene list icon" path="C:\Documents and Settings\hadfielj\My Documents\ePublisher Pro Projects\caIntegrator2\Output\WebWorks Help 5.0\caIntegrator2\images\SearchingWithinAStudy.4.5.2.jpg">
      <Thumbnail path="C:\Documents and Settings\hadfielj\My Documents\ePublisher Pro Projects\caIntegrator2\Output\WebWorks Help 5.0\caIntegrator2\images\SearchingWithinAStudy.4.5.2_thumb.jpg" />
      <Wrapper groupID="C6249BC4CBB29F71" documentID="F651ABE539221839" stylename="" path="C:\Documents and Settings\hadfielj\My Documents\ePublisher Pro Projects\caIntegrator2\Output\WebWorks Help 5.0\caIntegrator2\images\SearchingWithinAStudy.4.5.2.html" />
      <Description path="C:\Documents and Settings\hadfielj\My Documents\ePublisher Pro Projects\caIntegrator2\Output\WebWorks Help 5.0\caIntegrator2\images\SearchingWithinAStudy.4.5.2.txt" />
    </Frame>
  </Split>
  <Split groupID="C6249BC4CBB29F71" documentID="F651ABE539221839" id="1089375" position="6" documentstartposition="94" documentendposition="114" title="Results Type Tab" path="C:\Documents and Settings\hadfielj\My Documents\ePublisher Pro Projects\caIntegrator2\Output\WebWorks Help 5.0\caIntegrator2\SearchingWithinAStudy.4.6.html" stylename="" />
  <Split groupID="C6249BC4CBB29F71" documentID="F651ABE539221839" id="1089355" position="7" documentstartposition="115" documentendposition="128" title="Sorting Tab" path="C:\Documents and Settings\hadfielj\My Documents\ePublisher Pro Projects\caIntegrator2\Output\WebWorks Help 5.0\caIntegrator2\SearchingWithinAStudy.4.7.html" stylename="" />
  <Split groupID="C6249BC4CBB29F71" documentID="F651ABE539221839" id="1077751" position="8" documentstartposition="129" documentendposition="134" title="Managing Queries" path="C:\Documents and Settings\hadfielj\My Documents\ePublisher Pro Projects\caIntegrator2\Output\WebWorks Help 5.0\caIntegrator2\SearchingWithinAStudy.4.8.html" stylename="" />
  <Split groupID="C6249BC4CBB29F71" documentID="F651ABE539221839" id="1075754" position="9" documentstartposition="135" documentendposition="143" title="Saving a Query " path="C:\Documents and Settings\hadfielj\My Documents\ePublisher Pro Projects\caIntegrator2\Output\WebWorks Help 5.0\caIntegrator2\SearchingWithinAStudy.4.9.html" stylename="" />
  <Split groupID="C6249BC4CBB29F71" documentID="F651ABE539221839" id="1075748" position="10" documentstartposition="144" documentendposition="153" title="Editing a Query" path="C:\Documents and Settings\hadfielj\My Documents\ePublisher Pro Projects\caIntegrator2\Output\WebWorks Help 5.0\caIntegrator2\SearchingWithinAStudy.4.10.html" stylename="">
    <Frame groupID="C6249BC4CBB29F71" documentID="F651ABE539221839" id="1081420" stylename="Default" position="1" title="Edit icon" path="C:\Documents and Settings\hadfielj\My Documents\ePublisher Pro Projects\caIntegrator2\Output\WebWorks Help 5.0\caIntegrator2\images\SearchingWithinAStudy.4.10.1.jpg">
      <Thumbnail path="C:\Documents and Settings\hadfielj\My Documents\ePublisher Pro Projects\caIntegrator2\Output\WebWorks Help 5.0\caIntegrator2\images\SearchingWithinAStudy.4.10.1_thumb.jpg" />
      <Wrapper groupID="C6249BC4CBB29F71" documentID="F651ABE539221839" stylename="" path="C:\Documents and Settings\hadfielj\My Documents\ePublisher Pro Projects\caIntegrator2\Output\WebWorks Help 5.0\caIntegrator2\images\SearchingWithinAStudy.4.10.1.html" />
      <Description path="C:\Documents and Settings\hadfielj\My Documents\ePublisher Pro Projects\caIntegrator2\Output\WebWorks Help 5.0\caIntegrator2\images\SearchingWithinAStudy.4.10.1.txt" />
    </Frame>
  </Split>
  <Split groupID="C6249BC4CBB29F71" documentID="F651ABE539221839" id="1073510" position="11" documentstartposition="154" documentendposition="157" title="Exporting Query Results" path="C:\Documents and Settings\hadfielj\My Documents\ePublisher Pro Projects\caIntegrator2\Output\WebWorks Help 5.0\caIntegrator2\SearchingWithinAStudy.4.11.html" stylename="" />
  <Split groupID="C6249BC4CBB29F71" documentID="A14EE7C2CA63F18B" id="1052621" position="1" documentstartposition="3" documentendposition="7" title="Viewing Query Results" path="C:\Documents and Settings\hadfielj\My Documents\ePublisher Pro Projects\caIntegrator2\Output\WebWorks Help 5.0\caIntegrator2\View Search Results.5.1.html" stylename="" />
  <Split groupID="C6249BC4CBB29F71" documentID="A14EE7C2CA63F18B" id="1167812" position="2" documentstartposition="8" documentendposition="15" title="Query Results Overview" path="C:\Documents and Settings\hadfielj\My Documents\ePublisher Pro Projects\caIntegrator2\Output\WebWorks Help 5.0\caIntegrator2\View Search Results.5.2.html" stylename="" />
  <Split groupID="C6249BC4CBB29F71" documentID="A14EE7C2CA63F18B" id="1159038" position="3" documentstartposition="16" documentendposition="20" title="Browsing Query Results" path="C:\Documents and Settings\hadfielj\My Documents\ePublisher Pro Projects\caIntegrator2\Output\WebWorks Help 5.0\caIntegrator2\View Search Results.5.3.html" stylename="" />
  <Split groupID="C6249BC4CBB29F71" documentID="A14EE7C2CA63F18B" id="1163763" position="4" documentstartposition="21" documentendposition="26" title="Clinical and Imaging Data" path="C:\Documents and Settings\hadfielj\My Documents\ePublisher Pro Projects\caIntegrator2\Output\WebWorks Help 5.0\caIntegrator2\View Search Results.5.4.html" stylename="" />
  <Split groupID="C6249BC4CBB29F71" documentID="A14EE7C2CA63F18B" id="1163775" position="5" documentstartposition="27" documentendposition="37" title="Genomic Data" path="C:\Documents and Settings\hadfielj\My Documents\ePublisher Pro Projects\caIntegrator2\Output\WebWorks Help 5.0\caIntegrator2\View Search Results.5.5.html" stylename="" />
  <Split groupID="C6249BC4CBB29F71" documentID="A14EE7C2CA63F18B" id="1182721" position="6" documentstartposition="38" documentendposition="65" title="Creating a Gene List" path="C:\Documents and Settings\hadfielj\My Documents\ePublisher Pro Projects\caIntegrator2\Output\WebWorks Help 5.0\caIntegrator2\View Search Results.5.6.html" stylename="">
    <Frame groupID="C6249BC4CBB29F71" documentID="A14EE7C2CA63F18B" id="1182820" stylename="Default" position="1" title="caBIO icon" path="C:\Documents and Settings\hadfielj\My Documents\ePublisher Pro Projects\caIntegrator2\Output\WebWorks Help 5.0\caIntegrator2\images\View Search Results.5.6.1.jpg">
      <Thumbnail path="C:\Documents and Settings\hadfielj\My Documents\ePublisher Pro Projects\caIntegrator2\Output\WebWorks Help 5.0\caIntegrator2\images\View Search Results.5.6.1_thumb.jpg" />
      <Wrapper groupID="C6249BC4CBB29F71" documentID="A14EE7C2CA63F18B" stylename="" path="C:\Documents and Settings\hadfielj\My Documents\ePublisher Pro Projects\caIntegrator2\Output\WebWorks Help 5.0\caIntegrator2\images\View Search Results.5.6.1.html" />
      <Description path="C:\Documents and Settings\hadfielj\My Documents\ePublisher Pro Projects\caIntegrator2\Output\WebWorks Help 5.0\caIntegrator2\images\View Search Results.5.6.1.txt" />
    </Frame>
    <Frame groupID="C6249BC4CBB29F71" documentID="A14EE7C2CA63F18B" id="1182847" stylename="Default" position="2" title="gene list icon" path="C:\Documents and Settings\hadfielj\My Documents\ePublisher Pro Projects\caIntegrator2\Output\WebWorks Help 5.0\caIntegrator2\images\View Search Results.5.6.2.jpg">
      <Thumbnail path="C:\Documents and Settings\hadfielj\My Documents\ePublisher Pro Projects\caIntegrator2\Output\WebWorks Help 5.0\caIntegrator2\images\View Search Results.5.6.2_thumb.jpg" />
      <Wrapper groupID="C6249BC4CBB29F71" documentID="A14EE7C2CA63F18B" stylename="" path="C:\Documents and Settings\hadfielj\My Documents\ePublisher Pro Projects\caIntegrator2\Output\WebWorks Help 5.0\caIntegrator2\images\View Search Results.5.6.2.html" />
      <Description path="C:\Documents and Settings\hadfielj\My Documents\ePublisher Pro Projects\caIntegrator2\Output\WebWorks Help 5.0\caIntegrator2\images\View Search Results.5.6.2.txt" />
    </Frame>
  </Split>
  <Split groupID="C6249BC4CBB29F71" documentID="A14EE7C2CA63F18B" id="1183103" position="7" documentstartposition="66" documentendposition="71" title="Editing a Gene List" path="C:\Documents and Settings\hadfielj\My Documents\ePublisher Pro Projects\caIntegrator2\Output\WebWorks Help 5.0\caIntegrator2\View Search Results.5.7.html" stylename="" />
  <Split groupID="C6249BC4CBB29F71" documentID="A14EE7C2CA63F18B" id="1182738" position="8" documentstartposition="72" documentendposition="84" title="Expanding Imaging Data Results" path="C:\Documents and Settings\hadfielj\My Documents\ePublisher Pro Projects\caIntegrator2\Output\WebWorks Help 5.0\caIntegrator2\View Search Results.5.8.html" stylename="" />
  <Split groupID="C6249BC4CBB29F71" documentID="A14EE7C2CA63F18B" id="1164464" position="9" documentstartposition="85" documentendposition="90" title=" caIntegrator2 and NBIA" path="C:\Documents and Settings\hadfielj\My Documents\ePublisher Pro Projects\caIntegrator2\Output\WebWorks Help 5.0\caIntegrator2\View Search Results.5.9.html" stylename="" />
  <Split groupID="C6249BC4CBB29F71" documentID="A14EE7C2CA63F18B" id="1170682" position="10" documentstartposition="91" documentendposition="98" title="Retrieving Dicom Images" path="C:\Documents and Settings\hadfielj\My Documents\ePublisher Pro Projects\caIntegrator2\Output\WebWorks Help 5.0\caIntegrator2\View Search Results.5.10.html" stylename="" />
  <Split groupID="C6249BC4CBB29F71" documentID="A14EE7C2CA63F18B" id="1171479" position="11" documentstartposition="99" documentendposition="114" title="Example of Retrieving Images:" path="C:\Documents and Settings\hadfielj\My Documents\ePublisher Pro Projects\caIntegrator2\Output\WebWorks Help 5.0\caIntegrator2\View Search Results.5.11.html" stylename="" />
  <Split groupID="C6249BC4CBB29F71" documentID="A14EE7C2CA63F18B" id="1168577" position="12" documentstartposition="115" documentendposition="133" title="Relationship of Patient to Study to Series to Images" path="C:\Documents and Settings\hadfielj\My Documents\ePublisher Pro Projects\caIntegrator2\Output\WebWorks Help 5.0\caIntegrator2\View Search Results.5.12.html" stylename="" />
  <Split groupID="C6249BC4CBB29F71" documentID="A14EE7C2CA63F18B" id="1162538" position="13" documentstartposition="134" documentendposition="137" title="Exporting Data" path="C:\Documents and Settings\hadfielj\My Documents\ePublisher Pro Projects\caIntegrator2\Output\WebWorks Help 5.0\caIntegrator2\View Search Results.5.13.html" stylename="" />
  <Split groupID="C6249BC4CBB29F71" documentID="D4344C1790D16F" id="1070912" position="1" documentstartposition="3" documentendposition="9" title="Analyzing Studies" path="C:\Documents and Settings\hadfielj\My Documents\ePublisher Pro Projects\caIntegrator2\Output\WebWorks Help 5.0\caIntegrator2\PerformingAnalysis.6.1.html" stylename="" />
  <Split groupID="C6249BC4CBB29F71" documentID="D4344C1790D16F" id="1078247" position="2" documentstartposition="10" documentendposition="17" title="Data Analysis Overview" path="C:\Documents and Settings\hadfielj\My Documents\ePublisher Pro Projects\caIntegrator2\Output\WebWorks Help 5.0\caIntegrator2\PerformingAnalysis.6.2.html" stylename="" />
  <Split groupID="C6249BC4CBB29F71" documentID="D4344C1790D16F" id="1084273" position="3" documentstartposition="18" documentendposition="25" title="Creating Kaplan-Meier Plots" path="C:\Documents and Settings\hadfielj\My Documents\ePublisher Pro Projects\caIntegrator2\Output\WebWorks Help 5.0\caIntegrator2\PerformingAnalysis.6.3.html" stylename="" />
  <Split groupID="C6249BC4CBB29F71" documentID="D4344C1790D16F" id="1073490" position="4" documentstartposition="26" documentendposition="44" title="K-M Plot for Annotations" path="C:\Documents and Settings\hadfielj\My Documents\ePublisher Pro Projects\caIntegrator2\Output\WebWorks Help 5.0\caIntegrator2\PerformingAnalysis.6.4.html" stylename="" />
  <Split groupID="C6249BC4CBB29F71" documentID="D4344C1790D16F" id="1080238" position="5" documentstartposition="45" documentendposition="76" title="K-M Plot for Gene Expression" path="C:\Documents and Settings\hadfielj\My Documents\ePublisher Pro Projects\caIntegrator2\Output\WebWorks Help 5.0\caIntegrator2\PerformingAnalysis.6.5.html" stylename="">
    <Frame groupID="C6249BC4CBB29F71" documentID="D4344C1790D16F" id="1113406" stylename="Default" position="1" title="caBIO icon" path="C:\Documents and Settings\hadfielj\My Documents\ePublisher Pro Projects\caIntegrator2\Output\WebWorks Help 5.0\caIntegrator2\images\PerformingAnalysis.6.5.1.jpg">
      <Thumbnail path="C:\Documents and Settings\hadfielj\My Documents\ePublisher Pro Projects\caIntegrator2\Output\WebWorks Help 5.0\caIntegrator2\images\PerformingAnalysis.6.5.1_thumb.jpg" />
      <Wrapper groupID="C6249BC4CBB29F71" documentID="D4344C1790D16F" stylename="" path="C:\Documents and Settings\hadfielj\My Documents\ePublisher Pro Projects\caIntegrator2\Output\WebWorks Help 5.0\caIntegrator2\images\PerformingAnalysis.6.5.1.html" />
      <Description path="C:\Documents and Settings\hadfielj\My Documents\ePublisher Pro Projects\caIntegrator2\Output\WebWorks Help 5.0\caIntegrator2\images\PerformingAnalysis.6.5.1.txt" />
    </Frame>
    <Frame groupID="C6249BC4CBB29F71" documentID="D4344C1790D16F" id="1113434" stylename="Default" position="2" title="gene list icon" path="C:\Documents and Settings\hadfielj\My Documents\ePublisher Pro Projects\caIntegrator2\Output\WebWorks Help 5.0\caIntegrator2\images\PerformingAnalysis.6.5.2.jpg">
      <Thumbnail path="C:\Documents and Settings\hadfielj\My Documents\ePublisher Pro Projects\caIntegrator2\Output\WebWorks Help 5.0\caIntegrator2\images\PerformingAnalysis.6.5.2_thumb.jpg" />
      <Wrapper groupID="C6249BC4CBB29F71" documentID="D4344C1790D16F" stylename="" path="C:\Documents and Settings\hadfielj\My Documents\ePublisher Pro Projects\caIntegrator2\Output\WebWorks Help 5.0\caIntegrator2\images\PerformingAnalysis.6.5.2.html" />
      <Description path="C:\Documents and Settings\hadfielj\My Documents\ePublisher Pro Projects\caIntegrator2\Output\WebWorks Help 5.0\caIntegrator2\images\PerformingAnalysis.6.5.2.txt" />
    </Frame>
  </Split>
  <Split groupID="C6249BC4CBB29F71" documentID="D4344C1790D16F" id="1120496" position="6" documentstartposition="77" documentendposition="84" title="KM Plot from Gene Expression Data Display " path="C:\Documents and Settings\hadfielj\My Documents\ePublisher Pro Projects\caIntegrator2\Output\WebWorks Help 5.0\caIntegrator2\PerformingAnalysis.6.6.html" stylename="" />
  <Split groupID="C6249BC4CBB29F71" documentID="D4344C1790D16F" id="1073776" position="7" documentstartposition="85" documentendposition="97" title="K-M Plot for Queries" path="C:\Documents and Settings\hadfielj\My Documents\ePublisher Pro Projects\caIntegrator2\Output\WebWorks Help 5.0\caIntegrator2\PerformingAnalysis.6.7.html" stylename="" />
  <Split groupID="C6249BC4CBB29F71" documentID="D4344C1790D16F" id="1120550" position="8" documentstartposition="98" documentendposition="105" title="K-M Plot for Queries Display" path="C:\Documents and Settings\hadfielj\My Documents\ePublisher Pro Projects\caIntegrator2\Output\WebWorks Help 5.0\caIntegrator2\PerformingAnalysis.6.8.html" stylename="" />
  <Split groupID="C6249BC4CBB29F71" documentID="D4344C1790D16F" id="1082800" position="9" documentstartposition="106" documentendposition="112" title="Creating Gene Expression Plots" path="C:\Documents and Settings\hadfielj\My Documents\ePublisher Pro Projects\caIntegrator2\Output\WebWorks Help 5.0\caIntegrator2\PerformingAnalysis.6.9.html" stylename="" />
  <Split groupID="C6249BC4CBB29F71" documentID="D4344C1790D16F" id="1084201" position="10" documentstartposition="113" documentendposition="150" title="Gene Expression Value Plot for Annotation" path="C:\Documents and Settings\hadfielj\My Documents\ePublisher Pro Projects\caIntegrator2\Output\WebWorks Help 5.0\caIntegrator2\PerformingAnalysis.6.10.html" stylename="">
    <Frame groupID="C6249BC4CBB29F71" documentID="D4344C1790D16F" id="1114085" stylename="Default" position="1" title="caBIO icon" path="C:\Documents and Settings\hadfielj\My Documents\ePublisher Pro Projects\caIntegrator2\Output\WebWorks Help 5.0\caIntegrator2\images\PerformingAnalysis.6.10.1.jpg">
      <Thumbnail path="C:\Documents and Settings\hadfielj\My Documents\ePublisher Pro Projects\caIntegrator2\Output\WebWorks Help 5.0\caIntegrator2\images\PerformingAnalysis.6.10.1_thumb.jpg" />
      <Wrapper groupID="C6249BC4CBB29F71" documentID="D4344C1790D16F" stylename="" path="C:\Documents and Settings\hadfielj\My Documents\ePublisher Pro Projects\caIntegrator2\Output\WebWorks Help 5.0\caIntegrator2\images\PerformingAnalysis.6.10.1.html" />
      <Description path="C:\Documents and Settings\hadfielj\My Documents\ePublisher Pro Projects\caIntegrator2\Output\WebWorks Help 5.0\caIntegrator2\images\PerformingAnalysis.6.10.1.txt" />
    </Frame>
    <Frame groupID="C6249BC4CBB29F71" documentID="D4344C1790D16F" id="1114113" stylename="Default" position="2" title="gene list icon" path="C:\Documents and Settings\hadfielj\My Documents\ePublisher Pro Projects\caIntegrator2\Output\WebWorks Help 5.0\caIntegrator2\images\PerformingAnalysis.6.10.2.jpg">
      <Thumbnail path="C:\Documents and Settings\hadfielj\My Documents\ePublisher Pro Projects\caIntegrator2\Output\WebWorks Help 5.0\caIntegrator2\images\PerformingAnalysis.6.10.2_thumb.jpg" />
      <Wrapper groupID="C6249BC4CBB29F71" documentID="D4344C1790D16F" stylename="" path="C:\Documents and Settings\hadfielj\My Documents\ePublisher Pro Projects\caIntegrator2\Output\WebWorks Help 5.0\caIntegrator2\images\PerformingAnalysis.6.10.2.html" />
      <Description path="C:\Documents and Settings\hadfielj\My Documents\ePublisher Pro Projects\caIntegrator2\Output\WebWorks Help 5.0\caIntegrator2\images\PerformingAnalysis.6.10.2.txt" />
    </Frame>
  </Split>
  <Split groupID="C6249BC4CBB29F71" documentID="D4344C1790D16F" id="1120585" position="11" documentstartposition="151" documentendposition="160" title="Gene Expression Plot for Annotation Display" path="C:\Documents and Settings\hadfielj\My Documents\ePublisher Pro Projects\caIntegrator2\Output\WebWorks Help 5.0\caIntegrator2\PerformingAnalysis.6.11.html" stylename="" />
  <Split groupID="C6249BC4CBB29F71" documentID="D4344C1790D16F" id="1083368" position="12" documentstartposition="161" documentendposition="179" title="Gene Expression Value Plot for Genomic Queries" path="C:\Documents and Settings\hadfielj\My Documents\ePublisher Pro Projects\caIntegrator2\Output\WebWorks Help 5.0\caIntegrator2\PerformingAnalysis.6.12.html" stylename="" />
  <Split groupID="C6249BC4CBB29F71" documentID="D4344C1790D16F" id="1077378" position="13" documentstartposition="180" documentendposition="218" title="Gene Expression Value Plot for Clinical Queries" path="C:\Documents and Settings\hadfielj\My Documents\ePublisher Pro Projects\caIntegrator2\Output\WebWorks Help 5.0\caIntegrator2\PerformingAnalysis.6.13.html" stylename="">
    <Frame groupID="C6249BC4CBB29F71" documentID="D4344C1790D16F" id="1114542" stylename="Default" position="1" title="caBIO icon" path="C:\Documents and Settings\hadfielj\My Documents\ePublisher Pro Projects\caIntegrator2\Output\WebWorks Help 5.0\caIntegrator2\images\PerformingAnalysis.6.13.1.jpg">
      <Thumbnail path="C:\Documents and Settings\hadfielj\My Documents\ePublisher Pro Projects\caIntegrator2\Output\WebWorks Help 5.0\caIntegrator2\images\PerformingAnalysis.6.13.1_thumb.jpg" />
      <Wrapper groupID="C6249BC4CBB29F71" documentID="D4344C1790D16F" stylename="" path="C:\Documents and Settings\hadfielj\My Documents\ePublisher Pro Projects\caIntegrator2\Output\WebWorks Help 5.0\caIntegrator2\images\PerformingAnalysis.6.13.1.html" />
      <Description path="C:\Documents and Settings\hadfielj\My Documents\ePublisher Pro Projects\caIntegrator2\Output\WebWorks Help 5.0\caIntegrator2\images\PerformingAnalysis.6.13.1.txt" />
    </Frame>
    <Frame groupID="C6249BC4CBB29F71" documentID="D4344C1790D16F" id="1114568" stylename="Default" position="2" title="gene list icon" path="C:\Documents and Settings\hadfielj\My Documents\ePublisher Pro Projects\caIntegrator2\Output\WebWorks Help 5.0\caIntegrator2\images\PerformingAnalysis.6.13.2.jpg">
      <Thumbnail path="C:\Documents and Settings\hadfielj\My Documents\ePublisher Pro Projects\caIntegrator2\Output\WebWorks Help 5.0\caIntegrator2\images\PerformingAnalysis.6.13.2_thumb.jpg" />
      <Wrapper groupID="C6249BC4CBB29F71" documentID="D4344C1790D16F" stylename="" path="C:\Documents and Settings\hadfielj\My Documents\ePublisher Pro Projects\caIntegrator2\Output\WebWorks Help 5.0\caIntegrator2\images\PerformingAnalysis.6.13.2.html" />
      <Description path="C:\Documents and Settings\hadfielj\My Documents\ePublisher Pro Projects\caIntegrator2\Output\WebWorks Help 5.0\caIntegrator2\images\PerformingAnalysis.6.13.2.txt" />
    </Frame>
  </Split>
  <Split groupID="C6249BC4CBB29F71" documentID="D4344C1790D16F" id="1120639" position="14" documentstartposition="219" documentendposition="228" title="Gene Expression Plot for Clinical Queries Display" path="C:\Documents and Settings\hadfielj\My Documents\ePublisher Pro Projects\caIntegrator2\Output\WebWorks Help 5.0\caIntegrator2\PerformingAnalysis.6.14.html" stylename="" />
  <Split groupID="C6249BC4CBB29F71" documentID="D4344C1790D16F" id="1088652" position="15" documentstartposition="229" documentendposition="247" title="Understanding a Gene Expression Plot" path="C:\Documents and Settings\hadfielj\My Documents\ePublisher Pro Projects\caIntegrator2\Output\WebWorks Help 5.0\caIntegrator2\PerformingAnalysis.6.15.html" stylename="">
    <Frame groupID="C6249BC4CBB29F71" documentID="D4344C1790D16F" id="1088670" stylename="Default" position="1" title="screen shot of a gene expression plot calculating the mean of the data" byref="true" source="C:\Documents and Settings\hadfielj\My Documents\CBIIT Projects\caIntegrator2\caI2 1.0\caI2 images\plot type mean.gif" path="C:\Documents and Settings\hadfielj\My Documents\ePublisher Pro Projects\caIntegrator2\Output\WebWorks Help 5.0\caIntegrator2\images\plot type mean.gif">
      <Thumbnail path="C:\Documents and Settings\hadfielj\My Documents\ePublisher Pro Projects\caIntegrator2\Output\WebWorks Help 5.0\caIntegrator2\images\plot type mean_thumb.gif" />
      <Wrapper groupID="C6249BC4CBB29F71" documentID="D4344C1790D16F" stylename="" path="C:\Documents and Settings\hadfielj\My Documents\ePublisher Pro Projects\caIntegrator2\Output\WebWorks Help 5.0\caIntegrator2\images\plot type mean.html" />
      <Description path="C:\Documents and Settings\hadfielj\My Documents\ePublisher Pro Projects\caIntegrator2\Output\WebWorks Help 5.0\caIntegrator2\images\plot type mean.txt" />
    </Frame>
    <Frame groupID="C6249BC4CBB29F71" documentID="D4344C1790D16F" id="1088793" stylename="Default" position="2" title="screen shot of a gene expression plot calculating the median of the data" byref="true" source="C:\Documents and Settings\hadfielj\My Documents\CBIIT Projects\caIntegrator2\caI2 1.0\caI2 images\plot type median.gif" path="C:\Documents and Settings\hadfielj\My Documents\ePublisher Pro Projects\caIntegrator2\Output\WebWorks Help 5.0\caIntegrator2\images\plot type median.gif">
      <Thumbnail path="C:\Documents and Settings\hadfielj\My Documents\ePublisher Pro Projects\caIntegrator2\Output\WebWorks Help 5.0\caIntegrator2\images\plot type median_thumb.gif" />
      <Wrapper groupID="C6249BC4CBB29F71" documentID="D4344C1790D16F" stylename="" path="C:\Documents and Settings\hadfielj\My Documents\ePublisher Pro Projects\caIntegrator2\Output\WebWorks Help 5.0\caIntegrator2\images\plot type median.html" />
      <Description path="C:\Documents and Settings\hadfielj\My Documents\ePublisher Pro Projects\caIntegrator2\Output\WebWorks Help 5.0\caIntegrator2\images\plot type median.txt" />
    </Frame>
    <Frame groupID="C6249BC4CBB29F71" documentID="D4344C1790D16F" id="1088850" stylename="Default" position="3" title="screen shot of a gene expression plot calculating the log2 intensity values of the data" byref="true" source="C:\Documents and Settings\hadfielj\My Documents\CBIIT Projects\caIntegrator2\caI2 1.0\caI2 images\plot type log2 intensity.gif" path="C:\Documents and Settings\hadfielj\My Documents\ePublisher Pro Projects\caIntegrator2\Output\WebWorks Help 5.0\caIntegrator2\images\plot type log2 intensity.gif">
      <Thumbnail path="C:\Documents and Settings\hadfielj\My Documents\ePublisher Pro Projects\caIntegrator2\Output\WebWorks Help 5.0\caIntegrator2\images\plot type log2 intensity_thumb.gif" />
      <Wrapper groupID="C6249BC4CBB29F71" documentID="D4344C1790D16F" stylename="" path="C:\Documents and Settings\hadfielj\My Documents\ePublisher Pro Projects\caIntegrator2\Output\WebWorks Help 5.0\caIntegrator2\images\plot type log2 intensity.html" />
      <Description path="C:\Documents and Settings\hadfielj\My Documents\ePublisher Pro Projects\caIntegrator2\Output\WebWorks Help 5.0\caIntegrator2\images\plot type log2 intensity.txt" />
    </Frame>
    <Frame groupID="C6249BC4CBB29F71" documentID="D4344C1790D16F" id="1089190" stylename="Default" position="4" title="screen shot of a gene expression plot using box and whisker data display parameters" byref="true" source="C:\Documents and Settings\hadfielj\My Documents\CBIIT Projects\caIntegrator2\caI2 1.0\caI2 images\plot type box and whisker.gif" path="C:\Documents and Settings\hadfielj\My Documents\ePublisher Pro Projects\caIntegrator2\Output\WebWorks Help 5.0\caIntegrator2\images\plot type box and whisker.gif">
      <Thumbnail path="C:\Documents and Settings\hadfielj\My Documents\ePublisher Pro Projects\caIntegrator2\Output\WebWorks Help 5.0\caIntegrator2\images\plot type box and whisker_thumb.gif" />
      <Wrapper groupID="C6249BC4CBB29F71" documentID="D4344C1790D16F" stylename="" path="C:\Documents and Settings\hadfielj\My Documents\ePublisher Pro Projects\caIntegrator2\Output\WebWorks Help 5.0\caIntegrator2\images\plot type box and whisker.html" />
      <Description path="C:\Documents and Settings\hadfielj\My Documents\ePublisher Pro Projects\caIntegrator2\Output\WebWorks Help 5.0\caIntegrator2\images\plot type box and whisker.txt" />
    </Frame>
    <Frame groupID="C6249BC4CBB29F71" documentID="D4344C1790D16F" id="1091406" stylename="Default" position="5" title="screen shot of a gene expression box and whisker plot showing outliers" byref="true" source="C:\Documents and Settings\hadfielj\My Documents\CBIIT Projects\caIntegrator2\caI2 1.0\caI2 images\box and whisker w coins.gif" path="C:\Documents and Settings\hadfielj\My Documents\ePublisher Pro Projects\caIntegrator2\Output\WebWorks Help 5.0\caIntegrator2\images\box and whisker w coins.gif">
      <Thumbnail path="C:\Documents and Settings\hadfielj\My Documents\ePublisher Pro Projects\caIntegrator2\Output\WebWorks Help 5.0\caIntegrator2\images\box and whisker w coins_thumb.gif" />
      <Wrapper groupID="C6249BC4CBB29F71" documentID="D4344C1790D16F" stylename="" path="C:\Documents and Settings\hadfielj\My Documents\ePublisher Pro Projects\caIntegrator2\Output\WebWorks Help 5.0\caIntegrator2\images\box and whisker w coins.html" />
      <Description path="C:\Documents and Settings\hadfielj\My Documents\ePublisher Pro Projects\caIntegrator2\Output\WebWorks Help 5.0\caIntegrator2\images\box and whisker w coins.txt" />
    </Frame>
  </Split>
  <Split groupID="C6249BC4CBB29F71" documentID="D4344C1790D16F" id="1077363" position="16" documentstartposition="248" documentendposition="265" title="Analyzing Data with GenePattern" path="C:\Documents and Settings\hadfielj\My Documents\ePublisher Pro Projects\caIntegrator2\Output\WebWorks Help 5.0\caIntegrator2\PerformingAnalysis.6.16.html" stylename="" />
  <Split groupID="C6249BC4CBB29F71" documentID="D4344C1790D16F" id="1084841" position="17" documentstartposition="266" documentendposition="281" title="GenePattern Modules" path="C:\Documents and Settings\hadfielj\My Documents\ePublisher Pro Projects\caIntegrator2\Output\WebWorks Help 5.0\caIntegrator2\PerformingAnalysis.6.17.html" stylename="" />
  <Split groupID="C6249BC4CBB29F71" documentID="D4344C1790D16F" id="1084490" position="18" documentstartposition="282" documentendposition="299" title="Comparative Marker Selection (CMS) Analysis" path="C:\Documents and Settings\hadfielj\My Documents\ePublisher Pro Projects\caIntegrator2\Output\WebWorks Help 5.0\caIntegrator2\PerformingAnalysis.6.18.html" stylename="" />
  <Split groupID="C6249BC4CBB29F71" documentID="D4344C1790D16F" id="1084723" position="19" documentstartposition="300" documentendposition="318" title="Principal Component Analysis (PCA)" path="C:\Documents and Settings\hadfielj\My Documents\ePublisher Pro Projects\caIntegrator2\Output\WebWorks Help 5.0\caIntegrator2\PerformingAnalysis.6.19.html" stylename="" />
  <Split groupID="C6249BC4CBB29F71" documentID="D4344C1790D16F" id="1084744" position="20" documentstartposition="319" documentendposition="334" title="GISTIC-Supported Analysis" path="C:\Documents and Settings\hadfielj\My Documents\ePublisher Pro Projects\caIntegrator2\Output\WebWorks Help 5.0\caIntegrator2\PerformingAnalysis.6.20.html" stylename="" />
  <Split groupID="C6249BC4CBB29F71" documentID="19F1FB1A043B6CE" id="1070912" position="1" documentstartposition="3" documentendposition="6" title="Administering User Accounts " path="C:\Documents and Settings\hadfielj\My Documents\ePublisher Pro Projects\caIntegrator2\Output\WebWorks Help 5.0\caIntegrator2\User Admin.7.1.html" stylename="" />
  <Split groupID="C6249BC4CBB29F71" documentID="19F1FB1A043B6CE" id="1072263" position="2" documentstartposition="7" documentendposition="21" title="Administering caIntegrator2 User Accounts Using UPT" path="C:\Documents and Settings\hadfielj\My Documents\ePublisher Pro Projects\caIntegrator2\Output\WebWorks Help 5.0\caIntegrator2\User Admin.7.2.html" stylename="" />
  <Split groupID="C6249BC4CBB29F71" documentID="19F1FB1A043B6CE" id="1077510" position="3" documentstartposition="22" documentendposition="30" title="Steps for Creating User Access to caIntegrator2" path="C:\Documents and Settings\hadfielj\My Documents\ePublisher Pro Projects\caIntegrator2\Output\WebWorks Help 5.0\caIntegrator2\User Admin.7.3.html" stylename="" />
  <Split groupID="C6249BC4CBB29F71" documentID="19F1FB1A043B6CE" id="1077520" position="4" documentstartposition="31" documentendposition="55" title="Creating a New caIntegrator2 User" path="C:\Documents and Settings\hadfielj\My Documents\ePublisher Pro Projects\caIntegrator2\Output\WebWorks Help 5.0\caIntegrator2\User Admin.7.4.html" stylename="" />
  <Split groupID="C6249BC4CBB29F71" documentID="19F1FB1A043B6CE" id="1078089" position="5" documentstartposition="56" documentendposition="72" title="Creating a New User Group" path="C:\Documents and Settings\hadfielj\My Documents\ePublisher Pro Projects\caIntegrator2\Output\WebWorks Help 5.0\caIntegrator2\User Admin.7.5.html" stylename="" />
  <Split groupID="C6249BC4CBB29F71" documentID="19F1FB1A043B6CE" id="1078614" position="6" documentstartposition="73" documentendposition="87" title="Creating a New Protection Group&#x9;&#x9;" path="C:\Documents and Settings\hadfielj\My Documents\ePublisher Pro Projects\caIntegrator2\Output\WebWorks Help 5.0\caIntegrator2\User Admin.7.6.html" stylename="" />
  <Split groupID="C6249BC4CBB29F71" documentID="19F1FB1A043B6CE" id="1077620" position="7" documentstartposition="88" documentendposition="111" title="Assigning a User Group to a Protection Group" path="C:\Documents and Settings\hadfielj\My Documents\ePublisher Pro Projects\caIntegrator2\Output\WebWorks Help 5.0\caIntegrator2\User Admin.7.7.html" stylename="" />
  <Split groupID="C6249BC4CBB29F71" documentID="19F1FB1A043B6CE" id="1079798" position="8" documentstartposition="112" documentendposition="130" title="Adding a User to a User Group" path="C:\Documents and Settings\hadfielj\My Documents\ePublisher Pro Projects\caIntegrator2\Output\WebWorks Help 5.0\caIntegrator2\User Admin.7.8.html" stylename="" />
  <Split groupID="C6249BC4CBB29F71" documentID="19F1FB1A043B6CE" id="1077790" position="9" documentstartposition="131" documentendposition="148" title="Changing a User Password" path="C:\Documents and Settings\hadfielj\My Documents\ePublisher Pro Projects\caIntegrator2\Output\WebWorks Help 5.0\caIntegrator2\User Admin.7.9.html" stylename="" />
  <Split groupID="C6249BC4CBB29F71" documentID="F99A642C923CD99A" id="1070912" position="1" documentstartposition="3" documentendposition="10" title="Data Import Configurations" path="C:\Documents and Settings\hadfielj\My Documents\ePublisher Pro Projects\caIntegrator2\Output\WebWorks Help 5.0\caIntegrator2\appdx data import.8.1.html" stylename="" />
  <Split groupID="C6249BC4CBB29F71" documentID="F99A642C923CD99A" id="1075801" position="2" documentstartposition="11" documentendposition="19" title="Subject Clinical Data Configuration" path="C:\Documents and Settings\hadfielj\My Documents\ePublisher Pro Projects\caIntegrator2\Output\WebWorks Help 5.0\caIntegrator2\appdx data import.8.2.html" stylename="" />
  <Split groupID="C6249BC4CBB29F71" documentID="F99A642C923CD99A" id="1073225" position="3" documentstartposition="20" documentendposition="29" title="Delimited-Text Annotation Import" path="C:\Documents and Settings\hadfielj\My Documents\ePublisher Pro Projects\caIntegrator2\Output\WebWorks Help 5.0\caIntegrator2\appdx data import.8.3.html" stylename="" />
  <Split groupID="C6249BC4CBB29F71" documentID="F99A642C923CD99A" id="1073232" position="4" documentstartposition="30" documentendposition="42" title="Annotation Field Configuration" path="C:\Documents and Settings\hadfielj\My Documents\ePublisher Pro Projects\caIntegrator2\Output\WebWorks Help 5.0\caIntegrator2\appdx data import.8.4.html" stylename="" />
  <Split groupID="C6249BC4CBB29F71" documentID="F99A642C923CD99A" id="1073242" position="5" documentstartposition="43" documentendposition="55" title="Sample Data Configuration" path="C:\Documents and Settings\hadfielj\My Documents\ePublisher Pro Projects\caIntegrator2\Output\WebWorks Help 5.0\caIntegrator2\appdx data import.8.5.html" stylename="" />
  <Split groupID="C6249BC4CBB29F71" documentID="F99A642C923CD99A" id="1073252" position="6" documentstartposition="56" documentendposition="70" title="Genomic Data Configuration" path="C:\Documents and Settings\hadfielj\My Documents\ePublisher Pro Projects\caIntegrator2\Output\WebWorks Help 5.0\caIntegrator2\appdx data import.8.6.html" stylename="" />
  <Split groupID="C6249BC4CBB29F71" documentID="F99A642C923CD99A" id="1073264" position="7" documentstartposition="71" documentendposition="84" title="Imaging Data Configuration" path="C:\Documents and Settings\hadfielj\My Documents\ePublisher Pro Projects\caIntegrator2\Output\WebWorks Help 5.0\caIntegrator2\appdx data import.8.7.html" stylename="" />
  <Split groupID="C6249BC4CBB29F71" documentID="E948D11D625F47BC" id="1069426" position="1" documentstartposition="1" documentendposition="4" title="NCICB Application Support" path="C:\Documents and Settings\hadfielj\My Documents\ePublisher Pro Projects\caIntegrator2\Output\WebWorks Help 5.0\caIntegrator2\Application Support.9.1.html" stylename="" />
</Splits>