<?xml version="1.0" encoding="utf-8"?>
<Splits version="1.0" xmlns="urn:WebWorks-Engine-Splits-Schema">
  <Split groupID="8A8D9FCC116430EA" documentID="F3661827B0A79A0" id="1070912" position="1" documentstartposition="3" documentendposition="13" title="Welcome to caIntegrator Online Help" path="C:\Documents and Settings\hadfielj\My Documents\ePublisher Pro Projects\caIntegrator2\Output\WebWorks Help 5.0\caIntegrator2\Welcome.1.1.html" stylename="" />
  <Split groupID="8A8D9FCC116430EA" documentID="15B89BE1E27B2DC9" id="1060342" position="1" documentstartposition="3" documentendposition="11" title="Online Help Tips" path="C:\Documents and Settings\hadfielj\My Documents\ePublisher Pro Projects\caIntegrator2\Output\WebWorks Help 5.0\caIntegrator2\OnlineHelpBoilerplate.2.1.html" stylename="">
    <Frame groupID="8A8D9FCC116430EA" documentID="15B89BE1E27B2DC9" id="1064073" stylename="Default" position="1" title="" path="C:\Documents and Settings\hadfielj\My Documents\ePublisher Pro Projects\caIntegrator2\Output\WebWorks Help 5.0\caIntegrator2\images\OnlineHelpBoilerplate.2.1.1.jpg">
      <Thumbnail path="C:\Documents and Settings\hadfielj\My Documents\ePublisher Pro Projects\caIntegrator2\Output\WebWorks Help 5.0\caIntegrator2\images\OnlineHelpBoilerplate.2.1.1_thumb.jpg" />
      <Wrapper groupID="8A8D9FCC116430EA" documentID="15B89BE1E27B2DC9" stylename="" path="C:\Documents and Settings\hadfielj\My Documents\ePublisher Pro Projects\caIntegrator2\Output\WebWorks Help 5.0\caIntegrator2\images\OnlineHelpBoilerplate.2.1.1.html" />
      <Description path="C:\Documents and Settings\hadfielj\My Documents\ePublisher Pro Projects\caIntegrator2\Output\WebWorks Help 5.0\caIntegrator2\images\OnlineHelpBoilerplate.2.1.1.txt" />
    </Frame>
    <Frame groupID="8A8D9FCC116430EA" documentID="15B89BE1E27B2DC9" id="1067049" stylename="Default" position="2" title="" path="C:\Documents and Settings\hadfielj\My Documents\ePublisher Pro Projects\caIntegrator2\Output\WebWorks Help 5.0\caIntegrator2\images\OnlineHelpBoilerplate.2.1.2.jpg">
      <Thumbnail path="C:\Documents and Settings\hadfielj\My Documents\ePublisher Pro Projects\caIntegrator2\Output\WebWorks Help 5.0\caIntegrator2\images\OnlineHelpBoilerplate.2.1.2_thumb.jpg" />
      <Wrapper groupID="8A8D9FCC116430EA" documentID="15B89BE1E27B2DC9" stylename="" path="C:\Documents and Settings\hadfielj\My Documents\ePublisher Pro Projects\caIntegrator2\Output\WebWorks Help 5.0\caIntegrator2\images\OnlineHelpBoilerplate.2.1.2.html" />
      <Description path="C:\Documents and Settings\hadfielj\My Documents\ePublisher Pro Projects\caIntegrator2\Output\WebWorks Help 5.0\caIntegrator2\images\OnlineHelpBoilerplate.2.1.2.txt" />
    </Frame>
    <Frame groupID="8A8D9FCC116430EA" documentID="15B89BE1E27B2DC9" id="1064088" stylename="Default" position="3" title="" path="C:\Documents and Settings\hadfielj\My Documents\ePublisher Pro Projects\caIntegrator2\Output\WebWorks Help 5.0\caIntegrator2\images\OnlineHelpBoilerplate.2.1.3.jpg">
      <Thumbnail path="C:\Documents and Settings\hadfielj\My Documents\ePublisher Pro Projects\caIntegrator2\Output\WebWorks Help 5.0\caIntegrator2\images\OnlineHelpBoilerplate.2.1.3_thumb.jpg" />
      <Wrapper groupID="8A8D9FCC116430EA" documentID="15B89BE1E27B2DC9" stylename="" path="C:\Documents and Settings\hadfielj\My Documents\ePublisher Pro Projects\caIntegrator2\Output\WebWorks Help 5.0\caIntegrator2\images\OnlineHelpBoilerplate.2.1.3.html" />
      <Description path="C:\Documents and Settings\hadfielj\My Documents\ePublisher Pro Projects\caIntegrator2\Output\WebWorks Help 5.0\caIntegrator2\images\OnlineHelpBoilerplate.2.1.3.txt" />
    </Frame>
    <Frame groupID="8A8D9FCC116430EA" documentID="15B89BE1E27B2DC9" id="1064095" stylename="Default" position="4" title="" path="C:\Documents and Settings\hadfielj\My Documents\ePublisher Pro Projects\caIntegrator2\Output\WebWorks Help 5.0\caIntegrator2\images\OnlineHelpBoilerplate.2.1.4.jpg">
      <Thumbnail path="C:\Documents and Settings\hadfielj\My Documents\ePublisher Pro Projects\caIntegrator2\Output\WebWorks Help 5.0\caIntegrator2\images\OnlineHelpBoilerplate.2.1.4_thumb.jpg" />
      <Wrapper groupID="8A8D9FCC116430EA" documentID="15B89BE1E27B2DC9" stylename="" path="C:\Documents and Settings\hadfielj\My Documents\ePublisher Pro Projects\caIntegrator2\Output\WebWorks Help 5.0\caIntegrator2\images\OnlineHelpBoilerplate.2.1.4.html" />
      <Description path="C:\Documents and Settings\hadfielj\My Documents\ePublisher Pro Projects\caIntegrator2\Output\WebWorks Help 5.0\caIntegrator2\images\OnlineHelpBoilerplate.2.1.4.txt" />
    </Frame>
    <Frame groupID="8A8D9FCC116430EA" documentID="15B89BE1E27B2DC9" id="1064102" stylename="Default" position="5" title="" path="C:\Documents and Settings\hadfielj\My Documents\ePublisher Pro Projects\caIntegrator2\Output\WebWorks Help 5.0\caIntegrator2\images\OnlineHelpBoilerplate.2.1.5.jpg">
      <Thumbnail path="C:\Documents and Settings\hadfielj\My Documents\ePublisher Pro Projects\caIntegrator2\Output\WebWorks Help 5.0\caIntegrator2\images\OnlineHelpBoilerplate.2.1.5_thumb.jpg" />
      <Wrapper groupID="8A8D9FCC116430EA" documentID="15B89BE1E27B2DC9" stylename="" path="C:\Documents and Settings\hadfielj\My Documents\ePublisher Pro Projects\caIntegrator2\Output\WebWorks Help 5.0\caIntegrator2\images\OnlineHelpBoilerplate.2.1.5.html" />
      <Description path="C:\Documents and Settings\hadfielj\My Documents\ePublisher Pro Projects\caIntegrator2\Output\WebWorks Help 5.0\caIntegrator2\images\OnlineHelpBoilerplate.2.1.5.txt" />
    </Frame>
    <Frame groupID="8A8D9FCC116430EA" documentID="15B89BE1E27B2DC9" id="1064109" stylename="Default" position="6" title="" path="C:\Documents and Settings\hadfielj\My Documents\ePublisher Pro Projects\caIntegrator2\Output\WebWorks Help 5.0\caIntegrator2\images\OnlineHelpBoilerplate.2.1.6.jpg">
      <Thumbnail path="C:\Documents and Settings\hadfielj\My Documents\ePublisher Pro Projects\caIntegrator2\Output\WebWorks Help 5.0\caIntegrator2\images\OnlineHelpBoilerplate.2.1.6_thumb.jpg" />
      <Wrapper groupID="8A8D9FCC116430EA" documentID="15B89BE1E27B2DC9" stylename="" path="C:\Documents and Settings\hadfielj\My Documents\ePublisher Pro Projects\caIntegrator2\Output\WebWorks Help 5.0\caIntegrator2\images\OnlineHelpBoilerplate.2.1.6.html" />
      <Description path="C:\Documents and Settings\hadfielj\My Documents\ePublisher Pro Projects\caIntegrator2\Output\WebWorks Help 5.0\caIntegrator2\images\OnlineHelpBoilerplate.2.1.6.txt" />
    </Frame>
    <Frame groupID="8A8D9FCC116430EA" documentID="15B89BE1E27B2DC9" id="1064116" stylename="Default" position="7" title="" path="C:\Documents and Settings\hadfielj\My Documents\ePublisher Pro Projects\caIntegrator2\Output\WebWorks Help 5.0\caIntegrator2\images\OnlineHelpBoilerplate.2.1.7.jpg">
      <Thumbnail path="C:\Documents and Settings\hadfielj\My Documents\ePublisher Pro Projects\caIntegrator2\Output\WebWorks Help 5.0\caIntegrator2\images\OnlineHelpBoilerplate.2.1.7_thumb.jpg" />
      <Wrapper groupID="8A8D9FCC116430EA" documentID="15B89BE1E27B2DC9" stylename="" path="C:\Documents and Settings\hadfielj\My Documents\ePublisher Pro Projects\caIntegrator2\Output\WebWorks Help 5.0\caIntegrator2\images\OnlineHelpBoilerplate.2.1.7.html" />
      <Description path="C:\Documents and Settings\hadfielj\My Documents\ePublisher Pro Projects\caIntegrator2\Output\WebWorks Help 5.0\caIntegrator2\images\OnlineHelpBoilerplate.2.1.7.txt" />
    </Frame>
    <Frame groupID="8A8D9FCC116430EA" documentID="15B89BE1E27B2DC9" id="1064120" stylename="Default" position="8" title="" path="C:\Documents and Settings\hadfielj\My Documents\ePublisher Pro Projects\caIntegrator2\Output\WebWorks Help 5.0\caIntegrator2\images\OnlineHelpBoilerplate.2.1.8.jpg">
      <Thumbnail path="C:\Documents and Settings\hadfielj\My Documents\ePublisher Pro Projects\caIntegrator2\Output\WebWorks Help 5.0\caIntegrator2\images\OnlineHelpBoilerplate.2.1.8_thumb.jpg" />
      <Wrapper groupID="8A8D9FCC116430EA" documentID="15B89BE1E27B2DC9" stylename="" path="C:\Documents and Settings\hadfielj\My Documents\ePublisher Pro Projects\caIntegrator2\Output\WebWorks Help 5.0\caIntegrator2\images\OnlineHelpBoilerplate.2.1.8.html" />
      <Description path="C:\Documents and Settings\hadfielj\My Documents\ePublisher Pro Projects\caIntegrator2\Output\WebWorks Help 5.0\caIntegrator2\images\OnlineHelpBoilerplate.2.1.8.txt" />
    </Frame>
    <Frame groupID="8A8D9FCC116430EA" documentID="15B89BE1E27B2DC9" id="1064127" stylename="Default" position="9" title="" path="C:\Documents and Settings\hadfielj\My Documents\ePublisher Pro Projects\caIntegrator2\Output\WebWorks Help 5.0\caIntegrator2\images\OnlineHelpBoilerplate.2.1.9.jpg">
      <Thumbnail path="C:\Documents and Settings\hadfielj\My Documents\ePublisher Pro Projects\caIntegrator2\Output\WebWorks Help 5.0\caIntegrator2\images\OnlineHelpBoilerplate.2.1.9_thumb.jpg" />
      <Wrapper groupID="8A8D9FCC116430EA" documentID="15B89BE1E27B2DC9" stylename="" path="C:\Documents and Settings\hadfielj\My Documents\ePublisher Pro Projects\caIntegrator2\Output\WebWorks Help 5.0\caIntegrator2\images\OnlineHelpBoilerplate.2.1.9.html" />
      <Description path="C:\Documents and Settings\hadfielj\My Documents\ePublisher Pro Projects\caIntegrator2\Output\WebWorks Help 5.0\caIntegrator2\images\OnlineHelpBoilerplate.2.1.9.txt" />
    </Frame>
    <Frame groupID="8A8D9FCC116430EA" documentID="15B89BE1E27B2DC9" id="1064138" stylename="Default" position="10" title="" path="C:\Documents and Settings\hadfielj\My Documents\ePublisher Pro Projects\caIntegrator2\Output\WebWorks Help 5.0\caIntegrator2\images\OnlineHelpBoilerplate.2.1.10.jpg">
      <Thumbnail path="C:\Documents and Settings\hadfielj\My Documents\ePublisher Pro Projects\caIntegrator2\Output\WebWorks Help 5.0\caIntegrator2\images\OnlineHelpBoilerplate.2.1.10_thumb.jpg" />
      <Wrapper groupID="8A8D9FCC116430EA" documentID="15B89BE1E27B2DC9" stylename="" path="C:\Documents and Settings\hadfielj\My Documents\ePublisher Pro Projects\caIntegrator2\Output\WebWorks Help 5.0\caIntegrator2\images\OnlineHelpBoilerplate.2.1.10.html" />
      <Description path="C:\Documents and Settings\hadfielj\My Documents\ePublisher Pro Projects\caIntegrator2\Output\WebWorks Help 5.0\caIntegrator2\images\OnlineHelpBoilerplate.2.1.10.txt" />
    </Frame>
  </Split>
  <Split groupID="8A8D9FCC116430EA" documentID="A02917214FF8C6F" id="1052621" position="1" documentstartposition="3" documentendposition="11" title="Getting Started with caIntegrator" path="C:\Documents and Settings\hadfielj\My Documents\ePublisher Pro Projects\caIntegrator2\Output\WebWorks Help 5.0\caIntegrator2\Getting_Started.3.1.html" stylename="" />
  <Split groupID="8A8D9FCC116430EA" documentID="A02917214FF8C6F" id="1135030" position="2" documentstartposition="12" documentendposition="18" title="About caIntegrator" path="C:\Documents and Settings\hadfielj\My Documents\ePublisher Pro Projects\caIntegrator2\Output\WebWorks Help 5.0\caIntegrator2\Getting_Started.3.2.html" stylename="" />
  <Split groupID="8A8D9FCC116430EA" documentID="A02917214FF8C6F" id="1141097" position="3" documentstartposition="19" documentendposition="50" title="Registering as a New caIntegrator User " path="C:\Documents and Settings\hadfielj\My Documents\ePublisher Pro Projects\caIntegrator2\Output\WebWorks Help 5.0\caIntegrator2\Getting_Started.3.3.html" stylename="" />
  <Split groupID="8A8D9FCC116430EA" documentID="A02917214FF8C6F" id="1127723" position="4" documentstartposition="51" documentendposition="63" title="Welcome to the caIntegrator  Workspace" path="C:\Documents and Settings\hadfielj\My Documents\ePublisher Pro Projects\caIntegrator2\Output\WebWorks Help 5.0\caIntegrator2\Getting_Started.3.4.html" stylename="" />
  <Split groupID="8A8D9FCC116430EA" documentID="A02917214FF8C6F" id="1136890" position="5" documentstartposition="64" documentendposition="71" title="caIntegrator Functions" path="C:\Documents and Settings\hadfielj\My Documents\ePublisher Pro Projects\caIntegrator2\Output\WebWorks Help 5.0\caIntegrator2\Getting_Started.3.5.html" stylename="" />
  <Split groupID="8A8D9FCC116430EA" documentID="A02917214FF8C6F" id="1151722" position="6" documentstartposition="72" documentendposition="79" title="Viewing Existing Studies" path="C:\Documents and Settings\hadfielj\My Documents\ePublisher Pro Projects\caIntegrator2\Output\WebWorks Help 5.0\caIntegrator2\Getting_Started.3.6.html" stylename="" />
  <Split groupID="8A8D9FCC116430EA" documentID="A02917214FF8C6F" id="1152306" position="7" documentstartposition="80" documentendposition="85" title="Data Dictionary" path="C:\Documents and Settings\hadfielj\My Documents\ePublisher Pro Projects\caIntegrator2\Output\WebWorks Help 5.0\caIntegrator2\Getting_Started.3.7.html" stylename="" />
  <Split groupID="8A8D9FCC116430EA" documentID="A02917214FF8C6F" id="1159007" position="8" documentstartposition="86" documentendposition="87" title="Study Log" path="C:\Documents and Settings\hadfielj\My Documents\ePublisher Pro Projects\caIntegrator2\Output\WebWorks Help 5.0\caIntegrator2\Getting_Started.3.8.html" stylename="" />
  <Split groupID="8A8D9FCC116430EA" documentID="A02917214FF8C6F" id="1136527" position="9" documentstartposition="88" documentendposition="93" title="Using Online Help" path="C:\Documents and Settings\hadfielj\My Documents\ePublisher Pro Projects\caIntegrator2\Output\WebWorks Help 5.0\caIntegrator2\Getting_Started.3.9.html" stylename="">
    <Frame groupID="8A8D9FCC116430EA" documentID="A02917214FF8C6F" id="1141035" stylename="Default" position="1" title="screen shot of help icon that identifies your current topic in the table of contents" path="C:\Documents and Settings\hadfielj\My Documents\ePublisher Pro Projects\caIntegrator2\Output\WebWorks Help 5.0\caIntegrator2\images\Getting_Started.3.9.1.jpg">
      <Thumbnail path="C:\Documents and Settings\hadfielj\My Documents\ePublisher Pro Projects\caIntegrator2\Output\WebWorks Help 5.0\caIntegrator2\images\Getting_Started.3.9.1_thumb.jpg" />
      <Wrapper groupID="8A8D9FCC116430EA" documentID="A02917214FF8C6F" stylename="" path="C:\Documents and Settings\hadfielj\My Documents\ePublisher Pro Projects\caIntegrator2\Output\WebWorks Help 5.0\caIntegrator2\images\Getting_Started.3.9.1.html" />
      <Description path="C:\Documents and Settings\hadfielj\My Documents\ePublisher Pro Projects\caIntegrator2\Output\WebWorks Help 5.0\caIntegrator2\images\Getting_Started.3.9.1.txt" />
    </Frame>
    <Frame groupID="8A8D9FCC116430EA" documentID="A02917214FF8C6F" id="1136555" stylename="Default" position="2" title="Contents button which allows you to select a topic form the online help table of contents" path="C:\Documents and Settings\hadfielj\My Documents\ePublisher Pro Projects\caIntegrator2\Output\WebWorks Help 5.0\caIntegrator2\images\Getting_Started.3.9.2.jpg">
      <Thumbnail path="C:\Documents and Settings\hadfielj\My Documents\ePublisher Pro Projects\caIntegrator2\Output\WebWorks Help 5.0\caIntegrator2\images\Getting_Started.3.9.2_thumb.jpg" />
      <Wrapper groupID="8A8D9FCC116430EA" documentID="A02917214FF8C6F" stylename="" path="C:\Documents and Settings\hadfielj\My Documents\ePublisher Pro Projects\caIntegrator2\Output\WebWorks Help 5.0\caIntegrator2\images\Getting_Started.3.9.2.html" />
      <Description path="C:\Documents and Settings\hadfielj\My Documents\ePublisher Pro Projects\caIntegrator2\Output\WebWorks Help 5.0\caIntegrator2\images\Getting_Started.3.9.2.txt" />
    </Frame>
    <Frame groupID="8A8D9FCC116430EA" documentID="A02917214FF8C6F" id="1136562" stylename="Default" position="3" title="Index button which you click to select a topic from the online help index." path="C:\Documents and Settings\hadfielj\My Documents\ePublisher Pro Projects\caIntegrator2\Output\WebWorks Help 5.0\caIntegrator2\images\Getting_Started.3.9.3.jpg">
      <Thumbnail path="C:\Documents and Settings\hadfielj\My Documents\ePublisher Pro Projects\caIntegrator2\Output\WebWorks Help 5.0\caIntegrator2\images\Getting_Started.3.9.3_thumb.jpg" />
      <Wrapper groupID="8A8D9FCC116430EA" documentID="A02917214FF8C6F" stylename="" path="C:\Documents and Settings\hadfielj\My Documents\ePublisher Pro Projects\caIntegrator2\Output\WebWorks Help 5.0\caIntegrator2\images\Getting_Started.3.9.3.html" />
      <Description path="C:\Documents and Settings\hadfielj\My Documents\ePublisher Pro Projects\caIntegrator2\Output\WebWorks Help 5.0\caIntegrator2\images\Getting_Started.3.9.3.txt" />
    </Frame>
    <Frame groupID="8A8D9FCC116430EA" documentID="A02917214FF8C6F" id="1136569" stylename="Default" position="4" title="Search button you click to launch a query text search of online help." path="C:\Documents and Settings\hadfielj\My Documents\ePublisher Pro Projects\caIntegrator2\Output\WebWorks Help 5.0\caIntegrator2\images\Getting_Started.3.9.4.jpg">
      <Thumbnail path="C:\Documents and Settings\hadfielj\My Documents\ePublisher Pro Projects\caIntegrator2\Output\WebWorks Help 5.0\caIntegrator2\images\Getting_Started.3.9.4_thumb.jpg" />
      <Wrapper groupID="8A8D9FCC116430EA" documentID="A02917214FF8C6F" stylename="" path="C:\Documents and Settings\hadfielj\My Documents\ePublisher Pro Projects\caIntegrator2\Output\WebWorks Help 5.0\caIntegrator2\images\Getting_Started.3.9.4.html" />
      <Description path="C:\Documents and Settings\hadfielj\My Documents\ePublisher Pro Projects\caIntegrator2\Output\WebWorks Help 5.0\caIntegrator2\images\Getting_Started.3.9.4.txt" />
    </Frame>
    <Frame groupID="8A8D9FCC116430EA" documentID="A02917214FF8C6F" id="1136576" stylename="Default" position="5" title="Favorites button that allows you to create a list of frequently-accessed topics." path="C:\Documents and Settings\hadfielj\My Documents\ePublisher Pro Projects\caIntegrator2\Output\WebWorks Help 5.0\caIntegrator2\images\Getting_Started.3.9.5.jpg">
      <Thumbnail path="C:\Documents and Settings\hadfielj\My Documents\ePublisher Pro Projects\caIntegrator2\Output\WebWorks Help 5.0\caIntegrator2\images\Getting_Started.3.9.5_thumb.jpg" />
      <Wrapper groupID="8A8D9FCC116430EA" documentID="A02917214FF8C6F" stylename="" path="C:\Documents and Settings\hadfielj\My Documents\ePublisher Pro Projects\caIntegrator2\Output\WebWorks Help 5.0\caIntegrator2\images\Getting_Started.3.9.5.html" />
      <Description path="C:\Documents and Settings\hadfielj\My Documents\ePublisher Pro Projects\caIntegrator2\Output\WebWorks Help 5.0\caIntegrator2\images\Getting_Started.3.9.5.txt" />
    </Frame>
    <Frame groupID="8A8D9FCC116430EA" documentID="A02917214FF8C6F" id="1136583" stylename="Default" position="6" title="Icon that you click to open closely related topics in online help." path="C:\Documents and Settings\hadfielj\My Documents\ePublisher Pro Projects\caIntegrator2\Output\WebWorks Help 5.0\caIntegrator2\images\Getting_Started.3.9.6.jpg">
      <Thumbnail path="C:\Documents and Settings\hadfielj\My Documents\ePublisher Pro Projects\caIntegrator2\Output\WebWorks Help 5.0\caIntegrator2\images\Getting_Started.3.9.6_thumb.jpg" />
      <Wrapper groupID="8A8D9FCC116430EA" documentID="A02917214FF8C6F" stylename="" path="C:\Documents and Settings\hadfielj\My Documents\ePublisher Pro Projects\caIntegrator2\Output\WebWorks Help 5.0\caIntegrator2\images\Getting_Started.3.9.6.html" />
      <Description path="C:\Documents and Settings\hadfielj\My Documents\ePublisher Pro Projects\caIntegrator2\Output\WebWorks Help 5.0\caIntegrator2\images\Getting_Started.3.9.6.txt" />
    </Frame>
    <Frame groupID="8A8D9FCC116430EA" documentID="A02917214FF8C6F" id="1136587" stylename="Default" position="7" title="Related Topics button that you click to open closely related topics in online help." path="C:\Documents and Settings\hadfielj\My Documents\ePublisher Pro Projects\caIntegrator2\Output\WebWorks Help 5.0\caIntegrator2\images\Getting_Started.3.9.7.jpg">
      <Thumbnail path="C:\Documents and Settings\hadfielj\My Documents\ePublisher Pro Projects\caIntegrator2\Output\WebWorks Help 5.0\caIntegrator2\images\Getting_Started.3.9.7_thumb.jpg" />
      <Wrapper groupID="8A8D9FCC116430EA" documentID="A02917214FF8C6F" stylename="" path="C:\Documents and Settings\hadfielj\My Documents\ePublisher Pro Projects\caIntegrator2\Output\WebWorks Help 5.0\caIntegrator2\images\Getting_Started.3.9.7.html" />
      <Description path="C:\Documents and Settings\hadfielj\My Documents\ePublisher Pro Projects\caIntegrator2\Output\WebWorks Help 5.0\caIntegrator2\images\Getting_Started.3.9.7.txt" />
    </Frame>
    <Frame groupID="8A8D9FCC116430EA" documentID="A02917214FF8C6F" id="1136594" stylename="Default" position="8" title="Print icon that you click to print the open online help topic." path="C:\Documents and Settings\hadfielj\My Documents\ePublisher Pro Projects\caIntegrator2\Output\WebWorks Help 5.0\caIntegrator2\images\Getting_Started.3.9.8.jpg">
      <Thumbnail path="C:\Documents and Settings\hadfielj\My Documents\ePublisher Pro Projects\caIntegrator2\Output\WebWorks Help 5.0\caIntegrator2\images\Getting_Started.3.9.8_thumb.jpg" />
      <Wrapper groupID="8A8D9FCC116430EA" documentID="A02917214FF8C6F" stylename="" path="C:\Documents and Settings\hadfielj\My Documents\ePublisher Pro Projects\caIntegrator2\Output\WebWorks Help 5.0\caIntegrator2\images\Getting_Started.3.9.8.html" />
      <Description path="C:\Documents and Settings\hadfielj\My Documents\ePublisher Pro Projects\caIntegrator2\Output\WebWorks Help 5.0\caIntegrator2\images\Getting_Started.3.9.8.txt" />
    </Frame>
    <Frame groupID="8A8D9FCC116430EA" documentID="A02917214FF8C6F" id="1136605" stylename="Default" position="9" title="A Back/Forward button that you click to navigate through previously viewed topics." path="C:\Documents and Settings\hadfielj\My Documents\ePublisher Pro Projects\caIntegrator2\Output\WebWorks Help 5.0\caIntegrator2\images\Getting_Started.3.9.9.jpg">
      <Thumbnail path="C:\Documents and Settings\hadfielj\My Documents\ePublisher Pro Projects\caIntegrator2\Output\WebWorks Help 5.0\caIntegrator2\images\Getting_Started.3.9.9_thumb.jpg" />
      <Wrapper groupID="8A8D9FCC116430EA" documentID="A02917214FF8C6F" stylename="" path="C:\Documents and Settings\hadfielj\My Documents\ePublisher Pro Projects\caIntegrator2\Output\WebWorks Help 5.0\caIntegrator2\images\Getting_Started.3.9.9.html" />
      <Description path="C:\Documents and Settings\hadfielj\My Documents\ePublisher Pro Projects\caIntegrator2\Output\WebWorks Help 5.0\caIntegrator2\images\Getting_Started.3.9.9.txt" />
    </Frame>
  </Split>
  <Split groupID="8A8D9FCC116430EA" documentID="A02917214FF8C6F" id="1128246" position="10" documentstartposition="94" documentendposition="99" title="Logging Out" path="C:\Documents and Settings\hadfielj\My Documents\ePublisher Pro Projects\caIntegrator2\Output\WebWorks Help 5.0\caIntegrator2\Getting_Started.3.10.html" stylename="" />
  <Split groupID="8A8D9FCC116430EA" documentID="A02917214FF8C6F" id="1136640" position="11" documentstartposition="100" documentendposition="104" title="Application Support" path="C:\Documents and Settings\hadfielj\My Documents\ePublisher Pro Projects\caIntegrator2\Output\WebWorks Help 5.0\caIntegrator2\Getting_Started.3.11.html" stylename="" />
  <Split groupID="8A8D9FCC116430EA" documentID="231C4AFF645C246B" id="1070912" position="1" documentstartposition="3" documentendposition="8" title="Creating a New Study" path="C:\Documents and Settings\hadfielj\My Documents\ePublisher Pro Projects\caIntegrator2\Output\WebWorks Help 5.0\caIntegrator2\CreatingNewStudy.4.1.html" stylename="" />
  <Split groupID="8A8D9FCC116430EA" documentID="231C4AFF645C246B" id="1073286" position="2" documentstartposition="9" documentendposition="17" title="Creating a Study – Overview" path="C:\Documents and Settings\hadfielj\My Documents\ePublisher Pro Projects\caIntegrator2\Output\WebWorks Help 5.0\caIntegrator2\CreatingNewStudy.4.2.html" stylename="" />
  <Split groupID="8A8D9FCC116430EA" documentID="231C4AFF645C246B" id="1073216" position="3" documentstartposition="18" documentendposition="26" title="Configuring and Deploying a Study" path="C:\Documents and Settings\hadfielj\My Documents\ePublisher Pro Projects\caIntegrator2\Output\WebWorks Help 5.0\caIntegrator2\CreatingNewStudy.4.3.html" stylename="" />
  <Split groupID="8A8D9FCC116430EA" documentID="231C4AFF645C246B" id="1073921" position="4" documentstartposition="27" documentendposition="45" title="Creating/Editing a Study" path="C:\Documents and Settings\hadfielj\My Documents\ePublisher Pro Projects\caIntegrator2\Output\WebWorks Help 5.0\caIntegrator2\CreatingNewStudy.4.4.html" stylename="" />
  <Split groupID="8A8D9FCC116430EA" documentID="231C4AFF645C246B" id="1134337" position="5" documentstartposition="46" documentendposition="52" title="Viewing/Editing a Log" path="C:\Documents and Settings\hadfielj\My Documents\ePublisher Pro Projects\caIntegrator2\Output\WebWorks Help 5.0\caIntegrator2\CreatingNewStudy.4.5.html" stylename="" />
  <Split groupID="8A8D9FCC116430EA" documentID="231C4AFF645C246B" id="1127623" position="6" documentstartposition="53" documentendposition="69" title="Working with Annotations – An Overview" path="C:\Documents and Settings\hadfielj\My Documents\ePublisher Pro Projects\caIntegrator2\Output\WebWorks Help 5.0\caIntegrator2\CreatingNewStudy.4.6.html" stylename="" />
  <Split groupID="8A8D9FCC116430EA" documentID="231C4AFF645C246B" id="1131246" position="7" documentstartposition="70" documentendposition="84" title="Adding An Annotation Group" path="C:\Documents and Settings\hadfielj\My Documents\ePublisher Pro Projects\caIntegrator2\Output\WebWorks Help 5.0\caIntegrator2\CreatingNewStudy.4.7.html" stylename="" />
  <Split groupID="8A8D9FCC116430EA" documentID="231C4AFF645C246B" id="1127752" position="8" documentstartposition="85" documentendposition="93" title="Editing an Annotation Group" path="C:\Documents and Settings\hadfielj\My Documents\ePublisher Pro Projects\caIntegrator2\Output\WebWorks Help 5.0\caIntegrator2\CreatingNewStudy.4.8.html" stylename="" />
  <Split groupID="8A8D9FCC116430EA" documentID="231C4AFF645C246B" id="1150058" position="9" documentstartposition="94" documentendposition="102" title="Adding Subject Annotation Data" path="C:\Documents and Settings\hadfielj\My Documents\ePublisher Pro Projects\caIntegrator2\Output\WebWorks Help 5.0\caIntegrator2\CreatingNewStudy.4.9.html" stylename="" />
  <Split groupID="8A8D9FCC116430EA" documentID="231C4AFF645C246B" id="1134706" position="10" documentstartposition="103" documentendposition="125" title=" Define Fields Page for Editing Annotations" path="C:\Documents and Settings\hadfielj\My Documents\ePublisher Pro Projects\caIntegrator2\Output\WebWorks Help 5.0\caIntegrator2\CreatingNewStudy.4.10.html" stylename="" />
  <Split groupID="8A8D9FCC116430EA" documentID="231C4AFF645C246B" id="1125074" position="11" documentstartposition="126" documentendposition="149" title="Assigning An Identifier or Annotation" path="C:\Documents and Settings\hadfielj\My Documents\ePublisher Pro Projects\caIntegrator2\Output\WebWorks Help 5.0\caIntegrator2\CreatingNewStudy.4.11.html" stylename="" />
  <Split groupID="8A8D9FCC116430EA" documentID="231C4AFF645C246B" id="1082197" position="12" documentstartposition="150" documentendposition="186" title="Searching for Annotation Definitions" path="C:\Documents and Settings\hadfielj\My Documents\ePublisher Pro Projects\caIntegrator2\Output\WebWorks Help 5.0\caIntegrator2\CreatingNewStudy.4.12.html" stylename="" />
  <Split groupID="8A8D9FCC116430EA" documentID="231C4AFF645C246B" id="1077698" position="13" documentstartposition="187" documentendposition="211" title="Defining Survival Values" path="C:\Documents and Settings\hadfielj\My Documents\ePublisher Pro Projects\caIntegrator2\Output\WebWorks Help 5.0\caIntegrator2\CreatingNewStudy.4.13.html" stylename="" />
  <Split groupID="8A8D9FCC116430EA" documentID="231C4AFF645C246B" id="1076975" position="14" documentstartposition="212" documentendposition="242" title="Adding/Editing Genomic Data" path="C:\Documents and Settings\hadfielj\My Documents\ePublisher Pro Projects\caIntegrator2\Output\WebWorks Help 5.0\caIntegrator2\CreatingNewStudy.4.14.html" stylename="" />
  <Split groupID="8A8D9FCC116430EA" documentID="231C4AFF645C246B" id="1081247" position="15" documentstartposition="243" documentendposition="248" title="Mapping Genomic Data to Subject Annotation Data" path="C:\Documents and Settings\hadfielj\My Documents\ePublisher Pro Projects\caIntegrator2\Output\WebWorks Help 5.0\caIntegrator2\CreatingNewStudy.4.15.html" stylename="" />
  <Split groupID="8A8D9FCC116430EA" documentID="231C4AFF645C246B" id="1167373" position="16" documentstartposition="249" documentendposition="270" title="Creating a Mapping File" path="C:\Documents and Settings\hadfielj\My Documents\ePublisher Pro Projects\caIntegrator2\Output\WebWorks Help 5.0\caIntegrator2\CreatingNewStudy.4.16.html" stylename="">
    <Frame groupID="8A8D9FCC116430EA" documentID="231C4AFF645C246B" id="1167640" stylename="Default" position="1" title="Screen shot of an example mapping file with multiple samples. The file is described in the text." byref="true" source="C:\Documents and Settings\hadfielj\My Documents\CBIIT Projects\caIntegrator2\caI 1.3\caI2 images\multiple sample mapping.gif" path="C:\Documents and Settings\hadfielj\My Documents\ePublisher Pro Projects\caIntegrator2\Output\WebWorks Help 5.0\caIntegrator2\images\multiple sample mapping.gif">
      <Thumbnail path="C:\Documents and Settings\hadfielj\My Documents\ePublisher Pro Projects\caIntegrator2\Output\WebWorks Help 5.0\caIntegrator2\images\multiple sample mapping_thumb.gif" />
      <Wrapper groupID="8A8D9FCC116430EA" documentID="231C4AFF645C246B" stylename="" path="C:\Documents and Settings\hadfielj\My Documents\ePublisher Pro Projects\caIntegrator2\Output\WebWorks Help 5.0\caIntegrator2\images\multiple sample mapping.html" />
      <Description path="C:\Documents and Settings\hadfielj\My Documents\ePublisher Pro Projects\caIntegrator2\Output\WebWorks Help 5.0\caIntegrator2\images\multiple sample mapping.txt" />
    </Frame>
  </Split>
  <Split groupID="8A8D9FCC116430EA" documentID="231C4AFF645C246B" id="1167595" position="17" documentstartposition="271" documentendposition="289" title="Steps for Mapping Genomic Data" path="C:\Documents and Settings\hadfielj\My Documents\ePublisher Pro Projects\caIntegrator2\Output\WebWorks Help 5.0\caIntegrator2\CreatingNewStudy.4.17.html" stylename="" />
  <Split groupID="8A8D9FCC116430EA" documentID="231C4AFF645C246B" id="1080249" position="18" documentstartposition="290" documentendposition="301" title="Uploading Control Samples " path="C:\Documents and Settings\hadfielj\My Documents\ePublisher Pro Projects\caIntegrator2\Output\WebWorks Help 5.0\caIntegrator2\CreatingNewStudy.4.18.html" stylename="" />
  <Split groupID="8A8D9FCC116430EA" documentID="231C4AFF645C246B" id="1089873" position="19" documentstartposition="302" documentendposition="317" title="Configuring Copy Number Data" path="C:\Documents and Settings\hadfielj\My Documents\ePublisher Pro Projects\caIntegrator2\Output\WebWorks Help 5.0\caIntegrator2\CreatingNewStudy.4.19.html" stylename="" />
  <Split groupID="8A8D9FCC116430EA" documentID="231C4AFF645C246B" id="1168239" position="20" documentstartposition="318" documentendposition="326" title="Remapping Copy Number Data in a Deployed Study" path="C:\Documents and Settings\hadfielj\My Documents\ePublisher Pro Projects\caIntegrator2\Output\WebWorks Help 5.0\caIntegrator2\CreatingNewStudy.4.20.html" stylename="" />
  <Split groupID="8A8D9FCC116430EA" documentID="231C4AFF645C246B" id="1174050" position="21" documentstartposition="327" documentendposition="331" title="Working with Imaging Data" path="C:\Documents and Settings\hadfielj\My Documents\ePublisher Pro Projects\caIntegrator2\Output\WebWorks Help 5.0\caIntegrator2\CreatingNewStudy.4.21.html" stylename="" />
  <Split groupID="8A8D9FCC116430EA" documentID="231C4AFF645C246B" id="1150641" position="22" documentstartposition="332" documentendposition="351" title="Adding or Editing Imaging Data Files from NBIA " path="C:\Documents and Settings\hadfielj\My Documents\ePublisher Pro Projects\caIntegrator2\Output\WebWorks Help 5.0\caIntegrator2\CreatingNewStudy.4.22.html" stylename="" />
  <Split groupID="8A8D9FCC116430EA" documentID="231C4AFF645C246B" id="1150681" position="23" documentstartposition="352" documentendposition="372" title="Adding or Editing Image Annotations" path="C:\Documents and Settings\hadfielj\My Documents\ePublisher Pro Projects\caIntegrator2\Output\WebWorks Help 5.0\caIntegrator2\CreatingNewStudy.4.23.html" stylename="" />
  <Split groupID="8A8D9FCC116430EA" documentID="231C4AFF645C246B" id="1149456" position="24" documentstartposition="373" documentendposition="385" title="Adding External Links" path="C:\Documents and Settings\hadfielj\My Documents\ePublisher Pro Projects\caIntegrator2\Output\WebWorks Help 5.0\caIntegrator2\CreatingNewStudy.4.24.html" stylename="" />
  <Split groupID="8A8D9FCC116430EA" documentID="231C4AFF645C246B" id="1126457" position="25" documentstartposition="386" documentendposition="388" title="Deploying the Study" path="C:\Documents and Settings\hadfielj\My Documents\ePublisher Pro Projects\caIntegrator2\Output\WebWorks Help 5.0\caIntegrator2\CreatingNewStudy.4.25.html" stylename="" />
  <Split groupID="8A8D9FCC116430EA" documentID="231C4AFF645C246B" id="1076280" position="26" documentstartposition="389" documentendposition="405" title="Managing a Study" path="C:\Documents and Settings\hadfielj\My Documents\ePublisher Pro Projects\caIntegrator2\Output\WebWorks Help 5.0\caIntegrator2\CreatingNewStudy.4.26.html" stylename="" />
  <Split groupID="8A8D9FCC116430EA" documentID="231C4AFF645C246B" id="1078043" position="27" documentstartposition="406" documentendposition="422" title="Managing Platforms" path="C:\Documents and Settings\hadfielj\My Documents\ePublisher Pro Projects\caIntegrator2\Output\WebWorks Help 5.0\caIntegrator2\CreatingNewStudy.4.27.html" stylename="" />
  <Split groupID="8A8D9FCC116430EA" documentID="B9F181EF6E971012" id="1070912" position="1" documentstartposition="3" documentendposition="8" title="Searching a caIntegrator Study" path="C:\Documents and Settings\hadfielj\My Documents\ePublisher Pro Projects\caIntegrator2\Output\WebWorks Help 5.0\caIntegrator2\SearchingWithinAStudy.5.1.html" stylename="" />
  <Split groupID="8A8D9FCC116430EA" documentID="B9F181EF6E971012" id="1074226" position="2" documentstartposition="9" documentendposition="26" title="Search Overview" path="C:\Documents and Settings\hadfielj\My Documents\ePublisher Pro Projects\caIntegrator2\Output\WebWorks Help 5.0\caIntegrator2\SearchingWithinAStudy.5.2.html" stylename="" />
  <Split groupID="8A8D9FCC116430EA" documentID="B9F181EF6E971012" id="1074305" position="3" documentstartposition="27" documentendposition="53" title="Searching a Study" path="C:\Documents and Settings\hadfielj\My Documents\ePublisher Pro Projects\caIntegrator2\Output\WebWorks Help 5.0\caIntegrator2\SearchingWithinAStudy.5.3.html" stylename="" />
  <Split groupID="8A8D9FCC116430EA" documentID="B9F181EF6E971012" id="1094071" position="4" documentstartposition="54" documentendposition="67" title="Annotation and Image Data Searches" path="C:\Documents and Settings\hadfielj\My Documents\ePublisher Pro Projects\caIntegrator2\Output\WebWorks Help 5.0\caIntegrator2\SearchingWithinAStudy.5.4.html" stylename="" />
  <Split groupID="8A8D9FCC116430EA" documentID="B9F181EF6E971012" id="1083219" position="5" documentstartposition="68" documentendposition="95" title="Gene Expression Data Searches" path="C:\Documents and Settings\hadfielj\My Documents\ePublisher Pro Projects\caIntegrator2\Output\WebWorks Help 5.0\caIntegrator2\SearchingWithinAStudy.5.5.html" stylename="" />
  <Split groupID="8A8D9FCC116430EA" documentID="B9F181EF6E971012" id="1093877" position="6" documentstartposition="96" documentendposition="116" title="Copy Number Searches" path="C:\Documents and Settings\hadfielj\My Documents\ePublisher Pro Projects\caIntegrator2\Output\WebWorks Help 5.0\caIntegrator2\SearchingWithinAStudy.5.6.html" stylename="" />
  <Split groupID="8A8D9FCC116430EA" documentID="B9F181EF6E971012" id="1094688" position="7" documentstartposition="117" documentendposition="140" title="Choosing Genes" path="C:\Documents and Settings\hadfielj\My Documents\ePublisher Pro Projects\caIntegrator2\Output\WebWorks Help 5.0\caIntegrator2\SearchingWithinAStudy.5.7.html" stylename="">
    <Frame groupID="8A8D9FCC116430EA" documentID="B9F181EF6E971012" id="1094294" stylename="Default" position="1" title="caBIO icon" path="C:\Documents and Settings\hadfielj\My Documents\ePublisher Pro Projects\caIntegrator2\Output\WebWorks Help 5.0\caIntegrator2\images\SearchingWithinAStudy.5.7.1.jpg">
      <Thumbnail path="C:\Documents and Settings\hadfielj\My Documents\ePublisher Pro Projects\caIntegrator2\Output\WebWorks Help 5.0\caIntegrator2\images\SearchingWithinAStudy.5.7.1_thumb.jpg" />
      <Wrapper groupID="8A8D9FCC116430EA" documentID="B9F181EF6E971012" stylename="" path="C:\Documents and Settings\hadfielj\My Documents\ePublisher Pro Projects\caIntegrator2\Output\WebWorks Help 5.0\caIntegrator2\images\SearchingWithinAStudy.5.7.1.html" />
      <Description path="C:\Documents and Settings\hadfielj\My Documents\ePublisher Pro Projects\caIntegrator2\Output\WebWorks Help 5.0\caIntegrator2\images\SearchingWithinAStudy.5.7.1.txt" />
    </Frame>
    <Frame groupID="8A8D9FCC116430EA" documentID="B9F181EF6E971012" id="1094325" stylename="Default" position="2" title="gene list icon" path="C:\Documents and Settings\hadfielj\My Documents\ePublisher Pro Projects\caIntegrator2\Output\WebWorks Help 5.0\caIntegrator2\images\SearchingWithinAStudy.5.7.2.jpg">
      <Thumbnail path="C:\Documents and Settings\hadfielj\My Documents\ePublisher Pro Projects\caIntegrator2\Output\WebWorks Help 5.0\caIntegrator2\images\SearchingWithinAStudy.5.7.2_thumb.jpg" />
      <Wrapper groupID="8A8D9FCC116430EA" documentID="B9F181EF6E971012" stylename="" path="C:\Documents and Settings\hadfielj\My Documents\ePublisher Pro Projects\caIntegrator2\Output\WebWorks Help 5.0\caIntegrator2\images\SearchingWithinAStudy.5.7.2.html" />
      <Description path="C:\Documents and Settings\hadfielj\My Documents\ePublisher Pro Projects\caIntegrator2\Output\WebWorks Help 5.0\caIntegrator2\images\SearchingWithinAStudy.5.7.2.txt" />
    </Frame>
  </Split>
  <Split groupID="8A8D9FCC116430EA" documentID="B9F181EF6E971012" id="1094276" position="8" documentstartposition="141" documentendposition="143" title="Query Results" path="C:\Documents and Settings\hadfielj\My Documents\ePublisher Pro Projects\caIntegrator2\Output\WebWorks Help 5.0\caIntegrator2\SearchingWithinAStudy.5.8.html" stylename="" />
  <Split groupID="8A8D9FCC116430EA" documentID="B9F181EF6E971012" id="1089375" position="9" documentstartposition="144" documentendposition="165" title="Results Type Tab" path="C:\Documents and Settings\hadfielj\My Documents\ePublisher Pro Projects\caIntegrator2\Output\WebWorks Help 5.0\caIntegrator2\SearchingWithinAStudy.5.9.html" stylename="" />
  <Split groupID="8A8D9FCC116430EA" documentID="B9F181EF6E971012" id="1089355" position="10" documentstartposition="166" documentendposition="179" title="Sorting Tab" path="C:\Documents and Settings\hadfielj\My Documents\ePublisher Pro Projects\caIntegrator2\Output\WebWorks Help 5.0\caIntegrator2\SearchingWithinAStudy.5.10.html" stylename="" />
  <Split groupID="8A8D9FCC116430EA" documentID="B9F181EF6E971012" id="1077751" position="11" documentstartposition="180" documentendposition="185" title="Managing Queries" path="C:\Documents and Settings\hadfielj\My Documents\ePublisher Pro Projects\caIntegrator2\Output\WebWorks Help 5.0\caIntegrator2\SearchingWithinAStudy.5.11.html" stylename="" />
  <Split groupID="8A8D9FCC116430EA" documentID="B9F181EF6E971012" id="1075754" position="12" documentstartposition="186" documentendposition="194" title="Saving a Query " path="C:\Documents and Settings\hadfielj\My Documents\ePublisher Pro Projects\caIntegrator2\Output\WebWorks Help 5.0\caIntegrator2\SearchingWithinAStudy.5.12.html" stylename="" />
  <Split groupID="8A8D9FCC116430EA" documentID="B9F181EF6E971012" id="1075748" position="13" documentstartposition="195" documentendposition="204" title="Editing a Query" path="C:\Documents and Settings\hadfielj\My Documents\ePublisher Pro Projects\caIntegrator2\Output\WebWorks Help 5.0\caIntegrator2\SearchingWithinAStudy.5.13.html" stylename="">
    <Frame groupID="8A8D9FCC116430EA" documentID="B9F181EF6E971012" id="1081420" stylename="Default" position="1" title="Edit icon" path="C:\Documents and Settings\hadfielj\My Documents\ePublisher Pro Projects\caIntegrator2\Output\WebWorks Help 5.0\caIntegrator2\images\SearchingWithinAStudy.5.13.1.jpg">
      <Thumbnail path="C:\Documents and Settings\hadfielj\My Documents\ePublisher Pro Projects\caIntegrator2\Output\WebWorks Help 5.0\caIntegrator2\images\SearchingWithinAStudy.5.13.1_thumb.jpg" />
      <Wrapper groupID="8A8D9FCC116430EA" documentID="B9F181EF6E971012" stylename="" path="C:\Documents and Settings\hadfielj\My Documents\ePublisher Pro Projects\caIntegrator2\Output\WebWorks Help 5.0\caIntegrator2\images\SearchingWithinAStudy.5.13.1.html" />
      <Description path="C:\Documents and Settings\hadfielj\My Documents\ePublisher Pro Projects\caIntegrator2\Output\WebWorks Help 5.0\caIntegrator2\images\SearchingWithinAStudy.5.13.1.txt" />
    </Frame>
  </Split>
  <Split groupID="8A8D9FCC116430EA" documentID="B9F181EF6E971012" id="1073510" position="14" documentstartposition="205" documentendposition="207" title="Exporting Query Results" path="C:\Documents and Settings\hadfielj\My Documents\ePublisher Pro Projects\caIntegrator2\Output\WebWorks Help 5.0\caIntegrator2\SearchingWithinAStudy.5.14.html" stylename="" />
  <Split groupID="8A8D9FCC116430EA" documentID="F7F987060E67C73" id="1052621" position="1" documentstartposition="3" documentendposition="7" title="Viewing Query Results" path="C:\Documents and Settings\hadfielj\My Documents\ePublisher Pro Projects\caIntegrator2\Output\WebWorks Help 5.0\caIntegrator2\View Search Results.6.1.html" stylename="" />
  <Split groupID="8A8D9FCC116430EA" documentID="F7F987060E67C73" id="1167812" position="2" documentstartposition="8" documentendposition="15" title="Query Results Overview" path="C:\Documents and Settings\hadfielj\My Documents\ePublisher Pro Projects\caIntegrator2\Output\WebWorks Help 5.0\caIntegrator2\View Search Results.6.2.html" stylename="" />
  <Split groupID="8A8D9FCC116430EA" documentID="F7F987060E67C73" id="1159038" position="3" documentstartposition="16" documentendposition="20" title="Browsing Query Results" path="C:\Documents and Settings\hadfielj\My Documents\ePublisher Pro Projects\caIntegrator2\Output\WebWorks Help 5.0\caIntegrator2\View Search Results.6.3.html" stylename="" />
  <Split groupID="8A8D9FCC116430EA" documentID="F7F987060E67C73" id="1163763" position="4" documentstartposition="21" documentendposition="26" title="Subject Annotation and Imaging Data" path="C:\Documents and Settings\hadfielj\My Documents\ePublisher Pro Projects\caIntegrator2\Output\WebWorks Help 5.0\caIntegrator2\View Search Results.6.4.html" stylename="" />
  <Split groupID="8A8D9FCC116430EA" documentID="F7F987060E67C73" id="1197027" position="5" documentstartposition="27" documentendposition="42" title="Gene Expression Data" path="C:\Documents and Settings\hadfielj\My Documents\ePublisher Pro Projects\caIntegrator2\Output\WebWorks Help 5.0\caIntegrator2\View Search Results.6.5.html" stylename="">
    <Frame groupID="8A8D9FCC116430EA" documentID="F7F987060E67C73" id="1187887" stylename="Default" position="1" title="icon for opening CGAP" path="C:\Documents and Settings\hadfielj\My Documents\ePublisher Pro Projects\caIntegrator2\Output\WebWorks Help 5.0\caIntegrator2\images\View Search Results.6.5.1.jpg">
      <Thumbnail path="C:\Documents and Settings\hadfielj\My Documents\ePublisher Pro Projects\caIntegrator2\Output\WebWorks Help 5.0\caIntegrator2\images\View Search Results.6.5.1_thumb.jpg" />
      <Wrapper groupID="8A8D9FCC116430EA" documentID="F7F987060E67C73" stylename="" path="C:\Documents and Settings\hadfielj\My Documents\ePublisher Pro Projects\caIntegrator2\Output\WebWorks Help 5.0\caIntegrator2\images\View Search Results.6.5.1.html" />
      <Description path="C:\Documents and Settings\hadfielj\My Documents\ePublisher Pro Projects\caIntegrator2\Output\WebWorks Help 5.0\caIntegrator2\images\View Search Results.6.5.1.txt" />
    </Frame>
  </Split>
  <Split groupID="8A8D9FCC116430EA" documentID="F7F987060E67C73" id="1193020" position="6" documentstartposition="43" documentendposition="50" title="Copy Number Data" path="C:\Documents and Settings\hadfielj\My Documents\ePublisher Pro Projects\caIntegrator2\Output\WebWorks Help 5.0\caIntegrator2\View Search Results.6.6.html" stylename="" />
  <Split groupID="8A8D9FCC116430EA" documentID="F7F987060E67C73" id="1206136" position="7" documentstartposition="51" documentendposition="69" title="Creating a Gene or Subject List" path="C:\Documents and Settings\hadfielj\My Documents\ePublisher Pro Projects\caIntegrator2\Output\WebWorks Help 5.0\caIntegrator2\View Search Results.6.7.html" stylename="" />
  <Split groupID="8A8D9FCC116430EA" documentID="F7F987060E67C73" id="1193029" position="8" documentstartposition="70" documentendposition="94" title="Choosing Genes" path="C:\Documents and Settings\hadfielj\My Documents\ePublisher Pro Projects\caIntegrator2\Output\WebWorks Help 5.0\caIntegrator2\View Search Results.6.8.html" stylename="">
    <Frame groupID="8A8D9FCC116430EA" documentID="F7F987060E67C73" id="1193034" stylename="Default" position="1" title="caBIO icon" path="C:\Documents and Settings\hadfielj\My Documents\ePublisher Pro Projects\caIntegrator2\Output\WebWorks Help 5.0\caIntegrator2\images\View Search Results.6.8.1.jpg">
      <Thumbnail path="C:\Documents and Settings\hadfielj\My Documents\ePublisher Pro Projects\caIntegrator2\Output\WebWorks Help 5.0\caIntegrator2\images\View Search Results.6.8.1_thumb.jpg" />
      <Wrapper groupID="8A8D9FCC116430EA" documentID="F7F987060E67C73" stylename="" path="C:\Documents and Settings\hadfielj\My Documents\ePublisher Pro Projects\caIntegrator2\Output\WebWorks Help 5.0\caIntegrator2\images\View Search Results.6.8.1.html" />
      <Description path="C:\Documents and Settings\hadfielj\My Documents\ePublisher Pro Projects\caIntegrator2\Output\WebWorks Help 5.0\caIntegrator2\images\View Search Results.6.8.1.txt" />
    </Frame>
    <Frame groupID="8A8D9FCC116430EA" documentID="F7F987060E67C73" id="1193065" stylename="Default" position="2" title="gene list icon" path="C:\Documents and Settings\hadfielj\My Documents\ePublisher Pro Projects\caIntegrator2\Output\WebWorks Help 5.0\caIntegrator2\images\View Search Results.6.8.2.jpg">
      <Thumbnail path="C:\Documents and Settings\hadfielj\My Documents\ePublisher Pro Projects\caIntegrator2\Output\WebWorks Help 5.0\caIntegrator2\images\View Search Results.6.8.2_thumb.jpg" />
      <Wrapper groupID="8A8D9FCC116430EA" documentID="F7F987060E67C73" stylename="" path="C:\Documents and Settings\hadfielj\My Documents\ePublisher Pro Projects\caIntegrator2\Output\WebWorks Help 5.0\caIntegrator2\images\View Search Results.6.8.2.html" />
      <Description path="C:\Documents and Settings\hadfielj\My Documents\ePublisher Pro Projects\caIntegrator2\Output\WebWorks Help 5.0\caIntegrator2\images\View Search Results.6.8.2.txt" />
    </Frame>
  </Split>
  <Split groupID="8A8D9FCC116430EA" documentID="F7F987060E67C73" id="1183103" position="9" documentstartposition="95" documentendposition="109" title="Editing a Gene or Subject List" path="C:\Documents and Settings\hadfielj\My Documents\ePublisher Pro Projects\caIntegrator2\Output\WebWorks Help 5.0\caIntegrator2\View Search Results.6.9.html" stylename="">
    <Frame groupID="8A8D9FCC116430EA" documentID="F7F987060E67C73" id="1187791" stylename="Default" position="1" title="gene list icon" path="C:\Documents and Settings\hadfielj\My Documents\ePublisher Pro Projects\caIntegrator2\Output\WebWorks Help 5.0\caIntegrator2\images\View Search Results.6.9.1.jpg">
      <Thumbnail path="C:\Documents and Settings\hadfielj\My Documents\ePublisher Pro Projects\caIntegrator2\Output\WebWorks Help 5.0\caIntegrator2\images\View Search Results.6.9.1_thumb.jpg" />
      <Wrapper groupID="8A8D9FCC116430EA" documentID="F7F987060E67C73" stylename="" path="C:\Documents and Settings\hadfielj\My Documents\ePublisher Pro Projects\caIntegrator2\Output\WebWorks Help 5.0\caIntegrator2\images\View Search Results.6.9.1.html" />
      <Description path="C:\Documents and Settings\hadfielj\My Documents\ePublisher Pro Projects\caIntegrator2\Output\WebWorks Help 5.0\caIntegrator2\images\View Search Results.6.9.1.txt" />
    </Frame>
    <Frame groupID="8A8D9FCC116430EA" documentID="F7F987060E67C73" id="1187777" stylename="Default" position="2" title="gene icon that opens CGAP" path="C:\Documents and Settings\hadfielj\My Documents\ePublisher Pro Projects\caIntegrator2\Output\WebWorks Help 5.0\caIntegrator2\images\View Search Results.6.9.2.jpg">
      <Thumbnail path="C:\Documents and Settings\hadfielj\My Documents\ePublisher Pro Projects\caIntegrator2\Output\WebWorks Help 5.0\caIntegrator2\images\View Search Results.6.9.2_thumb.jpg" />
      <Wrapper groupID="8A8D9FCC116430EA" documentID="F7F987060E67C73" stylename="" path="C:\Documents and Settings\hadfielj\My Documents\ePublisher Pro Projects\caIntegrator2\Output\WebWorks Help 5.0\caIntegrator2\images\View Search Results.6.9.2.html" />
      <Description path="C:\Documents and Settings\hadfielj\My Documents\ePublisher Pro Projects\caIntegrator2\Output\WebWorks Help 5.0\caIntegrator2\images\View Search Results.6.9.2.txt" />
    </Frame>
    <Frame groupID="8A8D9FCC116430EA" documentID="F7F987060E67C73" id="1187799" stylename="Default" position="3" title="edit icon" path="C:\Documents and Settings\hadfielj\My Documents\ePublisher Pro Projects\caIntegrator2\Output\WebWorks Help 5.0\caIntegrator2\images\View Search Results.6.9.3.jpg">
      <Thumbnail path="C:\Documents and Settings\hadfielj\My Documents\ePublisher Pro Projects\caIntegrator2\Output\WebWorks Help 5.0\caIntegrator2\images\View Search Results.6.9.3_thumb.jpg" />
      <Wrapper groupID="8A8D9FCC116430EA" documentID="F7F987060E67C73" stylename="" path="C:\Documents and Settings\hadfielj\My Documents\ePublisher Pro Projects\caIntegrator2\Output\WebWorks Help 5.0\caIntegrator2\images\View Search Results.6.9.3.html" />
      <Description path="C:\Documents and Settings\hadfielj\My Documents\ePublisher Pro Projects\caIntegrator2\Output\WebWorks Help 5.0\caIntegrator2\images\View Search Results.6.9.3.txt" />
    </Frame>
  </Split>
  <Split groupID="8A8D9FCC116430EA" documentID="F7F987060E67C73" id="1209910" position="10" documentstartposition="110" documentendposition="118" title="Editing a GISTIC Analysis" path="C:\Documents and Settings\hadfielj\My Documents\ePublisher Pro Projects\caIntegrator2\Output\WebWorks Help 5.0\caIntegrator2\View Search Results.6.10.html" stylename="" />
  <Split groupID="8A8D9FCC116430EA" documentID="F7F987060E67C73" id="1182738" position="11" documentstartposition="119" documentendposition="131" title="Expanding Imaging Data Results" path="C:\Documents and Settings\hadfielj\My Documents\ePublisher Pro Projects\caIntegrator2\Output\WebWorks Help 5.0\caIntegrator2\View Search Results.6.11.html" stylename="" />
  <Split groupID="8A8D9FCC116430EA" documentID="F7F987060E67C73" id="1164464" position="12" documentstartposition="132" documentendposition="137" title=" caIntegrator and NBIA" path="C:\Documents and Settings\hadfielj\My Documents\ePublisher Pro Projects\caIntegrator2\Output\WebWorks Help 5.0\caIntegrator2\View Search Results.6.12.html" stylename="" />
  <Split groupID="8A8D9FCC116430EA" documentID="F7F987060E67C73" id="1170682" position="13" documentstartposition="138" documentendposition="145" title="Retrieving DICOM Images" path="C:\Documents and Settings\hadfielj\My Documents\ePublisher Pro Projects\caIntegrator2\Output\WebWorks Help 5.0\caIntegrator2\View Search Results.6.13.html" stylename="" />
  <Split groupID="8A8D9FCC116430EA" documentID="F7F987060E67C73" id="1171479" position="14" documentstartposition="146" documentendposition="161" title="Example of Retrieving Images:" path="C:\Documents and Settings\hadfielj\My Documents\ePublisher Pro Projects\caIntegrator2\Output\WebWorks Help 5.0\caIntegrator2\View Search Results.6.14.html" stylename="" />
  <Split groupID="8A8D9FCC116430EA" documentID="F7F987060E67C73" id="1168577" position="15" documentstartposition="162" documentendposition="180" title="Relationship of Patient to Study to Series to Images" path="C:\Documents and Settings\hadfielj\My Documents\ePublisher Pro Projects\caIntegrator2\Output\WebWorks Help 5.0\caIntegrator2\View Search Results.6.15.html" stylename="" />
  <Split groupID="8A8D9FCC116430EA" documentID="F7F987060E67C73" id="1162538" position="16" documentstartposition="181" documentendposition="184" title="Exporting Data" path="C:\Documents and Settings\hadfielj\My Documents\ePublisher Pro Projects\caIntegrator2\Output\WebWorks Help 5.0\caIntegrator2\View Search Results.6.16.html" stylename="" />
  <Split groupID="8A8D9FCC116430EA" documentID="6A139AEC99141937" id="1070912" position="1" documentstartposition="3" documentendposition="10" title="Analyzing Studies" path="C:\Documents and Settings\hadfielj\My Documents\ePublisher Pro Projects\caIntegrator2\Output\WebWorks Help 5.0\caIntegrator2\PerformingAnalysis.7.1.html" stylename="" />
  <Split groupID="8A8D9FCC116430EA" documentID="6A139AEC99141937" id="1120890" position="2" documentstartposition="11" documentendposition="18" title="Data Analysis Overview" path="C:\Documents and Settings\hadfielj\My Documents\ePublisher Pro Projects\caIntegrator2\Output\WebWorks Help 5.0\caIntegrator2\PerformingAnalysis.7.2.html" stylename="" />
  <Split groupID="8A8D9FCC116430EA" documentID="6A139AEC99141937" id="1084273" position="3" documentstartposition="19" documentendposition="27" title="Creating Kaplan-Meier Plots" path="C:\Documents and Settings\hadfielj\My Documents\ePublisher Pro Projects\caIntegrator2\Output\WebWorks Help 5.0\caIntegrator2\PerformingAnalysis.7.3.html" stylename="" />
  <Split groupID="8A8D9FCC116430EA" documentID="6A139AEC99141937" id="1073490" position="4" documentstartposition="28" documentendposition="47" title="K-M Plot for Annotations" path="C:\Documents and Settings\hadfielj\My Documents\ePublisher Pro Projects\caIntegrator2\Output\WebWorks Help 5.0\caIntegrator2\PerformingAnalysis.7.4.html" stylename="" />
  <Split groupID="8A8D9FCC116430EA" documentID="6A139AEC99141937" id="1080238" position="5" documentstartposition="48" documentendposition="63" title="K-M Plot for Gene Expression" path="C:\Documents and Settings\hadfielj\My Documents\ePublisher Pro Projects\caIntegrator2\Output\WebWorks Help 5.0\caIntegrator2\PerformingAnalysis.7.5.html" stylename="" />
  <Split groupID="8A8D9FCC116430EA" documentID="6A139AEC99141937" id="1152467" position="6" documentstartposition="64" documentendposition="72" title="KM Plot from Gene Expression Data Display " path="C:\Documents and Settings\hadfielj\My Documents\ePublisher Pro Projects\caIntegrator2\Output\WebWorks Help 5.0\caIntegrator2\PerformingAnalysis.7.6.html" stylename="" />
  <Split groupID="8A8D9FCC116430EA" documentID="6A139AEC99141937" id="1073776" position="7" documentstartposition="73" documentendposition="85" title="K-M Plot for Queries and Saved Lists" path="C:\Documents and Settings\hadfielj\My Documents\ePublisher Pro Projects\caIntegrator2\Output\WebWorks Help 5.0\caIntegrator2\PerformingAnalysis.7.7.html" stylename="" />
  <Split groupID="8A8D9FCC116430EA" documentID="6A139AEC99141937" id="1152561" position="8" documentstartposition="86" documentendposition="94" title="K-M Plot for Queries Display" path="C:\Documents and Settings\hadfielj\My Documents\ePublisher Pro Projects\caIntegrator2\Output\WebWorks Help 5.0\caIntegrator2\PerformingAnalysis.7.8.html" stylename="" />
  <Split groupID="8A8D9FCC116430EA" documentID="6A139AEC99141937" id="1082800" position="9" documentstartposition="95" documentendposition="101" title="Creating Gene Expression Plots" path="C:\Documents and Settings\hadfielj\My Documents\ePublisher Pro Projects\caIntegrator2\Output\WebWorks Help 5.0\caIntegrator2\PerformingAnalysis.7.9.html" stylename="" />
  <Split groupID="8A8D9FCC116430EA" documentID="6A139AEC99141937" id="1084201" position="10" documentstartposition="102" documentendposition="122" title="Gene Expression Value Plot for Annotation" path="C:\Documents and Settings\hadfielj\My Documents\ePublisher Pro Projects\caIntegrator2\Output\WebWorks Help 5.0\caIntegrator2\PerformingAnalysis.7.10.html" stylename="" />
  <Split groupID="8A8D9FCC116430EA" documentID="6A139AEC99141937" id="1152681" position="11" documentstartposition="123" documentendposition="132" title="Gene Expression Plot for Annotation Display" path="C:\Documents and Settings\hadfielj\My Documents\ePublisher Pro Projects\caIntegrator2\Output\WebWorks Help 5.0\caIntegrator2\PerformingAnalysis.7.11.html" stylename="" />
  <Split groupID="8A8D9FCC116430EA" documentID="6A139AEC99141937" id="1083368" position="12" documentstartposition="133" documentendposition="151" title="Gene Expression Value Plot for Genomic Queries" path="C:\Documents and Settings\hadfielj\My Documents\ePublisher Pro Projects\caIntegrator2\Output\WebWorks Help 5.0\caIntegrator2\PerformingAnalysis.7.12.html" stylename="" />
  <Split groupID="8A8D9FCC116430EA" documentID="6A139AEC99141937" id="1077378" position="13" documentstartposition="152" documentendposition="172" title="Gene Expression Value Plot for Annotation and Saved List Queries" path="C:\Documents and Settings\hadfielj\My Documents\ePublisher Pro Projects\caIntegrator2\Output\WebWorks Help 5.0\caIntegrator2\PerformingAnalysis.7.13.html" stylename="" />
  <Split groupID="8A8D9FCC116430EA" documentID="6A139AEC99141937" id="1152879" position="14" documentstartposition="173" documentendposition="182" title="Gene Expression Plot for Saved Queries Display" path="C:\Documents and Settings\hadfielj\My Documents\ePublisher Pro Projects\caIntegrator2\Output\WebWorks Help 5.0\caIntegrator2\PerformingAnalysis.7.14.html" stylename="" />
  <Split groupID="8A8D9FCC116430EA" documentID="6A139AEC99141937" id="1088652" position="15" documentstartposition="183" documentendposition="201" title="Understanding a Gene Expression Plot" path="C:\Documents and Settings\hadfielj\My Documents\ePublisher Pro Projects\caIntegrator2\Output\WebWorks Help 5.0\caIntegrator2\PerformingAnalysis.7.15.html" stylename="">
    <Frame groupID="8A8D9FCC116430EA" documentID="6A139AEC99141937" id="1088670" stylename="Default" position="1" title="screen shot of a gene expression plot calculating the mean of the data" byref="true" source="C:\Documents and Settings\hadfielj\My Documents\CBIIT Projects\caIntegrator2\caI 1.3\caI2 images\plot type mean.gif" path="C:\Documents and Settings\hadfielj\My Documents\ePublisher Pro Projects\caIntegrator2\Output\WebWorks Help 5.0\caIntegrator2\images\plot type mean.gif">
      <Thumbnail path="C:\Documents and Settings\hadfielj\My Documents\ePublisher Pro Projects\caIntegrator2\Output\WebWorks Help 5.0\caIntegrator2\images\plot type mean_thumb.gif" />
      <Wrapper groupID="8A8D9FCC116430EA" documentID="6A139AEC99141937" stylename="" path="C:\Documents and Settings\hadfielj\My Documents\ePublisher Pro Projects\caIntegrator2\Output\WebWorks Help 5.0\caIntegrator2\images\plot type mean.html" />
      <Description path="C:\Documents and Settings\hadfielj\My Documents\ePublisher Pro Projects\caIntegrator2\Output\WebWorks Help 5.0\caIntegrator2\images\plot type mean.txt" />
    </Frame>
    <Frame groupID="8A8D9FCC116430EA" documentID="6A139AEC99141937" id="1088793" stylename="Default" position="2" title="screen shot of a gene expression plot calculating the median of the data" byref="true" source="C:\Documents and Settings\hadfielj\My Documents\CBIIT Projects\caIntegrator2\caI 1.3\caI2 images\plot type median.gif" path="C:\Documents and Settings\hadfielj\My Documents\ePublisher Pro Projects\caIntegrator2\Output\WebWorks Help 5.0\caIntegrator2\images\plot type median.gif">
      <Thumbnail path="C:\Documents and Settings\hadfielj\My Documents\ePublisher Pro Projects\caIntegrator2\Output\WebWorks Help 5.0\caIntegrator2\images\plot type median_thumb.gif" />
      <Wrapper groupID="8A8D9FCC116430EA" documentID="6A139AEC99141937" stylename="" path="C:\Documents and Settings\hadfielj\My Documents\ePublisher Pro Projects\caIntegrator2\Output\WebWorks Help 5.0\caIntegrator2\images\plot type median.html" />
      <Description path="C:\Documents and Settings\hadfielj\My Documents\ePublisher Pro Projects\caIntegrator2\Output\WebWorks Help 5.0\caIntegrator2\images\plot type median.txt" />
    </Frame>
    <Frame groupID="8A8D9FCC116430EA" documentID="6A139AEC99141937" id="1088850" stylename="Default" position="3" title="screen shot of a gene expression plot calculating the log2 intensity values of the data" byref="true" source="C:\Documents and Settings\hadfielj\My Documents\CBIIT Projects\caIntegrator2\caI 1.3\caI2 images\plot type log2 intensity.gif" path="C:\Documents and Settings\hadfielj\My Documents\ePublisher Pro Projects\caIntegrator2\Output\WebWorks Help 5.0\caIntegrator2\images\plot type log2 intensity.gif">
      <Thumbnail path="C:\Documents and Settings\hadfielj\My Documents\ePublisher Pro Projects\caIntegrator2\Output\WebWorks Help 5.0\caIntegrator2\images\plot type log2 intensity_thumb.gif" />
      <Wrapper groupID="8A8D9FCC116430EA" documentID="6A139AEC99141937" stylename="" path="C:\Documents and Settings\hadfielj\My Documents\ePublisher Pro Projects\caIntegrator2\Output\WebWorks Help 5.0\caIntegrator2\images\plot type log2 intensity.html" />
      <Description path="C:\Documents and Settings\hadfielj\My Documents\ePublisher Pro Projects\caIntegrator2\Output\WebWorks Help 5.0\caIntegrator2\images\plot type log2 intensity.txt" />
    </Frame>
    <Frame groupID="8A8D9FCC116430EA" documentID="6A139AEC99141937" id="1089190" stylename="Default" position="4" title="screen shot of a gene expression plot using box and whisker data display parameters" byref="true" source="C:\Documents and Settings\hadfielj\My Documents\CBIIT Projects\caIntegrator2\caI 1.3\caI2 images\plot type box and whisker.gif" path="C:\Documents and Settings\hadfielj\My Documents\ePublisher Pro Projects\caIntegrator2\Output\WebWorks Help 5.0\caIntegrator2\images\plot type box and whisker.gif">
      <Thumbnail path="C:\Documents and Settings\hadfielj\My Documents\ePublisher Pro Projects\caIntegrator2\Output\WebWorks Help 5.0\caIntegrator2\images\plot type box and whisker_thumb.gif" />
      <Wrapper groupID="8A8D9FCC116430EA" documentID="6A139AEC99141937" stylename="" path="C:\Documents and Settings\hadfielj\My Documents\ePublisher Pro Projects\caIntegrator2\Output\WebWorks Help 5.0\caIntegrator2\images\plot type box and whisker.html" />
      <Description path="C:\Documents and Settings\hadfielj\My Documents\ePublisher Pro Projects\caIntegrator2\Output\WebWorks Help 5.0\caIntegrator2\images\plot type box and whisker.txt" />
    </Frame>
    <Frame groupID="8A8D9FCC116430EA" documentID="6A139AEC99141937" id="1091406" stylename="Default" position="5" title="screen shot of a gene expression box and whisker plot showing outliers" byref="true" source="C:\Documents and Settings\hadfielj\My Documents\CBIIT Projects\caIntegrator2\caI 1.3\caI2 images\box and whisker w coins.gif" path="C:\Documents and Settings\hadfielj\My Documents\ePublisher Pro Projects\caIntegrator2\Output\WebWorks Help 5.0\caIntegrator2\images\box and whisker w coins.gif">
      <Thumbnail path="C:\Documents and Settings\hadfielj\My Documents\ePublisher Pro Projects\caIntegrator2\Output\WebWorks Help 5.0\caIntegrator2\images\box and whisker w coins_thumb.gif" />
      <Wrapper groupID="8A8D9FCC116430EA" documentID="6A139AEC99141937" stylename="" path="C:\Documents and Settings\hadfielj\My Documents\ePublisher Pro Projects\caIntegrator2\Output\WebWorks Help 5.0\caIntegrator2\images\box and whisker w coins.html" />
      <Description path="C:\Documents and Settings\hadfielj\My Documents\ePublisher Pro Projects\caIntegrator2\Output\WebWorks Help 5.0\caIntegrator2\images\box and whisker w coins.txt" />
    </Frame>
  </Split>
  <Split groupID="8A8D9FCC116430EA" documentID="6A139AEC99141937" id="1136516" position="16" documentstartposition="202" documentendposition="225" title="Choosing Genes" path="C:\Documents and Settings\hadfielj\My Documents\ePublisher Pro Projects\caIntegrator2\Output\WebWorks Help 5.0\caIntegrator2\PerformingAnalysis.7.16.html" stylename="">
    <Frame groupID="8A8D9FCC116430EA" documentID="6A139AEC99141937" id="1136521" stylename="Default" position="1" title="caBIO icon" path="C:\Documents and Settings\hadfielj\My Documents\ePublisher Pro Projects\caIntegrator2\Output\WebWorks Help 5.0\caIntegrator2\images\PerformingAnalysis.7.16.1.jpg">
      <Thumbnail path="C:\Documents and Settings\hadfielj\My Documents\ePublisher Pro Projects\caIntegrator2\Output\WebWorks Help 5.0\caIntegrator2\images\PerformingAnalysis.7.16.1_thumb.jpg" />
      <Wrapper groupID="8A8D9FCC116430EA" documentID="6A139AEC99141937" stylename="" path="C:\Documents and Settings\hadfielj\My Documents\ePublisher Pro Projects\caIntegrator2\Output\WebWorks Help 5.0\caIntegrator2\images\PerformingAnalysis.7.16.1.html" />
      <Description path="C:\Documents and Settings\hadfielj\My Documents\ePublisher Pro Projects\caIntegrator2\Output\WebWorks Help 5.0\caIntegrator2\images\PerformingAnalysis.7.16.1.txt" />
    </Frame>
    <Frame groupID="8A8D9FCC116430EA" documentID="6A139AEC99141937" id="1136552" stylename="Default" position="2" title="gene list icon" path="C:\Documents and Settings\hadfielj\My Documents\ePublisher Pro Projects\caIntegrator2\Output\WebWorks Help 5.0\caIntegrator2\images\PerformingAnalysis.7.16.2.jpg">
      <Thumbnail path="C:\Documents and Settings\hadfielj\My Documents\ePublisher Pro Projects\caIntegrator2\Output\WebWorks Help 5.0\caIntegrator2\images\PerformingAnalysis.7.16.2_thumb.jpg" />
      <Wrapper groupID="8A8D9FCC116430EA" documentID="6A139AEC99141937" stylename="" path="C:\Documents and Settings\hadfielj\My Documents\ePublisher Pro Projects\caIntegrator2\Output\WebWorks Help 5.0\caIntegrator2\images\PerformingAnalysis.7.16.2.html" />
      <Description path="C:\Documents and Settings\hadfielj\My Documents\ePublisher Pro Projects\caIntegrator2\Output\WebWorks Help 5.0\caIntegrator2\images\PerformingAnalysis.7.16.2.txt" />
    </Frame>
  </Split>
  <Split groupID="8A8D9FCC116430EA" documentID="6A139AEC99141937" id="1077363" position="17" documentstartposition="226" documentendposition="242" title="Analyzing Data with GenePattern" path="C:\Documents and Settings\hadfielj\My Documents\ePublisher Pro Projects\caIntegrator2\Output\WebWorks Help 5.0\caIntegrator2\PerformingAnalysis.7.17.html" stylename="" />
  <Split groupID="8A8D9FCC116430EA" documentID="6A139AEC99141937" id="1084841" position="18" documentstartposition="243" documentendposition="273" title="GenePattern Modules" path="C:\Documents and Settings\hadfielj\My Documents\ePublisher Pro Projects\caIntegrator2\Output\WebWorks Help 5.0\caIntegrator2\PerformingAnalysis.7.18.html" stylename="" />
  <Split groupID="8A8D9FCC116430EA" documentID="6A139AEC99141937" id="1084490" position="19" documentstartposition="274" documentendposition="291" title="Comparative Marker Selection (CMS) Analysis" path="C:\Documents and Settings\hadfielj\My Documents\ePublisher Pro Projects\caIntegrator2\Output\WebWorks Help 5.0\caIntegrator2\PerformingAnalysis.7.19.html" stylename="" />
  <Split groupID="8A8D9FCC116430EA" documentID="6A139AEC99141937" id="1084723" position="20" documentstartposition="292" documentendposition="310" title="Principal Component Analysis (PCA)" path="C:\Documents and Settings\hadfielj\My Documents\ePublisher Pro Projects\caIntegrator2\Output\WebWorks Help 5.0\caIntegrator2\PerformingAnalysis.7.20.html" stylename="" />
  <Split groupID="8A8D9FCC116430EA" documentID="6A139AEC99141937" id="1084744" position="21" documentstartposition="311" documentendposition="328" title="GISTIC-Supported Analysis" path="C:\Documents and Settings\hadfielj\My Documents\ePublisher Pro Projects\caIntegrator2\Output\WebWorks Help 5.0\caIntegrator2\PerformingAnalysis.7.21.html" stylename="" />
  <Split groupID="8A8D9FCC116430EA" documentID="6A139AEC99141937" id="1149682" position="22" documentstartposition="329" documentendposition="353" title="Viewing Data with the Integrative Genomics Viewer " path="C:\Documents and Settings\hadfielj\My Documents\ePublisher Pro Projects\caIntegrator2\Output\WebWorks Help 5.0\caIntegrator2\PerformingAnalysis.7.22.html" stylename="">
    <Frame groupID="8A8D9FCC116430EA" documentID="6A139AEC99141937" id="1145729" stylename="Default" position="1" title="screen shot of IGV Viewer displaying expression results from data isolated in caIntegrator" byref="true" source="C:\Documents and Settings\hadfielj\My Documents\CBIIT Projects\caIntegrator2\caI 1.3\caI2 images\IGV session.gif" path="C:\Documents and Settings\hadfielj\My Documents\ePublisher Pro Projects\caIntegrator2\Output\WebWorks Help 5.0\caIntegrator2\images\IGV session.gif">
      <Thumbnail path="C:\Documents and Settings\hadfielj\My Documents\ePublisher Pro Projects\caIntegrator2\Output\WebWorks Help 5.0\caIntegrator2\images\IGV session_thumb.gif" />
      <Wrapper groupID="8A8D9FCC116430EA" documentID="6A139AEC99141937" stylename="" path="C:\Documents and Settings\hadfielj\My Documents\ePublisher Pro Projects\caIntegrator2\Output\WebWorks Help 5.0\caIntegrator2\images\IGV session.html" />
      <Description path="C:\Documents and Settings\hadfielj\My Documents\ePublisher Pro Projects\caIntegrator2\Output\WebWorks Help 5.0\caIntegrator2\images\IGV session.txt" />
    </Frame>
  </Split>
  <Split groupID="8A8D9FCC116430EA" documentID="6A139AEC99141937" id="1145490" position="23" documentstartposition="354" documentendposition="373" title="Viewing Data with Heat Map Viewer" path="C:\Documents and Settings\hadfielj\My Documents\ePublisher Pro Projects\caIntegrator2\Output\WebWorks Help 5.0\caIntegrator2\PerformingAnalysis.7.23.html" stylename="" />
  <Split groupID="8A8D9FCC116430EA" documentID="6A139AEC99141937" id="1146188" position="24" documentstartposition="374" documentendposition="378" title="Java for IGV and Heat Map Viewer" path="C:\Documents and Settings\hadfielj\My Documents\ePublisher Pro Projects\caIntegrator2\Output\WebWorks Help 5.0\caIntegrator2\PerformingAnalysis.7.24.html" stylename="" />
  <Split groupID="8A8D9FCC116430EA" documentID="CAC02B1D144BE0" id="1070912" position="1" documentstartposition="3" documentendposition="6" title="Administering User Accounts " path="C:\Documents and Settings\hadfielj\My Documents\ePublisher Pro Projects\caIntegrator2\Output\WebWorks Help 5.0\caIntegrator2\User Admin.8.1.html" stylename="" />
  <Split groupID="8A8D9FCC116430EA" documentID="CAC02B1D144BE0" id="1072263" position="2" documentstartposition="7" documentendposition="21" title="Administering caIntegrator User Accounts Using UPT" path="C:\Documents and Settings\hadfielj\My Documents\ePublisher Pro Projects\caIntegrator2\Output\WebWorks Help 5.0\caIntegrator2\User Admin.8.2.html" stylename="" />
  <Split groupID="8A8D9FCC116430EA" documentID="CAC02B1D144BE0" id="1077510" position="3" documentstartposition="22" documentendposition="30" title="Steps for Creating User Access to caIntegrator" path="C:\Documents and Settings\hadfielj\My Documents\ePublisher Pro Projects\caIntegrator2\Output\WebWorks Help 5.0\caIntegrator2\User Admin.8.3.html" stylename="" />
  <Split groupID="8A8D9FCC116430EA" documentID="CAC02B1D144BE0" id="1077520" position="4" documentstartposition="31" documentendposition="55" title="Creating a New caIntegrator User" path="C:\Documents and Settings\hadfielj\My Documents\ePublisher Pro Projects\caIntegrator2\Output\WebWorks Help 5.0\caIntegrator2\User Admin.8.4.html" stylename="" />
  <Split groupID="8A8D9FCC116430EA" documentID="CAC02B1D144BE0" id="1078089" position="5" documentstartposition="56" documentendposition="72" title="Creating a New User Group" path="C:\Documents and Settings\hadfielj\My Documents\ePublisher Pro Projects\caIntegrator2\Output\WebWorks Help 5.0\caIntegrator2\User Admin.8.5.html" stylename="" />
  <Split groupID="8A8D9FCC116430EA" documentID="CAC02B1D144BE0" id="1078614" position="6" documentstartposition="73" documentendposition="87" title="Creating a New Protection Group&#x9;&#x9;" path="C:\Documents and Settings\hadfielj\My Documents\ePublisher Pro Projects\caIntegrator2\Output\WebWorks Help 5.0\caIntegrator2\User Admin.8.6.html" stylename="" />
  <Split groupID="8A8D9FCC116430EA" documentID="CAC02B1D144BE0" id="1077620" position="7" documentstartposition="88" documentendposition="111" title="Assigning a User Group to a Protection Group" path="C:\Documents and Settings\hadfielj\My Documents\ePublisher Pro Projects\caIntegrator2\Output\WebWorks Help 5.0\caIntegrator2\User Admin.8.7.html" stylename="" />
  <Split groupID="8A8D9FCC116430EA" documentID="CAC02B1D144BE0" id="1079798" position="8" documentstartposition="112" documentendposition="130" title="Adding a User to a User Group" path="C:\Documents and Settings\hadfielj\My Documents\ePublisher Pro Projects\caIntegrator2\Output\WebWorks Help 5.0\caIntegrator2\User Admin.8.8.html" stylename="" />
  <Split groupID="8A8D9FCC116430EA" documentID="CAC02B1D144BE0" id="1077790" position="9" documentstartposition="131" documentendposition="148" title="Changing a User Password" path="C:\Documents and Settings\hadfielj\My Documents\ePublisher Pro Projects\caIntegrator2\Output\WebWorks Help 5.0\caIntegrator2\User Admin.8.9.html" stylename="" />
  <Split groupID="8A8D9FCC116430EA" documentID="F946334FC6AE3D39" id="1070912" position="1" documentstartposition="3" documentendposition="12" title="Data Import Configurations" path="C:\Documents and Settings\hadfielj\My Documents\ePublisher Pro Projects\caIntegrator2\Output\WebWorks Help 5.0\caIntegrator2\appdx data import.9.1.html" stylename="" />
  <Split groupID="8A8D9FCC116430EA" documentID="F946334FC6AE3D39" id="1075801" position="2" documentstartposition="13" documentendposition="21" title="Subject Annotation Data Configuration" path="C:\Documents and Settings\hadfielj\My Documents\ePublisher Pro Projects\caIntegrator2\Output\WebWorks Help 5.0\caIntegrator2\appdx data import.9.2.html" stylename="" />
  <Split groupID="8A8D9FCC116430EA" documentID="F946334FC6AE3D39" id="1073225" position="3" documentstartposition="22" documentendposition="30" title="Delimited-Text Annotation Import" path="C:\Documents and Settings\hadfielj\My Documents\ePublisher Pro Projects\caIntegrator2\Output\WebWorks Help 5.0\caIntegrator2\appdx data import.9.3.html" stylename="" />
  <Split groupID="8A8D9FCC116430EA" documentID="F946334FC6AE3D39" id="1073232" position="4" documentstartposition="31" documentendposition="43" title="Annotation Field Configuration" path="C:\Documents and Settings\hadfielj\My Documents\ePublisher Pro Projects\caIntegrator2\Output\WebWorks Help 5.0\caIntegrator2\appdx data import.9.4.html" stylename="" />
  <Split groupID="8A8D9FCC116430EA" documentID="F946334FC6AE3D39" id="1073242" position="5" documentstartposition="44" documentendposition="56" title="Sample Data Configuration" path="C:\Documents and Settings\hadfielj\My Documents\ePublisher Pro Projects\caIntegrator2\Output\WebWorks Help 5.0\caIntegrator2\appdx data import.9.5.html" stylename="" />
  <Split groupID="8A8D9FCC116430EA" documentID="F946334FC6AE3D39" id="1073252" position="6" documentstartposition="57" documentendposition="68" title="Genomic Data Configuration" path="C:\Documents and Settings\hadfielj\My Documents\ePublisher Pro Projects\caIntegrator2\Output\WebWorks Help 5.0\caIntegrator2\appdx data import.9.6.html" stylename="" />
  <Split groupID="8A8D9FCC116430EA" documentID="F946334FC6AE3D39" id="1078519" position="7" documentstartposition="69" documentendposition="73" title="Supplemental Files Configuration" path="C:\Documents and Settings\hadfielj\My Documents\ePublisher Pro Projects\caIntegrator2\Output\WebWorks Help 5.0\caIntegrator2\appdx data import.9.7.html" stylename="" />
  <Split groupID="8A8D9FCC116430EA" documentID="F946334FC6AE3D39" id="1078553" position="8" documentstartposition="74" documentendposition="81" title="Single Sample Format" path="C:\Documents and Settings\hadfielj\My Documents\ePublisher Pro Projects\caIntegrator2\Output\WebWorks Help 5.0\caIntegrator2\appdx data import.9.8.html" stylename="">
    <Frame groupID="8A8D9FCC116430EA" documentID="F946334FC6AE3D39" id="1079164" stylename="Default" position="1" title="screen shot of a single sample format file" byref="true" source="C:\Documents and Settings\hadfielj\My Documents\CBIIT Projects\caIntegrator2\caI 1.3\caI2 images\simple sample file format.gif" path="C:\Documents and Settings\hadfielj\My Documents\ePublisher Pro Projects\caIntegrator2\Output\WebWorks Help 5.0\caIntegrator2\images\simple sample file format.gif">
      <Thumbnail path="C:\Documents and Settings\hadfielj\My Documents\ePublisher Pro Projects\caIntegrator2\Output\WebWorks Help 5.0\caIntegrator2\images\simple sample file format_thumb.gif" />
      <Wrapper groupID="8A8D9FCC116430EA" documentID="F946334FC6AE3D39" stylename="" path="C:\Documents and Settings\hadfielj\My Documents\ePublisher Pro Projects\caIntegrator2\Output\WebWorks Help 5.0\caIntegrator2\images\simple sample file format.html" />
      <Description path="C:\Documents and Settings\hadfielj\My Documents\ePublisher Pro Projects\caIntegrator2\Output\WebWorks Help 5.0\caIntegrator2\images\simple sample file format.txt" />
    </Frame>
  </Split>
  <Split groupID="8A8D9FCC116430EA" documentID="F946334FC6AE3D39" id="1078571" position="9" documentstartposition="82" documentendposition="95" title="Multiple Sample Format" path="C:\Documents and Settings\hadfielj\My Documents\ePublisher Pro Projects\caIntegrator2\Output\WebWorks Help 5.0\caIntegrator2\appdx data import.9.9.html" stylename="">
    <Frame groupID="8A8D9FCC116430EA" documentID="F946334FC6AE3D39" id="1079022" stylename="Default" position="1" title="screen shot of a multiple sample format file from caArray" byref="true" source="C:\Documents and Settings\hadfielj\My Documents\CBIIT Projects\caIntegrator2\caI 1.3\caI2 images\multiple sample format file.gif" path="C:\Documents and Settings\hadfielj\My Documents\ePublisher Pro Projects\caIntegrator2\Output\WebWorks Help 5.0\caIntegrator2\images\multiple sample format file.gif">
      <Thumbnail path="C:\Documents and Settings\hadfielj\My Documents\ePublisher Pro Projects\caIntegrator2\Output\WebWorks Help 5.0\caIntegrator2\images\multiple sample format file_thumb.gif" />
      <Wrapper groupID="8A8D9FCC116430EA" documentID="F946334FC6AE3D39" stylename="" path="C:\Documents and Settings\hadfielj\My Documents\ePublisher Pro Projects\caIntegrator2\Output\WebWorks Help 5.0\caIntegrator2\images\multiple sample format file.html" />
      <Description path="C:\Documents and Settings\hadfielj\My Documents\ePublisher Pro Projects\caIntegrator2\Output\WebWorks Help 5.0\caIntegrator2\images\multiple sample format file.txt" />
    </Frame>
  </Split>
  <Split groupID="8A8D9FCC116430EA" documentID="F946334FC6AE3D39" id="1078685" position="10" documentstartposition="96" documentendposition="109" title="Imaging Data Configuration" path="C:\Documents and Settings\hadfielj\My Documents\ePublisher Pro Projects\caIntegrator2\Output\WebWorks Help 5.0\caIntegrator2\appdx data import.9.10.html" stylename="" />
  <Split groupID="8A8D9FCC116430EA" documentID="9A5AA96AB282B42A" id="1073181" position="1" documentstartposition="1" documentendposition="4" title="Glossary" path="C:\Documents and Settings\hadfielj\My Documents\ePublisher Pro Projects\caIntegrator2\Output\WebWorks Help 5.0\caIntegrator2\Glossary.10.1.html" stylename="" />
  <Split groupID="8A8D9FCC116430EA" documentID="F41398D29499DBA" id="1069426" position="1" documentstartposition="1" documentendposition="4" title="NCICB Application Support" path="C:\Documents and Settings\hadfielj\My Documents\ePublisher Pro Projects\caIntegrator2\Output\WebWorks Help 5.0\caIntegrator2\Application Support.11.1.html" stylename="" />
</Splits>