<?xml version="1.0" encoding="utf-8"?>
<Index version="1.0" xmlns="urn:WebWorks-Index-Schema">
  <Entry name="search results" sort="search results" sectionposition="2">
    <Content xmlns="urn:WebWorks-Document-Schema">
      <TextRun>
        <Text value="search results" />
      </TextRun>
    </Content>
    <Entry name="overview" sort="overview">
      <Content xmlns="urn:WebWorks-Document-Schema">
        <TextRun>
          <Text value="overview" />
        </TextRun>
      </Content>
      <Link href="C:\Documents and Settings\hadfielj\My Documents\ePublisher Pro Projects\caIntegrator2\Output\WebWorks Help 5.0\caIntegrator2\View Search Results.5.2.html" anchor="1163460" fileposition="39" first="false" />
    </Entry>
  </Entry>
  <Entry name="search results" sort="search results" sectionposition="2">
    <Content xmlns="urn:WebWorks-Document-Schema">
      <TextRun>
        <Text value="search results" />
      </TextRun>
    </Content>
    <Entry name="browsing" sort="browsing">
      <Content xmlns="urn:WebWorks-Document-Schema">
        <TextRun>
          <Text value="browsing" />
        </TextRun>
      </Content>
      <Link href="C:\Documents and Settings\hadfielj\My Documents\ePublisher Pro Projects\caIntegrator2\Output\WebWorks Help 5.0\caIntegrator2\View Search Results.5.3.html" anchor="1168460" fileposition="40" first="false" />
    </Entry>
  </Entry>
  <Entry name="search results" sort="search results" sectionposition="2">
    <Content xmlns="urn:WebWorks-Document-Schema">
      <TextRun>
        <Text value="search results" />
      </TextRun>
    </Content>
    <Entry name="genomic data" sort="genomic data">
      <Content xmlns="urn:WebWorks-Document-Schema">
        <TextRun>
          <Text value="genomic data" />
        </TextRun>
      </Content>
      <Link href="C:\Documents and Settings\hadfielj\My Documents\ePublisher Pro Projects\caIntegrator2\Output\WebWorks Help 5.0\caIntegrator2\View Search Results.5.5.html" anchor="1159226" fileposition="42" first="false" />
    </Entry>
  </Entry>
  <Entry name="gene list" sort="gene list" sectionposition="2">
    <Content xmlns="urn:WebWorks-Document-Schema">
      <TextRun>
        <Text value="gene list" />
      </TextRun>
    </Content>
    <Entry name="creating" sort="creating">
      <Content xmlns="urn:WebWorks-Document-Schema">
        <TextRun>
          <Text value="creating" />
        </TextRun>
      </Content>
      <Link href="C:\Documents and Settings\hadfielj\My Documents\ePublisher Pro Projects\caIntegrator2\Output\WebWorks Help 5.0\caIntegrator2\View Search Results.5.6.html" anchor="1182736" fileposition="43" first="false" />
    </Entry>
  </Entry>
  <Entry name="creating" sort="creating" sectionposition="2">
    <Content xmlns="urn:WebWorks-Document-Schema">
      <TextRun>
        <Text value="creating" />
      </TextRun>
    </Content>
    <Entry name="gene list" sort="gene list">
      <Content xmlns="urn:WebWorks-Document-Schema">
        <TextRun>
          <Text value="gene list" />
        </TextRun>
      </Content>
      <Link href="C:\Documents and Settings\hadfielj\My Documents\ePublisher Pro Projects\caIntegrator2\Output\WebWorks Help 5.0\caIntegrator2\View Search Results.5.6.html" anchor="1182736" fileposition="43" first="false" />
    </Entry>
  </Entry>
  <Entry name="caBio search" sort="caBio search" sectionposition="2">
    <Content xmlns="urn:WebWorks-Document-Schema">
      <TextRun>
        <Text value="caBio search" />
      </TextRun>
    </Content>
    <Link href="C:\Documents and Settings\hadfielj\My Documents\ePublisher Pro Projects\caIntegrator2\Output\WebWorks Help 5.0\caIntegrator2\View Search Results.5.6.html" anchor="1182818" fileposition="43" first="false" />
  </Entry>
  <Entry name="searching" sort="searching" sectionposition="2">
    <Content xmlns="urn:WebWorks-Document-Schema">
      <TextRun>
        <Text value="searching" />
      </TextRun>
    </Content>
    <Entry name="caBIO" sort="caBIO">
      <Content xmlns="urn:WebWorks-Document-Schema">
        <TextRun>
          <Text value="caBIO" />
        </TextRun>
      </Content>
      <Link href="C:\Documents and Settings\hadfielj\My Documents\ePublisher Pro Projects\caIntegrator2\Output\WebWorks Help 5.0\caIntegrator2\View Search Results.5.6.html" anchor="1182818" fileposition="43" first="false" />
    </Entry>
  </Entry>
  <Entry name="gene list" sort="gene list" sectionposition="2">
    <Content xmlns="urn:WebWorks-Document-Schema">
      <TextRun>
        <Text value="gene list" />
      </TextRun>
    </Content>
    <Entry name="search" sort="search">
      <Content xmlns="urn:WebWorks-Document-Schema">
        <TextRun>
          <Text value="search" />
        </TextRun>
      </Content>
      <Link href="C:\Documents and Settings\hadfielj\My Documents\ePublisher Pro Projects\caIntegrator2\Output\WebWorks Help 5.0\caIntegrator2\View Search Results.5.6.html" anchor="1182849" fileposition="43" first="false" />
    </Entry>
  </Entry>
  <Entry name="searching" sort="searching" sectionposition="2">
    <Content xmlns="urn:WebWorks-Document-Schema">
      <TextRun>
        <Text value="searching" />
      </TextRun>
    </Content>
    <Entry name="gene list" sort="gene list">
      <Content xmlns="urn:WebWorks-Document-Schema">
        <TextRun>
          <Text value="gene list" />
        </TextRun>
      </Content>
      <Link href="C:\Documents and Settings\hadfielj\My Documents\ePublisher Pro Projects\caIntegrator2\Output\WebWorks Help 5.0\caIntegrator2\View Search Results.5.6.html" anchor="1182849" fileposition="43" first="false" />
    </Entry>
  </Entry>
  <Entry name="editing" sort="editing" sectionposition="2">
    <Content xmlns="urn:WebWorks-Document-Schema">
      <TextRun>
        <Text value="editing" />
      </TextRun>
    </Content>
    <Entry name="gene list" sort="gene list">
      <Content xmlns="urn:WebWorks-Document-Schema">
        <TextRun>
          <Text value="gene list" />
        </TextRun>
      </Content>
      <Link href="C:\Documents and Settings\hadfielj\My Documents\ePublisher Pro Projects\caIntegrator2\Output\WebWorks Help 5.0\caIntegrator2\View Search Results.5.7.html" anchor="1183107" fileposition="44" first="false" />
    </Entry>
  </Entry>
  <Entry name="gene list" sort="gene list" sectionposition="2">
    <Content xmlns="urn:WebWorks-Document-Schema">
      <TextRun>
        <Text value="gene list" />
      </TextRun>
    </Content>
    <Entry name="editing" sort="editing">
      <Content xmlns="urn:WebWorks-Document-Schema">
        <TextRun>
          <Text value="editing" />
        </TextRun>
      </Content>
      <Link href="C:\Documents and Settings\hadfielj\My Documents\ePublisher Pro Projects\caIntegrator2\Output\WebWorks Help 5.0\caIntegrator2\View Search Results.5.7.html" anchor="1183107" fileposition="44" first="false" />
    </Entry>
  </Entry>
  <Entry name="gene list" sort="gene list" sectionposition="2">
    <Content xmlns="urn:WebWorks-Document-Schema">
      <TextRun>
        <Text value="gene list" />
      </TextRun>
    </Content>
    <Entry name="deletinggene list" sort="deletinggene list">
      <Content xmlns="urn:WebWorks-Document-Schema">
        <TextRun>
          <Text value="deletinggene list" />
        </TextRun>
      </Content>
      <Entry name="viewing" sort="viewing">
        <Content xmlns="urn:WebWorks-Document-Schema">
          <TextRun>
            <Text value="viewing" />
          </TextRun>
        </Content>
        <Link href="C:\Documents and Settings\hadfielj\My Documents\ePublisher Pro Projects\caIntegrator2\Output\WebWorks Help 5.0\caIntegrator2\View Search Results.5.7.html" anchor="1183107" fileposition="44" first="false" />
      </Entry>
    </Entry>
  </Entry>
  <Entry name="search results" sort="search results" sectionposition="2">
    <Content xmlns="urn:WebWorks-Document-Schema">
      <TextRun>
        <Text value="search results" />
      </TextRun>
    </Content>
    <Entry name="imaging data" sort="imaging data">
      <Content xmlns="urn:WebWorks-Document-Schema">
        <TextRun>
          <Text value="imaging data" />
        </TextRun>
      </Content>
      <Link href="C:\Documents and Settings\hadfielj\My Documents\ePublisher Pro Projects\caIntegrator2\Output\WebWorks Help 5.0\caIntegrator2\View Search Results.5.8.html" anchor="1164407" fileposition="45" first="false" />
    </Entry>
  </Entry>
  <Entry name="search results" sort="search results" sectionposition="2">
    <Content xmlns="urn:WebWorks-Document-Schema">
      <TextRun>
        <Text value="search results" />
      </TextRun>
    </Content>
    <Entry name="viewing imaging data in NBIA" sort="viewing imaging data in NBIA">
      <Content xmlns="urn:WebWorks-Document-Schema">
        <TextRun>
          <Text value="viewing imaging data in NBIA" />
        </TextRun>
      </Content>
      <Link href="C:\Documents and Settings\hadfielj\My Documents\ePublisher Pro Projects\caIntegrator2\Output\WebWorks Help 5.0\caIntegrator2\View Search Results.5.9.html" anchor="1164465" fileposition="46" first="false" />
    </Entry>
  </Entry>
  <Entry name="NBIA" sort="NBIA" sectionposition="2">
    <Content xmlns="urn:WebWorks-Document-Schema">
      <TextRun>
        <Text value="NBIA" />
      </TextRun>
    </Content>
    <Entry name="viewing imaging results in" sort="viewing imaging results in">
      <Content xmlns="urn:WebWorks-Document-Schema">
        <TextRun>
          <Text value="viewing imaging results in" />
        </TextRun>
      </Content>
      <Link href="C:\Documents and Settings\hadfielj\My Documents\ePublisher Pro Projects\caIntegrator2\Output\WebWorks Help 5.0\caIntegrator2\View Search Results.5.9.html" anchor="1164465" fileposition="46" first="false" />
    </Entry>
  </Entry>
  <Entry name="search results" sort="search results" sectionposition="2">
    <Content xmlns="urn:WebWorks-Document-Schema">
      <TextRun>
        <Text value="search results" />
      </TextRun>
    </Content>
    <Entry name="forwarding imaging results to NBIA" sort="forwarding imaging results to NBIA">
      <Content xmlns="urn:WebWorks-Document-Schema">
        <TextRun>
          <Text value="forwarding imaging results to NBIA" />
        </TextRun>
      </Content>
      <Link href="C:\Documents and Settings\hadfielj\My Documents\ePublisher Pro Projects\caIntegrator2\Output\WebWorks Help 5.0\caIntegrator2\View Search Results.5.9.html" anchor="1161874" fileposition="46" first="false" />
    </Entry>
  </Entry>
  <Entry name="NBIA" sort="NBIA" sectionposition="2">
    <Content xmlns="urn:WebWorks-Document-Schema">
      <TextRun>
        <Text value="NBIA" />
      </TextRun>
    </Content>
    <Entry name="forwarding imaging results to" sort="forwarding imaging results to">
      <Content xmlns="urn:WebWorks-Document-Schema">
        <TextRun>
          <Text value="forwarding imaging results to" />
        </TextRun>
      </Content>
      <Link href="C:\Documents and Settings\hadfielj\My Documents\ePublisher Pro Projects\caIntegrator2\Output\WebWorks Help 5.0\caIntegrator2\View Search Results.5.9.html" anchor="1161874" fileposition="46" first="false" />
    </Entry>
  </Entry>
  <Entry name="search results" sort="search results" sectionposition="2">
    <Content xmlns="urn:WebWorks-Document-Schema">
      <TextRun>
        <Text value="search results" />
      </TextRun>
    </Content>
    <Entry name="retrieving DICOM images" sort="retrieving DICOM images">
      <Content xmlns="urn:WebWorks-Document-Schema">
        <TextRun>
          <Text value="retrieving DICOM images" />
        </TextRun>
      </Content>
      <Link href="C:\Documents and Settings\hadfielj\My Documents\ePublisher Pro Projects\caIntegrator2\Output\WebWorks Help 5.0\caIntegrator2\View Search Results.5.10.html" anchor="1168195" fileposition="47" first="false" />
    </Entry>
  </Entry>
  <Entry name="DICOM, retrieving images" sort="DICOM, retrieving images" sectionposition="2">
    <Content xmlns="urn:WebWorks-Document-Schema">
      <TextRun>
        <Text value="DICOM, retrieving images" />
      </TextRun>
    </Content>
    <Link href="C:\Documents and Settings\hadfielj\My Documents\ePublisher Pro Projects\caIntegrator2\Output\WebWorks Help 5.0\caIntegrator2\View Search Results.5.10.html" anchor="1168195" fileposition="47" first="false" />
  </Entry>
  <Entry name="patient" sort="patient" sectionposition="2">
    <Content xmlns="urn:WebWorks-Document-Schema">
      <TextRun>
        <Text value="patient" />
      </TextRun>
    </Content>
    <Entry name="relationship to study, series, images" sort="relationship to study, series, images">
      <Content xmlns="urn:WebWorks-Document-Schema">
        <TextRun>
          <Text value="relationship to study, series, images" />
        </TextRun>
      </Content>
      <Link href="C:\Documents and Settings\hadfielj\My Documents\ePublisher Pro Projects\caIntegrator2\Output\WebWorks Help 5.0\caIntegrator2\View Search Results.5.12.html" anchor="1168597" fileposition="49" first="false" />
    </Entry>
  </Entry>
  <Entry name="study" sort="study" sectionposition="2">
    <Content xmlns="urn:WebWorks-Document-Schema">
      <TextRun>
        <Text value="study" />
      </TextRun>
    </Content>
    <Entry name="relationship patient, study, series, images" sort="relationship patient, study, series, images">
      <Content xmlns="urn:WebWorks-Document-Schema">
        <TextRun>
          <Text value="relationship patient, study, series, images" />
        </TextRun>
      </Content>
      <Link href="C:\Documents and Settings\hadfielj\My Documents\ePublisher Pro Projects\caIntegrator2\Output\WebWorks Help 5.0\caIntegrator2\View Search Results.5.12.html" anchor="1168597" fileposition="49" first="false" />
    </Entry>
  </Entry>
  <Entry name="objects in NBIA, hierarchy of" sort="objects in NBIA, hierarchy of" sectionposition="2">
    <Content xmlns="urn:WebWorks-Document-Schema">
      <TextRun>
        <Text value="objects in NBIA, hierarchy of" />
      </TextRun>
    </Content>
    <Link href="C:\Documents and Settings\hadfielj\My Documents\ePublisher Pro Projects\caIntegrator2\Output\WebWorks Help 5.0\caIntegrator2\View Search Results.5.12.html" anchor="1168576" fileposition="49" first="false" />
  </Entry>
  <Entry name="hierarchy of objects, NBIA" sort="hierarchy of objects, NBIA" sectionposition="2">
    <Content xmlns="urn:WebWorks-Document-Schema">
      <TextRun>
        <Text value="hierarchy of objects, NBIA" />
      </TextRun>
    </Content>
    <Link href="C:\Documents and Settings\hadfielj\My Documents\ePublisher Pro Projects\caIntegrator2\Output\WebWorks Help 5.0\caIntegrator2\View Search Results.5.12.html" anchor="1168576" fileposition="49" first="false" />
  </Entry>
  <Entry name="search results" sort="search results" sectionposition="2">
    <Content xmlns="urn:WebWorks-Document-Schema">
      <TextRun>
        <Text value="search results" />
      </TextRun>
    </Content>
    <Entry name="exporting data" sort="exporting data">
      <Content xmlns="urn:WebWorks-Document-Schema">
        <TextRun>
          <Text value="exporting data" />
        </TextRun>
      </Content>
      <Link href="C:\Documents and Settings\hadfielj\My Documents\ePublisher Pro Projects\caIntegrator2\Output\WebWorks Help 5.0\caIntegrator2\View Search Results.5.13.html" anchor="1164508" fileposition="50" first="false" />
    </Entry>
  </Entry>
  <Entry name="exporting" sort="exporting" sectionposition="2">
    <Content xmlns="urn:WebWorks-Document-Schema">
      <TextRun>
        <Text value="exporting" />
      </TextRun>
    </Content>
    <Entry name="data" sort="data">
      <Content xmlns="urn:WebWorks-Document-Schema">
        <TextRun>
          <Text value="data" />
        </TextRun>
      </Content>
      <Link href="C:\Documents and Settings\hadfielj\My Documents\ePublisher Pro Projects\caIntegrator2\Output\WebWorks Help 5.0\caIntegrator2\View Search Results.5.13.html" anchor="1164508" fileposition="50" first="false" />
    </Entry>
  </Entry>
</Index>